std_smiles,pIC50,activity_class
CC1(COc2ccc(-c3ccc(C(F)(F)F)cc3)cn2)Cn2cc([N+](=O)[O-])nc2O1,5.443697499232712,Active
CN(Cc1nnnn1C1CCN(Cc2ccc(-n3ccnc3)cc2)CC1)c1ccc(F)cc1F,6.499996931948306,Active
CO[C@H]1O[C@H](CO)[C@H](O)[C@H](OCc2cn(C(C(=O)O)C(C)O)nn2)[C@H]1O,3.43297363384094,Inactive
O=C(CN1CCN(c2ccccc2)CC1)NCCNc1cc(/C=C/c2ccccc2)nc2ccccc12,5.6777807052660805,Active
O=C(Nc1cccc(Cl)c1)c1cc(Cl)ccc1O,5.335358024443875,Active
O=[N+]([O-])c1ccc(/C=N/N=C/c2ccc(Br)cc2)o1,4.335828294638069,Inactive
O=C(Nc1ccn2cc(-c3ccccc3)nc2c1)N1CCCCC1,5.560667306169737,Active
Cc1csc(C(=O)N2CCN(C(c3cccnc3)c3ccc(Cl)cc3F)CC2)n1,7.443697499232712,Active
COc1ccc(CCc2cc(O)cc(OC)c2C(=O)N2CCCCC2)cc1,4.089909454405932,Inactive
C/C(=N\N=C1\SC(c2ccccc2)C(=O)N1C)c1ccc(Cl)c(Cl)c1,4.381951903287908,Inactive
COc1cc2c(cc1C(C)NCC1CCCCC1)C=CC(C)(C)O2,3.856985199745905,Inactive
CCOC(=O)C1CCN(C(=O)CN2C(=O)c3ccccc3C2c2c[nH]c3ccccc23)CC1,4.83171677019201,Inactive
CC(C)CC(=O)N1CCC[C@H]1C(=O)O,4.7594507517174005,Inactive
CC(C)(C)OC(=O)NCCCCCCCCCCCCNC1CCN(CCc2ccccc2)CC1,5.5003129173815966,Active
CC(C)(O)c1cc2c(-c3ccsc3)nccc2[nH]1,3.9746941347352296,Inactive
CC1(C)OC2=C(C(=O)C(=O)c3ccccc32)C1n1cc(-c2ccc([N+](=O)[O-])cc2)nn1,5.486116814388907,Active
N=C(N)c1ccc(COc2ccc(C(=N)N)cc2I)cc1,5.7121982700697735,Active
Cc1cc(C)c(C)c(S(=O)(=O)N2c3ccccc3CCC2C)c1C,6.2076083105017466,Active
O=S(=O)(Nc1ccc(Oc2ccc(C(F)(F)F)cc2)cc1)c1cc(Cl)c(Cl)cc1Cl,4.6020599913279625,Inactive
CCCc1cc(OC)c2oc(=O)c(C(=O)c3ccc([N+](=O)[O-])cc3)cc2c1,5.167491087293763,Active
Nc1ncnc2c1c(Br)cn2[C@@H]1O[C@H](CO)[C@H](F)[C@H]1O,5.127261172527331,Active
N#Cc1ccc(C(c2cccnc2)N2CCC(NC(=O)c3ccccc3F)CC2)cc1,7.628932137728263,Active
C=C(C)[C@@H]1/C=C/[C@]23O[C@H]2[C@H](C[C@](C)(O)[C@@H](OC(C)=O)c2cc(C=O)c(o2)C1)OC3=O,4.920818753952375,Inactive
Cn1nc(-c2ccc(NC(=O)Cc3ccccc3Cl)cc2)c2c(N)ncnc21,5.788587089490118,Active
C=CCOC1(C(=C)c2nc(-c3ccccc3)no2)C(=O)N(CC)c2ccccc21,4.969805214643249,Inactive
Cc1ccoc1C(=O)N1CCCC(c2cc3ncccc3[nH]2)C1,4.1938200260161125,Inactive
O=C(O)[C@H]1CCCN1C(=O)CCSCc1ccccc1,4.400116927926312,Inactive
Cc1ccc(S(=O)(=O)Nc2ccc([Se][Se]c3ccc(NS(=O)(=O)c4ccc(C)cc4)cc3)cc2)cc1,5.376750709602099,Active
CC(C)NC(=N)c1cccc(OCCCCCCOc2cccc(C(=N)NC(C)C)c2)c1,4.935542010773082,Inactive
N=C(Nc1ccc(NC(=O)c2ccc(NC(=N)c3ccccn3)cn2)nc1)c1ccccn1,6.119186407719209,Active
CCOC(=O)/C=C/C(=O)[C@H](CCc1ccccc1)NC(=O)[C@H](CC(C)C)NC(=O)OCc1ccccc1,7.045757490560675,Active
CCCCCCCCCCCCC/C=C1/CCC[C@H](OCc2ccccc2)[C@H]1N(CC)CC,3.804100347590766,Inactive
CO[C@H]1O[C@@H](OC)c2c1ccc([C@@]1(C)CCCC(C)(C)C1)c2[C@@H](C)C(=O)O,5.180456064458132,Active
O=c1[nH]c(=O)n([C@H]2C[C@H](O)[C@@H](CO)O2)c2nc(-c3ccccc3)c(-c3ccccc3)nc12,4.455931955649724,Inactive
CS(=O)(=O)N(Cc1cnc[nH]1)c1ccc(-c2nc3ccccc3s2)cc1,9.721246399047171,Active
C#CCCCC[C@@H](C)C(=O)N(C)[C@H](C(=O)N(C)[C@H](C(=O)N(C)[C@H](C(=O)N(C)[C@@H](C)C(=O)N(C)[C@@H](Cc1ccccc1)C(N)=O)C(C)C)C(C)C)C(C)C,5.795880017344075,Active
N#Cc1ccc(C(=O)Nc2cccc(-c3cccc(CN4CCC(O)CC4)c3)c2)cc1,4.800000052738446,Inactive
C=C(C(C)C)[C@H](O)C[C@@H](C)[C@H]1CC[C@@]2(C)[C@@H]3CC[C@H]4[C@H](C)[C@@H](O[C@@H]5OC[C@H](O)[C@H](O)[C@H]5O)CC[C@]4(O)CC3=CC[C@]12C,5.113509274827518,Active
Cc1cc(Br)cc(C)c1Nc1nc(N)nc(Nc2ccc(C#N)cc2)n1,5.007446482167865,Active
CN1CCC(NCC(O)COc2ccc3cc(Br)ccc3c2)CC1,6.370498658232735,Active
CC(=O)[C@@]12C[C@H]3C(C)(C)OC4=C(C(C)C)C(=O)[C@]5(CC[C@H]6C(C)(C)CCC[C@]67C[C@@]51[C@@]43O7)C[C@H]2O,4.4698003017969175,Inactive
Cc1cc(=O)n2nc(Oc3ccc(C#N)cc3Cl)sc2n1,4.547128111637048,Inactive
Cn1c(-c2ccccc2)cnc1NC(=O)c1cccc(Cl)c1,5.070581074285707,Active
CN(C)CCOc1ccc(N2CCN(S(=O)(=O)c3ccc(F)cc3)CC2)cc1,5.1938200260161125,Active
CC(C)(C)c1ccc(OCCN2C3=NCCN3c3ccccc32)cc1,4.562249437179612,Inactive
C/C(COc1ccccc1)=N\Nc1nc(-c2ccc([N+](=O)[O-])cc2)cs1,5.42021640338319,Active
Clc1cccc(Cl)c1C(c1c[nH]c2ccccc12)c1c[nH]c2ccccc12,4.190002844637807,Inactive
NCc1ccc(-c2nc3cc(Cl)ccc3c3c2CCCN3)cc1,4.118615343229427,Inactive
CC1(COCc2ccc(-c3ccc(F)cc3)cc2)CCn2cc([N+](=O)[O-])nc2O1,6.075720713938118,Active
O=C(c1cc2cc(Cl)ccc2[nH]1)N1CCCCC1c1cccnc1,4.624595119745319,Inactive
C/C(=N\NC(N)=[Se])c1ccccc1,4.906578314837765,Inactive
c1ccc(-c2cc(-c3ccccc3)c3ncccc3n2)cc1,4.749336080536756,Inactive
Cc1cc(N(C)C)nc(Nc2ccc(NC(=O)Nc3ccccc3)cc2)n1,5.364492126384054,Active
CCCCCCCCCc1cc2n(c(=N)n1)CCC2,5.698970004336019,Active
O=[N+]([O-])c1cn2c(n1)OC[C@H](OCc1ccc(OCc3ccccc3)cc1)C2,6.060480747381382,Active
N=C(N)c1ccc(OCCCCCOc2ccc(C(=N)N)nc2)cn1,6.327902142064283,Active
COc1ccc(Cn2nc(C(=O)Nc3ccc(F)c(C(=O)NC4CC4)c3)ccc2=O)cc1C#N,6.799998134593398,Active
CC(C)/N=c1\cc2n(-c3ccc(Cl)cc3)c3ccccc3nc-2cc1Nc1ccc(Cl)cc1,5.348721986001856,Active
COc1cc2c(cc1OC)C(C)(CC#N)c1cccn1C2,3.645488200255728,Inactive
OC[C@H]1CC2CCN1C[C@@H]2C#Cc1ccccc1,4.59176003468815,Inactive
CC(C)Oc1ccc(C(O)(c2ccc(Cl)cc2)c2cncnc2)cn1,7.397940008672037,Active
CC1CN(Cc2ccc(C#N)cc2)CCN1c1ccc(NC(=O)c2ccccc2F)cc1,4.600000074606178,Inactive
CCN1CCN(c2ccc(-c3cc(Cn4ccnc4[N+](=O)[O-])on3)cc2)CC1,5.795880017344075,Active
Cc1ncnc2c1c(-c1cccc3c1oc1ccccc13)cn2[C@@H]1O[C@H](CO)[C@@H](O)[C@H]1O,4.294136287716081,Inactive
C[C@H]1O[C@@H](n2cnc3c(N)nc(N=[N+]=[N-])nc32)[C@H](O)[C@@H]1O,3.903089986991944,Inactive
Cc1cc(OCCCCCCn2ccnc2)cc(C)c1Cl,7.638272163982407,Active
CC(C)CS(=O)(=O)NC1CCN(C(c2cnccn2)c2ccc(F)cc2F)CC1,6.1249387366083,Active
COc1cc(-n2cc(CNC3=C(Cl)C(=O)OC3O)nn2)cc(OC)c1OC,4.94692155651658,Inactive
[O-][n+]1onc2cc(/C=C/c3ccccc3)ccc21,5.1249387366083,Active
N#Cc1cccc(C(O)(c2ccc(Cl)cc2)c2cccnc2)c1,6.958607314841775,Active
Cc1ccc2c(c1)N(C)/C(=C/C=C/c1oc3ccccc3[n+]1C)O2,7.657577319177793,Active
C[S+]([O-])c1nc2ccc(Cl)cc2nc1NC1CCCCC1,5.721246399047171,Active
Nc1ncnc2c1c(C(F)(F)F)nn2[C@@H]1O[C@H](CO)[C@@H](O)[C@H]1O,4.568636235841013,Inactive
O=[N+]([O-])c1ccc(-n2cc(Cn3cnc([N+](=O)[O-])n3)nn2)cc1,6.214670164989233,Active
Cc1ccc(-c2nc3cc(Cl)ccc3nc2-c2ccccc2)cc1,4.443697499232712,Inactive
CN1/C(=C/C=C/c2oc3ccc(Cl)cc3[n+]2C)Sc2ccccc21,7.214670164989233,Active
NCCNCc1nccn1-c1ccc(-c2nc(CCc3cccc4ccccc34)cs2)c(OCCN2CCNC2=O)c1,4.892790030352131,Inactive
CCCCCCCCCCCCCCCCCCOP(=O)([O-])OCC[N+]1(C)CCOCC1,6.026872146400302,Active
O=c1ccc2cc(C(F)(F)F)cc([N+](=O)[O-])c2[nH]1,4.732828271596986,Inactive
c1ccc2cc(CCCNCCCCCCCCCNCCCc3ccc4ccccc4c3)ccc2c1,6.107905397309519,Active
O=C(CCN1CCN(c2ccc(Cl)cc2)CC1)c1ccc(F)c(F)c1,4.8124792791635365,Inactive
COc1ccc(C(=O)/C=C/c2ccc(C#N)cc2)c(OC)c1OC,5.0655015487564325,Active
Cn1nccc1C(=O)N1CCCC(c2cc3ncccc3[nH]2)C1,4.1938200260161125,Inactive
NCCCCNCc1ccc(OC2=CC(=O)c3ccccc3C2=O)cc1,5.109858539935423,Active
COc1ccc(/N=C(\Nc2ccccc2)c2ccccc2)cc1,5.552841968657781,Active
Cn1c(-c2cccc(F)c2)cnc1NC(=O)c1ccc(F)cc1,4.920818753952375,Inactive
COc1cccc(N2CCN(C(=O)c3cc4c([nH]c5ccccc54)c(-c4ccccc4)n3)CC2)c1,5.54591772926891,Active
NC(=O)c1ccc(-c2cccc(OCCN3CCN(C4CCCCC4)CC3)c2)cc1,4.499999953328896,Inactive
C(=N\Nc1ncnc2sc3c(c12)CCCC3)/c1ccc2ccccc2c1,4.876148359032914,Inactive
O=C(NCCc1csc(-c2ccccc2)n1)c1ccccc1O,5.102372908709558,Active
N#Cc1ccccc1N1CCN(C(=O)Cn2cnc([N+](=O)[O-])n2)CC1,4.836391436568948,Inactive
C=CCc1ccc(OCCCc2cn(Cc3ccc(OC(F)(F)F)cc3)nn2)c(OC)c1,3.835944708106549,Inactive
O=C(c1cc(C2CC2)no1)N1CCCC(c2cc3ncccc3[nH]2)C1,5.392009141452825,Active
CCCc1ccc(Oc2cc(CN3CCCCC3)cc(OC)c2OCc2ccc(OC)cc2)cc1,5.522878745280337,Active
Cn1nc2c3c(cc(-c4ccnc(N)n4)cc31)Oc1ccccc1N2,6.0,Active
CNc1nc(N)nc2c1ncn2[C@@H]1O[C@H](C)[C@@H](O)[C@H]1O,3.486782399932061,Inactive
Nc1nc(N)nc(N/N=C/c2ccc([N+](=O)[O-])o2)n1,5.6777807052660805,Active
C=CCc1ccc(Oc2cc(CC=C)cc(OC)c2OCc2ccccc2)c(OC)c1,5.022276394711152,Active
Cc1ccc(C2=NOC3(SCc4ccccc4C3=O)C2c2ccc(C)cc2)cc1,4.941573975542995,Inactive
C=CCc1ccc(OCC(O)Cn2cc(COc3ccc(OC)cc3)nn2)c(OC)c1,3.721932669111337,Inactive
O=C(c1cscn1)N1CCC(NC(c2ccc(C(F)(F)F)cc2)c2cccnc2)CC1,6.660548558693559,Active
CCCCCC(=O)c1c(O)cc(C)oc1=O,4.860120913598763,Inactive
CN(C)CCN(C)C(=O)Cn1cccc2cc(-c3ccc(F)cc3)nc1-2,4.944432470609653,Inactive
COc1ccc(-c2cnc(NC(=O)c3cccc(O)c3)n2C)cc1,4.267606240177032,Inactive
O=C(NCC(c1ccsc1)N1CCCCCC1)c1ccc(C(F)(F)F)cc1,4.792839225954743,Inactive
COc1cc2c(cc1OC)[C@H]1[C@@H](C)c3ccc(OC)c(OC)c3CN1CC2,4.647128176548404,Inactive
N=C(N)c1cccc(OCc2cccc3c(COc4cccc(C(=N)N)c4)cccc23)c1,5.345823458122039,Active
Cc1nc2c(Br)cc(Cl)cn2c1[N+](=O)[O-],4.493494967595128,Inactive
CCS(=O)(=O)Nc1ccc(C2=NN(C(=O)c3cccs3)C(c3ccccc3OC)C2)cc1,5.100000128334196,Active
CC1(C)[C@H]2[C@@H]1CC[C@@H]1Cc3c(O)c(C=O)c(O)c(C=O)c3O[C@@]12C,5.250905167337115,Active
COc1cccc(SC(C2=C(O)C(=O)c3ccccc3C2=O)c2ccc([N+](=O)[O-])cc2)c1,4.47755576649368,Inactive
C/C(=C\c1ccccc1)C(=O)/C=C/c1ccc(N(C)C)cc1,4.876148359032914,Inactive
Fc1ccc(F)c(COC(CCn2ccnc2)c2cccs2)c1,5.133712660915805,Active
O=C(CCN1CCN(c2ccc(C(F)(F)F)cc2)CC1)c1ccc(F)c(F)c1,4.476253533188435,Inactive
O=C1NC(=O)/C(=C/c2cc(Cl)cc(Cl)c2Cl)S1,4.517698232776557,Inactive
CCc1cc[nH]c2c3ccccc3nc1-2,4.669586226650809,Inactive
O=C1c2ccccc2C(=O)N1Nc1nc(-c2ccc3ccccc3c2)cs1,5.008773924307505,Active
CC(O)(c1cccnc1)[C@H]1CC[C@H]2[C@@H]3CCC4C[C@@H](O)CC[C@]4(C)[C@H]3CC[C@]12C,5.441291429466834,Active
CCn1c(-c2ccc(OCC(=O)Nc3cccc(C(F)(F)F)c3)cc2)nc2ccccc2c1=O,4.691862621361961,Inactive
C=CCn1c(=S)sc2c(Sc3nnc(-c4ccco4)o3)ncnc21,5.267606240177032,Active
COc1nc(N[C@H]2CC[C@H](NS(=O)(=O)CCC(F)(F)F)CC2)nc2[nH]nc(N3CCOCC3)c12,5.899998417198648,Active
O=C(C[Se]C(=O)c1ccccc1)Nc1ccc(Br)cc1,5.259999900311453,Active
CC(C)=CCC/C(C)=C/COc1cccc(/C=C/C(=O)c2ccccc2)c1,4.7603252123532185,Inactive
Cc1ccc(-c2cc(C3CC(c4cccs4)=NN3)n(-c3ccccc3)n2)cc1,5.684029654543083,Active
c1cc(OCCCOc2cccc(C3=NCCN3)c2)cc(C2=NCCN2)c1,4.511449283499556,Inactive
Brc1cc(Oc2ccccc2)ccc1OCCOC1C=CC=CO1,4.173925197299174,Inactive
CC(C)(C)OC(=O)/C=C/c1ccc2c(c1)[C@H](C(=O)OC(C)(C)C)[C@@H](c1ccc(OC(C)(C)C)cc1)O2,4.882728704344236,Inactive
Cc1nn(-c2ccc(S(=O)(=O)Nc3ccc(Cl)cc3)cc2)c(Cl)c1Br,7.187086643357144,Active
CCCCC(O)(c1ccc(Cl)cc1)C(CN1CCOCC1)c1ccc(Cl)cc1,4.993106719507509,Inactive
Cc1cnc(Nc2cc(Cc3ccccc3)nc(N[C@H]3CC[C@H](O)CC3)n2)s1,7.055492652727987,Active
CN(C)c1nccn2c(-c3ccnc(N)n3)c(-c3ccc(F)cc3)nc12,5.001304841688344,Active
O=c1[nH]cnc2c1cnn2[C@@H]1O[C@H](CO)[C@@H](O)[C@H]1O,5.1438755557577,Active
COc1ccc(-c2cc(C)no2)cc1S(=O)(=O)Nc1ccc(C)c(C)c1,5.188587549874739,Active
COc1cccc(-c2nc(O)c3ccccc3n2)c1,5.039053804266168,Active
Cc1ccc2c(c1)N1CCN=C1N2Cc1ccc(C(C)(C)C)cc1,5.1938200260161125,Active
Cc1cc2c3cccn3c3ccccc3[n+]2nc1C,6.045757490560675,Active
CN(C)c1nccn2c(-c3ccnc(N)n3)c(-c3ccccc3)nc12,4.631713115097869,Inactive
CC1(COc2ccc(-c3ccc(F)nc3)nc2)Cn2cc([N+](=O)[O-])nc2O1,5.102372908709558,Active
Fc1cc(Cl)cc(N2CCC(NC(c3cccnc3)c3ccc(Cl)cc3F)CC2)c1,7.721246399047171,Active
CCN(CCc1nc2ncc(Cl)cc2[nH]1)C(=O)c1ccc(F)cc1,4.1938200260161125,Inactive
Cc1ncsc1CNc1cnc(-c2ccc3c(c2)OCCO3)c(-c2cnn(C)c2)c1,4.800000052738446,Inactive
O=[N+]([O-])c1ccc(/C=N/N=C/c2ccccc2)s1,5.387746093903563,Active
CCN(Cc1cccnc1)c1ccc(-c2ccc(F)cc2)cc1F,7.769551078621726,Active
C/C(=C\c1ccccc1)C(=O)/C=C/c1ccccc1,4.3585258894959,Inactive
O=C(NCCCn1cnc([N+](=O)[O-])n1)c1ccc(C(F)(F)F)nc1,4.015450184934386,Inactive
N#CSCCNc1ccc(Oc2ccccc2)cc1,3.85078088734462,Inactive
O=C(OC(Cn1ccnc1)c1ccc(Cl)cc1)N1CCN(c2ccc([N+](=O)[O-])cc2)CC1,6.060480747381382,Active
CC1=NN(C(=O)CCn2cnc([N+](=O)[O-])n2)C(O)(C(F)(F)F)C1,5.700000503883016,Active
Cc1ncc(C(F)F)n1-c1ccc(Cl)cc1,5.769551078621726,Active
O=C(c1cscn1)N1CCC(NC(c2cccnc2)c2ccc(Cl)cc2F)CC1,6.617982957425132,Active
Cc1cc(C)c(Oc2nc(N)nc(Nc3c(F)cccc3F)n2)c(C)c1,4.488116639021126,Inactive
CCCc1ccc(Oc2cc(CCC)cc(OC)c2OCc2ccccc2)c(OC)c1,5.1249387366083,Active
CC/C(=C\c1ccc(Cl)cc1)C(C)=O,4.236572006437063,Inactive
CCOc1ccc(OCc2ccc(C(=O)N3CCCC(C)C3)cc2)cc1,3.9706162223147903,Inactive
Cc1nc(C)c(C(=O)Nc2ccc(F)c(-c3nc4ncc(-c5ccccc5)cn4n3)c2)o1,7.1487416512809245,Active
CC(=O)N1N=C(c2cc(-c3ccccc3)nc3c2c(C)nn3-c2ccccc2)OC1c1cccc(O)c1,4.97798426018228,Inactive
O=S(=O)(C1CCCCC1)N1CCC(NC(c2cnccn2)c2ccc(F)cc2F)CC1,6.376750709602099,Active
O=C1CN(/N=C/c2ccc([N+](=O)[O-])o2)C(=O)N1CCCCCCn1cc(CSc2ccccc2)nn1,7.221848749616356,Active
C[C@@H]1CC[C@H]2[C@@H](CCCCc3ccccc3)C(=O)O[C@@H]3O[C@@]4(C)CC[C@@H]1[C@]32OO4,5.096910013008056,Active
O=C(CCN1CCN(c2ccc([N+](=O)[O-])cc2)CC1)c1ccc(O)cc1,4.605548319173784,Inactive
CC1(COc2ccc(OC(F)(F)F)cc2)Cn2cc([N+](=O)[O-])nc2S1(=O)=O,5.7447274948966935,Active
O=[N+]([O-])c1cn2c(n1)OC(COc1ccc(-c3ccc(F)cc3)nc1)C2,7.522878745280337,Active
COc1cc(C(c2nnnn2C2CCCCC2)N2CCc3c([nH]c4ccccc34)C2)cc(OC)c1OC,5.6595558851598815,Active
CCOc1ccc(C2=NN(C(C)=O)C(c3ccc([N+](=O)[O-])s3)O2)cc1,4.574465779501737,Inactive
FC(F)(F)c1cccc(Nc2nc3ccccc3nc2Nc2cccc(C(F)(F)F)c2)c1,5.391796062778831,Active
COc1ccc2nc3cc(Cl)ccc3c(NCCCCn3cnc([N+](=O)[O-])n3)c2c1,6.82102305270683,Active
Cn1nccc1C(=O)Nc1nc2cccnc2n1CC(F)(F)F,5.4089353929735005,Active
COC(=O)C1=NN(c2ccccc2)C2=CNc3c(C)cccc3N21,4.1938200260161125,Inactive
Cc1ccc(-c2cncc(Cn3ccn4cc([N+](=O)[O-])nc4c3=O)c2)cc1,6.920818753952375,Active
Br/C=C/c1ccc2ccccc2n1,5.522878745280337,Active
N#C[Se]Cc1ccccc1[N+](=O)[O-],5.73754891026957,Active
OC[C@H]1O[C@@H](n2ccc3c(N4CCC4)ncnc32)[C@H](O)[C@@H]1O,5.175874166083451,Active
CCC/C=C/CCCNC(=O)c1ccc(OC)cc1,4.586700235918748,Inactive
CC(C)c1n[nH]c2c(NC34CC5CC(CC(C5)C3)C4)ncnc12,5.913640169325252,Active
CC1CC(=O)C2=C(C1)OC(N)=C(C#N)C2c1cn([C@H]2C[C@H](O)[C@@H](CO)O2)c(=O)[nH]c1=O,5.026872146400302,Active
O=S(=O)(Nc1ccc([Se][Se]c2ccc(NS(=O)(=O)c3cccc4cccnc34)cc2)cc1)c1cccc2cccnc12,5.454074670644157,Active
O=C(CCN1CCN(c2ccc(F)cc2)CC1)c1ccc(C(F)(F)F)cc1,4.219682687859849,Inactive
COc1cc2c(cc1C(C)N1CCCC1)C=CC(C)(C)O2,4.166215625343521,Inactive
Cn1/c(=N/C=C/c2sc3ccc(F)cc3[n+]2C)sc2ccccc21,7.508638306165727,Active
CS(=O)(=O)NC1CCN(C(c2cccnc2)c2ccc(Cl)cc2F)CC1,7.080921907623926,Active
CCCCC(=O)OC1(C)c2ccccc2-c2c1c(-n1ccnc1)nc1ccc(Br)cc21,5.835647144215563,Active
O=C(N1CCN(C(c2cccnc2)c2ccc(Cl)cc2F)CC1)C(F)(F)F,6.494850021680094,Active
Nc1ncnc2c1c(-c1ccc(Cl)cc1Cl)cn2[C@@H]1O[C@H](CO)C[C@H]1O,6.346787486224656,Active
O=C(/C=C/c1ccccc1)N/N=C/c1ccc(O)c(O)c1,3.9706162223147903,Inactive
Cc1cc(C)c(Oc2nc(Cl)nc(Nc3ccc(C#N)cc3)n2)c(C)c1,5.129011186239425,Active
OC(Cn1cncn1)(Cn1cncn1)c1ccc(F)cc1F,4.995678626217358,Inactive
COC1C=C(N2CCN(C(=O)[C@@H]3CCCC[C@H]3C(=O)NC3(C#N)CC3)[C@H](C)C2)C=CC1C1CC1,6.6020599913279625,Active
CCN1/C(=C/C=C/c2oc3ccccc3[n+]2C)Sc2ccc(F)cc21,6.581698708680254,Active
CCCn1cc/c(=N\c2cnccn2)c2ccc(-c3cnc(N4CCCN(C)CC4)nc3)cc21,5.6777807052660805,Active
CN(CC1CCn2cc([N+](=O)[O-])nc2O1)c1ccc(OC(F)(F)F)cc1,6.657577319177793,Active
Clc1ccc(-c2ccc(CN3C4=NCCN4c4ccccc43)cc2)cc1,5.254925208417943,Active
NCCCCNCc1ccc(OC2=CC(=O)c3cc4ccccc4cc3C2=O)cc1,4.730487055782084,Inactive
O=C(Nc1ccc(S(=O)(=O)c2ccccc2)cc1)c1ccc([N+](=O)[O-])o1,5.366531544420414,Active
O=C(O)c1ccccc1C(=O)Nc1ccc([Se][Se]c2ccc(NC(=O)c3ccccc3C(=O)O)cc2)cc1,5.34008379993015,Active
COc1ccc(OC)c(/C=N/NC(=O)CN2CCc3sccc3C2)c1,3.162051902802238,Inactive
O=C(CSC[C@H](O)CO)OCc1ccccc1,3.673664139071248,Inactive
O=C(c1cc(-c2ccn(CC3CC3)n2)n2ccccc12)N1CCOCC1,4.7607110341809005,Inactive
Cc1ccc(N2CCN(C(=O)c3cc4c([nH]c5ccccc54)c(-c4ccccc4)n3)CC2)cc1,5.101549080801625,Active
CCc1ccc(C2=NN(C(C)=O)C(c3ccc([N+](=O)[O-])s3)O2)cc1,4.968995718636463,Inactive
CCCCNc1nc2cc(OC)ccc2nc1Cl,4.305394801066432,Inactive
Cc1ccc([Te]Cc2ccc(S(N)(=O)=O)cc2)cc1,5.46344155742847,Active
CCCc1ccc(Oc2cc(CCC)cc(OC)c2OC)c(OC)c1,4.876148359032914,Inactive
COc1ccc(-c2cnc(NC(=O)C3CCCC3)n2C)cc1,4.080921907623926,Inactive
O=C(NOCc1ccccc1)[C@H](O)[C@H](O)COP(=O)(OCc1ccccc1)OCc1ccccc1,4.481486060122113,Inactive
COc1nc2ccc(Br)cc2cc1C(c1ccccc1)n1ccnc1,6.337242168318426,Active
Nc1ccccc1-c1c[nH]c2c3ccccc3nc-2c1,4.950781977329818,Inactive
COc1ccc([C@H]2O[C@H](c3ccc(OC)c(OC)c3)[C@@H](C)[C@H]2C)cc1OC,4.913640169325252,Inactive
O=S(=O)(Nc1ccc2cn[nH]c2c1)c1ccc(F)cc1,3.966978555317089,Inactive
O=[N+]([O-])c1cn2c(n1)OC[C@@H](OCc1ncccc1-c1ccc(OC(F)(F)F)cc1)C2,5.200659450546418,Active
COc1ccccc1N1CCN(C(c2ccc(Cl)cc2)c2cccnc2)CC1,7.698970004336019,Active
Cc1nn(-c2ccccn2)cc1C(=O)Nc1ccc2c(c1)B(O)OC2,5.2441251443275085,Active
O=S(=O)(NC1CCN(C(c2ccc(C(F)(F)F)cc2)c2cnccn2)CC1)C1CCCCC1,6.552841968657781,Active
Cc1ccccc1OCC(=O)N1CCCN(c2cccnn2)CC1,6.299997602857746,Active
COc1cc(C2=NCCN2)cc2cc(-c3ccc(C4=NCCN4)cc3)oc12,4.875169850586141,Inactive
O=C(NCCSCCNC(=O)c1cc(Br)c(Br)[nH]1)c1cc(Br)c(Br)[nH]1,4.619788758288394,Inactive
O=C(c1ccc(F)cc1)N1CCCC(c2cc3nc(N4CCCC4)ccc3[nH]2)C1,4.37906742787481,Inactive
CS(=O)(=O)c1ccc(N2CCN(C(=O)C(c3ccc(Cl)cc3)c3cncnc3)CC2)cc1,7.149261892768803,Active
C=CC[n+]1ccc2c(c1)[nH]c1ccc(Br)cc12,4.062482107982653,Inactive
O=[N+]([O-])c1ncn(Cc2cn(-c3ccc(Cl)cc3)nn2)n1,5.327902142064283,Active
Nc1ncnc2c1c(C#Cc1ccccc1)nn2[C@@H]1O[C@H](CO)[C@@H](O)[C@H]1O,4.306273051076353,Inactive
COC(=O)CCn1c2ccc([N+](=O)[O-])cc2c(=O)n1Cc1ccccc1,5.217527375833714,Active
Clc1ccc(NCc2cncn2Cc2ccc(-c3ccccc3)cc2)cc1N1CCCCC1,7.27083521030723,Active
COc1ccc2nc(-c3ccc(Cl)cc3)c(-c3ccc([S+](C)[O-])cc3)nc2c1,4.899974269892137,Inactive
O=C1C=C(N2CCN(Cc3ccccc3)CC2)c2cccc3cccc1c23,5.267606240177032,Active
O=C(N[C@@H](Cc1c[nH]c2ccccc12)C(=O)Nc1ccncc1)c1ccccc1F,6.958607314841775,Active
CCCCCCCCc1cn(Cc2ccccc2)nn1,4.655607726314889,Inactive
COc1cc(CCc2cccc(Oc3ccc(C(C)(C)C)cc3)c2)oc(=O)c1,4.443697499232712,Inactive
N#Cc1c(NS(=O)(=O)c2ccccc2[N+](=O)[O-])[n+]([O-])c2ccc(Cl)cc2[n+]1[O-],5.508638306165727,Active
CN(C)c1nccn2c(-c3ccncc3)c(-c3ccc(F)cc3)nc12,5.562249437179612,Active
CCCOc1ccc(C2=NN(C(C)=O)C(c3ccc([N+](=O)[O-])s3)O2)cc1,4.913640169325252,Inactive
COc1cccc2c1C(=O)C=C(Oc1ccc(C)cc1)C2=O,5.578396073130169,Active
Cc1cc(C)c([Se]Cc2cn(-c3ccccc3)nn2)c(C)c1,4.406713932979542,Inactive
C[C@@H]1CC[C@H]2[C@@H](C)C(=O)O[C@@H]3O[C@@]4(C)CC[C@@H]1[C@]32OO4,4.152735898229236,Inactive
c1ccc2[nH]c(-c3ccc(OCCOc4ccc(-c5nc6ccccc6[nH]5)cc4)cc3)nc2c1,3.87565882922504,Inactive
COc1nc(N[C@H]2CC[C@H](NS(=O)(=O)CCC(C)C)CC2)nc2[nH]nc(N3CCOC[C@@H]3C)c12,6.0,Active
CC(C)Nc1nc(NCC(F)(F)F)c2ccccc2n1,5.431798275933005,Active
c1ccc2cc(CCCNCCCCNCCCNCCCc3ccc4ccccc4c3)ccc2c1,6.327902142064283,Active
CN(C)CCC=C1c2ccccc2CCc2ccccc21,4.627916891425747,Inactive
O=C(N[C@H]1C(O)O[C@H](CO)[C@H](O)[C@@H]1O)c1ccc(CCl)cc1,4.421475394725007,Inactive
O=C(C1CC1)N1CCC(NC(c2ccc(C(F)(F)F)cc2)c2cccnc2)CC1,6.823908740944319,Active
Cc1ccc(CN2CCC(C(=O)Nc3ccc(-c4cc5ccccc5[nH]4)cc3)CC2)o1,4.865348361395671,Inactive
Cc1ccc2cc3c(N)c4c(C)ccc(C)c4nc3nc2c1,5.340988492233945,Active
CCN(CC)CCCNc1nc2ccc([N+](=O)[O-])cc2s1,5.3979400086720375,Active
CCn1nc(-c2ccc(C(=O)OC)cc2)nc2c(=O)n(C)c(=O)nc1-2,6.091616864616254,Active
Clc1cc2nc(-c3ccccc3)c(-c3ccccc3)nc2cc1Cl,5.275724130399211,Active
CS(=O)(=O)Cc1nc2c(Br)cc(Cl)cn2c1[N+](=O)[O-],5.2441251443275085,Active
CCCCCCCNC(=O)c1c(O)cc(C)oc1=O,4.1073489661227,Inactive
O=C(N/N=C/c1ccc([N+](=O)[O-])s1)c1ccc([N+](=O)[O-])c(O)c1,5.263603497723357,Active
c1ccc2c(NCCc3c[nH]cn3)nnc(NCCc3c[nH]cn3)c2c1,4.778585762157661,Inactive
CN(C)c1nc(N/N=C/c2ccc([N+](=O)[O-])o2)nc(N(C)C)n1,6.42021640338319,Active
Cc1ccc(S(=O)(=O)Nc2ccc(CN[C@@H]3CCN(C(=O)c4cccc(Cl)c4)C3)cc2)cc1,4.800000052738446,Inactive
CC1(COc2ccc(C(F)(F)F)nc2)Cn2cc([N+](=O)[O-])nc2O1,6.259637310505756,Active
CC/C(=C\c1ccc(Cl)cc1)C(=O)/C=C/c1ccc2c(c1)OCO2,5.537602002101044,Active
CC(=O)Nc1ccc2[nH]c(=O)n([C@H]3CC[C@@H](C(F)(F)F)CC3)c(=O)c2c1,5.366531544420414,Active
Cc1cc(Oc2cccc(Cn3cccn3)c2)cc(C)c1Cl,5.552841968657781,Active
Cc1cc(Oc2cccc(Cn3ccc4ccccc43)c2)cc(C)c1Cl,4.97061622231479,Inactive
CC1CCc2ccccc2N1S(=O)(=O)c1ccc(C(C)(C)C)cc1,5.217527375833714,Active
Cc1cc(N(C)C)nc(Nc2ccccc2C)n1,6.0999990348465305,Active
C[C@H]1[C@@H](O)O[C@@H]2O[C@@]3(C)CC[C@H]4[C@H](C)CC[C@@H]1[C@@]24OO3,4.892790030352131,Inactive
N=C(Nc1ccc(-c2ccc(-c3ccc(NC(=N)c4ccccc4)cc3)o2)cc1)c1ccccc1,4.863279432843593,Inactive
Cc1ccc(N2CCC(N(c3ccc(C(F)(F)F)cc3)c3cccnc3)CC2)cn1,6.82102305270683,Active
Cc1ccc(/N=C/N(C)/C=N/c2ccc(C)cc2C)c(C)c1,4.795880017344075,Inactive
CC1(C)OC2=C(C(=O)C(=O)c3ccccc32)C1n1cc(CNC2=CC(=O)c3ccccc3C2=O)nn1,4.092588639225414,Inactive
CCCN(CCC)c1ccc2nc3ccc(N(CCC)CCC)cc3[o+]c2c1,8.698970004336019,Active
CC(=O)Nc1ccc(Cl)c(C(=O)NC(Cn2ccnc2)c2ccccc2)c1,5.568636235841013,Active
CC1(C)OC2=C(C(=O)C(=O)c3ccccc32)C1n1cc(-c2ccc(Br)cc2)nn1,3.993533957750768,Inactive
CCC(=O)CCCCCC(Oc1ccc2ccccc2c1)c1ncc(Cc2ccccc2)[nH]1,5.508638306165727,Active
O=C(CN1C(=O)N(Cc2ccccc2)C2(CCCc3ccccc32)C1=O)NO,6.017728766960431,Active
COc1c(C)[nH]c2c(c1=O)[C@@H](CCCCCc1ccccc1)CC[C@H]2OC,7.0,Active
Fc1cc(F)cc(C(c2c[nH]c3ccccc23)c2c[nH]c3ccccc23)c1,4.421647358489639,Inactive
COCCNC(=O)c1ccc(OC2CCN(Cc3ccc(F)c(F)c3)CC2)c(Cl)c1,4.494850021680094,Inactive
CC1Cn2c(nc([N+](=O)[O-])c2C#Cc2ccc(C(C)(C)C)cc2)O1,5.543633966870957,Active
C=C(c1nc(-c2ccccc2)no1)C(O)c1cccc(F)c1,5.137272471682025,Active
COc1ccc(C2SCC(=O)N2CCNc2ccnc3cc(Cl)ccc23)cc1O,5.36251027048749,Active
CC1(COCc2ccc(OCc3ccccc3)cc2)CCn2cc([N+](=O)[O-])nc2O1,6.552841968657781,Active
Clc1ccc(C(NCCN2CCOCC2)(c2cccnc2)c2ccccc2Cl)cc1,6.184090349113226,Active
CN1CCCNc2c(c(=O)c2=O)NCCCN(C)CCCNc2c(c(=O)c2=O)NCCC1,4.698970004336019,Inactive
O=C(Nc1cccc(O)c1)c1cccc(S(=O)(=O)Nc2cccc(O)c2)c1,6.522878745280337,Active
CCCN(CCC)CCCNC(=O)c1cc2c(-c3ccc(OC)c(OC)c3)nn(C)c2s1,4.795880017344075,Inactive
OC(c1ccc(Br)cc1)(c1ccc(C(F)(F)F)cc1)c1cccnc1,7.698970004336019,Active
CCOC(=O)c1c(C)n(-c2ccccc2)c2ccc(OC(=O)c3cc(OC)c(OC)c(OC)c3)cc12,4.87562311515035,Inactive
ClCc1ccc(-c2cc(-c3ccc4c(c3)OCO4)no2)cc1,5.94692155651658,Active
CC1(Cc2ccc([N+](=O)[O-])cc2)CC(S(=O)(=O)c2ccc(F)cc2)=C(c2ccc(/C(N)=N/O)cc2)O1,4.777283528852417,Inactive
O=C(Cn1cnc([N+](=O)[O-])n1)Nc1cccc(OCc2ccccc2)c1,5.470890608238639,Active
COc1cccc([C@@H]2C[C@@H]3Cc4ccc5ccccc5c4N2O3)c1,4.064744718215953,Inactive
C/C(=N\N=C(/N)S)c1ccccc1,3.7097427306054818,Inactive
O=C(CSc1nc(-c2ccncc2)n[nH]1)N1CCN(c2ccccc2)CC1,4.698399065397879,Inactive
CC(C)(C)NC(=O)C(c1ccc(Br)cc1)N(CC(=O)NCCCN1CCOCC1)C(=O)c1cc2ccccc2[nH]1,6.0,Active
Cc1ccc2c(C)nc(Nc3nc(C)cc(-c4ccccc4)n3)nc2c1,4.675467948569135,Inactive
CC(C)=CCc1c(O)c2c(c(C(=O)C(C)C)c1O)OC1(C2)OC(C)=C(C)C1=O,5.721246399047171,Active
NC1CCc2nc(-c3cccnc3)nc(Nc3ccc(F)cc3)c2C1,5.039123182886663,Active
CN1CCN(S(=O)(=O)c2cc(C(F)(F)F)ccc2F)CC1,3.701146923590293,Inactive
Clc1ccc2c(NCCCSc3nnc4c(n3)[nH]c3ccccc34)ccnc2c1,4.722620025332746,Inactive
COc1ccc2nc3ccc(COC(=O)c4ccccc4)cc3c(N)c2c1,4.455931955649724,Inactive
C=C(c1nc(-c2ccc([N+](=O)[O-])cc2)no1)C(O)c1cc(OC)c(OC)c(OC)c1,4.279096829186543,Inactive
CCS(=O)(=O)c1cc2sc(NC(=O)C3CC3)nc2cc1F,4.376750709602099,Inactive
COC1=CC(=O)O[C@]2(/C=C/c3ccccc3)[C@H]1[C@H](c1ccccc1)[C@H]2c1cc(OC)cc(=O)o1,4.568636235841013,Inactive
CCCCNc1nc2cc(Br)ccc2nc1SC,4.598599459218456,Inactive
COc1ccc2cc(S(=O)(=O)Nc3cccnc3)ccc2c1,5.26440110030182,Active
CC1=CO[C@@H]2O[C@]3(C)CC[C@H]4[C@H](C)CC[C@@H]1[C@@]24OO3,4.522878745280337,Inactive
O=C(NCc1ccccc1)Nc1[nH]nc(-c2ccccn2)c1Cl,7.180456064458132,Active
CC(C)(C)OC(=O)N[C@H]1Cc2ccc(cc2)Oc2ccc(cc2NC(=O)c2ccccn2)CCNC(=O)[C@H](Cc2ccccc2)NC1=O,4.920818753952375,Inactive
COc1ccc(-c2ccc(C)cc2)c2c1C(C)=N[C@H](C)C2,4.7146677723561154,Inactive
CC1=CC(C)(C)N=C(Nc2nc(C)c3cc(C)cc(C)c3n2)N1,4.853871964321762,Inactive
O=C1OC(O)C(NCc2cn(-c3ccc(Cl)c(Cl)c3)nn2)=C1Cl,4.670297102846785,Inactive
FC(c1ccc(Cl)cc1)(c1cccnc1)c1ccccc1Cl,6.768785352037399,Active
O=C(N/N=C/c1ccc([N+](=O)[O-])o1)c1ccc(F)c(F)c1,5.022733787572707,Active
O=[N+]([O-])c1cc2c(cc1/C=C/c1sc(Nc3ccccc3)n[n+]1-c1ccccc1)OCO2,6.1938200260161125,Active
O=C(/C=C/c1ccc2c(c1)OCO2)N1CCCCC1,4.013228265733755,Inactive
N=C(N)c1ccc(OCCCCCOc2ccc(C(=N)N)cn2)nc1,4.4089353929735005,Inactive
Cc1ccc(Sc2cccc3c2C(=O)C=CC3=O)cc1,5.6020599913279625,Active
Fc1c(F)c(F)c(/C(=C2\C=CC=N2)c2ccc[nH]2)c(F)c1F,5.442492798094342,Active
COc1ccc(/N=C(\Nc2ccccc2)c2ccc3c(c2)OCO3)cc1,5.795880017344075,Active
O=C(Cc1ccc(F)cc1F)N1CCC(Nc2ncc3c(-c4ccccc4)n[nH]c3n2)CC1,6.499996931948306,Active
CC(C)(C)c1cc(C(=O)N2CCCC(c3cc4ncccc4[nH]3)C2)on1,4.1938200260161125,Inactive
O=C(NCCc1csc(-c2ccccc2)n1)c1ccccn1,6.045757490560675,Active
CC1(COc2ccc(-c3ccc(F)nc3F)nc2)CCn2cc([N+](=O)[O-])nc2O1,6.552841968657781,Active
COc1ccc([C@H]2O[C@@H](c3ccc(OC)c(OC)c3)[C@@H](C)[C@@H]2C)cc1OC,5.638272163982407,Active
C=CCn1c(C)cs/c1=N\N=C\c1ccc([N+](=O)[O-])s1,4.989276134608227,Inactive
C[C@]1(COc2ccc(C(F)(F)F)nc2)CCn2cc([N+](=O)[O-])nc2O1,6.356547323513812,Active
NC(=S)N/N=C(\COc1ccccc1Cl)c1ccc(Br)cc1,5.070581074285707,Active
Cc1nc(C)c(C(=O)N2CCCC(c3cc4ncccc4[nH]3)C2)o1,4.1938200260161125,Inactive
CC(=Cc1ccccc1)CN1CCC(=O)N(Cc2cccnc2)CC1,4.447128066056759,Inactive
Cc1ccoc1C(=O)NCCCn1cnc([N+](=O)[O-])n1,3.856672870007953,Inactive
CC(C)Oc1cc(NC(=N)c2ccccn2)ccc1-c1ccc(-c2ccco2)o1,6.6020599913279625,Active
O=C(CCCCCCC(=O)Nc1ccccc1)NO,4.091514981121351,Inactive
NS(=O)(=O)c1ccc(-c2cnc(C[Se]c3ccccc3)[se]2)cc1,5.386158178123931,Active
CCCC/C=C/C=C/c1nc2cccc(OC)c2n2cccc12,4.935542010773082,Inactive
CC(C)(O)c1cn(C2C3=C(OC2(C)C)C(=O)c2ccccc2C3=O)nn1,5.843148098929989,Active
Brc1ccc2[nH]c3c[n+](Cc4cccc5ccccc45)ccc3c2c1,4.752026733638194,Inactive
COc1ccc2c(c1)Cn1cccc1C2(C)CC#N,3.4437095631358763,Inactive
Cc1ccc([C@@H]2C[C@H](O)Cc3ccccc3N2)o1,3.7237680420781674,Inactive
CC1(C)OC2=C(C(=O)C(=O)c3ccccc32)C1n1cc(COC2CCCCO2)nn1,3.5905741313285566,Inactive
CC(C(=O)Nc1ccccc1F)N(C)CC(=O)Nc1cccc2ccccc12,6.399996913372259,Active
CN1/C(=C/C=C/c2sc3ccccc3[n+]2C)Sc2ccccc21,8.301029995663981,Active
CC(C)CC(=O)N1CCC[C@@H]1C(=O)O,4.402304814074488,Inactive
COP(=O)(OC)C(Nc1ccccc1)c1ccc(O)cc1,5.098452322307693,Active
C[C@]1(COc2ccc(C(F)(F)F)cn2)CCn2cc([N+](=O)[O-])nc2O1,6.468521082957745,Active
O=[N+]([O-])c1c(CS(=O)(=O)c2ccccc2)nc2c(S(=O)(=O)c3ccc(Cl)cc3)cc(Cl)cn12,6.022276394711152,Active
Cc1ccc(-c2c(C#N)[n+]([O-])c3ccccc3[n+]2[O-])cc1,4.6252516539898965,Inactive
O=C(Cc1ccccc1Nc1c(Cl)cccc1Cl)Nc1ncc([N+](=O)[O-])s1,5.723538195826756,Active
c1ccc2cc3c(NCCCn4ccnc4)nnc(NCCCn4ccnc4)c3cc2c1,4.355561410532162,Inactive
CS(=O)(=O)c1ccc(-n2ccnc2)c(NC(=O)c2cnc(-c3ccccc3)nc2)c1,7.045757490560675,Active
O=[N+]([O-])c1cn2c(n1)OC(COc1cccc(-c3ccc(F)cc3F)n1)CC2,5.3979400086720375,Active
COC(c1ccc(Cl)cc1)(c1ccc2c(c1)c(-c1cccc(C)c1)cc(=O)n2C)c1cncn1C,8.920818753952375,Active
O=C1C=CC(=O)c2c(I)ccc(I)c21,6.657577319177793,Active
CC1(C)CC[C@@H](O)[C@]2(C)O[C@@]3(/C=C/c4ccc(C(=O)NCc5ccccc5)cc4)C=C[C@@]12OO3,5.11975822410452,Active
Nc1ncnn2c([C@@H]3O[C@H](CO)[C@@H](O)[C@H]3O)cc(Br)c12,5.94692155651658,Active
COc1ccc(Nc2nc(-c3ccccn3)cs2)c(OC)c1,5.59999938302362,Active
COc1ccc(C(c2nnnn2C(C)(C)C)N2CCc3c([nH]c4ccccc34)C2)cc1OC,4.96537154337468,Inactive
COc1ccc(/C=N/NC(N)=[Se])cc1,4.5934598195660445,Inactive
C[n+]1ccc2c(c1)[nH]c1ccc(Br)cc12,3.8797552044536343,Inactive
Cc1ccc(-c2c(C#N)[n+]([O-])c3cc(C)ccc3[n+]2[O-])cc1,4.301029995663981,Inactive
N#Cc1ccc(C(c2cccnc2)N2CCC(NC(=O)c3ccc(C(F)(F)F)cc3F)CC2)cc1,6.462180904926726,Active
COc1ccc2cccc([N+](=O)[O-])c2n1,4.051587034221399,Inactive
CC1(C)Oc2nc([N+](=O)[O-])cn2CC1OCc1ccc(OCc2ccccc2)cc1,6.568636235841013,Active
CS(=O)(=O)N[C@H]1CC[C@@H](Oc2cc3cnccc3cc2-c2ccsc2)CC1,4.588587390776056,Inactive
COc1ccc(CN2CCN(C(c3ccc(F)cc3)c3ccc(F)cc3)CC2)c(OC)c1OC,5.045757490560675,Active
COc1ccc(C(Nc2nc3c(Cl)cccc3s2)P(=O)(OC)OC)cc1,4.658786933026101,Inactive
Cc1ccc(OC2=CC(=O)c3cccc(O)c3C2=O)cc1,5.131355561605174,Active
O=C(Nc1cc(-c2ccccn2)n[nH]1)N1CCC(c2ccc(Cl)cc2)CC1,5.95663772197887,Active
N=c1n(CCOc2ccccc2)c2ccccc2n1CCN1CCCCC1,4.721246399047171,Inactive
CCCN(CCC)c1c([N+](=O)[O-])cc(S(=O)(=O)N(CCC)CCC)cc1[N+](=O)[O-],4.259637310505756,Inactive
Cc1c(C(=O)Nc2ccc3c(c2)B(O)OC3)nnn1-c1cccnc1,4.42021640338319,Inactive
O=C(CCN1CCN(c2ccc([N+](=O)[O-])cc2)CC1)c1ccc2ccccc2c1,5.161150909262744,Active
CC(=O)O[C@@H]1O[C@H]2OC(=O)[C@H](C)C3=C([C@@]4(C)CCCC(C)(C)C4)CC[C@@H]1[C@H]32,5.455931955649724,Active
Cc1c(C#N)c([N+](=O)[O-])nn1Cc1cccc(Cl)c1Cl,7.0,Active
Cc1ccc(N2CCN(CCCn3cnc([N+](=O)[O-])n3)CC2)cc1,3.7608256958219215,Inactive
CN(C)CCCCCCn1nc(OCc2ccccc2)c2cc([N+](=O)[O-])ccc21,5.026872146400302,Active
CCn1c(=O)/c(=C/C=C2\Sc3ccccc3N2C)s/c1=C\c1sc2ccc(F)cc2[n+]1CCO,4.933674074637962,Inactive
CS(=O)(=O)N1CCN(C(c2cncnc2)c2ccc(C(F)(F)F)cc2F)CC1,7.606424796730413,Active
CSC1=NC(=Nc2c(C)cccc2C)C2(CCC(C(C)(C)C)CC2)N1c1ccc(Cl)cc1,4.789736606693437,Inactive
CC(=O)OCCCc1cn(CCCCCCCCCCCCOS(C)(=O)=O)nn1,4.364315237452778,Inactive
CC1CCCCN1CCCNC(=O)c1ccc2c(c1)sc1nc(-c3ccc(F)cc3)cn12,5.966552117712016,Active
CC(C)OCCCNC(=O)c1cccc(C(O)(c2ccc(Cl)cc2)c2cccnc2)c1,7.010995384301463,Active
Fc1ccc([Se]Cc2cn(-c3ccccc3)nn2)cc1,4.935542010773082,Inactive
Nc1ncnc2c([C@@H]3O[C@H](CO)[C@@H](O)[C@H]3O)cn(-c3ccc(Cl)c(F)c3)c12,5.982966660701219,Active
NC(=S)N/N=C(\COc1ccc(Cl)c(Cl)c1)c1ccc(Br)cc1,5.296708621881339,Active
CC(C)(C)[Si](C)(C)OCC1OC(n2ccc(=O)[nH]c2=O)CC1F,4.431798275933005,Inactive
C[N+](C)(C)CCOP(=O)([O-])OCC(COCc1ccccc1)OCc1ccccc1,5.381951903287908,Active
C=CCc1ccc(Oc2cc(CC=C)cc(OC)c2OC(C)=O)c(OC)c1,4.442492798094342,Inactive
N=C(N)c1ccc(-c2ccc(-c3cnc(C(=N)N)cn3)cn2)cc1,4.795880017344075,Inactive
CCN(CC)CCNC(=O)c1ccc(-n2ccc3ccccc32)s1,4.950581162566773,Inactive
C=C(C(=O)OCCO)C(O)c1ccc2ccccc2c1,4.279509931549948,Inactive
O=C1C(Nc2ccccc2)=C(Br)C(=O)c2oc(-c3ccccc3)cc21,6.096910013008056,Active
[O-][n+]1onc2ccc(/C=C\[S+]([O-])c3ccc(F)cc3)cc21,5.619788758288394,Active
CCCCNc1nc2cc(Br)ccc2nc1S(C)(=O)=O,5.199970640755866,Active
CC1(COc2ccc(-c3ccc(F)cc3F)cn2)CCn2cc([N+](=O)[O-])nc2O1,6.6777807052660805,Active
O=C1c2ccccc2C(=O)N1c1ccc([Se][Se]c2ccc(N3C(=O)c4ccccc4C3=O)cc2)cc1,5.684029654543083,Active
COc1cccc([Se]C2CC3=C(OC2(C)C)c2ccccc2C(=O)C3=O)c1,3.68277265082358,Inactive
CCCCCCCCCCCCC/C=C1/CCC[C@@H](NCCCC)[C@@H]1O,6.619788758288394,Active
O=C1C(Cl)=C(N2C(=O)CCC2=O)C(=O)c2ccccc21,5.557520230935552,Active
O=C(Cc1ccc(F)cc1)N(Cc1cccnc1)C1CCN(CCc2cccs2)CC1,4.600000074606178,Inactive
O=C1C=CC(=O)c2c(Sc3ccccc3)cccc21,4.906578314837765,Inactive
CNC(=O)c1nc(-c2ccccc2OC)c2cccnc2c1O,5.0,Active
COc1cc(-c2cccc(C(=N)N)c2)cc(-c2cccc(C(=N)N)c2)c1,4.252588192113577,Inactive
Cc1cccc(-n2cc(C[Se]c3ccccc3)nn2)c1,5.036212172654444,Active
Cc1nc(-c2ccccn2)nc(NCCc2cccc(Cl)c2)c1Cl,6.356547323513812,Active
N[C@@H](Cc1ccccc1)C(=O)OCc1cn(-c2ccc(F)cc2)nn1,3.876278993559964,Inactive
COc1ccc(Cl)cc1C(=O)N1CCCC(c2cc3ncccc3[nH]2)C1,4.5450081142935455,Inactive
COC(=O)c1c(NCCCN2CCOCC2)noc1-c1ccc(Cl)cc1Cl,4.924818145381308,Inactive
COc1ccc2[nH]cc(-c3ccnc(NC4CCCC4)n3)c2c1,4.607932438359999,Inactive
CC(=O)OC1CC(C)(C)OC2=C1C(=O)c1ccccc1C2=O,4.653647025549361,Inactive
O=C(c1ccc(F)c(C(O)(c2ccc(Cl)cc2)c2cccnc2)c1)N1CCOCC1,7.318758762624412,Active
CCC[C@@]12CC[C@H]3[C@H](C)CC[C@H]4CC(=O)O[C@H](O1)[C@]43OO2,4.3872161432802645,Inactive
O=C(c1cc(C(O)(c2ccc(Cl)cc2)c2cccnc2)ccc1Cl)N1CCOCC1,6.920818753952375,Active
N#CCOc1ccc(C(=O)N2CCN(S(=O)(=O)c3ccc(Cl)cc3)CC2)cc1,6.096910013008056,Active
FC(F)(F)c1cc(NCCc2ccccc2)nc(-c2ccccn2)n1,5.371611069949688,Active
CC(C)CNC(c1ccc(Cl)cc1)(c1cccnc1)c1ccccc1Cl,6.217670731003163,Active
Clc1ccc(CN2CCN(Cc3ccc(Cl)cc3)C2c2ccc(Cl)c(Cl)c2)cc1,5.045757490560675,Active
Cc1nc([N+](=O)[O-])cn1CCCNS(=O)(=O)c1ccc(Cl)s1,3.99012436628784,Inactive
CN1CCN(c2ncc(-c3ccc4c(Nc5cnccn5)ccnc4c3)cn2)CC1,5.221848749616356,Active
Nc1nccc(-c2cn(Cc3ccc(Cl)s3)c3ccccc23)n1,4.384049948343599,Inactive
O=[N+]([O-])c1ncn(Cc2cn(-c3ccc(Cl)c(Cl)c3)nn2)n1,6.958607314841775,Active
O=C(O)COCCN1CCN(C(c2ccccc2)c2ccc(Cl)cc2)CC1,3.9211808169011513,Inactive
COc1cccc2c1C(=O)C=CC2=O,5.991399828238082,Active
COc1ccc(C2=NCC(CSc3nnc(-c4ccc5c(c4)OCO5)o3)S2)cc1,6.0,Active
CC(C)Cc1ccc(C(C)C(=O)Nc2ncc([N+](=O)[O-])s2)cc1,4.825358807339551,Inactive
COCCn1c2ccc([N+](=O)[O-])cc2c(=O)n1Cc1ccccc1,5.354086724966156,Active
CN1CCN(c2ccc(Nc3c4ccccc4nc4ccccc34)cc2)CC1,6.0,Active
Cc1cc(-c2cn([C@@H]3O[C@H](CO)C[C@H]3O)c3ncnc(N)c23)ccc1Cl,6.6777807052660805,Active
O=C(Cn1cnc([N+](=O)[O-])n1)N1CCN(Cc2ccc(C(F)(F)F)cc2)CC1,6.064492734175287,Active
N#Cc1c(/N=C/c2cccs2)sc2c1CCC2,3.756788268255241,Inactive
CC1(CC#N)c2ccc(OCc3ccccc3)cc2Cn2cccc21,4.800519085137644,Inactive
O=C(Cn1ccnc1[N+](=O)[O-])Nc1ccc(Oc2ccc(F)cc2)cc1,5.481486060122113,Active
C=C(c1nc(-c2ccccc2)no1)C(O)c1cccc(Cl)c1,5.110138278741812,Active
Cc1cccc(Sc2c([N+](=O)[O-])cc(C(F)(F)F)cc2[N+](=O)[O-])c1,5.795939736941153,Active
O=C(CCCc1ccccc1)c1ccc(OC(F)F)c(OC2CCOC2)c1,5.508638306165727,Active
Nc1nc(N)nc(Nc2ccc([As]3SCC(CO)S3)cc2)n1,8.221848749616356,Active
Cc1cc(C)c2c(C)nc(Nc3nc(C)cc(C)n3)nc2c1,5.096910013008056,Active
O=C(Cn1cnc([N+](=O)[O-])n1)Nc1cc(-c2ccc(F)cc2)on1,6.468521082957745,Active
c1cc2cc(c1)CNc1cc[n+](cc1)CCCCC[n+]1ccc(cc1)NC2,4.484788695672198,Inactive
c1ccc(CCCNCc2ccccc2)cc1,3.985059650207064,Inactive
CSC[C@H]1O[C@@H](n2cnc3c(N)nc(F)nc32)[C@H](O)[C@@H]1O,6.096910013008056,Active
C=CCOC1(C(=C)c2nc(-c3ccccc3)no2)C(=O)N(CC)c2c(Br)cccc21,5.313363730737707,Active
CC(C)c1n[nH]c2c(Nc3ccccc3Br)ncnc12,4.728158393463501,Inactive
COc1cncc(C(O)(c2ccc(C(F)(F)F)cc2)c2ccc(Cl)cc2F)c1,6.911863911299449,Active
CCOC(=O)c1c(C)nn(-c2ccc(NS(=O)(=O)c3ccc(OC)cc3)cc2)c1C,4.860120913598763,Inactive
O=C(c1ccc(O)c(Cl)c1)N1CCN(c2cnccn2)CC1,5.0,Active
FC(F)(F)Oc1ccc2c(c1)C[C@@H]1C[C@@H](c3ccoc3)N2O1,4.598599459218456,Inactive
N=C(N)c1cccc(-c2cn(-c3cccc(C(=N)N)c3)nn2)c1,4.318758762624412,Inactive
O=C1c2ccccc2CN1CCc1cc2ncccc2[nH]1,4.1938200260161125,Inactive
CC1(COc2ccc(OC(F)(F)F)cc2)Cn2cc([N+](=O)[O-])nc2[S+]1[O-],5.698970004336019,Active
Cc1cc(C)nc(N2CCC(N(Cc3cccnc3)C(=O)c3cccc(C#N)c3)CC2)n1,6.499996931948306,Active
Nc1ncnc2c1c(-c1ccccc1)cn2[C@@H]1O[C@H](CO)C[C@H]1O,5.590066876668706,Active
CCOC(=O)c1cnc2c(c(C)nn2C)c1Nc1ccc([N+](=O)[O-])cc1,3.493183902291084,Inactive
CC1(C)CCc2c(c3ccccc3c3nc(-c4ccccc4)oc23)O1,3.547446936771075,Inactive
COc1cccc(/C=C2\CCC/C(=C\c3ccc(Br)cc3)C2=O)c1OC,4.696803942579511,Inactive
CN1C2CCC1CC(=NOC(c1ccccc1)c1ccc(Br)cc1)C2,7.397940008672037,Active
OC/C=C/c1ccc2cc(Cl)ccc2n1,6.0655015487564325,Active
C=CCOc1cc(OC)c(C(=O)/C=C/c2ccccn2)c(OCC=C)c1,5.721246399047171,Active
COc1ccc(S(=O)(=O)Nc2ccc([Se][Se]c3ccc(NS(=O)(=O)c4ccc(OC)cc4)cc3)cc2)cc1,5.886056647693163,Active
O=c1c(O)c(-c2csc3ccccc23)oc2ccc(Br)cc12,5.568636235841013,Active
c1cc2nc3ccc(N4CCCCC4)cc3[o+]c2cc1N1CCCCC1,5.944621668625,Active
CC(C)CN1CCN(C(=O)C(c2ccc(Cl)cc2)c2cccnc2)CC1,7.187086643357144,Active
COC(=O)C(CCSC)NC(=O)/C=C/C=C/c1ccc2c(c1)OCO2,3.304956341178706,Inactive
CCCN(CCC)c1ccc2nc3ccc(N4CCOCC4)cc3[o+]c2c1,6.122628654130226,Active
COCC(=O)[C@H]1C(C)(C)CCC[C@]1(C)C1=C(O)C(=O)C(C(C)C)=CC1=O,5.853871964321762,Active
O=C(c1cc(C(F)(F)F)no1)N1CCCC(c2cc3ncc(Br)cc3[nH]2)C1,4.1938200260161125,Inactive
COc1ccc(-c2cc(Cn3ccnc3[N+](=O)[O-])on2)cc1,5.721246399047171,Active
CC1(COc2ccc(-c3ccc(F)nc3)cn2)Cn2cc([N+](=O)[O-])nc2O1,6.508638306165727,Active
O=[N+]([O-])c1c(CS(=O)(=O)c2ccccc2)nc2c(Sc3ccccc3F)cc(Cl)cn12,5.920818753952375,Active
Clc1ccc(CCOc2cccc(Cn3ccnc3)c2)cc1,6.275724130399211,Active
CC(=O)/C(=C\C=C\c1ccccc1)C(=O)OC(C)(C)C,4.331241458249043,Inactive
O=C(N/N=C/c1cc([N+](=O)[O-])ccc1O)c1ncccn1,4.309538106753822,Inactive
O=C1c2ccccc2C(=O)N1C/C=N/N=c1\scc(-c2ccccc2)n1-c1ccccc1,5.055517327849832,Active
CC[n+]1ccc2c(c1)[nH]c1ccc(Br)cc12,4.043351420794797,Inactive
Cc1nc(C(=O)NC2CCN(C(c3ccc(C(F)(F)F)cc3)c3cccnc3)CC2)cs1,7.756961951313706,Active
CCC1=C(C)C(=O)C2(Cc3c(O)c(CC=C(C)C)c(O)c(C(C)=O)c3O2)O1,5.236572006437063,Active
O=C(NCCOc1ccc(Oc2ccccc2)cc1)C1CC1,5.173925197299174,Active
Cc1cc(C)c2cc(C(=O)Nc3ccccc3-n3cncn3)[nH]c2c1,5.045757490560675,Active
CC1(C)CCc2c(ccc(CNCCCc3ccccc3)c2O)O1,4.2839966563652006,Inactive
CC1(C)OC2=C(C(=O)C(=O)c3ccccc32)C1n1cc(-c2ccccc2)nn1,5.991399828238082,Active
CCN(CC)c1ccc2ccc(C(=O)N3CCCCO3)cn12,4.613309523385823,Inactive
COc1cc2c3c(n(CCCN4CCOCC4)c(=O)c2cc1OC)-c1cc2c(cc1C3=O)OCO2,7.0,Active
O=C(Nc1nc(-c2ccccn2)cs1)C1CCc2ccccc2C1,5.6471279838347925,Active
O=Cc1ccc([N+](=O)[O-])o1,4.590404980603184,Inactive
O=C(N[C@@H](Cc1c[nH]c2ccccc12)C(=O)Nc1ccncc1)c1cccc(-c2ccccc2)c1,6.050609993355087,Active
N#Cc1ccccc1N1CCC(NC(c2cccnc2)c2ccc(Cl)cc2F)CC1,8.126214539181799,Active
CC(C)=CCc1c(-c2coc3cc(O)cc(O)c3c2=O)ccc(O)c1O,4.886056647693163,Inactive
O=C(Cn1cnc([N+](=O)[O-])n1)Nc1cc(-c2ccc(Cl)cc2)no1,5.814741234703415,Active
O=S(=O)(NCC(c1cccnc1)N1CCN(c2ccc(F)cc2)CC1)c1cccs1,6.900008766455316,Active
C[C@H](CS)C(=O)N1CCC[C@H]1C(=O)O,4.521433504406157,Inactive
O=C(Cn1cnc([N+](=O)[O-])n1)Nc1nccc(-c2ccccc2)n1,5.6020599913279625,Active
CC1(COCc2ccc(OC(F)(F)F)cc2)CCn2cc([N+](=O)[O-])nc2O1,6.508638306165727,Active
O=C(OC(Cn1ccnc1)c1ccc(-c2ccccc2)cc1)c1ccc(-c2ccccc2)cc1,5.565431095965801,Active
NC(=O)c1nn([C@@H]2O[C@H](CO)[C@@H](O)[C@H]2O)c2ncnc(N)c12,5.090979145788844,Active
C=C(C)[C@@H]1CC[C@]2(C(=O)O)CC[C@]3(C)[C@H](CC[C@@H]4[C@@]5(C)CCC(=O)NC(C)(C)[C@@H]5CC[C@]43C)[C@@H]12,5.366531544420414,Active
C=C1CC[C@@H](OC(C)=O)[C@H]2CC=C3[C@](C)(CC[C@]3(O)C(C)C)C[C@]12O,4.9299621333922445,Inactive
O=[N+]([O-])c1cn2c(n1)OC[C@@H](OCc1cccc(-c3ccc(OC(F)(F)F)cc3F)n1)C2,5.42021640338319,Active
CCCC(=O)NC[C@]1(C)CCC[C@]2(C)c3ccc(C(C)C)cc3CC[C@@H]12,5.292429823902063,Active
CCN(CC)c1cc(C)c2cc(NC(=O)c3cccc(OC)c3)ccc2n1,4.789736606693437,Inactive
CCCCCCC[C@H](C)OC(=O)/C=C/c1ccc(O)c(O)c1,5.7447274948966935,Active
O=[N+]([O-])c1ncn(CCCNCc2ccc(C(F)(F)F)cc2)n1,6.494850021680094,Active
CCc1oc(=O)c(Cc2c(O)c(CC=C(C)CCC=C(C)C)c(O)c(C(=O)C(C)C)c2O)c(O)c1C,5.568636235841013,Active
COc1ccc2c(Cl)c(C(=O)N3CCC3)sc2c1Cl,6.0999990348465305,Active
COc1cc(-c2nc(NCCN(C)C)c3ccccc3n2)cc(OC)c1OC,5.187086643357144,Active
Cc1ccc(Oc2nc(N)nc(Nc3ccc(F)cc3)n2)c(Cl)c1,4.563837352959244,Inactive
COc1cc(NC(=O)Nc2cccc(CNC(=O)OC3CCCCC3)c2)ccc1-c1cnco1,4.824595178896034,Inactive
CC1CN(S(=O)(=O)c2ccc(NC(=O)c3cc(C4CC4)nc4c3cnn4C(C)C)cc2)CC(C)O1,4.824595178896034,Inactive
C/C=C/c1ccc(Oc2cc(/C=C/C)cc(OC)c2OC)c(OC)c1,4.913640169325252,Inactive
C[N+](C)(C)CCNc1c(NCc2ccccc2)c(=O)c1=O,4.301029995663981,Inactive
O=C(N/N=C/c1ccc2no[n+]([O-])c2c1)c1ccc2c(c1)OCO2,5.886056647693163,Active
Cc1cccc(Nc2nc(N)c3ccccc3n2)c1,4.943843999492742,Inactive
N=C(Nc1ccc(-c2ccc(NC(=N)c3ccccn3)cc2)cc1)c1ccccn1,7.102372908709558,Active
OC/C=C/c1cc(N2CCOCC2)c2cc(Cl)c(F)cc2n1,6.657577319177793,Active
CCCCCCCCCCCCC/C=C1/CCC[C@@H](NCCCC)[C@@H]1OC(C)=O,5.920818753952375,Active
C/C(=N\Nc1nc(-c2ccc(Br)cc2)c(C)s1)c1ccc(Cl)c(Cl)c1,4.718966632752273,Inactive
CC1(COc2cnc(C(F)(F)F)cn2)Cn2cc([N+](=O)[O-])nc2O1,5.853871964321762,Active
CC1CCN(S(=O)(=O)c2ccc(NC(=O)c3ccc([N+](=O)[O-])o3)cc2)CC1,5.113509274827518,Active
COc1ccc(N/C(=C\[N+](=O)[O-])SC)cc1,4.4089353929735005,Inactive
Nc1nc(N)nc(N/N=C/c2ccccc2[N+](=O)[O-])n1,3.484126156288321,Inactive
COP(=O)(OC)C(Nc1ccccc1)c1ccccc1O,5.049087510733052,Active
COc1ccc(C2Sc3ccccc3N=C3C2=C(O)c2ccccc23)cc1,5.345378798805266,Active
Fc1ccc2scc(-c3cccc(CNCCCNc4ccnc5cc(Cl)ccc45)c3F)c2c1,6.113509274827518,Active
CC1(COc2ccc(Cl)cc2)Cn2cc([N+](=O)[O-])nc2O1,6.920818753952375,Active
CC1(COc2ccc(-c3ccc(C(F)(F)F)cc3)nc2)Cn2cc([N+](=O)[O-])nc2O1,5.6020599913279625,Active
Cc1ccc(-c2nc(NN)c3ccccc3n2)cc1,4.744968836654449,Inactive
Cc1cc(C)c(Oc2nc(N)nc(Nc3ccc(Cl)cc3)n2)c(C)c1,5.508638306165727,Active
COc1cc(CCc2ccc3ccccc3c2)oc(=O)c1,4.187086643357144,Inactive
CC(=O)OC[C@H]1O[C@@H](n2cc(C3SCC(=O)N3c3ccc(Cl)cc3)c(=O)[nH]c2=O)C[C@@H]1OC(C)=O,4.6020599913279625,Inactive
Cc1nocc1C(=O)N1CCC(NC(c2ccc(C(F)(F)F)cc2)c2cccnc2)CC1,6.783834097714007,Active
c1cc(C2=NCCN2)ccc1OCCCOc1ccc(C2=NCCN2)cc1,3.540607512240769,Inactive
COc1cc(O)cc(O)c1C(=O)/C=C/c1ccccc1Br,4.97469413473523,Inactive
CCc1cccc(CC)c1-n1c(SCC(=O)N2CC(=O)Nc3ccccc32)nnc1-c1cccnc1,4.600000074606178,Inactive
COc1ccc(CCN2CCC(CN(C)Cc3cnn(-c4ccccc4)c3)CC2)cc1,5.191972104234866,Active
N#Cc1cccc(CN2CCC(N(Cc3cccnc3)C(=O)c3cc(F)c(F)cc3F)CC2)c1,6.399996913372259,Active
COC(=O)c1ccc(NCc2cncn2Cc2ccc(-c3ccccc3)cc2)cc1-c1ccccc1,9.30102999566398,Active
CN1/C(=C/c2cc[n+](C)c3cccc(Cl)c23)Sc2ccccc21,7.795880017344075,Active
Cc1ccc(OC2=CC(=O)c3cc4ccccc4cc3C2=O)cc1Br,6.443697499232712,Active
CC(C)c1cc(CC[C@@H]2C(=O)CCCC2(C)C)c(O)cc1O,4.559090917934782,Inactive
O=C(Nc1cc2nc(-c3ccc(F)c(F)c3)cn2cn1)N1CC[C@H](F)C1,7.045757490560675,Active
O=C(Nc1ccc(Cl)c(Cl)c1)c1cc(Cl)cc(Cl)c1O,5.096910013008056,Active
Cc1nc(C(=O)N2CCC(NC(c3ccc(C(F)(F)F)cc3)c3cccnc3)CC2)co1,6.228780098050466,Active
CCC(=O)N(CCN/C(=N/C(=O)OC(C)(C)C)NC(=O)OC(C)(C)C)C1CCN(CCc2ccccc2)CC1,4.434506370131138,Inactive
O=[N+]([O-])c1cn2c(n1)[S+]([O-])CC(OCc1ccc(-c3ccc(OC(F)(F)F)cc3)cn1)C2,5.919012953089113,Active
C/C(=N\Nc1nc(-c2ccncc2)cs1)c1ccc(Cl)c(Cl)c1,4.774690718274137,Inactive
COc1ccc(/C=N/Nc2ncnc3sc4c(c23)CCCC4)cc1,4.795880017344075,Inactive
O=C1C=C(Oc2ccc(Br)cc2Br)C(=O)c2ccccc21,4.464705879957229,Inactive
N#Cc1c(-c2ccccc2)[n+]([O-])c2ccc(C(F)(F)F)cc2[n+]1[O-],4.82102305270683,Inactive
CNc1ncnc2c1ccn2[C@@H]1O[C@H](C)[C@@H](O)[C@H]1O,4.481486060122113,Inactive
OCCN1C2CCC1CC(=NOC(c1ccccc1)c1ccc(Cl)cc1)C2,5.107905397309519,Active
Cc1ccnc2c1c(I)cn2[C@@H]1O[C@H](CO)[C@@H](O)[C@H]1O,5.09799710864927,Active
O=[N+]([O-])c1cc(C(F)(F)F)cc([N+](=O)[O-])c1Sc1ccccc1,6.01786450519623,Active
C/C(COc1ccccc1)=N\N=C1\SC(C(C)C)C(=O)N1C,4.9083330424043154,Inactive
COc1ccc(/C=C2\CCC/C(=C\c3ccc(Cl)cc3)C2=O)cc1,4.749579997691106,Inactive
O=C(N[C@@H](Cc1c[nH]c2ccccc12)C(=O)Nc1ccncc1)c1ccc(-c2cccc(F)c2)cc1F,6.721246399047171,Active
CCCCCCCCCCCCCC[C@@H]1CCC[C@H](O)[C@H]1N,6.585026652029182,Active
S=C(Nc1ccc(Cl)c(Cl)c1)Nn1c(S)nnc1-c1cnccn1,3.6399749108106025,Inactive
N=C1NCCN1CCCC[C@H]1CNC(=N)N1CCC12CC3CC(CC(C3)C1)C2,5.455931955649724,Active
O=c1cc(Oc2ccc(Cl)cc2)c2cccc([N+](=O)[O-])c2[nH]1,5.431798275933005,Active
COc1ccc(C(=O)NC2CCN(CCn3c(=O)ccc4ncc(F)cc43)CC2)cc1Cl,6.299997602857746,Active
C/C(=N\NC(N)=S)C(C)Oc1cccc(Cl)c1,4.33913452199613,Inactive
Fc1cccc(COc2ccc(Nc3ncnc4cc(C#CCN5CCCC5)sc34)cc2Cl)c1,5.7447274948966935,Active
CC(C)NC(=O)NCCc1csc(-c2ccccc2)n1,5.795880017344075,Active
CC(C)c1n[nH]c2c(Nc3ccc(F)cc3)ncnc12,4.935542010773082,Inactive
COc1ccc([C@@H]2c3ccccc3N[C@H](c3ccccc3)[C@H]2C)cc1,5.185752404268079,Active
COCCNc1nc2c(c(NCCc3cccs3)n1)CCNCC2,4.615768664323839,Inactive
Fc1ccc(C2CCN(c3nc(-c4ccccn4)nc4ccccc34)C2)cc1,6.3872161432802645,Active
CC/C(=N\Nc1nc(-c2ccc(Cl)c(Cl)c2)cs1)c1cccc(Br)c1,3.8869930599990647,Inactive
CCC/C=C/CCCOC(=O)c1ccc([N+](=O)[O-])cc1,5.251811972993799,Active
COc1ccc2c(c1OC)CC/C2=N\NC(N)=S,5.7447274948966935,Active
NCCCCc1cn(-c2ccc(-c3nc(-c4ccc5c(c4)OCC5)cs3)c(OCCN3CCNC3=O)c2)nn1,4.637329070274333,Inactive
O=C1CCC2(CC1)OOC1(O2)C2CC3CC(C2)CC1C3,5.026872146400302,Active
C[C@@H]1CC[C@H]2[C@@H](CCCc3cccc(Cl)c3)C(O)O[C@@H]3O[C@@]4(C)CC[C@@H]1[C@]32OO4,4.774690718274137,Inactive
O=C(N1CCc2ccccc2CC1)C1(C(=O)N2CCC(n3c(=O)[nH]c4ncccc43)CC2)CC1,6.199998172182031,Active
O=[N+]([O-])c1cn2c(n1)OCCC(OCc1ccc(OC(F)(F)F)cc1)C2,4.292429823902063,Inactive
COc1cc(-c2nc(NCCCN3CCN(C)CC3)c3ccccc3n2)cc(OC)c1OC,4.045757490560675,Inactive
Nc1cccnc1Nc1ncnc2ccc(-c3cccc(N4CCOCC4)c3)cc12,4.856985199745905,Inactive
CCCc1cccc(-[n+]2ccc3c(c2)[nH]c2ccc(Br)cc23)c1,4.899629454882437,Inactive
CC(=O)N[C@H]1[C@@H](OC[C@@H]2NC(=O)[C@H](CC(=O)O)NC2=O)O[C@H](CO)[C@H](O)[C@@H]1O,3.549750891680639,Inactive
CNC(=O)c1nn(C)c2c1C(C)(C)Cc1cnc(Nc3ccc(N4CCN(C)CC4)cc3)nc1-2,5.978810700930062,Active
CC1(COCc2ccc(OCc3ccccc3)cc2)Cn2cc([N+](=O)[O-])nc2S1(=O)=O,7.080921907623926,Active
O=[N+]([O-])c1ncn(CCCNS(=O)(=O)c2cc(C(F)(F)F)cc(C(F)(F)F)c2)n1,4.6831912479469775,Inactive
CCCCN(CCCC)c1c([N+](=O)[O-])cc(S(=O)(=O)Nc2cccc(F)c2)cc1[N+](=O)[O-],5.244062671369287,Active
CC(C)(O)c1cc2c(-c3ccc(F)cc3)nccc2[nH]1,4.33913452199613,Inactive
COCc1ccn2c(Nc3cccc(F)c3)c(-c3ccccn3)nc2c1,5.562249437179612,Active
COc1ccc(C(=O)CCNCCc2ccc(F)cc2)cc1,4.692503962086787,Inactive
CCCn1c(NC(=O)Cc2ccc(F)cc2)nc2ccc(C(=O)NC)cc21,4.468521082957745,Inactive
CCCCC/C=C/C/C=C/CCCCCCCC1=C(C)C(=O)c2ccccc2C1=O,4.772113295386326,Inactive
OC(c1ccc(Cl)cc1)(c1ccc(Br)cc1)c1cncnc1,6.841637507904751,Active
c1ccc(OCCCCOc2ccc(-c3cc4cc(C5=NCCN5)ccc4o3)cc2)cc1,5.036212172654444,Active
Cn1nc(C(=O)NCc2ccccc2)c2c1CCN(Cc1c[nH]c3ccccc13)C2,5.03810452633215,Active
Cc1nn2c(=O)c3c([nH]c2c1-c1ccc(Br)cc1)CCCC3,4.603707176281186,Inactive
O=[N+]([O-])c1cn2c(n1)OC[C@H](Oc1cccc(-c3ccc(OC(F)(F)F)cc3)n1)C2,6.508638306165727,Active
C=CCc1ccc(OC(=O)c2ccc([N+](=O)[O-])cc2)c(OC)c1,4.263364502313179,Inactive
COc1ccc2c(c1)O/C(=C/c1cc(O)cc(O)c1)C2=O,5.229147988357856,Active
COc1ccc(C(=O)CCN2CCN(Cc3ccccc3)CC2)cc1OC,4.335358024443875,Inactive
CN(C)c1ccc(/C=N/NC(=O)/C(=C/c2cnn(-c3ccccc3)c2)c2ccc(O)cc2)cc1,2.727916099196805,Inactive
C/C=C/c1nc2cc(OC)ccc2n2cccc12,5.698970004336019,Active
O=C1c2cccc3cccc(c23)C(=O)N1CCNCCCNCCCNCCN1C(=O)c2cccc3cccc(c23)C1=O,6.0,Active
O=[N+]([O-])c1nccn1CCCCNc1c2ccccc2nc2ccccc12,4.830619504688051,Inactive
CCCCCCCCCCCCc1c(O)cc(C)oc1=O,4.79317412396815,Inactive
CCOC(=O)c1ccc(-n2ccnc2)c(NC(=O)c2cnc(-c3ccccc3)nc2)c1,8.522878745280337,Active
O=[N+]([O-])c1nccn1Cc1cc(-c2ccc(O)cc2)no1,4.728158393463501,Inactive
O=C(c1cc2c([nH]c3ccccc32)c(-c2ccccc2)n1)N1CCN(c2ccncc2)CC1,4.164309428507575,Inactive
CC1(C)[N+]([O-])=c2ccc(/C=N/O)cc2=[N+]1[O-],4.903089986991944,Inactive
O=C(Nc1ccc(S(=O)(=O)N2CCC(O)CC2)cc1)c1ccc([N+](=O)[O-])o1,5.356547323513812,Active
Fc1cccc(Nc2nc(N3CCCC3)nc3c2CNCC3)c1,5.353929229765885,Active
CC(C)(C)[C@H]1CC[C@@H](n2c(=O)[nH]c3ncc(N)cc3c2=O)CC1,6.619788758288394,Active
O=c1c2ccccc2c(C(=S)Nc2cccc3ccccc23)c2n1CCN2,4.6020599913279625,Inactive
O=C(Nc1c(O)cccc1-c1nc2c(C(=O)O)cccc2o1)c1ncccc1F,6.2839966563652006,Active
COC(=O)C1=C(C)NC(C)=C(C(=O)OC)C1c1ccccc1[N+](=O)[O-],3.9285230323010825,Inactive
Cc1nc2ccccc2c2cc[nH]c12,4.530177984021837,Inactive
O=C(O)CCN1CSC(=S)N(CCCCCCN2CN(CCC(=O)O)CSC2=S)C1,5.661543506395395,Active
COC(=O)C(Cc1c[nH]c2ccccc12)NC(=O)CCCCc1ccc2c(c1)OCO2,3.488785298863612,Inactive
Cc1cc(Br)c(Nc2nc(N)nc(Nc3ccccc3)n2)c(Br)c1,5.029188389127482,Active
O=c1nc(C2CCC2)c2cc(-c3cc[nH]n3)ccc2[nH]1,4.772370350428991,Inactive
COc1cccc(/C=C2\CCC/C(=C\c3ccc(F)cc3)C2=O)c1OC,5.327902142064283,Active
O=C(NCCCN1CCCCC1)c1ccc(-n2ccc3ccccc32)s1,5.207074176696239,Active
Cc1cc(Oc2cccc(Cn3ccnc3)c2)cc(C)c1Cl,7.096910013008056,Active
CN1/C(=C/C=C/c2oc3ccc(Cl)cc3[n+]2C)Oc2ccc(Cl)cc21,4.320199751052611,Inactive
C[C@@H]1CC[C@H]2[C@@H](CCCC(F)(F)F)C(O)O[C@@H]3O[C@@]4(C)CC[C@@H]1[C@]32OO4,4.582528306796707,Inactive
O=[N+]([O-])c1ncn(CCCNCc2ccc3ccc(Cl)cc3n2)n1,6.507239610973162,Active
CC1(COCc2ccc(-c3ccc(C(F)(F)F)cc3)cc2)Cn2cc([N+](=O)[O-])nc2S1,4.251811972993799,Inactive
C=CC1=C(C)[C@@H]2C[C@@H](OC(C)=O)[C@H]3[C@](C)(COC(C)=O)CCC[C@]3(C)[C@H]2CC1,4.229147988357856,Inactive
C=CCn1c(-c2ccc([N+](=O)[O-])cc2)cs\c1=N/N=C/C=C/c1ccc([N+](=O)[O-])s1,5.2403321553103694,Active
CN(C)CCOc1ccc(N2CCN(S(=O)(=O)c3ccccc3Br)CC2)cc1,4.363512103646634,Inactive
c1ccc(C2CCCN(c3ncnc4c3CCNC4)CC2)cc1,4.696843268536935,Inactive
O=S(=O)(c1ccc(Cl)cc1)N1CCN(C(c2ccc(Cl)cc2)c2cccnc2)CC1,7.619788758288394,Active
COc1ccc(CN(CCCc2ccccc2)CCc2ccccc2)cc1O,4.850472986245652,Inactive
O=C(c1ccccc1C(F)(F)F)N1CCC(N(c2ccc(C(F)(F)F)cc2)c2cccnc2)CC1,9.215382707367125,Active
COC(=O)C(Cc1ccccc1)NC(=O)CCCCc1ccc2c(c1)OCO2,3.356054087251933,Inactive
O=C(Nc1cc(Cl)cc(Cl)c1)c1ccccc1O,5.098541678603888,Active
CC[C@H]1CC[C@H](n2c(=O)[nH]c3ccc(N)cc3c2=O)CC1,6.920818753952375,Active
C[C@@H]1CC[C@H]2[C@@H](CCCc3ccccc3)C(=O)O[C@@H]3O[C@@]4(C)CCC1[C@]32OO4,4.935542010773082,Inactive
Cc1cccc(-c2cn([C@@H]3O[C@H](CO)C[C@H]3O)c3ncnc(N)c23)c1,5.288192770958809,Active
NCCN(CCN)CCNCc1ccc2ccc3cccc4ccc1c2c34,4.6439741428068775,Inactive
COc1ccc(Cn2nc(C(=O)Nc3ccc(F)c(C(=O)N[C@H]4C[C@@H](N5CCOCC5)C4)c3)ccc2=O)cc1F,6.599997654072044,Active
COc1ccc(CN(Cc2ccccc2)c2cccc(Cl)c2)cc1O,4.402633949733972,Inactive
CCCCC(CC)CNC(=O)c1ccc(Cl)cc1,4.684029654543083,Inactive
CNCCCNc1ccnc2cc(Cl)ccc12,4.789736606693437,Inactive
COc1ccc(-c2cccc3ccccc23)c2c1C(C)=N[C@H](C)C2,4.799149501908922,Inactive
C=CC(C)(C)c1cc2cc3c(cc2oc1=O)C[C@@H](C(C)(C)O)C3,4.562249437179612,Inactive
COC(=O)[C@@H]1CCCN1C(=O)[C@H](C)CSC,4.806875401645539,Inactive
NCCCNCCCNCCCNCc1ccc(OC2=CC(=O)c3cc4ccccc4cc3C2=O)cc1,4.7594507517174005,Inactive
O=C(NCC(c1cccs1)N1CCOCC1)c1ccc([N+](=O)[O-])o1,4.600000074606178,Inactive
O=C(O)/C=C/c1ccccc1O,3.7381426143701018,Inactive
COc1ccc(CCC[C@H]2CO[C@@H]3O[C@@]4(C)CC[C@H]5[C@H](C)CC[C@@H]2[C@@]35OO4)cc1,4.7594507517174005,Inactive
O=P(O)(O)C(O)(Cc1ccncc1)P(=O)(O)O,4.391473966422806,Inactive
CSc1nc2ccccc2nc1Cl,4.130181792020672,Inactive
O=C(Cc1ccccc1)N1CCN(c2nc3ccccc3s2)CC1,4.397883336939899,Inactive
C[n+]1ccccc1/C=C/[C@H](Cc1ccccc1)NC(=O)[C@H](Cc1ccccc1)NC(=O)OCc1ccccc1,5.031517051446065,Active
O=C1/C(=C/c2cccc3cnccc23)CCC/C1=C\c1cccc2cnccc12,4.16304326294045,Inactive
CNc1nc(NC)c2ccccc2n1,5.119186407719209,Active
N#Cc1ccc2nc(NC(=O)c3ccnc(C(F)(F)F)c3)n(CCF)c2c1,4.309803919971486,Inactive
OCCCCCCOCCCC[C@H]1CCC[C@@H](Cn2cc([C@@H]3CCC[C@H](CCCCO)O3)nn2)O1,3.638272163982407,Inactive
Clc1ccc(C(c2ccc(Cl)cc2)c2cccnc2)cc1,7.096910013008056,Active
CC(C)(C)OC(=O)N1CCC(CNC(c2ccc(C(F)(F)F)cc2)c2cnccn2)CC1,7.119186407719209,Active
Clc1ccc2c(NCCSc3nnc4c(n3)[nH]c3ccc(Br)cc34)ccnc2c1,5.149353764816934,Active
Cc1ccc(SC(C2=C(O)C(=O)c3ccccc3C2=O)c2ccccc2)cc1,4.401537799525849,Inactive
CC(C)Nc1nc(NC2CC2)c2ccccc2n1,5.214670164989233,Active
CC(C)(C)c1cc(N2CCC(NC(c3ccc(Cl)cc3)c3cccnc3)CC2)[nH]n1,7.721246399047171,Active
O=C(/C=C/c1ccc([N+](=O)[O-])o1)c1ccc(N2CCCC2)cc1,4.9299621333922445,Inactive
CC(C)Oc1ccc(C(NC2CCN(C(=O)Nc3ccccc3)CC2)c2cccnc2)cc1,7.142667503568732,Active
COc1cnc2ccc(=O)n(CCN3CCC(NC(=O)Cc4ccc(Cl)c(Cl)c4)CC3)c2c1,4.8220203418820535,Inactive
O=[N+]([O-])c1cc(C(F)(F)F)cc([N+](=O)[O-])c1Cl,5.886056647693163,Active
C=C1C(=O)O[C@H]2/C=C(/C)[C@@H](O)C/C=C(\C=O)C[C@H](OC(=O)/C(C)=C\C)[C@@H]12,5.008773924307505,Active
CCN(CCNC(=O)[C@@H](N)CC(C)C)Cc1cc(Nc2ccnc3cc(Cl)ccc23)ccc1O,5.328827157284917,Active
N=C(N)c1ccc2oc(CCCCCCCc3cc4cc(C(=N)N)ccc4o3)cc2c1,5.554395796726403,Active
O=C(CCc1ccco1)NC1CCN(CC2(c3ccc(Cl)cc3)CCC2)CC1,4.720622606076284,Inactive
CSc1nccc(-c2c(-c3ccc(F)cc3)nc3c(N(C)C)nccn23)n1,4.983384452442823,Inactive
COc1cc(C(=O)N/N=C/c2ccc([N+](=O)[O-])o2)ccc1[N+](=O)[O-],5.131355561605174,Active
Nc1ncnc2c1c(-c1ccc(Cl)cc1)nn2[C@@H]1O[C@H](CO)[C@@H](O)[C@H]1O,6.537602002101044,Active
C=CCc1ccc(OCc2cn(Cc3cccc(Br)c3)nn2)c(OC)c1,3.8074325466634544,Inactive
CC1(CNC(=O)Cc2ccc(OC(F)(F)F)cc2)CCn2cc([N+](=O)[O-])nc2O1,5.698970004336019,Active
CC1Cn2c(nc([N+](=O)[O-])c2C#CC2CC2)O1,5.338187314462739,Active
O=c1[nH]c(=O)n([C@H]2C[C@H](O)[C@@H](CO)O2)cc1-c1cc(-c2ccc(F)cc2)on1,6.236572006437063,Active
O=[N+]([O-])c1cn2c(n1)OC(COC1CCN(c3ccc(F)cc3)CC1)CC2,6.619788758288394,Active
NC(=S)N/N=C/c1ccc[nH]1,4.568636235841013,Inactive
COc1cc2c(cc1OC)C(C)(Cc1ccccc1)c1cccn1C2,4.36997914888659,Inactive
CC(C)=CCC/C(C)=C/CC/C(C)=C/Cn1cc(CO)nn1,4.251811972993799,Inactive
O=[N+]([O-])c1cc(C(F)(F)F)cc([N+](=O)[O-])c1Sc1ccc(Cl)cc1Cl,5.585026652029182,Active
COc1cc(Cc2cnc(N)nc2N)cc(OC)c1OC(=O)CNC(Cc1cc2ccccc2[nH]1)C(=O)O,4.407823242604133,Inactive
N=C(N)N/N=C/c1cc2c(cc1[N+](=O)[O-])OCO2,4.767003889607846,Inactive
CC1(COc2cccc(-c3ccc(F)cc3F)n2)CCn2cc([N+](=O)[O-])nc2O1,6.657577319177793,Active
CC1(C)OC2=C(CC1[Se]c1cccs1)C(=O)C(=O)c1ccccc12,4.198596289982645,Inactive
O=c1nc(C2CCCCC2)c2cc(-c3cc[nH]n3)ccc2[nH]1,4.698970004336019,Inactive
O=[N+]([O-])c1ncn(CCCNS(=O)(=O)c2cc(C(F)(F)F)ccc2C(F)(F)F)n1,4.33639329187548,Inactive
Cc1cc(NC(=N)c2ccccn2)ccc1-c1ccc(-c2ccc(NC(=N)c3ccccn3)cc2C)o1,6.221848749616356,Active
CS(=O)(=O)c1cccc(-c2cnc(N)c3c(-c4ccc(CO)cc4)csc23)c1,6.199998172182031,Active
Oc1ccc(/C=N/Nc2ncnc3sc4c(c23)CCCC4)cc1,4.380906669373258,Inactive
CC(C)(C)NC(=O)N1CCN(C(c2ccc(Cl)cc2)c2cncnc2)CC1,6.638272163982407,Active
COc1ccc(/C=C/C(=O)c2cccc(Br)c2)c(OC)c1,4.795880017344075,Inactive
O=S(=O)(c1ccc(Cl)cc1)N1CCNCC1,5.301029995663981,Active
CNc1nc(C#N)nc2c1ncn2[C@@H]1O[C@H](CSC)[C@@H](O)[C@H]1O,4.657577319177793,Inactive
CC(=O)c1c(O)c(C=O)c2c(c1O)C[C@H]1C[C@H]3[C@@H](C[C@@]1(C)O2)C3(C)C,5.559045287940754,Active
Cc1sc(C)c(C(F)(F)F)c1CNCCCNc1cc(=O)c2ccccc2[nH]1,4.499999953328896,Inactive
Cc1ccc(S(=O)(=O)c2c(COC(=O)c3cccc(C)c3)c(-c3ccccc3)nn2C)cc1,4.627303173313906,Inactive
COc1ccc(C(=O)CCN2CCN(c3ccc(Cl)cc3)CC2)cc1,5.314258261397736,Active
CC(C)OC(=O)Nc1cnc2nc(-c3cc(NC(=O)c4ccco4)ccc3Cl)nn2c1,7.259637310505756,Active
O=[N+]([O-])c1ncn(CCCNc2nc3ccc(Cl)cc3s2)n1,7.229147988357855,Active
CC(C)(C)C(=O)N1CCN(C(c2ccc(C(F)(F)F)cc2)c2cccnc2)CC1,7.522878745280337,Active
CCCCCc1c(CO)nnn1Cc1ccc2ccccc2c1,4.503070351926785,Inactive
Cc1cc2c(cc1C)[n+]([O-])c(-c1ccc(Cl)cc1)c(C#N)[n+]2[O-],4.785156151952302,Inactive
FC(F)(F)Cn1cc(C(NC2CCN(c3ccc(OC(F)(F)F)cc3)CC2)c2cccnc2)cn1,7.187086643357144,Active
CC1=C/C(=C\NC23CC4CC(CC(C4)C2)C3)N=C1c1ccc[nH]1,7.0,Active
C=C(C(=O)OCCC)C(O)c1cccnc1,3.676108791743119,Inactive
Cn1c(-c2ccc(OCC(=O)Nc3cccc(C(F)(F)F)c3)cc2)nc2ccccc2c1=O,4.766115891234114,Inactive
CNC(=O)c1ccc2cccc([N+](=O)[O-])c2n1,4.39040559077478,Inactive
CC(C)C(=O)N1CCC[C@@H]1C(=O)O,4.224025668870631,Inactive
O=C/C=C/c1ccc2ccccc2n1,5.301029995663981,Active
[O-][n+]1onc2ccc(/C=C/Sc3ccc(F)cc3)cc21,5.279840696594043,Active
Clc1cccc([C@@H]2C[C@@H]3Cc4ccccc4N2O3)c1,4.338944915146621,Inactive
COc1ccc(C(=O)CC2CCCCC2)cc1OC1CCOC1,5.769551078621726,Active
c1ccc(OCCCCCOc2ccc(-c3cc4cc(C5=NCCN5)ccc4o3)cc2)cc1,4.4089353929735005,Inactive
O=C(NC(Cn1ccnc1)c1ccccc1)c1csc(-c2cccs2)n1,3.700000003258169,Inactive
CCc1ccc(OCc2ccccc2C(=O)Nc2ccc3nccnc3c2)cc1,4.732828271596986,Inactive
CC(C)(C)n1nnnc1C(c1ccccc1)N1CCc2c([nH]c3ccccc23)C1,5.324221658325915,Active
COc1cccc(-c2c(C)nn(-c3nc(N)nc(-c4ccccn4)n3)c2N)c1,5.700000503883016,Active
CC(C)NC(=N)c1cccc(OCCCCCOc2cccc(C(=N)NC(C)C)c2)c1,4.8124792791635365,Inactive
O=[N+]([O-])c1nc2n(n1)CC(OCc1ccc(-c3ccc(OC(F)(F)F)cc3)cn1)CO2,6.2839966563652006,Active
N=C(N)c1ccc(OCc2ccc(COc3ccc(C(=N)N)cc3)cc2)cc1,5.87942606879415,Active
COC(=O)[C@]1(C)CCC[C@]2(C)c3cc(O)c(C(C)C)cc3CC[C@@H]12,5.4089353929735005,Active
N=C(Nc1ccc(NC(=O)c2ccc(N)cn2)nc1)c1ccccn1,5.08460016478773,Active
Cc1nn(-c2cccc(Br)c2)cc1-c1nnn[nH]1,3.8715038013672944,Inactive
c1ccc(OCCCCCOc2ccc(-c3cc4ccc(C5=NCCN5)cc4o3)cc2)cc1,5.0,Active
NCCCNCCCCNCc1ccc(OC2=CC(=O)c3ccccc3C2=O)cc1,4.2826624172761365,Inactive
Cc1ccc(/C=N/Nc2ncnc3sc4c(c23)CCCC4)cc1,4.370590400897281,Inactive
COc1ccc(NC2C3=C(OC2(C)C)c2ccccc2C(=O)C3=O)c([N+](=O)[O-])c1,4.224753740259764,Inactive
O=S(=O)(c1cc(C(F)(F)F)ccc1F)N1CCCCC1,3.378823718224965,Inactive
O=C(NCCn1cnc([N+](=O)[O-])n1)c1ccc(C(F)(F)F)cc1,4.475733731233021,Inactive
CN(C(=O)Cn1ccnc1[N+](=O)[O-])c1ccc(C(F)(F)F)cc1,4.321481620959886,Inactive
Cc1ccc(-n2cc(COC(=O)c3c(C)nc4ccc(Cl)cc4c3-c3ccccc3)nn2)cc1,5.0,Active
CCCC(=O)Nc1c(O)c2ccccc2n(C)c1=O,5.154901959985743,Active
CCCN(CCCc1ccccc1)CCCc1ccccc1,4.730487055782084,Inactive
c1ccc(Oc2ccc(OCC3CS3)cc2)cc1,5.4089353929735005,Active
COc1cc2nc(N3CCN(C4=CC(=O)c5ccccc5C4=O)CC3)nc(N)c2cc1OC,5.434152181326482,Active
CSCCNc1nc(NC(C)C)nc2ccccc12,5.292429823902063,Active
CCOC(=O)c1c(CN(CC)CC)nc2ccc(Cl)cc2c1-c1ccccc1,4.481486060122113,Inactive
Nc1nc2n(c(=O)c1N=O)CCS2,4.5951662833800615,Inactive
C[Si](C)(C)C#Cc1cccc(C(=O)NCCc2csc(-c3ccccc3)n2)c1,5.698970004336019,Active
CC1(COc2ncc(C(F)(F)F)cc2F)CCn2cc([N+](=O)[O-])nc2O1,6.136677139879544,Active
COc1ccc(-c2oc3cc(O)cc(O)c3c(=O)c2O)cc1O,4.693574972449313,Inactive
N[C@@H](CC(=O)N1C[C@H](CO)[C@@H](c2ccc(Cl)c(NC(=O)Cc3ccc(F)cc3)c2)C1)Cc1ccc(Cl)cc1,5.0,Active
CC1(C)CCN(S(=O)(=O)c2ccc(NC(=O)c3ccc([N+](=O)[O-])o3)cc2)CC1,6.552841968657781,Active
CN(C(=O)Nc1ccc2c(c1)CCN(C1CCC1)CC2)c1ccc(C#N)cc1,5.700000503883016,Active
O=C(CCc1ccc(C(F)(F)F)cc1)N[C@@H](Cc1c[nH]c2ccccc12)C(=O)Nc1ccncc1,6.070581074285707,Active
C/C=C/c1cc(O)c(OC)c(OC)c1,3.40340290437354,Inactive
Fc1cccc(COc2ccc(Nc3ncnc4ccc(-c5ccccc5)cc34)cc2Cl)c1,5.7447274948966935,Active
O=[N+]([O-])c1cn2c(n1)OC(COc1ccc(-c3ccc(OC(F)(F)F)cc3)nc1)CC2,6.920818753952375,Active
Fc1ccc(-c2cc(-c3ccsc3)c3ncccc3n2)cc1,4.4266641599339325,Inactive
Cc1noc(C)c1C(=O)N1CCC(CN(c2ccc(C(F)(F)F)cc2)c2cccnc2)CC1,7.0655015487564325,Active
O=[N+]([O-])c1cn2c(n1)OC[C@H](OCc1ccccc1-c1ccc(OC(F)(F)F)cc1)C2,5.958607314841775,Active
O=C(Nc1ncc(-c2ccccc2)o1)c1ccc(F)cc1,5.958607314841775,Active
Cc1cc(N2CCCC2)nc(Nc2ccc(NC(=O)CCc3ccccc3)cc2)n1,5.995369140449707,Active
CC1(COc2ccc(-c3ccc(F)cc3)cc2)Cn2cc([N+](=O)[O-])nc2O1,5.481486060122113,Active
O=[N+]([O-])c1cn2c(n1)OC[C@H](OCc1ncccc1-c1ccc(OC(F)(F)F)cc1)C2,5.886056647693163,Active
O=C(C1CCCCC1)N1CCN(C(c2ccc(Cl)cc2)c2cncnc2)CC1,6.494850021680094,Active
O=C(COc1cccc(Oc2ccccc2)c1)Nc1ncc([N+](=O)[O-])s1,4.460923901207224,Inactive
O=C(NCc1ccc(-n2cccc2)cc1)c1nc(Cn2ccc([N+](=O)[O-])n2)no1,5.59999938302362,Active
CCOC(=O)/C(C#N)=C/c1ccc(/C=C/c2ccccn2)cc1,4.327902142064283,Inactive
COc1ccc(/C=C2\CCC/C(=C\c3ccccc3F)C2=O)cc1,5.045757490560675,Active
CC1(C)CC2=C(O1)c1ccccc1C(=O)C2=O,5.863279432843593,Active
COc1ccc2c(c1)CC/C2=N\NC(N)=S,5.1249387366083,Active
O=C(CC1C2CC3CC(C2)CC1C3)N/N=C/c1ccc([N+](=O)[O-])o1,6.694648630553377,Active
CSc1cc(-c2ccc(-c3ccc(N=C(N)N)c(SC)c3)o2)ccc1N=C(N)N,3.9430951486635273,Inactive
COc1cc(-c2nc(N3CCOCC3)sc2-c2ccnc(NC3CCOCC3)n2)ccc1Cl,7.700057099977233,Active
c1ccc(Oc2ccc(SCCOC3CCCCO3)cc2)cc1,3.5361070110140926,Inactive
C[C@]12CC[C@H](O)C[C@@H]1CC[C@@H]1[C@@H]2CC[C@@]2(C)[C@H]1CC[C@@H]2[C@@](C)(O)C1CCCNC1,4.638272163982407,Inactive
CCCNC(=O)c1ccc([N+](=O)[O-])o1,4.769551078621726,Inactive
O=C(c1cc(C2CC2)on1)N1CCCC(c2cc3ncccc3[nH]2)C1,5.406804789797848,Active
c1ccc(-c2nc(N3CCCC3c3ccccn3)c3ccccc3n2)nc1,5.7447274948966935,Active
Cc1ccc2c(c1)c(/C=C1\Sc3ccccc3N1C)cc[n+]2C,7.508638306165727,Active
CC1=Nc2ccc(Cl)cc2C(c2ccccc2)N1CCNC(=O)CN(C)C,4.766496239658865,Inactive
Cc1nc(N2CCC(NC(c3cccnc3)c3ccc(Cl)cc3F)CC2)no1,7.1938200260161125,Active
CC1CC(C)CN(C(=O)c2ccc(Cl)cc2Cl)C1,4.607736326489995,Inactive
COc1ccnc(-c2csc(Nc3ccc(Cl)cn3)n2)c1,8.522878745280337,Active
CC(C)(C)NCC(P(=O)(O)O)P(=O)(O)O,5.0,Active
C[C@H]1[C@@H](OC/C=C\CO)O[C@@H]2O[C@@]3(C)CC[C@H]4[C@H](C)CC[C@@H]1[C@@]24OO3,4.373659632624958,Inactive
C=C(c1nc(-c2ccccc2)no1)C1(O)C(=O)N(CC)c2ccc(C)cc21,4.780939667551139,Inactive
CCCC(=O)N(Cc1ccccn1)c1nc2ccccc2s1,7.0,Active
O=C(N/N=C/c1ccc([N+](=O)[O-])s1)c1ccc(F)c(F)c1,5.667561540084395,Active
CC(C)(CN1CN(CC(=O)O)CSC1=S)CN1CN(CC(=O)O)CSC1=S,5.164309428507575,Active
COCCNc1nc(C2CCCC2)nc2c1CCNCC2,4.681789071754817,Inactive
Nc1ncc2ccn([C@@H]3O[C@H](CO)[C@@H](O)[C@H]3O)c2n1,4.471083299722345,Inactive
CN1CCN(CC(=O)Nc2nnc(COc3ccc4ccccc4c3)s2)CC1,5.149353764816934,Active
COc1ccc(-c2ccc3c(c2O)[C@@H](C)N(C)[C@H](C)C3)c2cc(C)cc(OC)c12,4.259321574772545,Inactive
C1=C(c2cc3ccccc3s2)C2CCN1CC2,4.192464971931146,Inactive
C=CCc1ccc(OCCCc2cn(Cc3ccc(C(F)(F)F)cc3)nn2)c(OC)c1,3.529883646848996,Inactive
CC1(COc2ccc(OC(F)(F)F)cc2)Cn2cc([N+](=O)[O-])nc2O1,5.861697301833718,Active
O=[N+]([O-])c1cn2c(n1)OCC(COCc1ccc(OCc3ccccc3)cc1)C2,5.795880017344075,Active
CC1(COc2ccc(C(F)(F)F)cc2)Cn2cc([N+](=O)[O-])nc2O1,6.552841968657781,Active
CCc1ccc2c(c1)[C@@H](c1ccc(OC)cc1)[C@H](C)[C@@H](c1ccccc1)N2,5.27043027369803,Active
COC(=O)c1ccc(NCc2cncn2Cc2ccc([N+](=O)[O-])cc2)cc1-c1ccccc1,7.0,Active
O=C1c2ccccc2C(=O)N1C/C=N/N=c1\scc(-c2ccc(Cl)cc2)n1-c1ccccc1,4.838631997765025,Inactive
Nc1ncnc2c1c(-c1ccc(Cl)cc1)nn2[C@H]1C[C@H](O)[C@@H](CO)O1,5.603800652904264,Active
CCNc1nc(NC(C)C)nc2ccccc12,5.200659450546418,Active
CCN(Cc1ccccc1)S(=O)(=O)c1cc(OC)ccc1OC,5.59999938302362,Active
CCCCOC(=O)/C=C/c1ccc2c(c1)[C@H](C(=O)OCCCC)[C@@H](c1ccc(O)cc1)O2,4.966576244513051,Inactive
c1ccc(/C2=N/c3ccccc3/N=C(/c3ccccc3)c3ccccc32)cc1,4.780036351972996,Inactive
NCCN(C(=O)c1ccc(Cl)cc1Cl)c1ccc(OCc2ccc(Cl)cc2)cc1,6.200659450546418,Active
CC1(COc2ccc(-c3ccc(F)cc3)nc2)Cn2cc([N+](=O)[O-])nc2O1,6.00436480540245,Active
CN1CCCN(c2ncc(-c3ccc4c(Nc5ccc(OC(F)(F)F)cc5)ccnc4c3)cn2)CC1,7.221848749616356,Active
CC(=O)c1c(C(F)(F)F)[n+]([O-])c2cc(F)c(N3CCCCC3)cc2[n+]1[O-],5.585026652029182,Active
CSC[C@@H](C)C(=O)N1CCC[C@H]1C(=O)O,4.519993057042849,Inactive
O[C@@H]1Cc2cc(F)ccc2N[C@H](c2ccoc2)C1,3.4377071355435254,Inactive
COc1ccc2nc(Cl)c([S+](C)[O-])nc2c1,5.568636235841013,Active
OC(c1ccc(F)cc1)(c1cncnc1)c1ccccc1Cl,5.943095148663527,Active
OC(CNc1nc(C2CCCC2)nc2c1CCNCC2)C(F)(F)F,4.720490242428456,Inactive
N#C[Se]Cc1ccc(Br)cc1,5.009883233932095,Active
O=C(N/N=C/c1ccc([N+](=O)[O-])o1)C1CCCCC1,4.893809102736585,Inactive
O=[N+]([O-])c1cn2c(n1)OC[C@H](Oc1ncc(-c3ccc(OC(F)(F)F)cc3)cn1)C2,6.318758762624412,Active
O=C(CC(=O)C1CCOCC1)c1ccc(Oc2ccccc2)cc1,5.337242168318426,Active
O=[N+]([O-])c1cn2c(n1)OC(COc1ccc(-c3ccc(F)cc3)nc1)CC2,7.031517051446065,Active
Cc1ncnc2c1c(/C=C/c1ccccn1)cn2[C@@H]1O[C@H](CO)[C@@H](O)[C@H]1O,4.721246399047171,Inactive
CCNC(C)c1cc2c(cc1OC)OC(C)(C)C=C2,4.038578905933552,Inactive
CCc1ccc2nc(NC(=O)C3CC3)sc2c1,6.853871964321762,Active
CC1(COc2ccc(-c3ccc(OC(F)(F)F)cc3)cc2)CCn2cc([N+](=O)[O-])nc2O1,6.142667503568732,Active
OCc1cccc(O)c1,4.468521082957745,Inactive
O=C(c1cc2c([nH]c3ccccc32)c(-c2ccccc2)n1)N1CCN(c2ccccc2)CC1,4.903089986991944,Inactive
O=C(Nc1ccccc1F)c1cc(Cl)ccc1O,5.403402904373539,Active
COc1cccc2c1C(=O)C(Oc1ccc(F)cc1)=CC2=O,5.224025668870631,Active
NP(=O)(OCc1ccc([N+](=O)[O-])cc1C(F)(F)F)N(CCCl)CCCl,6.823908740944319,Active
Cn1c(-c2ccc(Br)cc2)cnc1NC(=O)c1ccc(F)cc1,5.1487416512809245,Active
O=C(c1cc2c([nH]c3ccccc32)c(-c2ccccc2)n1)N1CCN(c2ccc([N+](=O)[O-])cc2)CC1,4.896196279044043,Inactive
CO/N=C(\C)c1ccc(-n2ccnc2)c(NC(=O)c2ccc(-c3ccccn3)s2)c1,8.178814117391154,Active
Nc1ncnc2c1c(-c1ccc(C(F)(F)F)cc1)cn2[C@@H]1O[C@H](CO)C[C@H]1O,6.275724130399211,Active
O=C1C(c2ccccc2)=CC(=O)c2c(O)cccc21,3.939679971311715,Inactive
Nc1nccc(-c2cn(C(=O)c3ccccc3)c3ccc(Br)cc23)n1,3.9775716288145135,Inactive
OC(c1cc(C(F)(F)F)nc2c(C(F)(F)F)cccc12)C1CCCCN1,5.154901959985743,Active
c1ccc(Oc2ccc(-c3cc(CN4CCOCC4)[nH]n3)cc2)cc1,4.806875401645539,Inactive
COc1ccc(CNC(=O)c2cc3c(=O)n4ccccc4nc3n(CCc3ccccc3)c2=N)cc1,4.865348361395671,Inactive
CN(C)S(=O)(=O)c1ccc(-c2cnc(N)c(-c3nc4ccc(F)cc4[nH]3)c2)cc1,5.688587353007248,Active
CC(C)[C@H]1CC[C@@H](n2c(=O)[nH]c3ncc(N)cc3c2=O)CC1,6.2441251443275085,Active
CCOC(=O)c1c(C(F)(F)F)[n+]([O-])c2ccc(F)cc2[n+]1[O-],5.481486060122113,Active
N=C(N)c1cccc(OCCCCCCOc2cccc(C(=N)N)c2)c1,5.623423042943488,Active
O=S(=O)(c1cc(C(F)(F)F)ccc1Cl)N1CCCCC1,3.958607314841775,Inactive
Oc1cccnc1-c1nc(Cc2ccccc2)n[nH]1,5.588587390776056,Active
COC(=O)[C@@H](Cc1ccc(O)cc1)NC(=O)[C@]1(C)CCC[C@]2(C)c3ccc(C(C)C)cc3CC[C@@H]12,4.954677021213342,Inactive
O=C(COc1nn(-c2ccccc2)c2ncccc12)NCc1ccccc1,6.499996931948306,Active
COc1cccc(/C=C2\CCC/C(=C\c3ccccc3)C2=O)c1OC,4.367542707815276,Inactive
COc1cccc(NC(=O)c2nnn(Cc3ccc(SC)cc3)c2N)c1,6.599997654072044,Active
COc1cccc(/C=C2\CCC/C(=C\c3cccc(Br)c3)C2=O)c1OC,4.703334809738469,Inactive
CN(C)C(=O)N1CCN(C(c2ccc(Cl)cc2)c2cncnc2)CC1,6.2076083105017466,Active
O=C(/C=C/C=C/C=C/c1ccc2c(c1)OCO2)N1CCCCC1,5.130768280269024,Active
Fc1cccc(Cl)c1[C@@H]1C[C@@H]2Cc3cc(Cl)ccc3N1O2,4.318035541005317,Inactive
CC1(C)CN=C(c2cccc(-c3cccc(-c4cccc(C5=NCC(C)(C)CN5)c4)c3)c2)NC1,4.342944147142896,Inactive
O=C(N[C@@H]1C(O)O[C@H](CO)[C@@H](O)[C@@H]1O)c1ccccc1,4.361211332842601,Inactive
NC(=S)N/C=N/c1c(C(F)(F)F)nn(-c2ccccc2)c1-c1ccc(F)cc1,4.159266765388193,Inactive
Cc1cc(C(=O)N2CCC(NC(c3ccc(C(F)(F)F)cc3)c3cccnc3)CC2)on1,6.440093374963888,Active
CC[C@@H]1CN2CCc3c([nH]c4ccccc34)[C@@H]2C[C@@H]1/C(=C\OC)C(=O)OC,5.55129368009492,Active
CCOC(=O)c1cn(CCCCCCCCCI)nn1,4.32202824718926,Inactive
Cc1nn(-c2ccccc2)c2nc(-c3ccccc3)cc(C(=O)N/N=C/c3cccc(O)c3)c12,4.634886568372423,Inactive
O=[N+]([O-])c1nccn1Cc1cc(-c2ccc(Br)cc2)no1,4.7594507517174005,Inactive
C(/NC1CCCCCC1)=C1/N=C(c2ccc[nH]2)C2=C1CCCC2,6.995678626217358,Active
CC1=C(C(=O)OC(C)C)C(c2cccc([N+](=O)[O-])c2)C(C(=O)OC2CN(C(c3ccccc3)c3ccccc3)C2)=C(N)N1,4.687399560738741,Inactive
CC(C)S(=O)(=O)NC1CCN(C(c2ccc(C(F)(F)F)cc2)c2cnccn2)CC1,6.251811972993799,Active
Cn1c2nc3ccccc3c-2c(NCCCNC(=S)Nc2ccccc2)c2ccccc21,4.101914118353685,Inactive
COc1ccc(/C=C(\C)C(=O)/C=C/c2cccc(Cl)c2Cl)cc1,4.801342913045577,Inactive
COc1ccc(/C=C/C=C2C(=O)CC(c3ccccc3)CC2=O)cc1,5.123782159408358,Active
OC(c1ccc(Cl)cc1)(c1ccc(Cl)cc1)c1cncnc1,6.653969932002504,Active
CCOc1ccccc1C(=O)Nc1nnc(-c2ccc3c(c2)OCO3)s1,7.100015437450609,Active
O/N=C1\c2ccccc2-c2c1c(N1CCN(c3ccccn3)CC1)nc1ccc(Br)cc21,5.154281982033341,Active
CN1CCCN(c2ccc(-c3cc(Cn4ccnc4[N+](=O)[O-])on3)cc2)CC1,5.638272163982407,Active
S=c1[nH]nc(/C=C/C=C/c2ccc3c(c2)OCO3)n1C1CCCCC1,4.86694035724609,Inactive
Cc1ccc2nc(-c3ccc(N(C)C)cc3)c(NC3CCCCC3)n2c1,5.226945306635737,Active
O=[N+]([O-])c1cn2c(n1)OC(COc1cccc(-c3ccc(F)cc3)n1)CC2,6.853871964321762,Active
Oc1ccc(Cl)cc1CNc1nc2ccccc2[nH]1,4.792069562487029,Inactive
NC(=O)CCCn1c2ccc([N+](=O)[O-])cc2c(=O)n1Cc1ccccc1,4.508918586576812,Inactive
Cc1nc(C)c(C(=O)Nc2ccc(F)c(-c3nc4ncc(-c5ccccn5)cn4n3)c2)o1,7.744727494896693,Active
O=C(/C=C/c1ccc(O)cc1)c1ccc(O)cc1,4.080921907623926,Inactive
OC(c1ccc(Cl)cc1)(c1cccnc1)c1cncs1,6.853871964321762,Active
O=C(CCc1ccc(-c2ccccc2)o1)N1CCN(c2ccc(O)cc2)CC1,5.899998417198648,Active
CC(C)CC(N(C)C)C1(c2ccc(Cl)cc2)CCC1,5.096910013008056,Active
CCCC[C@H]1CN(CCCC[C@H]2CNC(=N)N2CCC23CC4CC(CC(C4)C2)C3)C(=N)N1,5.376750709602099,Active
O=[N+]([O-])c1cn2c(n1)OC(COc1ccc(-c3ccc(OC(F)(F)F)cc3)nc1)C2,8.0,Active
c1c[n+]2ccc1NCCCCCNc1cc[n+](cc1)CCOCC2,4.654038458186859,Inactive
COc1ccc(CN2CCc3c(c(C(=O)NCc4cccc5ccccc45)nn3CCO)C2)c2ccccc12,5.416801226031377,Active
CCCCCCCCNC(=O)c1ccc(O)cc1,4.345823458122039,Inactive
Cc1cc(=O)n2nc(Oc3ccc(Cl)c(C)c3)sc2n1,4.377792610699366,Inactive
COc1cc2nc(Cl)nc(NCCCCn3ccnc3[N+](=O)[O-])c2cc1OC,6.014124642691606,Active
CN1C2CCC1CC(=NOC(Cc1ccccc1)c1ccc(Cl)cc1)C2,5.6777807052660805,Active
C[C@@H]1CC[C@H]2C(C)(COC(=O)CCc3ccccc3)O[C@@H]3O[C@@]4(C)CC[C@@H]1[C@]32OO4,4.611099891645763,Inactive
O=[N+]([O-])c1cnc2n1C[C@H](COc1ccc(-c3ccc(F)cc3)nc1)O2,4.318758762624412,Inactive
O=C(OC(Cn1ccnc1)c1ccccc1)c1ccc(-c2ccccc2)cc1,7.853871964321762,Active
CC(C)CN1C(=O)C[C@@H]2CC[C@@H](C)[C@@H]3CC[C@@]4(C)OO[C@@]23[C@H]1O4,3.731656086048935,Inactive
C/C(=C\c1ccc([N+](=O)[O-])cc1)C(=O)/C=C/c1ccc([N+](=O)[O-])cc1,5.0655015487564325,Active
OC(c1ccc(Br)cc1)c1cn(-c2ccc(F)cc2)nn1,4.341511618690983,Inactive
FC(F)(F)c1cccc(CNC2CCN(CCc3ccccc3)CC2)c1,4.780036351972996,Inactive
O=[N+]([O-])c1cn2c(n1)OC(COc1ccc(-c3ccc(F)cc3F)nc1)CC2,7.522878745280337,Active
O=C(CC1CCCCC1)c1ccc(OC(F)F)c(OC2CCOC2)c1,5.356547323513812,Active
O=C1C(=O)c2ccccc2C2=C1CCC(c1ccccc1)O2,4.251811972993799,Inactive
N=C(N)c1ccc(O)c(-c2cc3cc(C(=N)N)ccc3o2)c1,4.698970004336019,Inactive
CC(C)=CCc1cc(O)c2c(=O)c3cccc(O)c3oc2c1O,5.154901959985743,Active
CC(C)(C)OC(=O)N[C@H]1Cc2ccc(cc2)Oc2ccc(cc2NC(=O)c2ccccn2)C(=O)CNC(=O)[C@H](Cc2ccccc2)NC1=O,5.982966660701219,Active
O=C1/C(=C/c2ccc[nH]2)CC/C1=C\c1ccc[nH]1,4.832682665251824,Inactive
COc1ccc(C2SCC(=O)N2CCNc2ccnc3cc(Cl)ccc23)cc1OC,5.244887733604929,Active
CCCCn1c(=O)c2c(N)onc2n(CCCC)c1=O,4.499999953328896,Inactive
O=c1[nH]c(C=Cc2cccc(OCCOc3ccccc3)c2)nc(O)c1[N+](=O)[O-],6.699991797446187,Active
CC1(CN2CCC(c3ccc(F)cc3)CC2)CCn2cc([N+](=O)[O-])nc2O1,6.0,Active
CC(OCc1ccncc1)c1ncc(-c2ccc3ccccc3c2)[nH]1,6.460923901207224,Active
O=[N+]([O-])c1c(CS(=O)(=O)c2ccccc2)nc2c(Br)cc(C(F)(F)F)cn12,5.207608310501746,Active
CC(C)=CCC/C(C)=C/CC/C(C)=C/CC/C(C)=C/C[n+]1cn(C)c2nc[nH]/c(=N\O)c21,6.267606240177032,Active
COC(=O)c1ccc(NCc2cncn2Cc2cccc(C)c2)cc1-c1ccccc1,7.698970004336019,Active
CC(C)N(C)CC(O)COc1ccc2cc(Br)ccc2c1,5.171984935776023,Active
C=C[C@H]1CC[C@H]2[C@@H]3CC=C4C[C@@H](O[C@@H]5OC[C@@H](O)[C@@H](OC(C)=O)[C@@H]5O)CC[C@]4(C)[C@H]3CC[C@]12C,4.017728766960432,Inactive
CSc1ccc(CC2(O)c3c(Cl)ccc(Cl)c3C3=NCCN32)cc1,5.177178354696896,Active
CS(=O)(=O)c1ccc(-c2c[nH]cc2C(c2ccc(Cl)cc2Cl)n2ccnc2)cc1,4.993533957750768,Inactive
C=C(c1nc(-c2ccccc2)no1)C1(O)C(=O)N(CC)c2ccc(Br)cc21,5.428291168191312,Active
c1cc2cc(CCc3cc4ccc(C5=NCCN5)cc4o3)oc2cc1C1=NCCN1,5.411168274405793,Active
O=C(CN1CCOCC1)NCCNc1cc(/C=C/c2ccccc2)nc2ccccc12,5.886056647693163,Active
COc1ccc(-c2nc(N3CCN(C(=O)C4CCCCC4)CC3)c3c4c(sc3n2)CCCC4)cc1,5.127784853735429,Active
CCCCCc1cc(O)c2c(c1OC(C)=O)OC(C)(CCC=C(C)C)C=C2,4.394694953858891,Inactive
CN(C)CCNc1cc(-c2ccccc2)nc2ccccc12,5.138914452597869,Active
COc1ccc(Nc2nc(-c3ccccn3)cs2)cc1OC,4.742321425130816,Inactive
Cc1cc(Br)c(Nc2nc(Cl)nc(Nc3ccc(C#N)cc3)n2)c(Br)c1,5.485452247339714,Active
COc1cccc(NC(=O)c2nnn(Cc3ccncc3)c2N)c1,4.800000052738446,Inactive
COc1ccc(-c2c(C#N)[n+]([O-])c3cc(C)ccc3[n+]2[O-])cc1,4.723538195826756,Inactive
CC1CCc2ccccc2N1S(=O)(=O)c1ccc(F)cc1,3.7771015273905775,Inactive
COc1cc(OCC=C(C)C)ccc1C(=O)/C=C/c1ccc([N+](=O)[O-])cc1,5.795880017344075,Active
CCCc1ccc(OCC(O)Cn2cc(COc3ccccc3)nn2)c(OC)c1,4.120330794367947,Inactive
Cc1cc(C)c(Oc2nc(Nc3ccc(F)cc3)nc(N3CCCCC3)n2)c(C)c1,5.619788758288394,Active
N#Cc1c(-c2ccc(OC(F)(F)F)cc2)[n+]([O-])c2ccc(Cl)cc2[n+]1[O-],5.080921907623926,Active
CCn1c(=O)/c(=C/C=C2\Sc3ccccc3N2C)s/c1=C\c1sc2ccccc2[n+]1C,6.97469413473523,Active
NS(=O)(=O)c1ccc(O)c([N+](=O)[O-])c1,4.010327752376127,Inactive
O[C@@H]1Cc2ccccc2N[C@H](c2c(Cl)cccc2Cl)C1,4.226213555018807,Inactive
Nc1ncnc2c1c(-c1cccs1)nn2[C@@H]1O[C@H](CO)[C@@H](O)[C@H]1O,4.982966660701219,Inactive
CCCCCCCCNCc1ccc(O)cc1,4.948847477552619,Inactive
CC(=O)N1N=C(c2ccccc2)OC1c1ccc([N+](=O)[O-])o1,4.990549104201306,Inactive
C#CCOc1ccc(C(=O)/C=C/c2ccc(Br)cc2)c(OCC#C)c1,4.823908740944319,Inactive
CCC(C)C(=O)c1c(O)c(CCC(C)C)c(O)c2c1OC(=O)CC2c1ccccc1,6.1249387366083,Active
CCCCC(CC)COC(=O)c1ccc(Cl)cc1,4.806875401645539,Inactive
CC1Cn2cc([N+](=O)[O-])nc2O1,7.0,Active
Cc1ccc(OC2=CC(=O)c3ccccc3C2=O)cc1,5.790484985457369,Active
O=[N+]([O-])c1nccn1Cc1cc(-c2cccc(Cl)c2)no1,5.031517051446065,Active
Cc1nn([C@@H]2O[C@H](CO)[C@@H](O)[C@H]2O)c2ncnc(N)c12,5.329754146925876,Active
CN(C)CCCNc1c(NCCCNc2c(NCCCN(C)C)c(=O)c2=O)c(=O)c1=O,4.148130399270234,Inactive
CCOc1ccc(OCc2ccc(C(=O)N3CCCCC3C)cc2)cc1,4.300162274132754,Inactive
O=C(Nc1ccc(C(=O)N2CCCC2c2ccc3c(c2)OCCCO3)cc1)c1ccco1,6.199998172182031,Active
CC(=O)Oc1ccc(CN2CNC(=O)C=N2)cc1C1OC(c2cccc(Cl)c2)=NN1C(C)=O,5.124071015077073,Active
Nc1ncnc2c1c(I)nn2[C@@H]1O[C@H](CO)[C@@H](O)[C@H]1O,4.5951662833800615,Inactive
C/C(=N\Nc1nc(-c2ccccc2)c(C)s1)c1ccc(Cl)c(Cl)c1,5.309803919971486,Active
Nc1ncnc2c1c(-c1ccc(OC(F)(F)F)cc1)nn2[C@@H]1O[C@H](CO)[C@@H](O)[C@H]1O,4.806875401645539,Inactive
COc1ccc(Nc2nc(N/N=C/c3ccc(O)cc3)nc(Nc3ccc([N+](=O)[O-])cc3)n2)cc1,4.731101339577421,Inactive
O=C(c1ccccn1)c1cccc(-c2nnn3ccccc23)n1,3.966978555317089,Inactive
COC[C@@H](Cc1ccc(OC)c(OC)c1)[C@@H](COC)Cc1cc(OC)c2c(c1)OCO2,5.8996294548824375,Active
COc1cccc(O)c1CN1CCC2(CCCN(Cc3ccc(F)cc3)C2)C1,4.994865837601947,Inactive
c1ccc(CC2CN3CCC2CC3)cc1,3.886056647693163,Inactive
Fc1ccc(NCc2cncn2Cc2ccc(-c3ccccc3)cc2)cc1-c1c(F)cccc1F,7.931814138253839,Active
Cc1ccc(C(=O)Nc2ccccn2)c(C)c1,3.728158393463501,Inactive
O=C(Nc1nnc(-c2ccccn2)[nH]1)C1CC1c1ccccc1,4.800000052738446,Inactive
Nc1nc(O)c2ncn([C@@H]3O[C@H](CO)[C@@H](F)[C@H]3O)c2n1,4.460923901207224,Inactive
Fc1ccccc1Nc1nc(-c2ccccn2)nc2ccccc12,5.180456064458132,Active
CN1/C(=C/C=C/c2sc3ccc(F)cc3[n+]2C)Sc2ccc(F)cc21,7.698970004336019,Active
CCCCCCCCCCCC#CC(=O)O,4.204815410317576,Inactive
Oc1ccccc1CN1CCN(C(c2ccccc2)c2ccccc2)CC1,5.387315724650514,Active
O=S(=O)(c1ccc(C(F)(F)F)cc1)N1CCN(C(c2ccc(Cl)cc2)c2cncnc2)CC1,6.537602002101044,Active
Clc1ccc2[nH]c(CNC3CCCCC3)cc2c1,4.97061622231479,Inactive
CCCc1cn(C2CC(C)(C)OC3=C2C(=O)c2ccccc2C3=O)nn1,5.331148351917482,Active
O=[N+]([O-])c1cn2c(n1)OC[C@@H](OCc1ccc(OC(F)(F)F)cc1)C2,5.4089353929735005,Active
C/C=C/C=C/C=C1C(=O)CCCC1=O,4.245804611810161,Inactive
CC(C)Oc1ccc(C(O)(c2cccnc2)c2cccc(C(N)=O)c2)cc1,7.036212172654444,Active
Cc1cc(C(=O)NC2CCN(C(c3ccc(C(F)(F)F)cc3)c3cccnc3)CC2)[nH]n1,7.318758762624412,Active
CCCCCCCCc1cn(C/C=C(\C)CCC=C(C)C)nn1,4.2441251443275085,Inactive
COc1cccc(Cn2cc(COC(=O)c3c(C)nc4ccccc4c3-c3ccccc3)nn2)c1,4.6020599913279625,Inactive
C=CCOc1cc(OC)c(C(=O)/C=C/Cc2ccccc2)c(OCC=C)c1,5.026872146400302,Active
O=C(NC(=[Se])Nc1ccc([Se][Se]c2ccc(NC(=[Se])NC(=O)c3ccno3)cc2)cc1)c1ccno1,6.455931955649724,Active
O=C(N/N=C/c1ccccc1)c1nc2ccccc2[nH]1,3.719649306953994,Inactive
O=C(Nc1ccc(Cl)c(Cl)c1)Nc1ccc(Cl)c(Cl)c1,5.418464477725561,Active
NS(=O)(=O)c1nnc(NC(=O)Cc2ccc(Cl)cc2)s1,5.313810765755976,Active
COc1cc(OC)cc(C2=CCCCc3c2ccc2[nH]c(C)c(OC)c(=O)c32)c1,4.882728704344236,Inactive
O=S(=O)(NCCn1ccc(-c2ccccc2)n1)c1ccccc1,4.301029995663981,Inactive
CCCCNc1ncnc2c1ccn2[C@@H]1O[C@H](CO)[C@@H](O)[C@H]1O,5.384049948343599,Active
O=[N+]([O-])c1nccn1CCCCNc1nc2ccc(Cl)cc2s1,5.756961951313706,Active
O=[N+]([O-])c1cn2c(n1)OC(COc1ccc(-c3ccc(C(F)(F)F)cc3)nc1)C2,6.026872146400302,Active
O=[N+]([O-])c1cn2c(n1)OC[C@@H](OCc1ccc(-c3ccc(F)cc3F)nc1)C2,4.292429823902063,Inactive
CN(C)CC(=O)NCCNc1cc(/C=C/c2ccccc2)nc2ccccc12,5.795880017344075,Active
O=[N+]([O-])c1ncn(Cc2cn(-c3ccc(C(F)(F)F)cc3)nn2)n1,5.327902142064283,Active
O=C(c1ccc(F)cc1)c1c(C(F)(F)F)[n+]([O-])c2cc(Cl)c(Cl)cc2[n+]1[O-],5.886056647693163,Active
c1ccc([C@@H]2C[C@@H]3Cc4ccc5ccccc5c4N2O3)cc1,4.939302159646388,Inactive
CCNc1cc(-c2cc3c4c(n[nH]c4c2)Nc2ccccc2O3)nc(N)n1,6.0,Active
COc1ccc([C@H]2Oc3ccc(Br)cc3[C@@H]2CO)cc1OC,4.471083299722345,Inactive
COc1ccc(-c2c[nH]cc2C(c2ccc(Cl)cc2Cl)n2ccnc2)cc1,5.258848401148215,Active
COc1ccc(N2CCN(C(=O)c3cc4c([nH]c5ccccc54)c(-c4ccccc4)n3)CC2)cc1,5.199282921717615,Active
C[C@]12CC[C@H](O)C[C@@H]1CC[C@@H]1[C@@H]2CC[C@@]2(C)[C@H]1CC[C@@H]2[C@@](C)(O)c1ccccn1,5.522878745280337,Active
C[C@@]1(COCc2ccc(-c3ccc(OC(F)(F)F)cc3)cc2)CCn2cc([N+](=O)[O-])nc2O1,6.113509274827518,Active
COc1ccc(/C=N/NC(=O)c2nc3ccccc3[nH]2)cc1,3.842845560093719,Inactive
C[C@@H](CCCN=C=S)[C@H]1CC[C@H]2[C@@H]3CC[C@@H]4C[C@H](O)CC[C@]4(C)[C@H]3CC[C@]12C,5.267606240177032,Active
CC(C)=CCCC(C)=CCc1c(O)c(Cc2c(O)c(C)c(C)oc2=O)c(O)c(C(=O)C(C)C)c1O,5.508638306165727,Active
O=C(N[C@@H](Cc1c[nH]c2ccccc12)C(=O)Nc1ccncc1)c1cc(F)ccc1F,6.6777807052660805,Active
CC(C)=CCC/C(C)=C/CC/C(C)=C\Cn1cc(CO)nn1,4.226945306635737,Inactive
Nc1ncnc2c1ccn2[C@@H]1O[C@H](CO)[C@@H](F)[C@H]1O,5.041436116778033,Active
O=C1C=C(n2cc(-c3ccc(Br)cc3)nn2)C(=O)c2ccccc21,3.3078583906332164,Inactive
C=CCc1ccc(OC(=O)C2CCNCC2)c(OC)c1,4.109774653417716,Inactive
CN(C)CCCNc1nc(-c2ccc(F)cc2)nc2ccccc12,4.886056647693163,Inactive
CC[C@H]1CN2CCc3c([nH]c4ccccc34)[C@@H]2C[C@@H]1/C(=C\OC)C(=O)OC,5.782516055786093,Active
COc1ccccc1C(=O)Nc1[nH]nc(-c2ccccn2)c1C1CC1,7.1938200260161125,Active
COc1ccc(/C=N/N=C/c2ccc([N+](=O)[O-])o2)cc1,5.764471553092451,Active
O=C(Nc1cc(-c2ccccn2)n[nH]1)N1CCN(c2ccc(F)cc2)CC1,5.6252516539898965,Active
Cc1ccc2c(c1)[n+]([O-])c(C#N)c(NS(=O)(=O)c1ccc3ccccc3c1)[n+]2[O-],4.787812395596042,Inactive
CC1(COc2ccc(F)cc2)CCn2cc([N+](=O)[O-])nc2O1,6.346787486224656,Active
O=C1/C(=C/c2cccc3cnccc23)CC/C1=C\c1cccc2cnccc12,4.504455662453552,Inactive
O=[N+]([O-])c1ccc(S(=O)(=O)n2cnc3ccccc32)cc1,5.585026652029182,Active
O=C1OCc2ccc(Nc3nccc(-c4cnn5ncccc45)n3)cc21,7.847100403606253,Active
COc1ccc2[nH]cc(C(c3c4ccccc4cc4ccccc34)c3c[nH]c4ccc(OC)cc34)c2c1,4.428990327690695,Inactive
CC(C)=CCC[C@@]1(C)C=Cc2cc(C(=O)O)cc(CC=C(C)C)c2O1,3.7532552902761593,Inactive
CS(=O)(=O)c1ccccc1C(=O)N(Cc1ccccc1)c1ccccc1,4.399999967876858,Inactive
O=C(/C=C/c1ccc2no[n+]([O-])c2c1)c1ccccc1,5.301029995663981,Active
C=CCOc1cc(/C=N/Nc2ncnc3sc4c(c23)CCCC4)cc(OCC=C)c1Br,5.275724130399211,Active
COc1ccc(/C=N/NC(=O)c2nc3ccccc3[nH]2)cc1O,4.130768280269024,Inactive
N#CCOc1ccc(N2CCN(S(=O)(=O)c3ccc(Cl)cc3)CC2)cc1,4.632644078973981,Inactive
O=[N+]([O-])c1ncn(CCCCNc2nc3ccc(Cl)cc3s2)n1,5.3872161432802645,Active
CN(C)CCNC1=CC(=O)c2cccc3cccc1c23,5.8696662315049934,Active
CC(=O)c1c(O)c(C=O)c(O)c2c1O[C@@]1(C)[C@@H](C2)C[C@H]2C[C@@H]1C2(C)C,5.3066362871891855,Active
C=CCc1c(NC(=O)Cc2ccc(Cl)cc2)ncc2ccccc12,4.698970004336019,Inactive
OC(c1ccc(Cl)cc1)(c1cccnc1)c1ccc(F)cc1F,7.790484985457369,Active
OC1(Cc2ccccc2)c2ccccc2C2=NCCN21,3.643400564275029,Inactive
COc1ccc(-c2ccc(O)cc2)c2c1C(C)=N[C@H](C)C2,4.593119329950875,Inactive
O=C(Nc1nc2cc(C(F)(F)F)c(F)cc2s1)C1CC1,4.455931955649724,Inactive
COc1ccc2nc(-c3ccc(Cl)cc3)c(-c3ccc(S(C)(=O)=O)cc3)nc2c1,5.100179497572904,Active
C=C1C(=O)O[C@@H]2/C=C(/CO)C3=CC(=O)[C@@](C)(C[C@@H](OC(=O)/C(C)=C\C)[C@@H]12)O3,4.552841968657781,Inactive
O=[N+]([O-])c1nccn1Cc1cc(-c2ccc(N3CCCC3)cc2)no1,5.00436480540245,Active
CC(=O)c1ccc(NCc2cncn2Cc2ccc(-c3ccccc3)cc2)cc1-c1ccccc1,7.397940008672037,Active
Cc1nnc(-c2cccc(Oc3cc(C)c(Cl)c(C)c3)c2)o1,4.85078088734462,Inactive
CCCC[C@@]12CCC3[C@H](C)CC[C@H]4CC(=O)O[C@H](O1)[C@@]34OO2,3.5888855814490954,Inactive
CC1(CNC(=O)c2ccc(OC(F)(F)F)cc2)CCn2cc([N+](=O)[O-])nc2O1,5.853871964321762,Active
O=[N+]([O-])c1cn2c(n1)OC(COc1ccc(C(F)(F)F)nc1)CC2,5.958607314841775,Active
CCCC(=O)Nc1ccc2cc3ccc(NC(=O)CCC)cc3nc2c1,4.526513029935432,Inactive
O[C@@H]1Cc2ccc3ccccc3c2N[C@H](c2cccc(Br)c2)C1,4.97061622231479,Inactive
COc1ccc(CN2C(=O)C(=C(c3ccc(O)cc3)c3ccc(O)cc3)c3ccccc32)cc1,4.3260580013659125,Inactive
CC(C)=CCC/C(C)=C\Cn1cc(-c2ccccc2)nn1,4.309803919971486,Inactive
CC1(COc2ccc(Cl)nc2)CCn2cc([N+](=O)[O-])nc2O1,5.552841968657781,Active
O=C1CCCN1c1ccc(Sc2ccccc2CO)cc1C(F)(F)F,5.100000128334196,Active
O=C(NCC1CCn2cc([N+](=O)[O-])nc2O1)Nc1ccc(OC(F)(F)F)cc1,5.481486060122113,Active
O=C(Nc1ccc(Br)c(C(F)(F)F)c1)c1cc(Cl)ccc1O,5.455931955649724,Active
O=C(N/N=C/c1ccc([N+](=O)[O-])s1)c1ccc(F)c(Cl)c1,5.716698771296451,Active
Cn1c(-c2ccc(OCC(=O)Nc3cccc4cccnc34)cc2)nc2ccccc2c1=O,4.7627076624325415,Inactive
CCCn1c(NC(=O)Cc2cccc(C)c2)nc2ccccc21,5.698970004336019,Active
COc1ccc(-c2cc(Cn3ccnc3[N+](=O)[O-])on2)cc1[N+](=O)[O-],4.616184634019569,Inactive
CCCC(=O)N1N=C(c2ccccc2)CC1c1cn(-c2ccc(Cl)cc2)nc1-c1ccccc1,5.931814138253839,Active
CCN(CC)c1ccc2nc3ccc(N4CCCCC4)cc3[o+]c2c1,5.841939206063395,Active
FC(F)(F)c1ccc(-n2ccc(C(c3ccc(Cl)cc3)n3ccnc3)c2)cc1,4.672028376376989,Inactive
Cc1ccc([N+](=O)[O-])c2[nH]c(=O)ccc12,4.598599459218456,Inactive
Nc1nc(Nc2ccc(F)cc2)nc(Sc2ccc(F)cc2)n1,5.161150909262744,Active
N#CSCCOc1ccc(OCc2ccccc2)cc1,5.091514981121351,Active
NC1=NS(=O)(=O)N(Cc2ccccc2)c2nc(C3CCCCC3)n(Cc3ccccc3)c21,4.542118103266008,Inactive
CCCCCCC1CC(OC(C)=O)OO1,4.150887833815423,Inactive
Cc1ccsc1[C@@H]1C[C@H](O)Cc2cc(OC(F)(F)F)ccc2N1,4.97061622231479,Inactive
Cc1nc(Sc2nnc3c4ccccc4n(C)c3n2)nc(N2CCN(C)CC2)n1,4.238222462491822,Inactive
COc1ccc(-n2ccnc2SCC(=O)Nc2cc(C)ccc2C)c(OC)c1,4.612900927889248,Inactive
COc1ccc([C@H]2O[C@@H](c3ccc(OC)c(OC)c3)[C@H](C)[C@H]2C)cc1OC,5.604673606930649,Active
CCOc1ccc(S(=O)(=O)Nc2cccnc2)c(C)c1C,4.830031826003108,Inactive
CCCc1cn(C/C=C(\C)CCC=C(C)C)nn1,4.508638306165727,Inactive
O=c1cnc2cccc([N+](=O)[O-])c2[nH]1,4.958607314841775,Inactive
CC1(C)CCN(S(=O)(=O)c2cccc(NC(=O)c3ccc([N+](=O)[O-])o3)c2)CC1,7.0,Active
O=C(Nc1ccccc1)NC1CCN(C(c2ccc(C(F)(F)F)cc2)c2cccnc2)CC1,7.853871964321762,Active
CC1(COc2ccc(-c3ccc(OC(F)(F)F)cc3)nc2)Cn2cc([N+](=O)[O-])nc2O1,4.958607314841775,Inactive
CCOc1cc(-c2nn([C@@H]3O[C@H](CO)[C@@H](O)[C@H]3O)c3ncnc(N)c23)ccc1Cl,4.343901797987168,Inactive
CCCCCCCCCCCCCn1cc(COc2ccccc2O)nn1,4.872895201635193,Inactive
CN1C=CC(=Cc2sc3ccccc3[n+]2C)C=C1,6.259637310505756,Active
CC(C)Oc1cc(NC(=N)c2ccccn2)ccc1-c1ccc(-c2ccncc2)o1,5.585026652029182,Active
CC(C)NC(=N)c1ccc2oc(-c3cccc(OCCCCCOc4ccccc4)c3)cc2c1,5.161150909262744,Active
CCCC1(CCC)c2c(ccc(OC)c2OC)CC2=[N+]1CCc1cc3c(cc12)OCO3,6.259637310505756,Active
O=[N+]([O-])c1c(CS(=O)(=O)c2ccccc2)nc2c(Br)cc(Br)cn12,5.721246399047171,Active
O=C(Nc1ccccc1)c1c2n(c(=O)c3ccccc13)CCN2,4.522878745280337,Inactive
COc1cc([C@H]2Oc3c(OC)cc(/C=C/C(=O)OC(C)C)cc3[C@@H]2C(=O)OC(C)C)ccc1O,5.403402904373539,Active
O=C(Cc1ccccc1O)NCCCNCCCCNCCCNC(=O)Cc1ccccc1O,3.958607314841775,Inactive
CCCCc1cc(Nc2cc(C3CCC3)[nH]n2)nc(N2CCC2C(N)=O)n1,5.624595211230233,Active
N=C(N)c1ccc(COc2c(I)cc(C(=N)N)cc2I)cc1,5.795880017344075,Active
OC(c1cncnc1)(c1ccccc1Cl)c1ccccc1Cl,5.97469413473523,Active
CC(C)(CN1CN(CCCCC(=O)O)CSC1=S)CN1CN(CCCCC(=O)O)CSC1=S,5.138465589140962,Active
O=C(N/N=C1\C(=O)N(CC(O)COc2cc(=O)oc3ccccc23)c2ccccc21)c1ccncc1,7.522878745280337,Active
CC[C@H](CO)Nc1nc(NCc2cccc(OC)c2O)c2ncn(C(C)C)c2n1,4.018181392829336,Inactive
O=S(=O)(Nc1ccc2nccnc2c1)c1ccc(F)cc1,4.476253533188435,Inactive
O=C(Nc1cc(-c2ccccn2)n[nH]1)N1CCC(c2cccc(F)c2)CC1,6.649751981665837,Active
Cc1c(C)c2c(c(C)c1O)CCC(C)(COc1ccc(CC3SC(=O)NC3=O)cc1)O2,4.486649201194043,Inactive
NC(=S)N/C=N/c1c(C(F)(F)F)nn(-c2ccccc2)c1-c1ccc([N+](=O)[O-])cc1,4.34008379993015,Inactive
O=[N+]([O-])c1ncn(Cc2cn(-c3ccccc3)nn2)n1,5.327902142064283,Active
O=C(c1cccc(C(O)(c2ccc(Cl)cc2)c2cccnc2)c1)N1CCOCC1,7.468521082957745,Active
COC(=O)c1sccc1NC(=O)CSCc1ccc(Cl)cc1,4.346787486224656,Inactive
Fc1ccc(C(c2ccn(-c3ccc(F)cc3)c2)n2ccnc2)cc1,5.343901797987168,Active
Cn1cncc1[C@@](N)(c1ccc(Cl)cc1)c1ccc2c(c1)c(-c1cccc(Cl)c1)cc(=O)n2C,8.397940008672037,Active
COc1ccccc1N1CCN(CC(O)COc2cccc3ccccc23)CC1,4.958607314841775,Inactive
C=C1CC[C@@H]2[C@H](COC(=O)CCc3c[nH]c4ccccc34)[C@H](O)[C@H](O)C[C@@]2(C)[C@@H]1CCc1ccoc1,5.645891560852599,Active
CC1(C)CCc2c(c3ccccc3c3ncoc23)O1,3.487849463077969,Inactive
COC(=O)c1c(C(F)(F)F)[n+]([O-])c2cc(F)c(F)cc2[n+]1[O-],5.823908740944319,Active
COc1ccc([C@@H]2O[C@H](c3ccc4c(c3)OCO4)[C@@H](C)[C@@H]2C)cc1OC,4.899629454882437,Inactive
Cc1ccc(N2CCN(CC(=O)Nc3ncc([N+](=O)[O-])s3)CC2)cc1,5.031050319018657,Active
COc1cc(/C=C/C(=O)N/N=C/c2ccccc2)cc([N+](=O)[O-])c1O,4.102372908709558,Inactive
C=C(c1nc(-c2ccccc2)no1)C(O)c1ccc(S(C)(=O)=O)cc1,5.072116589669293,Active
Cc1nc([N+](=O)[O-])cn1CCCNC(=O)c1nc2ccccc2s1,3.980468315468745,Inactive
O=[N+]([O-])c1ccc(/C=N/NC(=S)Nc2ccccc2)s1,5.392544976785332,Active
CCC(CC)C(=O)Nc1ccc(-c2nnc(-c3ccc(OC)cc3)o2)cc1,5.300000202445418,Active
Cc1ccc(NC(=O)c2ccc(CNS(=O)(=O)c3ccc(N4CCN(C)CC4)cc3)cc2)c(C)n1,3.958607314841775,Inactive
O=P(O)(O)C(O)(Cc1c[nH]cn1)P(=O)(O)O,4.455931955649724,Inactive
CCCCCCCCCCCCC/C=C1/CCC[C@@H](NCCCC)[C@@H]1NCCCCCC,3.9355420107730814,Inactive
CC(=O)NC[C@H]1O[C@@H](n2cnc3c(N)nc(F)nc32)[C@H](O)[C@@H]1O,3.9318141382538383,Inactive
O=[N+]([O-])c1nccn1CCCNc1nc2ccc(Cl)cc2s1,5.369572124974976,Active
Cc1cc(C)c(Nc2ccnc(Nc3c(C)cc(C)cc3C)n2)c(C)c1,5.38933983691012,Active
Cc1cccc(N2CCCN(Cc3c[nH]c4ccccc34)CC2)n1,6.447125026215773,Active
COc1cc(Nc2nc(C)cc(N3CCOCC3)n2)ccc1F,5.100000128334196,Active
O=C(OCc1ccccc1)N1CCCC(c2cn3cccnc3n2)C1,4.462212124898562,Inactive
N#CCNC(=O)[C@H](Cc1ccccc1)NC(=O)OCc1ccccc1,5.443697499232712,Active
COc1ccc(CN(CCc2ccc(Br)cc2)Cc2cccc(Cl)c2)cc1O,4.341320971417551,Inactive
Cc1nn(-c2nc(N)nc(-c3ccccn3)n2)c(C)c1Cc1ccccc1,5.499999678657065,Active
COCc1ccc2nc(-c3ccccn3)c(Nc3cccc(F)c3)n2c1,5.1432711096171175,Active
CNc1cncc(C2CCCN2C(=O)Cc2ccc3ccccc3c2)n1,6.799998134593398,Active
Cc1ccc2oc(/C=C/C=C3\Sc4ccc(Cl)cc4N3C)[n+](C)c2c1,6.962573502059376,Active
C[C@]1(COc2ccc(OC(F)(F)F)cc2)CCn2cc([N+](=O)[O-])nc2O1,7.221848749616356,Active
NCCCC(N)(C(=O)O)C(F)F,4.301029995663981,Inactive
COc1ccc(-c2cn([C@@H]3O[C@H](CO)C[C@H]3O)c3ncnc(N)c23)cc1,5.623423042943488,Active
O=C(N/N=C/c1ccccc1)/C(=C/c1cnn(-c2ccccc2)c1)c1ccccc1,3.720622754437488,Inactive
COc1cc(Nc2nc(C(C)C)cc(N(C)C)n2)ccc1F,5.700000503883016,Active
Nc1n[nH]c(NS(=O)(=O)c2ccccc2)n1,5.698970004336019,Active
C=Cc1nc2ccccc2n2cccc12,6.301029995663981,Active
Fc1ccc(Nc2nc(-c3ccccn3)cs2)cc1,5.424595062100109,Active
OC(CNC1CCCCC1)Cn1c2ccccc2c2ccccc21,4.780036351972996,Inactive
COc1ccc(N2CCN(C(=O)CN(Cc3ccccc3C)S(=O)(=O)c3ccc(Cl)cc3)CC2)cc1,5.56931796957424,Active
O=C1OC(O)C(NCc2cn(-c3ccc(F)c(C(F)(F)F)c3)nn2)=C1Cl,4.703115524461453,Inactive
CCS(=O)(=O)N1CCCc2ccc(NS(=O)(=O)c3ccccc3F)cc21,5.231361898752385,Active
c1ccc(CNc2nc(NCc3ccccc3)c3ccccc3n2)cc1,6.173925197299173,Active
CCCCc1c(CCC)c(=N)c2ccccc2n1C,6.426455414685067,Active
Cc1ncnc2c1c(-c1cncnc1)cn2[C@@H]1O[C@H](CO)[C@@H](O)[C@H]1O,5.187086643357144,Active
CC(=O)Nc1ccc(-c2noc(CC3CCCN(Cc4cccc(F)c4C)C3)n2)cc1,4.499999953328896,Inactive
CCOC(=O)c1cnc2c(c(C)nn2C)c1Nc1ccc(O)cc1,5.376750709602099,Active
COC(=O)c1c(C(F)(F)F)[n+]([O-])c2ccc(F)cc2[n+]1[O-],5.455931955649724,Active
N=C(N)c1cccc(COc2c(I)cc(C(=N)N)cc2I)c1,5.856985199745905,Active
COc1ccc(-c2cnc(NC(=O)c3ccc(C)cc3)n2C)cc1,4.537602002101044,Inactive
O=C(Nc1cccc(C(F)(F)F)c1)c1cc(Cl)ccc1O,6.465225317985227,Active
CCCc1cn(C/C=C(\C)CC/C=C(\C)CCC=C(C)C)nn1,4.7447274948966935,Inactive
Cc1ccc(Cn2c(N3CCC(C(=O)NCc4cccs4)CC3)nc3ccccc32)cc1,4.595193299388892,Inactive
Cc1[nH]c2ccccc2c(=O)c1Cc1c(C)[nH]c2ccccc2c1=O,5.59999938302362,Active
CC1(COc2ccc(C(F)(F)F)cc2)CCn2cc([N+](=O)[O-])nc2O1,6.795880017344075,Active
CN(C)c1ccc(C(O)(c2ccc(C(F)(F)F)cc2)c2cccnc2)cc1,8.221848749616356,Active
O=C(/C=C/C=C/c1ccc2c(c1)OCO2)N1CCCCC1,2.7812020018882624,Inactive
[O-][n+]1onc2ccc(/C=C\Sc3ccc(Cl)cc3)cc21,5.455931955649724,Active
c1ccc2c(NCCCCCCNc3c4c(nc5ccccc35)CCCC4)c3c(nc2c1)CCCC3,5.993854983623637,Active
COc1ccc2c(c1)nc(/C=C/c1ccccc1)c1cccn12,5.301029995663981,Active
Brc1ccc(Nc2nc3ccccc3nc2Nc2ccc(Br)cc2)cc1,5.391796062778831,Active
Nc1ncnc2c1cnn2[C@@H]1O[C@H](CO)[C@@H](O)[C@H]1O,5.861697301833718,Active
CC(=O)c1c(O)c(C=O)c(O)c2c1O[C@]1(CC2)[C@@H]2CC[C@@H](C2)C1(C)C,5.31452877229448,Active
CCCC[C@H]1C(=O)O[C@@H]2O[C@@]3(C)CC[C@H]4[C@H](C)CC[C@@H]1[C@@]24OO3,4.920818753952375,Inactive
C=CCn1c(-c2ccc(OC)cc2)cs\c1=N/N=C/C=C/c1ccco1,5.309803919971486,Active
Cc1oc(=O)c(Cc2c(O)c(C)c(C)oc2=O)c(O)c1C,4.804100347590766,Inactive
CN1c2cc(Cl)ccc2C=C2c3ccccc3NC21,4.769551078621726,Inactive
O=C(Nc1ccc(Cl)cc1)c1cc(Cl)ccc1O,5.679853713888946,Active
O=[N+]([O-])c1cn2c(n1)OC[C@H](OCc1ccc(-c3ccc(OC(F)F)cc3)cn1)C2,7.107905397309519,Active
Cc1ccc2nc(N(Cc3cccnc3)C(=O)CCc3ccccc3)sc2c1,4.600000074606178,Inactive
COC(=O)C1=NN(c2ccc(Cl)cc2)C2(C1)Nc1ccccc1N1C(C(=O)OC)=NN(c3ccc(Cl)cc3)C12,4.1938200260161125,Inactive
CS(=O)(=O)c1ccc(Nc2nccc(Nc3n[nH]c4ccc(F)cc34)n2)c(F)c1,4.924595211204381,Inactive
CC(C)(C)c1ccc(S(=O)(=O)n2cnc3ccccc32)cc1,5.522878745280337,Active
COc1ccc(CC2(C)c3cc(OC)c(OC)cc3Cn3cccc32)cc1,4.4091024614433065,Inactive
CC1=C(C(=O)Nc2ccc(Cl)cc2)C(c2ccncc2)n2ncc(C(=O)Nc3ccccc3)c2N1,7.700057099977233,Active
O=Cc1ccc(-c2ccc3c(c2)[C@H](CO)[C@@H](c2ccc(O)cc2)O3)cc1,4.423658649794207,Inactive
O=C(Nc1ccc(F)c(-c2cn3nc(N4CCOCC4)cnc3n2)c1)N1CCCC1,6.900008766455316,Active
CCCCCCCCCCCCC/C=C1/CCC[C@H](O)[C@H]1OC(C)=O,4.876148359032914,Inactive
C=CC(=O)Oc1ccccc1C(=O)OC,3.964570261815452,Inactive
CC(=O)N1N=C(c2cc(-c3ccccc3)nc3c2c(C)nn3-c2ccccc2)OC1c1ccc(O)cc1,4.752026733638194,Inactive
Oc1nc(-c2ccc(F)cc2)nc2ccccc12,4.553773598221837,Inactive
Cc1cc(=O)[nH]c2c([N+](=O)[O-])cccc12,4.991399828238082,Inactive
COC(=O)c1ccc(NCc2cncn2Cc2ccc(C#N)cc2)cc1-c1ccccc1,7.602059991327962,Active
Clc1ccc(C(c2cccnc2)N2CCCCC2)cc1,6.7447274948966935,Active
O=S(=O)(/C=C\c1ccc2c(c1)no[n+]2[O-])c1ccccc1,5.6777807052660805,Active
Cc1nc(-c2ccccn2)nc(NCCc2ccc(Cl)cc2)c1Cl,6.346787486224656,Active
NC(=S)N/N=C(/C=C/c1cccnc1)c1cccc(NC(=O)Nc2ccc(Cl)cc2)c1,5.419075024324381,Active
COc1ccc(/C=C/C(=O)c2c(OC)c(OC)c(OC)c(OC)c2OC)cc1O,5.275724130399211,Active
O=C(Cn1cc(-c2ccc([N+](=O)[O-])cc2)nn1)NCc1ccccc1,4.617982957425132,Inactive
Cn1nccc1C(=O)Nc1nc2cc(-c3ncco3)ccc2n1CC(F)(F)F,4.42021640338319,Inactive
Nc1ncnc2c1c(-c1ccc(Cl)c(F)c1)cn2[C@@H]1O[C@H](CO)[C@H](F)[C@H]1O,5.22548303427145,Active
Clc1ccc(C(c2c[nH]cc2-c2ccc(Cl)cc2-c2ccccc2)n2ccnc2)c(Cl)c1,6.847711655616943,Active
O=C(CCN1CCN(c2ccc(F)cc2)CC1)c1ccc(O)cc1,4.886056647693163,Inactive
CN(C/C=C/C#CC(C)(C)C)Cc1cccc2ccccc12,4.334700500500103,Inactive
O=[N+]([O-])c1cn2c(n1)[S+]([O-])CC(Oc1ccc(OC(F)(F)F)cc1)C2,5.154901959985743,Active
CCCCN(CCO)c1c([N+](=O)[O-])cc(C(F)(F)F)cc1[N+](=O)[O-],5.920818753952375,Active
CCOC(=O)c1ccc(C2=CN3CCC2CC3)cc1,6.0,Active
Cn1c([N+](=O)[O-])cnc1-c1c(-c2ccccc2)nc(-c2ccc(Br)cc2)n1O,4.621602099051862,Inactive
COc1ccc2nc(S(C)(=O)=O)c(Cl)nc2c1,5.1904402853647325,Active
CCN(CC)c1ccc2nc3ccc(N(CC)CC)cc3[o+]c2c1,6.669586226650809,Active
O=c1c(O)c(-c2ccccc2)oc2ccccc12,4.481486060122113,Inactive
COc1ccc2oc(=O)cc(-c3ccc(OC)c(OC)c3)c2c1,5.267606240177032,Active
Cc1cccc([C@@H]2C[C@@H]3Cc4ccc5ccccc5c4N2O3)c1,4.769551078621726,Inactive
COc1cccc(Nc2nc(N)c3ccccc3n2)c1,4.9223999273492565,Inactive
N#Cc1cc2sc(NC(=O)C3CC3)nc2cc1F,5.638272163982407,Active
C/C(=N\Nc1nc(-c2ccc(F)cc2)cs1)c1ccccn1,5.686132779630847,Active
Cc1cc(C(=O)Nc2ccc(-c3nccc4c3[nH]c3ccccc34)cc2)c(C)o1,4.521722168080395,Inactive
Cc1cc(C(=O)NC2CCN(C(c3ccc(C#N)cc3)c3cccnc3)CC2)nn1C,6.584192272364457,Active
CC(C)Oc1cc(NC(=N)c2ccccn2)ccc1-c1ccc(-c2cccnc2)o1,6.045757490560675,Active
Brc1cncc(-c2cc(NCCCn3ccnc3)nc(-c3ccccc3)n2)c1,5.107905397309519,Active
CN1/C(=C/c2cc[n+](Cc3ccccc3)c3ccccc23)Sc2ccccc21,7.585026652029182,Active
COc1ccc([C@H]2Oc3ccc(C=O)cc3[C@@H]2C)cc1,4.515700160653214,Inactive
COc1ccc2nc(C)cc(Nc3cccc(O)c3)c2c1,4.824745998654705,Inactive
COc1cccc(-n2nnc(C(=O)Nc3ccc4c(c3)B(O)OC4)c2C)n1,6.096910013008056,Active
Cc1ccc(-c2cc(CNc3ncnc4c3CCNCC4)no2)cc1,4.95452308914642,Inactive
CCCCCCOc1ccc(NC2=CC(=O)c3ccccc3C2=O)cc1,5.764471553092451,Active
COc1cccc2c1C(=O)C=C(Oc1ccccc1)C2=O,5.251811972993799,Active
Cc1sc(NC(=O)c2ccco2)c(C(c2cccnc2)N2CCC(Cc3ccccc3)CC2)c1C,4.789736606693437,Inactive
CN(C)c1ccc(Nc2nc(-c3ccccn3)cs2)cc1,5.853871964321762,Active
COC(=O)[C@H]1CCCN1C(=O)C(C)(C)C,4.133712660915805,Inactive
N=C(N)c1ccc2oc(CCCCCCc3cc4cc(C(=N)N)ccc4o3)cc2c1,5.366531544420414,Active
CC(C)NC(=N)c1cccc(OCCCOc2cccc(C(=N)NC(C)C)c2)c1,4.790484985457369,Inactive
Clc1ccc(C(c2nnnn2C2CCCCC2)N2CCc3c([nH]c4ccccc34)C2)cc1,5.604673606930649,Active
Cc1ccc(-n2c(SCC(=O)N3CCN(c4ccccc4)CC3)nnc2-c2ccncc2)cc1Cl,5.157443490434855,Active
O=C(Nc1ccc(Cl)c(-c2nc3ncccc3o2)c1)c1ccco1,6.816730156317195,Active
CC1(COCc2ccc(Oc3ccccc3)cc2)Cn2cc([N+](=O)[O-])nc2S1,6.552841968657781,Active
CCC(O)CC#Cc1cc(=O)[nH]c2c([N+](=O)[O-])cccc12,4.777283528852417,Inactive
O=C(c1ccccc1)N1CCCC(c2cn3nc(Cl)ccc3n2)C1,4.1938200260161125,Inactive
O=[N+]([O-])c1c(CS(=O)(=O)c2ccccc2)nc2c(-c3cccc(F)c3)cc(Cl)cn12,5.769551078621726,Active
CCn1cc(C(NC2CCN(c3ccc(C(F)(F)F)cc3)CC2)c2cccnc2)cn1,7.2716462179787715,Active
O=C(Nc1c(O)cccc1-c1nc2c(C(=O)O)cccc2o1)c1ncccc1O,7.096910013008056,Active
COc1ccc(C(=O)CCC(=O)c2ccccc2)cc1OC,4.444090170335726,Inactive
COc1cccc(NC(=O)[C@H](C(C)C)n2c(=O)[nH]c3ccccc3c2=O)c1,5.247425337087057,Active
C[C@@H](Oc1cc(-n2cnc3ccc(O[C@H]4CCNC4)cc32)sc1C(N)=O)c1ccccc1Cl,5.200000237109354,Active
Fc1ccc(NCc2cncn2Cc2ccc(-c3ccccc3)cc2F)cc1Cl,7.309803919971486,Active
COc1ccc2nc(NC3CCCCC3)c(SC)nc2c1,4.515700160653214,Inactive
COc1ccc(-n2cc(Cn3cnc([N+](=O)[O-])n3)nn2)cc1,5.327902142064283,Active
CCOC(=O)SCCOc1ccc(Oc2ccccc2)cc1,4.82102305270683,Inactive
FC(F)(F)c1cccc(Nc2nc(-c3ccccc3)nc3ncccc23)c1,4.815948560420916,Inactive
C[C@@H]1CC[C@H]2[C@H](CCCc3ccc(N(C)C)cc3)C(=O)O[C@@H]3O[C@@]4(C)CCC1[C@]32OO4,4.054039296422431,Inactive
Cn1nccc1C(=O)Nc1nc2ccc(C#N)cc2n1CC(C)(C)O,4.886056647693163,Inactive
COc1ccc(Cl)cc1C(=O)N1CCN(c2cnccn2)CC1,4.560667306169737,Inactive
O=c1c2nc([N+](=O)[O-])cn2ccn1Cc1ccc(-c2cccc(OC(F)(F)F)c2)cc1,7.187086643357144,Active
Cn1c(-c2ccccc2)cnc1NC(=O)c1ccc(F)cc1,4.443697499232712,Inactive
N#Cc1ccccc1-c1cnc(N)c(C(=O)NC2CCCC2)n1,5.2839966563652006,Active
Cc1cccc(CNc2nc(-c3ccccn3)nc3ccccc23)n1,5.619788758288394,Active
O=C(C1CC1)N1CCN(C(c2cncnc2)c2ccc(Cl)cc2F)CC1,6.767003889607846,Active
Cc1nc(-c2ccccn2)nc(N2CCCC2Cc2ccccc2)c1Cl,6.200659450546418,Active
CC1(C)OC2=C(CC1[Se]c1cccc(Br)c1)C(=O)C(=O)c1ccccc12,3.3213905834410737,Inactive
CCC(=O)CCCCCC(Oc1cc2ccccc2nc1OC)c1ncc(Cc2ccncc2)[nH]1,5.698970004336019,Active
CC1(COc2ccc(-c3ccc(F)nc3)cc2)CCn2cc([N+](=O)[O-])nc2O1,6.795880017344075,Active
CCN(CC)CCNc1ccnc2cc3ccccc3cc12,5.364492126384054,Active
N#Cc1c(-c2ccc(OC(F)(F)F)cc2)[n+]([O-])c2ccc(F)cc2[n+]1[O-],4.882728704344236,Inactive
Fc1ccccc1N1C[C@H]2CCN(c3cccnc3)C[C@H]2C1,6.699991797446187,Active
COC(=O)[C@@H]1Cc2c([nH]c3ccccc23)[C@H](c2ccc([N+](=O)[O-])cc2)N1,4.369572124974976,Inactive
COC(=O)[C@@H]1CCCN1C(=O)[C@H](C)CS,4.6439741428068775,Inactive
O=[N+]([O-])c1ccc(/C=C/C=N/NC(=S)Nc2ccccc2)o1,5.443697499232712,Active
CS/C(=C/[N+](=O)[O-])Nc1ccccc1,4.943095148663527,Inactive
O=[N+]([O-])c1ccc(S(=O)(=O)N2CCCc3ccccc32)cc1,4.941573975542995,Inactive
COc1cc(CCc2ccccc2)oc(=O)c1,3.619788758288394,Inactive
CC(C)(C)C(Cn1ccnc1)NC(=O)c1ccc2nc(C3CC3)oc2c1,7.0,Active
C[n+]1nn(-c2ccc(-c3nc(CCc4ccc5ccccc5c4)cs3)c(OCCN3CCNC3=O)c2)cc1CCCCN,4.700057099977233,Inactive
c1ccc(Nc2ccnc(Nc3ccccc3)n2)cc1,5.351639989019068,Active
CC(C)(Oc1ccc(Cl)cc1)C(=O)Nc1ncc([N+](=O)[O-])s1,5.464705879957229,Active
C=CCN1CC[C@]23c4c5ccc(O)c4O[C@H]2/C(=N/N=C2\CC[C@@]4(O)[C@H]6Cc7ccc(O)c8c7[C@@]4(CCN6CC=C)[C@H]2O8)CC[C@@]3(O)[C@H]1C5,4.769551078621726,Inactive
O=[N+]([O-])c1cn2c(n1)OC[C@H](OCc1ccccc1OC(F)(F)F)C2,6.698970004336019,Active
O=[N+]([O-])c1cc(C(F)(F)F)cc([N+](=O)[O-])c1Nc1ccc(O)cc1,5.698970004336019,Active
N#Cc1ccc(N2CCC(N(c3ccc(C(F)(F)F)cc3)c3cccnc3)CC2)cc1,8.154901959985743,Active
O=C(O)c1ccccc1Nc1ccc2nc(Nc3cccc(O)c3)sc2c1,3.625251653989896,Inactive
COc1ccc(/C=C(\C)C(=O)/C=C/c2ccc([N+](=O)[O-])cc2)cc1,4.8297382846050425,Inactive
O=C(N/N=C/c1ccc(O)cc1)c1nc(-c2ccccc2)no1,4.447331783887806,Inactive
C=Cc1nc(-c2ccccc2)no1,4.429924294678396,Inactive
Oc1ccc(Nc2nc(-c3cccnc3)cs2)cc1,4.939302159646388,Inactive
COc1cc2c(N3CCCCC3)nc(NC(=O)c3ccc(Cl)cc3)nc2cc1OC1CCCC1,4.778846678045295,Inactive
N=C1NCCN1CCCC[C@H]1CNC(=N)N1CCc1ccccc1,5.920818753952375,Active
Cc1cc2c(cc1C)[n+]([O-])c(-c1ccc(F)cc1)c(C#N)[n+]2[O-],4.785156151952302,Inactive
O=C(/C=C/c1ccccc1)c1ccccc1,4.698970004336019,Inactive
NCC1CCCN(c2nc(-c3ccccc3)nc3c2CCNCC3)C1,4.564903397627877,Inactive
CC(C)c1cc2c(cc1O)[C@@]1(C)CCC[C@@](C)(CO)[C@@H]1CC2,5.113509274827518,Active
C#CCOC(=O)[C@@H](C)Oc1ccc(Oc2ncc(Cl)cc2F)cc1,4.170696227168975,Inactive
NC(=S)N/N=C(\COC(=O)CCC(=O)O)c1ccc([N+](=O)[O-])cc1,3.9355420107730814,Inactive
COc1ccc2c(c1)c(/C=C1\Sc3ccccc3N1C)cc[n+]2C,7.552841968657781,Active
COc1cc(NS(C)(=O)=O)ccc1Nc1nc2ccc([N+](=O)[O-])cc2s1,4.7447274948966935,Inactive
Cc1cccc(C(=O)NCCc2csc(-c3ccccc3)n2)c1,5.200659450546418,Active
O=[N+]([O-])c1ccc(-c2cc(Cn3ccnc3[N+](=O)[O-])on2)o1,6.045757490560675,Active
CCCn1c(NC(=O)c2cccc(C(F)(F)F)n2)nc2cccnc21,5.619788758288394,Active
Cn1/c(=N\N/C=C/c2sc3ccc(Cl)cc3[n+]2C)sc2ccccc21,4.943018963331887,Inactive
O=C(Nc1ccc(OC(F)(F)F)cc1)O[C@@H]1COc2nc([N+](=O)[O-])cn2C1,5.167491087293763,Active
CC1(COc2ncc(-c3ccc(F)cc3)cn2)CCn2cc([N+](=O)[O-])nc2O1,6.366531544420414,Active
CCNC(=O)c1noc(-c2cc(C(C)C)c(O)cc2O)c1NC(=O)c1ccc(OC)cc1,6.361510743045363,Active
NC(=S)N/N=C/c1cc2c(cc1F)OCO2,3.704872914747809,Inactive
N#CC1(NC(=O)[C@H](Cc2ccccc2)N[C@H](c2ccccc2)C(F)(F)F)CC1,6.920818753952375,Active
c1ccc(Oc2ccc(OCN3CC3)cc2)cc1,4.376750709602099,Inactive
CC(O)(c1ccccn1)[C@H]1CC[C@H]2[C@@H]3CCC4C[C@@H](O)CC[C@]4(C)[C@H]3CC[C@]12C,4.835647144215563,Inactive
C=C1C(=O)O[C@H]2/C=C(/C)[C@@H](O)C/C=C(\C)C[C@H](OC(=O)/C(C)=C\C)[C@@H]12,5.568636235841013,Active
Nc1c(C2=NCCN2)cnn1-c1cc(Cl)cc(Cl)c1,4.809668301829708,Inactive
CCOC(=O)N1CCN(C(c2cccnc2)c2ccc(Cl)cc2F)CC1,7.619788758288394,Active
O=[N+]([O-])c1nccn1CCCNc1nc(-c2ccccc2)nc2ccccc12,5.704872914747809,Active
O=C(NCCCn1cnc([N+](=O)[O-])n1)c1ccc(-c2ccccc2)cc1,7.366531544420414,Active
COc1cccc(NC(=O)c2nnn(Cc3ccc(CN4CCOCC4)cc3)c2N)c1,7.0,Active
CCCN(CCC)c1ccc2nc3ccc(N4CCCCC4)cc3[o+]c2c1,7.008773924307505,Active
COC(=O)c1c(NCCCCNc2ccnc3cc(Cl)ccc23)noc1-c1ccc([N+](=O)[O-])cc1,5.629857152948898,Active
O=C1/C(=C/c2c(Cl)cccc2Cl)CCC/C1=C\c1c(Cl)cccc1Cl,5.309803919971486,Active
C[C@@H]1CC[C@H]2CC(=O)N(Cc3ccc(Cl)cc3)[C@@H]3O[C@@]4(C)CC[C@@H]1[C@@]23OO4,4.5934598195660445,Inactive
Oc1cc(O)c2c(c1)O[C@H](c1ccc(O)c(O)c1)[C@@H](O)C2,3.816217848722939,Inactive
C[n+]1ccc2c(c1)[nH]c1ccccc12,4.281498311132726,Inactive
C=C(C(=O)OCCOC(=O)C(=C)C(O)c1ccc([N+](=O)[O-])cc1)C(O)c1ccc([N+](=O)[O-])cc1,4.350275814070478,Inactive
COc1ccc([C@@H]2c3cc(Cl)ccc3N(Cc3ccccc3)C[C@H]2C)cc1,5.1944991418416,Active
CCC(CC)NC(=O)c1nc(-c2ccc(F)cc2C#N)cnc1N,4.721246399047171,Inactive
CC1(C)CCc2c(c3ccccc3c3nc(-c4ccc(F)cc4)[nH]c23)O1,4.425968732272281,Inactive
c1ccc(-c2ccc(-c3ccccc3)o2)cc1,4.677890326754807,Inactive
CCN1/C(=C/C=C/c2sc3ccccc3[n+]2C)Sc2ccc(F)cc21,6.954677021213342,Active
CC(C)CS(=O)(=O)N1CCC(NC(c2ccc(C(F)(F)F)cc2)c2cnccn2)CC1,6.481486060122113,Active
Clc1ccc(Nc2nccc(NCc3ccccc3)n2)cc1,5.154901959985743,Active
CC(C)c1ccc(NC(=O)O[C@@H](Cn2ccnc2)c2ccc(F)cc2)cc1,7.698970004336019,Active
O=C(/C=C/C=C/c1ccc2c(c1)OCO2)OC1CCCCC1,4.080921907623926,Inactive
O=C1CN(C(=O)c2cccc(Nc3ncc(-c4ccc5c(c4)OCO5)cn3)c2)CCN1,6.0999990348465305,Active
COC(=O)[C@@H]1CCCN1C(=O)C(C)(C)C,4.177831920631983,Inactive
COc1ccc2c(c1)[n+]([O-])c(C#N)c(-c1ccc(C)cc1)[n+]2[O-],4.723538195826756,Inactive
COC(=O)c1ccc(NCc2cncn2Cc2ccccc2Cl)cc1-c1ccccc1,7.0,Active
C[N+](C)(C)[C@H]1CCC[C@@H]1OP(=O)([O-])OCCCCC=C1CCCCCCCCCCCCCC1,6.698970004336019,Active
C=CCc1ccc(OCc2cn(Cc3ccc(OC(F)(F)F)cc3)nn2)c(OC)c1,3.4920092751803087,Inactive
O=[N+]([O-])c1cn2c(n1)O[C@H](COc1ccc(-c3ccc(F)cc3)nc1)CC2,6.537602002101044,Active
O=C(Nc1ccn2cc(-c3ccccc3)nc2c1)N1CC[C@H](F)C1,5.966576244513051,Active
N=C(Nc1ccc(-c2ccc(-c3ccccc3)o2)c(OC2CCCC2)c1)c1ccccn1,6.853871964321762,Active
CC(C)=CCC/C(C)=C/COc1ccc(C(=O)/C=C/c2ccc(O)cc2)cc1,5.031517051446065,Active
CC(=O)O[C@@H]1CC[C@@]2(C)[C@@H](C1)C[C@@H](OC(C)=O)[C@@H]1[C@@H]2CC[C@]2(C)[C@@H]([C@H](C)CCC(=O)O)CC[C@@H]12,4.642065152999546,Inactive
CC1(COCc2ccc(OC(F)(F)F)cc2)Cn2cc([N+](=O)[O-])nc2[S+]1[O-],5.638272163982407,Active
COc1cc(OC)c2c(=O)c(-c3cc(CC=C(C)C)c(OC)c(OC)c3)coc2c1,4.382999658879101,Inactive
Cc1ccc(S(=O)(=O)N2c3ccccc3CCC2C)cc1,4.647431613820691,Inactive
O=[N+]([O-])c1cn2c(n1)OC[C@H](OCc1cnc(-c3ccc(OC(F)(F)F)cc3)cn1)C2,5.552841968657781,Active
CCCCCCCCn1cnc2c3c(c4ccccc4c21)OC(C)(C)CC3,3.4246966665776006,Inactive
CC(=O)/C(C)=C/c1ccc([N+](=O)[O-])cc1,4.0851281824599495,Inactive
CC(C)(C)CC(=O)N1CCN(C(c2ccc(Cl)cc2)c2cncnc2)CC1,6.619788758288394,Active
CCC1S/C(=N/N=C(\C)CSc2ccc(C)cc2)NC1=O,4.214670164989233,Inactive
CN1/C(=C/C=C/c2oc3ccccc3[n+]2C)Sc2ccccc21,7.045757490560675,Active
CN1CCC(=C2c3ccccc3CCc3sccc32)CC1,4.513853003193427,Inactive
CCCCC1(CCCC)C[C@H](CNCCCn2ccnc2)[C@](C)(OC)OO1,5.086186147616283,Active
O=C(O[C@@H](Cn1ccnc1)c1ccc(Cl)cc1)N1CCN(c2ccc([N+](=O)[O-])cc2)CC1,4.896196279044043,Inactive
OC(c1ccc(Cl)cc1)(c1ccc(Cl)cc1)c1cccnc1,7.033858267260968,Active
O=C1CCCC(=O)C1=CC=C(c1ccccc1)c1ccccc1,4.989276134608227,Inactive
CCN(CCCCOC(=O)c1ccc(OC)c(OC)c1)C(C)Cc1ccc(OC)cc1,4.260111344915456,Inactive
CC(=O)OC[C@H]1O[C@@H](n2cc(-c3cc(-c4ccc(C)cc4)on3)c(=O)[nH]c2=O)C[C@@H]1OC(C)=O,5.769551078621726,Active
CC1(CN2CCC(c3ccc(F)cc3)CC2)Cn2cc([N+](=O)[O-])nc2O1,6.638272163982407,Active
Cc1ccccc1Oc1ccc(OCCOC2CCCCO2)cc1,3.844663962534938,Inactive
CC1(Cc2ccc([N+](=O)[O-])cc2)c2ccccc2Cn2cccc21,3.803133252750761,Inactive
Cc1sc(NN2C(=O)c3ccccc3C2=O)nc1-c1ccc(Br)cc1,4.584192272364457,Inactive
CCCCCc1cn(C2CC(C)(C)OC3=C2C(=O)c2ccccc2C3=O)nn1,5.673664139071248,Active
COC(=O)CCC[n+]1ccc2c(c1)[nH]c1ccc(Cl)cc12,3.940815382368629,Inactive
Cc1ncc([N+](=O)[O-])n1CCO,3.554878614432498,Inactive
COc1cc(C(=O)Nc2nc3c(cc4c5c(cccc53)CC4)s2)cc(OC)c1OC,4.789736606693437,Inactive
C[C@@]1(COc2ccc(-c3ccc(F)cc3)cc2)Cn2cc([N+](=O)[O-])nc2O1,6.236572006437063,Active
CC(C)(C)C(=O)Nc1ccc2[nH]c(=O)n(CCC3CCCCC3)c(=O)c2c1,5.1487416512809245,Active
Fc1cnc(N2CCC(NC(c3cccnc3)c3ccc(Cl)cc3F)CC2)nc1,7.494850021680094,Active
Cc1ccc([C@@H]2C[C@H](O)Cc3cc(OC(F)(F)F)ccc3N2)o1,4.369572124974976,Inactive
S=C(N/N=C1\CCc2ccccc21)Nc1ccccc1,5.113509274827518,Active
Cc1ncc(-c2ccnc(Nc3ccc(S(C)(=O)=O)cc3)n2)n1C(C)C,5.939302159646388,Active
CC(C)(C)c1cc(/C=C/C(=O)c2c(O)c3ccccc3[nH]c2=O)cc(C(C)(C)C)c1O,5.886056647693163,Active
c1ccc(OCCCOc2cccc(-c3cc4ccc(C5=NCCN5)cc4o3)c2)cc1,5.327902142064283,Active
C[C@@H]1CC[C@H]2[C@@H](C)[C@](OO)(C(F)(F)F)O[C@@H]3O[C@@]4(C)C[C@@H]1[C@]32OO4,5.6020599913279625,Active
COc1ccc(Cl)cc1S(=O)(=O)N1CCN(c2ccc(OCCN(C)C)cc2)CC1,4.899629454882437,Inactive
CCCCC1(CCCC)C[C@@H](CNCCCn2ccnc2)[C@@](CCCC)(OC)OO1,5.207608310501746,Active
Cc1ccc(S(=O)(=O)Cn2nnnc2C(c2cccnc2)N2CCN(c3ccccc3)CC2)cc1,6.499996931948306,Active
c1ccc2c3c([nH]c2c1)CN(Cc1ccncc1)CC3,3.916139199133427,Inactive
CSCC[C@@H](C(=O)N(C)[C@H](C(=O)N(C)[C@H](C(=O)N(C)[C@H](C(=O)NCCc1ccccc1)C(C)C)C(C)C)C(C)C)N(C)C(=O)[C@@H](N)C(C)C,4.034798298974088,Inactive
CC1=CC[C@H](C(C)CCNc2ccccc2)CC1,4.046965542749644,Inactive
c1ccc(-c2cccc(Oc3cccc(Cn4ccnc4)c3)c2)cc1,6.549750891680639,Active
NC(=S)N/N=C(/COc1ccc(Br)cc1)c1ccc(Cl)cc1,5.036212172654444,Active
CC(=O)Nc1ccc2[nH]c(=O)n(C3CCN(C(=O)OC(C)(C)C)C3)c(=O)c2c1,4.267606240177032,Inactive
CCc1ccc(-c2c[nH]cc2C(c2ccc(Cl)cc2Cl)n2ccnc2)cc1,7.180456064458132,Active
CN(C)c1ccc(S(=O)(=O)Nc2cccc3cccnc23)c2ccccc12,5.1438755557577,Active
O=C1C(=O)c2ccccc2C2=C1C[C@@H]1CC=C[C@@H]1O2,4.20342566678957,Inactive
Cc1ccccc1C(=O)Nc1cc(-c2ccccc2)ccn1,4.180456064458132,Inactive
CSc1ccc(C(=O)/C=C/c2ccc([N+](=O)[O-])o2)cc1,5.031050319018657,Active
CS/C(=C/[N+](=O)[O-])NCCCO,4.045275209020937,Inactive
Cc1nc(-c2ccccn2)nc(N2CCCC2)c1Cl,6.275724130399211,Active
CC(C)(C)CC(=O)N1CCC(NC(c2ccc(Cl)cc2)c2cccnc2)CC1,7.508638306165727,Active
COc1cc(-c2ccc(-c3ccccc3)o2)cc(OC)c1OC,4.536053511020249,Inactive
COc1ccc(/C=C(\C)C(=O)/C=C/c2ccccc2Br)cc1,4.663540266151471,Inactive
CC(C)(C)OC(=O)N1CCCC(c2cn3cccnc3n2)C1,4.1938200260161125,Inactive
Cc1cc2c(cc1C)[n+]1nc(C)c(C)cc1c1ccc(Br)n21,6.468521082957745,Active
Cc1c(F)cccc1C(=O)Nc1ccccn1,3.703334809738469,Inactive
COc1ccc(C2=NCCN2)cc1-c1cc2ccc(C3=NCCN3)cc2o1,4.468521082957745,Inactive
O=c1c2nc([N+](=O)[O-])cn2ccn1Cc1ccc(-c2ccc(OC(F)(F)F)cc2)cc1,7.366531544420414,Active
CCCCCCCCCCCCCCOc1ccc(C[N+](C)(C)C2CCCC2)cc1OC,6.301029995663981,Active
CC(C)c1ccc2c(c1)CC[C@H]1[C@](C)(C(=O)N[C@@H](Cc3ccccc3)C(=O)O)CCC[C@]21C,5.2403321553103694,Active
O=C1C=CC(=O)c2c(SCc3ccccc3)cccc21,4.844663962534939,Inactive
COc1ccc(Nc2nc(-c3ccccn3)cs2)cc1,5.585026652029182,Active
Cc1cc(O)c(C(c2cn([C@H]3C[C@H](O)[C@@H](CO)O3)c(=O)[nH]c2=O)c2c(O)cc(C)[nH]c2=O)c(=O)[nH]1,4.361510743045363,Inactive
CC1Cn2c(nc([N+](=O)[O-])c2C#Cc2ccc(CO)cc2)O1,5.79317412396815,Active
C[N+](C)(C)CCOP(=O)([O-])OCCCCCCCCCCC=C1C2CC3CC(C2)CC1C3,5.5003129173815966,Active
CC(O)CN1CCC(CNCc2cccc(Br)c2)CC1,4.650750649150703,Inactive
CC(C)OC(=O)/C=C/c1cc(O)c2c(c1)[C@@H](C(=O)OC(C)C)[C@H](c1ccc(O)c(O)c1)O2,6.187086643357144,Active
Cn1c(=O)/c(=C/N=c2\ccccn2C)s/c1=C\c1sc2ccc(F)cc2[n+]1C,5.694004117229196,Active
COCc1cc(O)c(C(=O)/C=C/c2cc(OC)c(OC)c(OC)c2)c(OC)c1,4.745935547085662,Inactive
Cc1ccc(N2CCN(CC(=O)N3CCN(c4ccc(C)cc4)CC3)CC2)cc1,4.615341987537721,Inactive
CC(C)[C@](C)(NCc1ccc2ncsc2c1)c1cn(C(CCS(C)(=O)=O)C(=O)COc2c(F)c(F)cc(F)c2F)nn1,7.920818753952375,Active
c1cc(-c2ccc3ncnc(Nc4nncs4)c3c2)cc(N2CCOCC2)c1,4.832682665251824,Inactive
Brc1ccc2[nH]c3c[n+](Cc4ccc5ccccc5c4)ccc3c2c1,4.752026733638194,Inactive
O=C(/C=C/c1ccc([N+](=O)[O-])o1)c1cccc(Br)c1,4.622693748931801,Inactive
O=C(N/N=C/c1ccc(F)cc1)c1nc2ccccc2[nH]1,3.639028116274064,Inactive
CC1(O)c2ccccc2-c2c1c(-n1ccnc1)nc1ccc(Br)cc21,5.856985199745905,Active
NC1=N[C@]2([C@H](O)N1)[C@@H](Cl)[C@H](CCl)[C@H]1CN3C(=O)c4cc(Br)c(Br)n4[C@@H]4NC(N)=N[C@@]43[C@@H]12,3.9208187539523753,Inactive
Oc1ccc(C2=NCCN2)cc1-c1cc2cc(C3=NCCN3)ccc2o1,4.2441251443275085,Inactive
Cc1cccc(N2CCN(c3nc(-c4ccccn4)nc4ccccc34)CC2)n1,5.721246399047171,Active
Cc1cc(NCCN2CCCCC2)c2ccc3ccccc3c2n1,6.075255647520051,Active
CC1(C)OC2=C(C(=O)C(=O)c3ccccc32)C1n1cc(CO)nn1,3.4582959767157115,Inactive
O=[N+]([O-])c1ncn(CCCCNc2ccnc3cccnc23)n1,6.337242168318426,Active
[O-][n+]1onc2cc(C=Cc3ccc(Cl)cc3)ccc21,5.0835460514500745,Active
O=C(NCc1ccc(Cl)cc1)C1CN(C(=O)c2ccc(F)cc2)CCS1,4.499999953328896,Inactive
C/C(=N\NC(N)=S)C(C)Oc1ccc(Cl)cc1,4.8696662315049934,Inactive
O=[N+]([O-])c1cccc(Nc2cncc(-c3ccccc3CO)c2)c1,4.399999967876858,Inactive
COc1ccc(/C=C/C(=O)/C(C)=C/c2ccc(N(C)C)cc2)cc1,4.696803942579511,Inactive
N=C(N)c1ccc2oc(-c3ccc(OCCCCCCOc4ccccc4)cc3)cc2c1,6.187086643357144,Active
CC1=CC2=C(C=O)C(=O)[C@](C)(O)[C@@H](O)C2=CO1,4.094204119632131,Inactive
COc1cc(O)cc(O)c1C(=O)/C=C/c1ccc(C(F)(F)F)cc1,5.0655015487564325,Active
COC(=O)c1ccc(NCc2cncn2Cc2ccccc2N)cc1-c1ccccc1,8.301029995663981,Active
N#Cc1c(-c2cccs2)[n+]([O-])c2ccc(Cl)cc2[n+]1[O-],5.1487416512809245,Active
COc1nc(Nc2ccc(C#N)cc2)nc(Nc2c(Br)cc(C)cc2Br)n1,5.1605219526258015,Active
O=C1CSC(c2ccccc2)N1CCNc1ccnc2cc(Cl)ccc12,5.153662887870195,Active
O=C(Cn1cnc([N+](=O)[O-])n1)NCc1ccc(C(F)(F)F)cc1,4.983175506332512,Inactive
CC1(CNC(=O)COc2ccc(OC(F)(F)F)cc2)CCn2cc([N+](=O)[O-])nc2O1,5.769551078621726,Active
CCCCCCCCCn1cc(COC(C)=O)[n+](C)n1,5.27083521030723,Active
COc1cccc(Nc2nc(NCCO)c3ccccc3n2)c1,4.876154563284115,Inactive
CC[C@H](CO)Nc1nc(NCc2ccccc2O)c2ncn(C(C)C)c2n1,4.204815410317576,Inactive
CC(C)Oc1ccc(C(c2cccnc2)N2CCC(NC(=O)OC(C)(C)C)CC2)cc1,7.602059991327962,Active
C=CC(C)(C)c1cc2cc3c(cc2oc1=O)OC(C)(C)[C@@H](O)C3,4.446116973356125,Inactive
COc1cc(C=O)cc2c1O[C@@H]1C3=C(OC[C@H]21)C(=O)c1ccccc1C3=O,5.8996294548824375,Active
CO/N=C(\C)c1ccc(-n2ccnc2)c(NC(=O)c2cc(-c3ccccc3)cs2)c1,7.838631997765025,Active
CN(C)CCOC1OC[C@H](Cc2ccc3c(c2)OCO3)[C@@H]1Cc1ccc2c(c1)OCO2,5.327902142064283,Active
O=C(Nc1ccc(Br)cc1)c1cc(Cl)ccc1O,5.416801226031377,Active
CC1(COCc2ccc(OC(F)(F)F)cc2)Cn2cc([N+](=O)[O-])nc2S1,4.2441251443275085,Inactive
COc1ccc(C2CC(=O)C3=C(C2)NC(C)=C(C(=O)OCCc2ccccc2)C3c2ccncc2)cc1,6.388877049015175,Active
Cc1ccnc(Nc2ncnc3ccc(-c4cccc(N5CCOCC5)c4)cc23)n1,4.621602099051862,Inactive
N#Cc1ccc(C(c2ccn(-c3ccc(C#N)cc3)c2)n2ccnc2)cc1,4.07350321072678,Inactive
O=C(Nc1c(O)cccc1-c1nc2c(C(=O)O)cccc2o1)c1cccc(Cl)c1,5.714442690992226,Active
CCC(=O)N1CCCC(c2nc3ncc(Cl)cc3[nH]2)C1,4.1938200260161125,Inactive
C=CCc1ccc(OCCCc2cn(Cc3cccc(Br)c3)nn2)c(OC)c1,3.008685301823389,Inactive
C=CCOc1cc(OC)c(C(=O)/C=C/C=C/c2ccccc2)c(OCC=C)c1,4.123782159408358,Inactive
CCCCCCN(CCCCCC)c1ccc2nc3ccc(N4CCCCC4)cc3[o+]c2c1,7.67778070526608,Active
O=C(N/C(=C/c1cccnc1)c1nc2ccccc2[nH]1)c1cccc(Br)c1,4.723538195826756,Inactive
Cc1cccc(Nc2nc(-c3ccccn3)cs2)n1,5.588587390776056,Active
CCOC(=O)Cn1cc(CN[C@@H](C)[C@H]2CC[C@H]3[C@@H]4CC=C5C[C@@H](OC(C)=O)CC[C@]5(C)[C@H]4CC[C@]23C)nn1,5.309803919971486,Active
Cc1ccc(S(=O)(=O)Nc2ccc(CN3CCN(C(=O)c4cccc(C)c4)CC3)cc2)cc1,4.447128066056759,Inactive
COc1ccc(-c2cnc(NC(=O)c3ccncc3)n2C)cc1,4.356547323513812,Inactive
COc1ccc2nc(-c3ccc(S(C)(=O)=O)cc3)c(-c3ccc(Cl)cc3)nc2c1,4.700057099977233,Inactive
Cc1ccc(Oc2nc(Cl)nc(Nc3ccc(C#N)cc3)n2)c(Cl)c1,4.698970004336019,Inactive
N#Cc1ccccc1OCC(=O)NCCc1nc2ccccc2[nH]1,5.187086643357144,Active
CC1(COC(=O)N2CCN(c3ccc(F)cc3)CC2)Cn2cc([N+](=O)[O-])nc2O1,6.091514981121351,Active
CCS(=O)(=O)N[C@H]1CC[C@H](Nc2ncc3c(CC(C)C)n[nH]c3n2)CC1,6.199998172182031,Active
COc1cc(-n2cc(Cn3cnc([N+](=O)[O-])n3)nn2)cc(OC)c1OC,5.539102157243452,Active
N=C(Nc1ccc(-c2cccc(-c3cccc(NC(=N)c4ccccn4)c3)c2)cc1)c1ccccn1,6.411168274405792,Active
CCCC1=C(O)C(C)(CCCCCCO[Si](C)(C)C(C)(C)C)SC1=O,3.823908740944319,Inactive
CN(CCOc1ccc(Cl)cc1)Cc1nc(N)nc(N(C)C)n1,5.100000128334196,Active
Cn1c(SCC(=O)N2CCN(c3ccccc3)CC2)nnc1-c1ccc(Br)cc1,3.700000003258169,Inactive
COc1ccc([C@@H]2c3cc(Cl)ccc3N[C@H](c3ccccc3)[C@H]2C)cc1,5.104577453960592,Active
C1=C(c2cnc3ccccc3c2)C2CCN1CC2,4.140261433802853,Inactive
O=C(NCCCn1cnc([N+](=O)[O-])n1)c1cc2ccccc2s1,4.832682665251824,Inactive
O=[N+]([O-])c1cn2c(n1)SCC(Oc1ccc(OC(F)(F)F)cc1)C2,5.154901959985743,Active
C/C(=N\N=C1/SCC(=O)N1C)c1ccccn1,4.018317272628715,Inactive
COC(=O)[C@H](CC1CCCCC1)NC(=O)[C@]1(C)CCC[C@]2(C)c3ccc(C(C)C)cc3/C(=N\O)C[C@@H]12,5.251811972993799,Active
Cc1ncc([N+](=O)[O-])n1CCOC(=O)Nc1ccncc1Br,4.070070439915412,Inactive
C=CCc1ccc(OCC(O)Cn2cc(COc3ccc([N+](=O)[O-])cc3)nn2)c(OC)c1,3.827105302247824,Inactive
COc1cc(/C=N/NC(=O)/C=C/c2cc(OC)c(OC)c(OC)c2)cc([N+](=O)[O-])c1O,4.7447274948966935,Inactive
CN(C)c1nccn2c(-c3ccc4[nH]ncc4c3)c(-c3ccc(F)cc3)nc12,4.888737486340935,Inactive
Cc1cc(C)cc(Oc2cccc(Cn3ccnc3)c2)c1,6.481486060122113,Active
CC(C)COC(=O)SCCOc1ccc(Oc2ccccc2)cc1,4.718966632752273,Inactive
COc1ccc(CN(CCc2ccccc2)CCc2c[nH]c3ccccc23)cc1O,4.789681480173768,Inactive
COc1ccc(CNC(=O)c2c([N+](=O)[O-])noc2-c2ccc([N+](=O)[O-])cc2)cc1OC,5.886056647693163,Active
Clc1ccc(C(c2c[nH]cc2-c2ccc(Cl)cc2-n2cccc2)n2ccnc2)c(Cl)c1,4.968591535748375,Inactive
Nc1ncnc2c1c(Br)cn2[C@@H]1O[C@H](CO)[C@@H](F)[C@H]1O,6.431798275933005,Active
Clc1ccc(N2CCC(Nc3ncc4c(C5CCOCC5)n[nH]c4n3)CC2)nn1,5.800000874803203,Active
O=c1c(-c2ccc(O)cc2)coc2cc(O)cc(O)c12,4.136677139879544,Inactive
N=C(N)c1ccc(-c2cc(N)cc(-c3ccc(C(=N)N)cc3)c2)cc1,3.826813731587726,Inactive
Cc1c(C(=O)N/N=C/c2ccc([N+](=O)[O-])o2)no[n+]1[O-],4.300162274132754,Inactive
CC[C@H]1CC[C@@H](n2c(=O)[nH]c3ccc(N)cc3c2=O)CC1,6.481486060122113,Active
O=C(CN1CCC2(O)CCCCC2C1c1ccc2c(c1)OCO2)Nc1ccc(Cl)cc1Cl,5.499999678657065,Active
O=Cc1cn([C@H]2C[C@H](O)[C@@H](CO)O2)c(=O)[nH]c1=O,6.045757490560675,Active
O=[N+]([O-])c1ncn(CCCN2CCN(Cc3ccc(C(F)(F)F)cc3)CC2)n1,6.468521082957745,Active
COc1ccc(CN2CCCC(C(=O)N3CCCC3)C2)c(OC)c1OC,5.995678626217358,Active
COC(=O)/C(C#N)=C/c1cn([C@H]2C[C@H](O)[C@@H](CO)O2)c(=O)[nH]c1=O,5.136677139879544,Active
CS/C(=C/[N+](=O)[O-])Nc1ccc(O)cc1,4.171984935776023,Inactive
Cc1noc(N2CCN(C(c3ccc(C(F)(F)F)cc3)c3cncnc3)CC2)n1,6.71556926615548,Active
CC(C)NC(=N)c1cccc(-c2cc3cc(C(=N)NC(C)C)ccc3o2)c1,4.886056647693163,Inactive
COc1cc(/C=N/Nc2ncnc3sc4c(c23)CCCC4)cc(OC)c1OC,5.142667503568732,Active
OC[C@@H]1CC2CCN1C[C@@H]2C#Cc1ccc2ccccc2c1,4.645891560852599,Inactive
Cc1cc(NCc2cncn2Cc2ccc(-c3ccccc3)cc2F)ccc1F,7.275724130399211,Active
CNc1ncnc2c1ccn2[C@@H]1O[C@H](CO)[C@@H](O)[C@H]1O,6.346787486224656,Active
O=Cc1ccc([N+](=O)[O-])s1,5.294992040666664,Active
COc1cc2c(cc1C(C)NC(=O)/C=C/c1ccccc1)C=CC(C)(C)O2,4.636388020107856,Inactive
O=C(/C=C/c1ccc(O)cc1)c1ccc(O)cc1O,4.684029654543083,Inactive
CCCCC/C=C/CCCc1ccc(O)cc1,3.989276134608227,Inactive
Cc1csc(C(=O)NCCCn2cnc([N+](=O)[O-])n2)c1,5.5934598195660445,Active
Clc1ccc(C(NCCc2c[nH]c3ccccc23)c2cccnc2)cc1,7.853871964321762,Active
COc1cccc(C2Nc3cccnc3[C@H]3c4ccccc4C[C@@H]23)c1,6.267606240177032,Active
C=CCc1ccc(OCCCCCCCCCCCCCCCCCC)c(OC)c1,4.367795866949173,Inactive
COc1ccc2c(c1)O/C(=C\c1ccc(O)c(O)c1)C2=O,4.578396073130169,Inactive
COc1c(C)n(OC)c2c(c1=O)[C@@H](CCCCCc1ccccc1)CC[C@H]2OC,7.397940008672037,Active
OC1(C#Cc2ccc(OCc3ccccc3)cc2)CN2CCC1CC2,5.017728766960431,Active
FC(F)(F)Oc1ccc(C2=CC(c3ccc[nH]3)=N/C2=C\NC23CC4CC(CC(C4)C2)C3)cc1,6.400116927926312,Active
CC(c1ccccc1)N1CCC(NC(c2cccnc2)c2ccc(Cl)cc2F)CC1,6.503070351926785,Active
CC(C)CCNCC(O)Cn1c2ccccc2c2ccccc21,5.172167597272,Active
COC(=O)c1cc2c([nH]c3ccccc32)c(C2Nc3ccccc3C(=O)N2c2ccc(Cl)cc2)n1,5.414539270491499,Active
CN(C)C(=O)N1CCC(NC(c2ccc(C(F)(F)F)cc2)c2cnccn2)CC1,6.301029995663981,Active
CCCCCCCCCCCCCCCCCCOP(=O)([O-])OC1CC[N+](CC)(CC)CC1,6.3979400086720375,Active
CN(C)c1ccc(/C=C2\CCC/C(=C\c3ccc(N(C)C)cc3)C2=O)cc1,4.730487055782084,Inactive
CCCC(=O)N1CCCC(O)(c2cc3ncccc3[nH]2)C1,4.1938200260161125,Inactive
COc1ccc2[nH]cc(C(c3ccc([N+](=O)[O-])o3)c3c[nH]c4ccc(OC)cc34)c2c1,4.428640607246161,Inactive
CC(C)(C)c1ccc(CN2C3=NCCN3c3cc(Cl)ccc32)cc1,5.321026624080234,Active
Cc1ccc(S(=O)(=O)Oc2c([N+](=O)[O-])c(=O)n(C)c3ccccc23)cc1,5.6020599913279625,Active
c1ccc(-c2nc(N3CCc4cccnc4C3)c3ccccc3n2)nc1,5.130768280269024,Active
CCCC[C@H]1CNC(=N)N1CCC12CC3CC(CC(C3)C1)C2,5.327902142064283,Active
COC(=O)C1=NN(c2ccccc2)[C@@H]2N1c1ccccc1N1C(C(=O)OC)=NN(c3ccccc3)[C@@]21C,5.367542707815276,Active
CC(C)[C@@H](C)/C=C/[C@@H](C)[C@H]1CC[C@@H]2[C@]1(C)CC[C@H]1[C@]23C=C[C@]2(C[C@@H](O)CC[C@]12C)OO3,5.048176964684088,Active
OC[C@H]1O[C@@H](n2ccc3c(NCc4ccccc4)ncnc32)[C@H](O)[C@@H]1O,5.126098402135539,Active
O=C(/N=C(/NCc1ccccc1)Nc1ccc(Br)cc1)c1ccccc1,4.899629454882437,Inactive
FC(F)(F)c1ccc(N2CCC(NC(c3cccnc3)c3cnn(Cc4ccccc4)c3)CC2)cc1,8.221848749616356,Active
COc1cc(C2=NCCN2)ccc1-c1cn(-c2cccc(C3=NCCN3)c2)nn1,4.602407565961883,Inactive
O=Cc1ccc(-c2cc(Cl)cn3c([N+](=O)[O-])c(CS(=O)(=O)c4ccccc4)nc23)cc1,5.42021640338319,Active
c1ccc(CCNCc2cncc3nc(-c4cnccn4)n(C4CCCCC4)c23)cc1,6.900008766455316,Active
Cc1cn[nH]c1C1CCCN(Cc2nc3ccccc3n2C)C1,5.0,Active
O=[N+]([O-])c1c(CS(=O)(=O)c2ccccc2)nc2c(-c3ccccc3C(F)(F)F)cc(Cl)cn12,5.795880017344075,Active
CC1(COCc2ccc(OC(F)(F)F)cc2)Cn2c([N+](=O)[O-])cnc2S1,5.136677139879544,Active
CCCCNc1nc2ccccc2nc1SC,4.031050319018657,Inactive
O=C(CCN1CCN(c2ccc(Cl)cc2)CC1)c1csc2ccc(F)cc12,4.7544873321858505,Inactive
COc1ccc2c(c1)cc1c3cc(C#N)ccc3nc-1n2C,6.0,Active
CC1(C)CCc2cc(CNCCCc3ccccc3)c(O)cc2O1,3.872895201635192,Inactive
CO[C@@H]1C(=O)C[C@H]2O[C@]1(C)n1c3ccccc3c3c4c(c5c6ccccc6n2c5c31)C(=O)NC4,7.67778070526608,Active
CCOC(=O)CCCN(CCc1ccccc1)Cc1ccc(OC)c(O)c1,4.591929714112815,Inactive
O=[N+]([O-])c1ccc(Oc2c(Cl)cccc2Cl)c([N+](=O)[O-])c1Oc1c(Cl)cccc1Cl,4.09699997556969,Inactive
C=C(c1nc(-c2ccccc2)no1)C(O)CCCC,4.714442690992226,Inactive
Cc1cc(Sc2c(C(F)(F)F)cc(C(F)(F)F)cc2C(F)(F)F)c(Cl)cc1Cl,4.0,Inactive
CCn1c2c(c(=N)c3c1CCC3)CCCC2,5.0445571203584,Active
C[N+](C)(C)CCOP(=O)([O-])OCCCCCCCCCCCC12CC3CC(CC(C3)C1)C2,5.224025668870631,Active
COc1cc(C2=NCCN2)ccc1OCCCOc1ccc(C2=NCCN2)cc1OC,4.460923901207224,Inactive
CCCN(CCC)c1c([N+](=O)[O-])cc(S(=O)(=O)NC2CC2)cc1[N+](=O)[O-],4.366531544420414,Inactive
COc1ccc(-c2ccccc2)c2c1C(C)=N[C@H](C)C2,4.125692166871961,Inactive
[O-][n+]1onc2ccc(/C=C/c3ccccc3)cc21,4.97061622231479,Inactive
COc1cccc(CNC(CN2CCN(C)CC2)c2ccccc2)c1,4.665091884842291,Inactive
Cc1cccnc1CN1CCN(CCCOc2ccc(-c3ccc(C(N)=O)cc3)cc2)CC1,4.900000142057633,Inactive
CN(C)CCOc1ccc(N2CCN(C(=O)c3ccc(Cl)cc3)CC2)cc1,5.366531544420414,Active
O=C(N/N=C/c1ccc(O)cc1)c1nc2ccccc2[nH]1,4.011441043121384,Inactive
Cc1ccnc(NC(c2cccc(OCc3ccccc3)c2)c2ccc3cccnc3c2O)c1,5.977971875535237,Active
Cn1c(-c2ccccc2)cnc1NC(=O)c1ccc(Br)cc1,4.431798275933005,Inactive
Brc1ccc(-c2csc(N/N=C/c3ccccn3)n2)cc1,5.653772245612768,Active
CC(C)C(=O)N1CCC[C@H]1C(=O)O,5.09312646527793,Active
Cc1ccc([C@@H]2C[C@H]3Cc4cc(Cl)ccc4N2O3)s1,4.490797477668897,Inactive
CCn1c2ccccc2c2nnc(SCCCCCNc3ccnc4cc(Cl)ccc34)nc21,5.048176964684088,Active
Cc1ccc(-c2cn(C3C4=C(OC3(C)C)c3ccccc3C(=O)C4=O)nn2)cc1,4.402304814074488,Inactive
CCCCOC(=O)c1ccc(Nc2cc(C)nc3ccc(OC)cc23)cc1,5.4350535690658015,Active
CC1(COC(=O)NCc2ccc(OC(F)(F)F)cc2)CCn2cc([N+](=O)[O-])nc2O1,6.494850021680094,Active
CCOc1ccc2nc(NC(=O)C3CC3)sc2c1,5.6020599913279625,Active
OCCCc1cn(CCCCCCCCCCCCF)nn1,4.5841089224972205,Inactive
O=C(Cn1cnc([N+](=O)[O-])n1)N1CCC(Cc2ccccc2)CC1,4.289290434275663,Inactive
C=Cc1cn([C@@H]2O[C@H](CO)[C@@H](F)[C@H]2O)c2ncnc(N)c12,6.187086643357144,Active
C#CCCCC(CCCC(=O)N(C)[C@H](C(=O)N[C@H](C(=O)N[C@H](C(=O)N(C)[C@H](C(=O)O[C@H](C(=O)N1CCC[C@H]1C(=O)OC)[C@@H](C)CC)C(C)C)C(C)C)C(C)C)[C@@H](C)CC)OC,5.958607314841775,Active
O=S(=O)(c1ccc(C(F)(F)F)cc1)N1CCC(NC(c2cnccn2)c2ccc(F)cc2F)CC1,6.443697499232712,Active
CCC(=O)CCCCCC(Oc1cc2ccccc2s1)c1ncc(Cc2ccncc2)[nH]1,6.739928612014925,Active
CC(C)(C)NC(=O)C(c1ccc(Cl)cc1)N(CC(=O)NCc1ccncc1)C(=O)c1cc2ccccc2[nH]1,5.1938200260161125,Active
OCCCc1cn(CCCCCCCCCI)nn1,4.169539649969033,Inactive
Brc1ccc(C(c2nnnn2C2CCCCC2)N2CCc3c([nH]c4ccccc34)C2)cc1,4.782516055786093,Inactive
NS(=O)(=O)c1ccc(Nc2nccc(-c3cnn4ncccc34)n2)cc1,6.047127677357636,Active
Clc1ccc2c(c1)C[C@@H]1C[C@@H](c3ccco3)N2O1,4.325138859262188,Inactive
COc1ccc(CN(CCc2ccc(Br)cc2)Cc2ccc(Cl)cc2)cc1O,4.2656002574794325,Inactive
Brc1ccc(C(c2c[nH]c3ccccc23)c2c[nH]c3ccccc23)cc1,4.328086987558413,Inactive
O=C(CCCc1ccccc1)c1ccc(OC(F)F)c(OC(F)F)c1,5.113509274827518,Active
CN(C)Cc1ccc(N2CCC(NS(=O)(=O)c3ccc(Cl)cc3)CC2)cc1,4.600000074606178,Inactive
CC1(CC#N)c2ccc(F)cc2Cn2cccc21,4.015247721884586,Inactive
N#Cc1ccc(S(=O)(=O)N2CCN(Cc3cccc(-c4ccncc4)c3)CC2)cc1,5.899998417198648,Active
Cc1cnc2c(c1)C(=O)C=C(Nc1ccccc1)C2=O,5.237321436272564,Active
COC(=O)[C@H](Cc1ccccc1)N=C=S,6.0,Active
O=C1C=C(n2cc(CN3C(=O)c4ccccc4C3=O)nn2)C(=O)c2ccccc21,4.342466112442014,Inactive
Clc1ccc(CN2CCN(Cc3ccc(Cl)cc3)C2c2ccccc2Cl)cc1,4.958607314841775,Inactive
Fc1ccccc1OC1CCN(C(c2ccc(C(F)(F)F)cc2)c2cccnc2)CC1,7.207608310501746,Active
O=[N+]([O-])c1nc2n(n1)CC(OCc1ccc(OC(F)(F)F)cc1)CO2,6.136677139879544,Active
CN1/C(=C/C=C/C=C/c2sc3ccccc3[n+]2C)Sc2ccccc21,6.853871964321762,Active
CC1CCCN(S(=O)(=O)c2cccc3ccccc23)C1,5.161150909262744,Active
CCN(CC)c1nc(-c2ccccn2)nc(C)c1Cl,5.913640169325252,Active
CC(C)=CCC/C(C)=C/CC/C(C)=C/COc1ccccc1/C=C/C(=O)c1ccccc1,4.158828305500468,Inactive
CC1(C)CC[C@]2(C(=O)O)CC[C@]3(C)C(=CC[C@@H]4[C@@]5(C)CC[C@H](O)[C@@](C)(CO)[C@@H]5CC[C@]43C)[C@@H]2C1,4.210419287835575,Inactive
CN(C)CCOc1ccc(OC2CCN(S(=O)(=O)c3ccc(F)cc3)CC2)cc1,5.667561540084395,Active
O=[N+]([O-])c1cn2c(n1)O[C@@H](COc1ccc(-c3ccc(F)cc3)nc1)CC2,7.062983892535186,Active
COc1cc([C@H]2Oc3ccc(Cl)cc3[C@@H]2C)ccc1O,4.79317412396815,Inactive
Cc1nc2ccccc2nc1C(=O)N/N=C/c1ccccc1O,4.698970004336019,Inactive
CC(C)n1cc(C(NC2CCN(c3ccc(C(F)(F)F)cc3)CC2)c2cccnc2)cn1,7.5376020021010435,Active
C/C(=N\Nc1nc(-c2ccccc2)cs1)c1ccccn1,5.950390513252085,Active
CCN(CC)CCCNc1nc2ccc(Nc3ccccc3C(=O)O)cc2s1,5.698970004336019,Active
Brc1cccc2c1[nH]c1c[n+](Cc3ccccc3)ccc12,4.177178354696896,Inactive
Nc1ncnc2c1c(-c1ccc(Cl)c(Cl)c1)cn2[C@@H]1O[C@H](CO)[C@@H](F)[C@H]1O,6.657577319177793,Active
O=[N+]([O-])c1cn2c(n1)OC(COc1ncc(C(F)(F)F)cn1)CC2,5.481486060122113,Active
CCN(CC)c1ncc(C(=O)c2ccc([N+](=O)[O-])o2)s1,5.088587484598505,Active
Cc1ccc(C[Se]C#N)cc1,5.121191067640795,Active
CCCn1c(NC(=O)Cc2ccccc2)nc2ccccc21,5.3979400086720375,Active
CC1(C)C=Cc2cc(CNCCc3ccccc3)c(O)cc2O1,4.552841968657781,Inactive
O=C(CCc1ccccc1)c1ccc(OC(F)F)c(OC2CCOC2)c1,5.508638306165727,Active
CC(C)NC(=N)c1cccc(OCCCCOc2cccc(C(=N)NC(C)C)c2)c1,4.714442690992226,Inactive
CCc1nc2c([nH]1)C(N)=NS(=O)(=O)N2,4.54515513999149,Inactive
C=C(c1nc(-c2ccccc2)no1)C(O)c1ccc([N+](=O)[O-])cc1,5.107905397309519,Active
CCC[n+]1ccc(/C=C2\Sc3ccccc3N2C)c2ccccc21,7.886056647693163,Active
CC(C)(C)[C@H]1CC[C@@H](n2c(=O)[nH]c3ccc(N)cc3c2=O)CC1,7.657577319177793,Active
CC(=O)SCCCCC[C@H](NC(=O)[C@H]1CCC(=O)N1)C(=O)Nc1cccc(C(F)(F)F)c1,5.400116927926312,Active
Cc1cccc2c(NCc3ccco3)nc(NC(C)C)nc12,5.376750709602099,Active
COc1cccc(Nc2cc(C)nc(-c3ccccn3)n2)c1,5.188587549874739,Active
COc1ccc(/C=C/C=C2C(=O)CCC2=O)cc1,5.154281982033341,Active
C[C@@H]1CC[C@H]2[C@@H](CCCc3ccc(Cl)cc3)C(O)O[C@@H]3O[C@@]4(C)CC[C@@H]1[C@]32OO4,5.314258261397736,Active
O=[N+]([O-])c1cn2c(n1)OC[C@H](OCc1ccc(-c3ccc(OC(F)(F)F)cc3)nn1)C2,5.638272163982407,Active
CNc1nc(I)nc2c1ncn2[C@@H]1O[C@H](C)[C@@H](O)[C@H]1O,3.701146923590293,Inactive
C=C[C@@H](c1cc(CC=C(C)C)ccc1O)c1cc(CC=C(C)C)c(OC)cc1O,5.550521600812635,Active
CC(C)c1cc2c(cc1O)[C@@]1(C)CCCC(C)(C)[C@@H]1CC2=O,4.5398541825082495,Inactive
CCCC[C@]1(OC)OOC(c2ccccc2)(c2ccccc2)C[C@H]1CNCCCn1ccnc1,5.376750709602099,Active
O=[N+]([O-])c1ccc(/C=N/N=c2\[nH]c(-c3ccc(Cl)cc3)cs2)s1,5.309803919971486,Active
O=C1/C(=C/c2cccc(Br)c2)CCC/C1=C\c1cccc(Br)c1,4.316502682320189,Inactive
O=[N+]([O-])c1ccc(-c2nnn(-c3cccnc3)n2)o1,4.800000052738446,Inactive
Cc1cc(C)c(C)c(S(=O)(=O)N2c3ccccc3CC2C)c1C,6.638272163982407,Active
COc1ccc(CNC(=O)c2c([N+](=O)[O-])noc2-c2ccc(Cl)cc2)cc1OC,5.503762454833264,Active
Clc1ccc(CN2CCN(Cc3ccc(Cl)cc3)C2c2ccccc2)cc1,5.301029995663981,Active
C=CCN1C(=O)CS\C1=N/N=C/C=C/c1ccc([N+](=O)[O-])s1,5.688246138944246,Active
COC(=O)c1cc(O)ccc1O,4.008685301823389,Inactive
Fc1ccc2[nH]cc(C(c3ccc(Cl)cc3)c3c[nH]c4ccc(F)cc34)c2c1,4.503347060749082,Inactive
O=C(N/N=C/c1ccc(F)cc1)/C(=C/c1cnn(-c2ccccc2)c1)c1ccccc1,2.611303125509818,Inactive
COc1cc2c(cc1C(C)NCCc1ccccc1)C=CC(C)(C)O2,5.040958607678906,Active
N=C(N)c1ccc2cc(-c3ccc(OCCCCCOc4ccccc4)cc3)oc2c1,5.537602002101044,Active
O=C1C(Oc2ccccc2)=CC(=O)c2c(O)cccc21,5.075204004202088,Active
N#Cc1c(N2CCN(c3cccc(C(F)(F)F)c3)CC2)[n+]([O-])c2ccc(Cl)cc2[n+]1[O-],5.173925197299174,Active
Cc1cc(C)c(CCCC=O)c(C)c1O,3.313900228004084,Inactive
O=C(NNc1nc(Cl)nc(Cl)n1)c1cc2c([nH]c3ccccc32)c(-c2ccccc2Cl)n1,4.467245621007502,Inactive
O=[N+]([O-])c1cn2c(n1)OC(COCc1ccc(OC(F)(F)F)cc1)C2,6.958607314841775,Active
O=C(c1cc2c([nH]c3ccccc32)c(-c2ccccc2)n1)N1CCN(c2ccccc2F)CC1,4.651695136951839,Inactive
C[n+]1cccc2[nH]c3ccccc3c21,3.701146923590293,Inactive
O=C1C=C(Oc2ccccc2)C(=O)c2cc3ccccc3cc21,6.468521082957745,Active
CC(C)(C)/[N+]([O-])=C/c1ccc([N+](=O)[O-])s1,4.946153573147748,Inactive
CC(O)(C1CCCNC1)[C@H]1CC[C@H]2[C@@H]3CCC4C[C@@H](O)CC[C@]4(C)[C@H]3CC[C@]12C,5.318758762624412,Active
O=[N+]([O-])c1ccc(C(c2ccn(-c3ccc([N+](=O)[O-])cc3)c2)n2ccnc2)cc1,4.751536282448968,Inactive
O=C(Nc1ccc2c(c1)B(O)OC2)c1cn(-c2ccccn2)nc1C(F)(F)F,6.1938200260161125,Active
COc1ccc(/C=N/Nc2nnc(-c3ncc([N+](=O)[O-])n3C)s2)cc1O,4.296708621881338,Inactive
COc1cc2c(cc1OC)/C(=N/NC(=S)Nc1ccc(Cl)cc1)CC2,6.0,Active
CCC(=O)N(CCCCNC(=N)N)C1CCN(CCc2ccccc2)CC1,4.637894680706227,Inactive
C=C(C(=O)Oc1ccccc1C(=O)OC)C(O)c1ccc([N+](=O)[O-])cc1,4.945386945443112,Inactive
CCn1ncc(CN2CCCC(C(=O)c3cccc(OC(C)C)c3)C2)c1C,7.251811972993799,Active
N=C(N)c1ccc(/N=N/Nc2ccc(C(=N)N)cc2)cc1,2.0409586076789066,Inactive
O=[N+]([O-])c1c(CO)nc2c(Br)cc(Cl)cn12,4.334419008982047,Inactive
COc1cc(/C=C/C(=O)c2ccc(OC)c(OC)c2OC)cc(OC)c1,5.080921907623926,Active
COc1cc(/C=C/C(=O)c2ccccc2F)cc(OC)c1,5.455931955649724,Active
CC1(c2ccc(-n3ccnc3)cc2)CO1,3.7269987279362624,Inactive
CC(C)c1ccc(NC(=O)O[C@H](Cn2ccnc2)c2ccc(Cl)cc2)cc1,8.853871964321762,Active
COc1cc2c(cc1C(C)OCc1ccccc1)C=CC(C)(C)O2,4.673664139071248,Inactive
NS(=O)(=O)c1ccc(C[Te]c2ccccc2)cc1,6.251811972993799,Active
COc1ccc2[nH]cc(C(c3cc(F)cc(F)c3)c3c[nH]c4ccc(OC)cc34)c2c1,4.417766136079007,Inactive
CC(O)CN1CCC(CNCc2cccc(OC(F)(F)F)c2)CC1,4.810387724789651,Inactive
CCOC(=O)CC[C@@H](C)[C@H]1CC[C@H]2[C@@H]3[C@H](OC(C)=O)C[C@@H]4C[C@H](O)CC[C@]4(C)[C@H]3CC[C@]12C,3.530177984021837,Inactive
COc1cc(C(=N)N)ccc1OCCCOc1ccc(C(=N)N)cc1OC,5.161780778092374,Active
O=[N+]([O-])c1ccc(/C=N/N=c2\[nH]nc(Cl)c3ccccc23)o1,5.200659450546418,Active
O=[N+]([O-])c1ccc(/C=N\NS(=O)(=O)c2ccc(-c3ccccc3)cc2)o1,5.650722472532045,Active
CCn1ncc(-c2cc(C(F)(F)F)nc(N3CCC(N)CC3)n2)c1C,4.925081577928395,Inactive
CCCCCCCCCCc1c(O)cc(C)oc1=O,3.929223537156565,Inactive
COc1ccc2nc(SC)c(NC3CCCCC3)nc2c1,4.667561540084395,Inactive
CC/C(=C\c1ccc(Cl)cc1)C(=O)/C=C/c1ccc([N+](=O)[O-])cc1,4.991399828238082,Inactive
CC(C)=NNc1ncnc2sc3c(c12)CCCC3,4.391473966422806,Inactive
OC(c1cccnc1)(c1cccs1)c1ccccc1Cl,6.462180904926726,Active
Cn1cc(-c2ccc(Cl)cc2)c(C(c2ccc(Cl)cc2Cl)n2ccnc2)c1,5.366531544420414,Active
Cc1ccc(NC(=O)c2ccc(CNS(=O)(=O)c3ccc(N4CCN(C)CC4)cc3)cc2)cn1,4.055517327849831,Inactive
C[C@H]1CN([C@@H](C)CO)C(=O)c2cccc(NC(=O)c3ccncc3)c2O[C@@H]1CN(C)Cc1ccccc1,7.920818753952375,Active
C/C(=N\Nc1nc(-c2cccc([N+](=O)[O-])c2)cs1)c1ccccn1,5.783669123549856,Active
CC(C)c1cc(C(=O)N2CCCC(O)(c3cc4ncccc4n3S(=O)(=O)c3ccccc3)C2)on1,4.1938200260161125,Inactive
OC(c1ccc(C(F)(F)F)cc1)(c1cccnc1)c1cc2ccccc2s1,7.698970004336019,Active
CS(=O)(=O)c1ccc(N2CCC(N(c3ccc(Cl)cc3)c3cccnc3)CC2)cc1,8.679853713888946,Active
Cc1ccc(-c2cc(=O)[nH]c3c([N+](=O)[O-])cccc23)cc1,5.040958607678906,Active
N#Cc1cccc(-c2cc(Cn3ccnc3[N+](=O)[O-])on2)c1,4.393618634889395,Inactive
Cn1/c(=N/C=C/c2sc3ccc(Cl)cc3[n+]2C)sc2ccccc21,8.154901959985743,Active
O=[N+]([O-])c1cn2c(n1)OCC(OCc1ccc(OCc3ccccc3)cc1)CC2,6.585026652029182,Active
O=C(CN(Cc1ccccn1)Cc1ccccn1)NCc1csc(-c2cccs2)n1,5.200000237109354,Active
C=CCCCCCCCCCCCCC/C=C1/C[C@H](CO)OC1=O,4.882728704344236,Inactive
COc1cccc(Cc2noc(-c3ccc(F)cc3OC3CCNCC3)n2)c1,4.991399828238082,Inactive
CC(C)NC(=N)c1ccc2oc(CCc3cc4ccc(C(=N)NC(C)C)cc4o3)cc2c1,5.705533773838407,Active
C=CCNC(=S)N/N=C/c1ccnc2ccccc12,4.769551078621726,Inactive
C=C(C#N)C(O)c1ccccc1,4.30715308072277,Inactive
COc1cccc(CN2CCC(N(c3ccc(C(F)(F)F)cc3)c3cccnc3)CC2)c1,7.251811972993799,Active
Fc1ccc(F)c(-c2ccc(CN3C4=NCCN4c4ccccc43)cc2)c1,5.347753658996677,Active
Nc1c(C2=NCCN2)cnn1-c1ccccc1,4.074687908500351,Inactive
N#Cc1ccc2nc(NC(=O)c3cnc(C(F)(F)F)nc3)n(CC(F)(F)F)c2c1,6.619788758288394,Active
COc1nn(C)c2ccc([N+](=O)[O-])cc12,4.605548319173784,Inactive
COc1cc(S(=O)(=O)N(Cc2ccccc2)Cc2ccccc2)c(OC)cc1C,6.299997602857746,Active
CCN(CC)CCOc1ccc(/C(=C(/Cl)c2ccccc2)c2ccccc2)cc1,4.941194513324093,Inactive
O=C(NCCc1csc(-c2ccc(F)cc2)n1)c1ccco1,5.800000874803203,Active
Nc1ccc2[nH]c3ccc(N)cc3c(=O)c2c1,3.493494967595128,Inactive
CC(=O)O[C@@H]1O[C@H]2OCC3=C(C)[C@@H]([C@@]4(C)CCCC(C)(C)C4)CC[C@@H]1[C@H]32,4.950781977329818,Inactive
COc1ccccc1C1CC(c2ccc(NS(C)(=O)=O)cc2)=NN1C(=O)c1cccs1,4.600000074606178,Inactive
Cc1ccc(C(c2ccn(-c3ccc(F)cc3)c2)n2ccnc2)cc1,4.559405738160169,Inactive
CC(C)(C)c1ccc(C2=CC(=O)c3ccccc3C2=O)cc1,4.590066876668706,Inactive
O=C(N[C@H]1COc2nc([N+](=O)[O-])cn2C1)c1ccccc1OC(F)(F)F,6.017728766960431,Active
O=C(c1ccccc1)N1CCC(N(c2ccc(Cl)cc2)c2cccnc2)CC1,7.796423225022028,Active
COC(=O)c1cc2nc(SCC(=O)Nc3ncc([N+](=O)[O-])s3)[nH]c2cc1Cl,4.161531870739913,Inactive
O=C1CSC(N/N=C\CCSc2ccccc2)=N1,5.1904402853647325,Active
COc1cccc(OC)c1/C=C/C(=O)c1ccc(O)cc1,4.086186147616283,Inactive
Cc1c(C(C)NC(=O)Nc2cccc(Cl)c2)sc2ncnn12,6.799998134593398,Active
CCOC(=O)n1c2ccc([N+](=O)[O-])cc2c(=O)n1Cc1ccccc1,4.3097152974873705,Inactive
N=C(N)NCCCC[C@H](NC(=O)OCc1ccccc1)C(=O)c1nc2ccccc2s1,4.342944147142896,Inactive
C(=C\c1nc2ccccc2n2cccc12)/c1ccccc1,4.455931955649724,Inactive
C=C(c1nc(-c2ccc(Cl)cc2)no1)C1(O)C(=O)N(CC)c2ccc(OC)cc21,5.293282217663241,Active
Clc1ccc(-c2csc(N/N=C/c3ccccn3)n2)cc1Cl,6.0012329734230025,Active
O=C(Nc1ccc(F)c(Cl)c1)Nc1ccc(Cl)c(Cl)c1,4.789736606693437,Inactive
Clc1cccc(C2CCN(c3ncnc4c3CCNC4)C2)c1,4.647160457285254,Inactive
OC(c1ccc(Cl)cc1)(c1ccc(C(F)(F)F)cc1)c1nnc[nH]1,5.129596094720973,Active
c1ccc2c(c1)ncc1[nH]ccc12,3.7382614526474622,Inactive
Cn1c2nc3ccccc3c-2c(NCCCNS(=O)(=O)c2ccccc2)c2ccccc21,5.796695083861517,Active
Clc1ccc(Nc2nnc(NCc3ccccc3)nn2)cc1,4.823908740944319,Inactive
Cc1ccc(S(=O)(=O)Nc2ccc(CN[C@H]3CCN(C(=O)c4cccc(Cl)c4)C3)cc2)cc1,5.0,Active
N=C(N)c1ccc(-n2cc(-c3ccc(C(=N)N)cc3O)nn2)cc1,5.366531544420414,Active
Nc1nc(N)c2nc(-c3ccccc3)c(N)nc2n1,3.513158800575725,Inactive
Nc1cc(C2CCCN(C(=O)c3ccccc3)C2)[nH]n1,4.1938200260161125,Inactive
O=S(=O)(Nc1cccc2cnccc12)c1ccc2ccccc2c1,3.65033401590337,Inactive
CC(C)Cc1n[nH]c2nc(NC3CCN(C(=O)Cc4ccccc4)CC3)ncc12,5.100000128334196,Active
CC(C)(C)NC(=O)N1CCC(NC(c2ccc(C#N)cc2)c2cccnc2)CC1,6.232844133917819,Active
COc1cc([C@H]2Oc3c(OC)cc(/C=C/C(=O)CC(C)C)cc3[C@@H]2C(=O)CC(C)C)ccc1O,5.419075024324381,Active
O=C(N[C@H]1COc2nc([N+](=O)[O-])cn2C1)c1cccc(OC(F)(F)F)c1,6.060480747381382,Active
Cn1nccc1C(=O)Nc1nc2cc(CO)ccc2n1CC(F)(F)F,4.1938200260161125,Inactive
C[N+](C)(C)CCOP(=O)([O-])OCCCCCC1C2CC3CC(C2)CC1C3,5.39577394691553,Active
C(=C\c1ccco1)/C=N/N=c1/scc(-c2ccccc2)n1-c1ccccc1,5.301029995663981,Active
O=c1c2nc([N+](=O)[O-])cn2ccn1Cc1cnc(-c2ccccc2)s1,7.292429823902063,Active
O=C(O)c1nn(Cc2ccc(Cl)cc2Cl)c2ccccc12,3.7508505799554825,Inactive
CC(C)Oc1cc(-c2ccc(-c3ccccc3)o2)ccc1NC(=N)c1ccccn1,5.795880017344075,Active
CCCCNc1nc(NCc2ccccc2)c2ccccc2n1,6.187086643357144,Active
COc1ccc(OC)c(NC2=CC(=O)c3ncccc3C2=O)c1,5.610833915635467,Active
Cc1ccc(C2CCC3=C(O2)c2ccccc2C(=O)C3=O)cc1,4.289036881004725,Inactive
COc1cc(C2SCC(=O)N2CCCNc2ccnc3cc(Cl)ccc23)ccc1O,3.627290469614074,Inactive
[O-][n+]1onc2cc(/C=C\c3ccc4c(c3)OCO4)ccc21,5.070581074285707,Active
O=C(OC(Cn1ccnc1)c1ccc(Cl)cc1)c1ccc(-c2ccccc2)cc1,4.896196279044043,Inactive
CC1(C)CCC2=C(O1)C1(CO1)c1ccccc1C2=O,7.301029995663981,Active
O=C(Nc1cc(Cl)cc(Cl)c1O)c1c(O)c(Cl)cc(Cl)c1Cl,5.112945621949043,Active
COc1ccc2c3c([nH]c2c1)C(C)=NCC3,4.00436480540245,Inactive
CCOC(=O)c1cnc2ccc(Cl)cc2c1NCCCN(C)C,4.792839225954743,Inactive
CC1(C)CCc2cc(CNCCCCc3ccccc3)c3c(c2O1)CCC(C)(C)O3,5.309803919971486,Active
c1ccc(CNCCCCCCCCNCc2ccccc2)cc1,4.992679047077256,Inactive
O=C(Nc1cccnc1)c1ccc(CNS(=O)(=O)c2ccc(N3CCC3)cc2)cc1,5.080921907623926,Active
CCCCCC[C@H](O)C/C=C\CCCCCCCc1cc(O)cc(O)c1,5.154901959985743,Active
CC(C)(C)OC(=O)N1CC(CNC(c2ccc(C(F)(F)F)cc2)c2cccnc2)C1,6.915423722065669,Active
C=C(C(=O)Oc1ccccc1C(=O)OC)C(O)c1cccc([N+](=O)[O-])c1,4.640923773940737,Inactive
CC1CCc2ccccc2N1S(=O)(=O)c1cccc([N+](=O)[O-])c1,4.495665088197536,Inactive
C\C(=C/C=C/C=C/[C@H]1[C@@H](C)[C@H](O)[C@@H](O)[C@H]2[C@H](O)[C@@H](C)C[C@@H](C)[C@H]12)C(=O)O,4.437707135543525,Inactive
Nc1ccc2[nH]c(=O)n(CCC3CCCCC3)c(=O)c2c1,5.721246399047171,Active
CCC(C)(O)c1cn(C2CC(C)(C)OC3=C2C(=O)c2ccccc2C3=O)nn1,4.9781907229776605,Inactive
O=C(CCn1ccnc1)c1ccc(Cl)c(F)c1,4.632644078973981,Inactive
O=C(Cn1cnc([N+](=O)[O-])n1)N1CCN(Cc2ccc(Cl)c(Cl)c2)CC1,6.525783735923745,Active
O=C1C(Cl)=C(N2C(=O)c3ccccc3C2=O)C(=O)c2ccccc21,5.316052869248487,Active
COc1cccc(NC(=O)c2nnn(C(CO)c3ccc(C(C)C)cc3)c2N)c1,6.0999990348465305,Active
Cn1c(=O)c(NC(=O)CCCCCCCCCCOn2nnc3ccccc32)c(O)c2ccccc21,4.468521082957745,Inactive
COc1cccc(S(=O)(=O)Nc2ccc3c(c2)CC(N2CCC(NC(=O)C4CC4)CC2)C3)c1,4.600000074606178,Inactive
Nc1ncnc2c1c(-c1c[nH]nn1)nn2[C@@H]1O[C@H](CO)[C@@H](O)[C@H]1O,6.366531544420414,Active
O=C(CCC12CC3CC(C1)CC(C1CCCC1)(C3)C2)N/N=C/c1ccc([N+](=O)[O-])o1,6.853871964321762,Active
Cc1ccccc1OCCSC#N,4.790484985457369,Inactive
O=C(NCc1ccccc1)c1nn(CCO)c2c1CN(Cc1c[nH]c3ccccc13)CC2,4.667561540084395,Inactive
O=C(N/N=C/c1ccc(O)cc1)c1nc(-c2ccc([N+](=O)[O-])cc2)no1,4.6700000181810175,Inactive
CC(c1ccccn1)N(C)Cc1nc2ccccc2n1C(C)C,5.1816988703942375,Active
O=C1C(Br)=CC(=O)c2c(I)cccc21,5.860120913598763,Active
S=C(N/N=C/c1ccccn1)Nc1ccccc1,4.614840761419957,Inactive
COc1cc2c(cc1OC)C(Cc1ccc([N+](=O)[O-])cc1)(C(F)(F)F)c1cccn1C2,4.7146677723561154,Inactive
CC(C)=CCC[C@@](C)(O)[C@@H]1CC=C(C)CC1,4.318758762624412,Inactive
O=C(CN1CCc2ccccc2C1)Nc1ccccc1,3.611011214875286,Inactive
COc1ccc(C[C@H](N)C(=O)N[C@H]2[C@@H](O)[C@H](n3cnc4c(N(C)C)ncnc43)O[C@@H]2CO)cc1,5.6020599913279625,Active
CCCCCCCCCCCCCCCCCCOP(=O)([O-])OC1CC2CCC(C1)[N+]2(C)C,6.1487416512809245,Active
C/C(=N\Nc1nc(-c2ccc(F)cc2)cs1)c1ccc(Cl)c(Cl)c1Cl,4.667965722972482,Inactive
Cc1cc(C)c(Oc2nc(N)nc(Nc3cc(F)cc(F)c3)n2)c(C)c1,5.638272163982407,Active
CO[C@]1(C)OOC2(CC[C@H]3C[C@@H]2C3(C)C)C[C@H]1CNCCCn1ccnc1,5.013228265733755,Active
Cc1nn2c(=O)c3c([nH]c2c1-c1ccc(Cl)cc1)CCCC3,4.356349961782671,Inactive
C=C(c1nc(-c2ccc([N+](=O)[O-])cc2)no1)C1(O)C(=O)N(CC)c2ccccc21,5.47755576649368,Active
Cc1nc(C(=O)Nc2ccc3c(c2)OCO3)nn1-c1ccc(F)cc1,5.899998417198648,Active
O=C(N/N=C/c1ccc([N+](=O)[O-])o1)c1ccc(I)cc1,5.493494967595128,Active
CCCCCCCCCCCCCCCCC1(C)SC(O)=C(CCC)C1=O,4.886056647693163,Inactive
COc1c(-c2ccc(OC)c3c(OC)cc(C)cc23)c(O)cc2c1[C@@H](C)N[C@H](C)C2,4.008330992620051,Inactive
O=C(Nc1ccc2c(c1)B(O)OC2)c1nnc(-c2ccccn2)o1,5.698970004336019,Active
CC(C)(C)OC(=O)NCCCCNC1CCN(CCc2ccccc2)CC1,4.249723084846007,Inactive
c1ccc(-c2cc(-c3ccc4c(c3)OCO4)no2)cc1,4.637894680706227,Inactive
Nc1ccnc2c1ccn2[C@@H]1O[C@H](CO)[C@@H](O)[C@H]1O,5.6439741428068775,Active
CCOC(=O)CNc1nc(NC(C)C)nc2ccccc12,4.698970004336019,Inactive
COc1ncc(-c2ccc3ncnc(N4CCOCC4)c3c2)cc1NS(C)(=O)=O,5.681698703458557,Active
C/C(=N\Nc1nc(-c2ccccn2)cs1)c1ccc(Cl)c(Cl)c1,6.431798275933005,Active
C[C@H]1CN([C@@H](C)CO)C(=O)c2cccc(NC(=O)c3ccncc3)c2O[C@@H]1CN(C)Cc1ccccc1C(F)(F)F,7.468521082957745,Active
Cc1cc(C(=O)NC2CCN(C(c3ccc(C(F)(F)F)cc3)c3cccnc3)CC2)n(C)n1,7.920818753952375,Active
CCN(CCc1nc2ncccc2[nH]1)C(=O)c1ccccc1,4.1938200260161125,Inactive
CCCCCCCCCCCCCCCCOCC(COP(=O)([O-])OCC[N+](C)(C)C)OC,5.446116973356125,Active
CCC1=C(CC(=O)OC)[C@@](OC)(c2nccc3c2[nH]c2ccccc23)OC1=O,4.224753740259764,Inactive
O=C(CC12CC3CC(C1)CC(C1CCCC1)(C3)C2)N/N=C/c1ccc([N+](=O)[O-])o1,6.749579997691106,Active
O=[N+]([O-])c1nccn1CCCCNc1nc(-c2ccccc2)nc(Cl)c1-c1ccccc1,5.014573525916998,Active
CCn1cc2nc(-c3ccccn3)nc(N3CCC(c4ccccn4)C3)c2n1,7.0,Active
COCCn1c(=O)[nH]c2ccc(NC(C)=O)cc2c1=O,4.455931955649724,Inactive
O=[N+]([O-])c1cn2c(n1)OC(COc1ccc(-c3ccc(F)nc3)cn1)CC2,6.267606240177032,Active
C=C(C)C(O)CCC1(C)C=Cc2c(O)cc(CCCCC)cc2O1,4.2403321553103694,Inactive
Cc1ncsc1C(=O)NC1CCN(C(c2cncnc2)c2ccc(Cl)cc2F)CC1,7.105130343254747,Active
CC1(COc2cccc(-c3ccc(F)nc3F)n2)CCn2cc([N+](=O)[O-])nc2O1,6.229147988357855,Active
OC[C@H]1CC2CCN1C[C@@H]2C#Cc1ccc(-c2ccccc2)cc1,5.236572006437063,Active
Cc1ccc(C(=O)CCN2CCN(c3ccc(Cl)cc3)CC2)cc1,4.530177984021837,Inactive
O=C(NCC1CCCCC1)c1cc(=O)c2ccccc2o1,5.200000237109354,Active
[O-][n+]1onc2ccc(/C=C\[S+]([O-])c3ccc(Cl)cc3)cc21,5.431798275933005,Active
CC(C)(O)c1cc2c(-c3ccc(C(F)(F)F)cc3)nccc2[nH]1,4.388276691992658,Inactive
CCCCNc1nc(NC(C)(C)C)nc(NC(C)(C)C)n1,5.526952656200872,Active
COc1cccc2c1C(=O)C=C(Oc1ccc(NC(C)=O)cc1)C2=O,5.321481620959886,Active
Nc1ncccc1Nc1ncnc2ccc(-c3cccc(N4CCOCC4)c3)cc12,5.187086643357144,Active
NS(=O)(=O)c1ccc(Oc2ccc(NC(=O)N[C@H]3[C@@H]4COc5c(F)ccc(F)c5[C@@H]43)nc2)cc1,4.488651484509787,Inactive
CN1CCN(S(=O)(=O)c2ccc(-c3ccc4c(Nc5ncc(Cl)cn5)ccnc4c3)cc2)CC1,5.5951662833800615,Active
CCCn1c(C)cc(O)c(C(=O)Nc2ccc(Br)cc2)c1=O,4.259637310505756,Inactive
C1=C/C(=C(\c2ccccc2)c2ccc[nH]2)N=C1,5.281498311132726,Active
Fc1ccc(C(c2ccn(-c3ccc(Cl)cc3)c2)n2ccnc2)cc1,5.425968732272281,Active
CC1(COCc2ccc(-c3ccc(OC(F)(F)F)cc3)cc2)CCn2cc([N+](=O)[O-])nc2O1,5.958607314841775,Active
O=C(Cc1ccccc1)NC1CCN(C(c2cnccn2)c2ccc(F)cc2F)CC1,6.154901959985743,Active
C[S+]([O-])CCCCN=C=S,3.9913998282380825,Inactive
COc1cc(/C=C/c2cccc(Oc3ccc(C(C)(C)C)cc3)c2)oc(=O)c1,4.3979400086720375,Inactive
CCCCc1cn(CCCCCN2C(=O)CN(/N=C/c3ccc([N+](=O)[O-])o3)C2=O)nn1,5.774690718274137,Active
CC(=O)Nc1ccc2[nH]c(=O)n(C3CCN(C(=O)c4ccccc4)CC3)c(=O)c2c1,3.853871964321762,Inactive
CC(C)(C)OC(=O)NCCCCCCCCCNC1CCN(CCc2ccccc2)CC1,5.428291168191312,Active
N#CSCCOc1ccc2c(c1)[nH]c1ccccc12,4.987162775294828,Inactive
C=CCCCCCC(=O)N(C)[C@H](C(=O)N(C)[C@H](C(=O)N(C)[C@H](C(=O)N(C)[C@@H](C)C(=O)N(C)[C@@H](Cc1ccccc1)C(=O)O)C(C)C)C(C)C)C(C)C,5.3872161432802645,Active
COCC#Cc1cc2c(Nc3ccc(OCc4cccc(F)c4)c(Cl)c3)ncnc2s1,5.823908740944319,Active
CC/C(=N\Nc1nc(-c2ccccc2)c(C)s1)c1cccc(Br)c1,5.319664486585437,Active
CCn1cc(C(=O)O)c(=O)c2cc(F)c(N3CCNCC3)nc21,3.788745932382128,Inactive
CN1C(=O)c2ccccc2Sc2ccc(NC(=O)NCc3ccco3)cc21,4.94712818379048,Inactive
CN1c2nc(-c3ccsc3)[nH]c2C(N)=NS1(=O)=O,4.581698708680254,Inactive
COCCOC(=O)C1=C(C)NC(C)=C(C(=O)OC/C=C/c2ccccc2)C1c1cccc([N+](=O)[O-])c1,5.250263684430939,Active
O=C(c1ccccn1)c1cccc2c(-c3ccccc3)nnn12,3.975514332300833,Inactive
CCC1S/C(=N/N=C(/COc2ccccc2)c2ccc(-c3ccccc3)cc2)NC1=O,4.966576244513051,Inactive
COC(=O)[C@H]1O[C@@H](O[C@H]2CC[C@@]3(C)[C@@H](CC[C@H]4[C@H]5C(=O)C(O)=C([C@H](C)CC(=O)CC(C)C)[C@@]5(C)CC[C@@H]43)C2)[C@H](O)[C@@H](O)[C@@H]1O,4.863279432843593,Inactive
c1cc2nc(c1)CNCCN(CCNCc1cccc3ccccc13)CCNC2,4.79317412396815,Inactive
O=[N+]([O-])c1cn2c(n1)OC[C@H](OCc1ccc(-c3ccc(OC(F)(F)F)c(F)c3)cn1)C2,7.602059991327962,Active
O=C(OCCCCCCCCCCCC[n+]1cccc2ccccc21)c1ccc(O)cc1O,6.096910013008056,Active
CSc1cn2c(n1)OC(C)(COc1ccc(OC(F)(F)F)cc1)C2,4.2441251443275085,Inactive
O=C(Nc1ccc2c(c1)B(O)OC2)c1cn(CCC(F)(F)F)nc1C(F)(F)F,5.886056647693163,Active
O=[N+]([O-])c1cn2c(n1)OC(COc1ccc(-c3ccc(F)nc3)nc1)CC2,7.045757490560675,Active
COc1ccc(-c2cc(-c3cc(OC)c(OC)c(OC)c3)no2)cc1OC,6.154901959985743,Active
COc1ccc(C(=O)Nc2ccc3nc(N4CCCCC4)cc(C)c3c2)cc1OC,4.789736606693437,Inactive
Fc1c(F)c(F)c(C(c2ccc[nH]2)c2ccc[nH]2)c(F)c1F,4.355561410532162,Inactive
COC(=O)c1ccc(I)c2c1C(=O)C=CC2=O,5.79317412396815,Active
OC(c1ccc(Cl)cc1)(c1cccnc1)c1cnc(Cl)s1,6.309803919971486,Active
C/C(=N\N=C1\SC(c2ccccc2)C(=O)N1c1ccccc1)c1ccc(Cl)c(Cl)c1,4.752026733638194,Inactive
O=c1c2cc(NC3=NCCN3)ccc2[nH]c2ccc(NC3=NCCN3)cc12,3.752026733638193,Inactive
CCCC/C=C/C=C/c1nc2ccc(OC)cc2n2cccc12,4.832682665251824,Inactive
COc1ccc(-c2cc(Cn3ccnc3[N+](=O)[O-])on2)cc1O,4.767003889607846,Inactive
CN1C(=S)NC(=O)/C1=C\c1cn(CCCCCOc2ccc(/C(N)=N/O)cc2)c2ccccc12,5.698970004336019,Active
CC(=O)N1N=C(c2ccc(I)cc2)OC1c1ccc([N+](=O)[O-])s1,4.91721462968355,Inactive
N#Cc1ccc2nc(NC(=O)c3ccn(C4CC4)n3)n(CC(F)(F)F)c2c1,5.366531544420414,Active
CC(C)CC(=O)c1c(O)c(C=O)c(O)c2c1O[C@@]1(CC2)CC[C@H]2C[C@@H]1C2(C)C,5.508319006984348,Active
COc1ccc(CN(CCc2ccccc2)CCc2ccc(Br)cc2)cc1O,4.228853651185015,Inactive
CN(C)Cc1ccn2c(Nc3cccc(F)c3)c(-c3ccccn3)nc2c1,5.342944147142896,Active
Cc1ccc(-c2c(C#N)[n+]([O-])c3cc(C)c(C)cc3[n+]2[O-])cc1,4.673664139071248,Inactive
CC(=O)O[C@@H]1[C@H](OC(C)=O)[C@@H](CN=[N+]=[N-])O[C@H]1n1cnc2c(N)nc(Cl)nc21,4.031517051446065,Inactive
N=C(N)c1ccc(-c2cnc(-c3ccc(C(=N)N)cc3)nc2)cc1,5.958607314841775,Active
COc1ccc(-c2nc(NCCCN3CCOCC3)c3ccccc3n2)cc1O,4.721246399047171,Inactive
N=C(Nc1ccc(-c2ccc(-c3ccc(NC(=N)c4ccccn4)cc3)o2)cc1)c1ccccn1,6.275724130399211,Active
O=C(Nc1ccn2cc(-c3ccc(F)c(F)c3)nc2c1)c1cccnc1Cl,5.134303940083929,Active
O=[N+]([O-])c1cn2c(n1)OCC(OCc1ccc(OCc3ccccc3)cc1)C2,5.958607314841775,Active
O=C1CC[C@H](C(=O)N[C@@H](CCCCCS)C(=O)Nc2ccccc2)N1,4.58838029403677,Inactive
CS(=O)(=O)C[C@H]1O[C@@H](n2cnc3c(N)nc(F)nc32)[C@H](O)[C@@H]1O,4.431798275933005,Inactive
N#Cc1c(-c2ccc(F)cc2)[n+]([O-])c2ccc(F)cc2[n+]1[O-],4.841637507904751,Inactive
O=[N+]([O-])c1c(CS(=O)(=O)c2ccccc2)nc2c(Sc3ccc(Cl)cc3)cc(Cl)cn12,6.0,Active
CCC(=O)N(CCCCCCCCN)C1CCN(CCc2ccccc2)CC1,4.318758762624412,Inactive
O=C(c1ccc(OCCCc2c[nH]cn2)cc1)C1CC1,5.100000128334196,Active
CC1(COc2ccc(-c3ccc(F)cn3)cn2)Cn2cc([N+](=O)[O-])nc2O1,5.920818753952375,Active
O=C(CCn1cnc([N+](=O)[O-])n1)Nc1cccc(OCc2ccccc2)c1,7.337242168318426,Active
O=[N+]([O-])c1cnc2n1C[C@@H](COc1ccc(-c3ccc(F)cc3)nc1)O2,4.309803919971486,Inactive
Cc1nn(C)c(C)c1NS(=O)(=O)c1c(Cl)cc(-c2ccnc(N3CCNCC3)c2)cc1Cl,5.995678626217358,Active
O=[N+]([O-])c1cn2c(n1)OC[C@H](Oc1ccc(-c3ccc(F)cc3)cn1)C2,6.366531544420414,Active
O=[N+]([O-])c1ncn(CCCN2CCN(c3ccc(C(F)(F)F)cc3)CC2)n1,4.586365002801444,Inactive
O=P(O)(O)C(Nc1cccc(-c2ccccc2)c1)P(=O)(O)O,4.327902142064283,Inactive
c1ccc(OCCCOc2cccc(-c3cc4cc(C5=NCCN5)ccc4o3)c2)cc1,5.229147988357856,Active
Nc1ccc(S(=O)(=O)[N-][N+](=O)[O-])cc1,5.214670164989233,Active
N=C(N)c1ccc(OCCCCCOc2ccc(C(=N)N)cc2Cl)c(Cl)c1,3.1529999999282428,Inactive
c1ccc2c(c1)cnn1c[n+](C3CCCCC3)c(NC3CCCCC3)c21,5.943095148663527,Active
COC(=O)c1ccc(/C=C/[C@]23C=C[C@@]4(OO2)C(C)(C)CCC[C@]4(C)O3)cc1,5.808269606637143,Active
O=[N+]([O-])c1cn2c(n1)OC(CN1CCC(c3ccc(F)cc3)CC1)CC2,5.537602002101044,Active
Cc1ccc2c(NCCCCCNC(=O)c3cccc(/C=C/C(=O)c4ccc(C)o4)c3)ccnc2c1,6.337242168318426,Active
COc1cc(-c2cc(=O)oc3cc(OC)c(OC)cc23)ccc1O,4.205511953340831,Inactive
C/C(=N\Nc1nc(-c2ccc(Cl)c(Cl)c2)cs1)c1ccccn1,5.661543506395395,Active
CC(C)Oc1cc(NC(=N)c2ccccn2)ccc1-c1ccco1,5.619788758288394,Active
N#Cc1ccc(C(c2cccnc2)N2CCC(NC(=O)c3cccc(F)c3)CC2)cc1,7.4089353929735005,Active
Cc1nn(-c2cc(Cl)cc(Cl)c2)cc1C#N,3.556299026425329,Inactive
Cc1cc(Sc2nnc3oc(O)cc(C)c2-3)c(C)cc1Cl,4.408967687866467,Inactive
COc1ccc(-c2csc(Nc3ccc(Cl)cn3)n2)nc1,6.823908740944319,Active
CC1CCc2ccccc2N1S(=O)(=O)c1ccc(N)cc1,4.25328797748334,Inactive
CN1[C@H]2CC[C@@H]1CN(C(=O)c1ccc(-c3ccccc3)[nH]1)CC2,4.580647150183093,Inactive
OC[C@H]1O[C@@H](SSCCc2ccccc2)[C@H](O)[C@@H](O)[C@H]1O,3.6071272545979207,Inactive
Cc1nc2ccccn2c(=O)c1CCN1CCC(C(=O)c2ccc(F)cc2)CC1,3.791639275021621,Inactive
c1ccc(CNc2ccc3nccnc3c2)cc1,4.0343280287798935,Inactive
c1ccc(C2CCN(c3nc(-c4ccccn4)nc4ccccc34)C2)cc1,6.552841968657781,Active
COc1ccc(-c2ccc(OC)c3ccccc23)c2c1C=NCC2,4.962573502059376,Inactive
C=CCc1ccc(OC(=O)CCCCC)c(OC)c1,3.880744110722064,Inactive
O=Cc1cn(-c2cccc(Cl)c2)nn1,5.552841968657781,Active
O=C(N/N=C/c1ccc([N+](=O)[O-])o1)c1ccc(C(F)(F)F)cc1,5.354577730650908,Active
CC(C)Nc1nc2c(c(NC3CC3)n1)CCN(C1CCOCC1)CC2,4.834395593283382,Inactive
O=C(Cc1ccc(F)cc1F)N1CCC(Nc2ncc3c(-c4ccccn4)n[nH]c3n2)CC1,6.0999990348465305,Active
C=C(C(=O)OC)C(O)c1ccccc1[N+](=O)[O-],3.160968418044805,Inactive
N#Cc1c(/N=C/c2ccccc2)sc2c1CCCC2,4.031750605892083,Inactive
N#Cc1ccc(S(=O)(=O)N2CCC3(CCN(c4ccccc4)C3=O)CC2)cc1,6.0,Active
CNC(=S)N/N=C(/COc1ccc(Br)cc1)c1ccc(OC)cc1,5.346787486224656,Active
N#Cc1c(/N=C/c2cc3ccccc3[nH]2)sc2c1CCCCC2,4.935729247025994,Inactive
COc1ccc(/C=C(\C)C(=O)/C=C/c2ccccc2Cl)cc1,4.709965388637482,Inactive
Cc1nn(-c2ccc(Cl)c(Cl)c2)cc1-c1nnn[nH]1,3.5736514262124923,Inactive
NC(=O)N/N=C/c1ccc(Oc2no[n+]([O-])c2-c2ccccc2)cc1,5.443697499232712,Active
O=C(c1ccc(C(F)(F)F)nc1)N1CCCC(c2cc3ncccc3[nH]2)C1,4.1938200260161125,Inactive
Oc1ccc(/C=N/Nc2ncnc3c(Nc4ccc(OC(F)(F)F)cc4)ncnc23)cc1O,4.82739706879014,Inactive
O=C(Nc1ccc(Br)cc1)Nc1cccc(Cl)c1,5.283001425810159,Active
Nc1ncc(-c2ccccc2)nc1C(=O)NC1CCCC1,4.886056647693163,Inactive
Cc1ccc(S(=O)(=O)N/N=C/c2c(C)[n+]([O-])c3ccccc3[n+]2[O-])cc1,4.272458742971444,Inactive
COc1ccc(-c2cc(=O)oc3cccc(OC)c23)cc1OC,4.892790030352131,Inactive
COc1cc(OC)cc(-c2cc(Cn3ccnc3[N+](=O)[O-])on2)c1,4.995678626217358,Inactive
N#CSCCOc1ccccc1Br,4.696803942579511,Inactive
CC(=O)NCCSCC(=O)NCCCNCCCCN,4.149782758201611,Inactive
OC(COc1ccc(-c2cc(-c3ccccc3)c3ccccc3n2)cc1)Cn1ccnc1,5.4723700991286615,Active
COc1ccc(I)c2c1C(=O)C=CC2=O,5.450996737974212,Active
CCCCC/C=C\C/C=C\CCCCCCCc1cc(OC(C)=O)cc(OC(C)=O)c1,3.9318141382538383,Inactive
C[N+](C)(C)CCOP(=O)([O-])OCCCCCCCCCCC=C1CCCCC1,5.619788758288394,Active
Fc1ccc(-c2nc3ccccc3/c(=N/N=C/c3ccco3)[nH]2)cc1,4.675717544702307,Inactive
COc1ccc(Cl)cc1C(=O)NCCc1ccc(S(=O)(=O)NC(=O)NC2CCCCC2)cc1,5.008773924307505,Active
O=C(N[C@@H](Cc1c[nH]c2ccccc12)C(=O)Nc1ccncc1)c1ccc(F)cc1F,6.481486060122113,Active
Clc1ccccc1C1(c2ccnc(-c3ccncc3)n2)CCNCC1,4.673612825702926,Inactive
CCON1CCN=C1Nc1ccc(Nc2ccc(NC3=NCCN3OCC)cc2)cc1,4.207608310501746,Inactive
COc1ccc(NC(=O)c2c(NC(=O)C(F)(F)F)sc(C)c2C)cc1,4.995678626217358,Inactive
Cc1ccc(Nc2nc(NCCO)c3ccccc3n2)cc1C,5.598627034346685,Active
Nc1ccc(S(=O)(=O)c2ccc(N)cc2)cc1,3.657794520723658,Inactive
O=C(Nc1ccc(F)c(-c2nc3ncc(-c4cccc(F)c4)cn3n2)c1)N1CCC(F)(F)C1,7.076755981369724,Active
C/C(=N\NC(N)=S)C(C)Oc1cccc(Br)c1,5.236572006437063,Active
Clc1ccc(OC2=CC(c3ccc[nH]3)=N/C2=C\NC23CC4CC(CC(C4)C2)C3)cc1,6.742321425130816,Active
Clc1ccc(/C=N/Nc2ncnc3sc4c(c23)CCCC4)cc1,5.769551078621726,Active
c1ccc(C2CCCN(c3nc(-c4ccccn4)nc4ccccc34)C2)cc1,6.443697499232712,Active
Cc1c(C(=O)Nc2ccc3c(c2)B(O)OC3)nnn1-c1ccccc1,4.431798275933005,Inactive
N#Cc1ccc(C(c2cccnc2)N2CCC(NC(=O)c3ccc(F)cc3)CC2)cc1,7.732828271596986,Active
COC1=C(C(C)C)C(=O)C=C(CC(O)(Cn2cncn2)c2ccc(F)cc2F)C1=O,6.267606240177032,Active
CCCn1c(NC(=O)Cc2ccc(OC(F)(F)F)cc2)nc2ccccc21,6.0,Active
COc1cc(N)[nH]c2nc(-c3ccc(F)cc3)c(-c3ccncc3)c1-2,5.301029995663981,Active
O=C1C=C(Oc2ccc(F)cc2)C(=O)c2ccccc21,5.407823242604133,Active
CC1(COc2ccc(F)cn2)CCn2cc([N+](=O)[O-])nc2O1,5.481486060122113,Active
COc1cccc2sc(CN(C)C(=O)C3CNCCN3c3ccc(F)cc3)c(C)c12,5.0245953070191485,Active
NCCCC[C@H](NC(=O)OCc1ccccc1)C(=O)c1nc2ccccc2s1,4.966576244513051,Inactive
O=C1C(=O)c2ccccc2C2=C1CC(Cn1cc(C3(O)CCCCC3)nn1)O2,4.048176964684088,Inactive
Fc1ccc(/C=N/Nc2ncnc3sc4c(c23)CCCC4)cc1,4.735182176990463,Inactive
CC1(COc2ccc(Oc3ccccc3)cc2)CCn2cc([N+](=O)[O-])nc2O1,6.769551078621726,Active
O=[N+]([O-])c1ccc(/C=N/N=c2\[nH]c(-c3cccc(Cl)c3)nc3ccccc23)o1,6.113509274827518,Active
COc1nc2ccc(Br)cc2c2c1C(C)(OC(=O)N(C)C)c1ccccc1-2,5.129596094720973,Active
COc1ccc(C(O)(c2cncnc2)c2ccccc2Cl)cc1,6.405607449624573,Active
COC1=C(C(C)C)C(=O)C=C(CN2C(=O)CCc3ccccc32)C1=O,5.698970004336019,Active
C[C@]1(COc2ccc(OC(F)(F)F)cc2)Cn2cc([N+](=O)[O-])nc2O1,5.585026652029182,Active
COc1cc(OC)c(N(C)C(=O)c2cc3c(s2)-c2ccccc2S(=O)(=O)C3)cc1Cl,4.6668672242180405,Inactive
C[N+](C)(C)[C@@H]1CCC[C@H]1OP(=O)([O-])OCCCCCCCCCCC=C1CCCCC1,5.958607314841775,Active
CCCCCCCCC(O)(P(=O)(O)O)P(=O)(O)O,4.181774106386045,Inactive
CCCc1cn(C/C=C(/C)CC/C=C(\C)CCC=C(C)C)nn1,4.481486060122113,Inactive
Nc1ccc2nc(Nc3cccc(O)c3)sc2c1,4.721246399047171,Inactive
CC1(CNC(=O)c2cccc(OC(F)(F)F)c2)CCn2cc([N+](=O)[O-])nc2O1,5.886056647693163,Active
Oc1c(C(Nc2ccccn2)c2cccc(Oc3ccccc3)c2)ccc2cccnc12,6.0,Active
C=C(c1nc(-c2ccccc2)no1)C(O)c1ccc(C#N)cc1,4.662740460249724,Inactive
CNc1nc(F)nc2c1ncn2[C@@H]1O[C@H](C)[C@@H](O)[C@H]1O,4.698970004336019,Inactive
O=C(CC1CC1)N1CCC(Nc2ncc3c(C4CCOCC4)n[nH]c3n2)CC1,5.100000128334196,Active
COC(=O)c1ccc2c(c1)C[C@H](NC(=O)[C@H](Cc1ccccc1)NC(=O)OCc1ccccc1)C(O)O2,5.455931955649724,Active
O=C(OCc1ccccc1)N1CCN(C(c2ccc(Cl)cc2)c2cncnc2)CC1,6.823908740944319,Active
O=C(Nc1ccc(F)c(-c2nc3ncc(-c4cc(F)cc(F)c4)cc3[nH]2)c1)N1CCCC1,7.721246399047171,Active
O=C(Nc1ccccc1)c1c([N+](=O)[O-])noc1-c1ccc(Cl)cc1,5.496890563328631,Active
COc1ccc(-c2csc(N/N=C/c3ccccn3)n2)cc1,5.4264594726641056,Active
O=S(=O)(Nc1cccc2cnccc12)c1ccc(Cl)cc1,4.6777807052660805,Inactive
N=C(N)c1ccc2oc(CCc3cc4ccc(C(=N)N)cc4o3)cc2c1,5.812479279163537,Active
c1ccc2sc(Nc3nc4ncccc4[nH]3)nc2c1,5.947127222505795,Active
CCCCN(CCCC)c1c(C#N)cc(S(=O)(=O)Nc2ccccc2)cc1C#N,4.865504144165326,Inactive
N=C(Nc1ccc(C(=O)Nc2ccc(NC(=N)c3ccccn3)c(F)c2)c(F)c1)c1ccccn1,6.823908740944319,Active
O=[N+]([O-])c1ncn(Cc2cn(-c3ccc(Oc4ccccc4)cc3)nn2)n1,7.154901959985743,Active
C=CCOc1ccc(Oc2ccccc2)cc1I,4.040958607678906,Inactive
Cc1ccc2c(NCCCN(C)C(=O)c3cccc(/C=C/C(=O)c4ccc(C)o4)c3)ccnc2c1,5.966576244513051,Active
C=CCOc1cc(OC)c(C(=O)/C=C/c2ccc[nH]2)c(OCC=C)c1,4.025488307262672,Inactive
Cc1ncnc2c1c(-c1cc[nH]n1)cn2[C@@H]1O[C@H](CO)[C@@H](O)[C@H]1O,5.096910013008056,Active
O=C(Nc1ccc(Cl)cc1)NC1CCN(C(c2ccc(Cl)cc2)c2cccnc2)CC1,8.221848749616356,Active
CCCCCC[C@@H](C/C=C\CCCCCCCc1cc(OC(C)=O)cc(OC(C)=O)c1)OC(C)=O,3.9913998282380825,Inactive
CCC1S/C(=N/N=C(\C)COc2ccccc2)N(c2ccc(C)cc2)C1=O,4.758204568704802,Inactive
COc1ccc(/C=C/C(=O)c2cccc([N+](=O)[O-])c2)c(OC)c1,5.0655015487564325,Active
O=C(/C=C/c1ccc2c(c1)OCO2)N1CCOCC1,4.017728766960432,Inactive
C#CCCCC[C@@H](C)C(=O)N(C)[C@H](C(=O)N(C)[C@H](C(=O)N[C@H](C(=O)N(C)[C@@H](C)C(=O)N(C)[C@@H](Cc1ccccc1)C(N)=O)C(C)C)C(C)C)C(C)C,5.619788758288394,Active
Cc1ccc(-n2cc(COC(=O)[C@@H](N)Cc3cc4ccccc4[nH]3)nn2)cc1,4.002701007590486,Inactive
CCC1(CC)c2c(ccc(OC)c2OC)C(=O)c2c3cc4c(cc3cc[n+]21)OCO4,6.537602002101044,Active
CN1CCCN(c2ncc(-c3ccc4/c(=N/c5cnccn5)ccn(C)c4c3)cn2)CC1,5.0,Active
CC1CC2=C(CC1CNCCCN(C)C)C(C)(C)CCC2,5.965455763766763,Active
COc1ccc2nc(-c3ccccc3)c(NCCN3CCCCC3)nc2c1,4.298432014944073,Inactive
O=C(N/N=C/c1ccc([N+](=O)[O-])s1)c1ccc(C(F)(F)F)cc1,6.086186147616283,Active
N=C(N)c1ccc(O)c(-c2cc3ccc(C(=N)N)cc3o2)c1,4.3872161432802645,Inactive
CCN(Cc1cccnc1)c1cccc(-c2nc3ccccc3s2)c1,6.7972393126068,Active
C=C(c1nc(-c2ccccc2)no1)C1(O)C(=O)N(CC)c2ccc(OC)cc21,5.137272471682025,Active
O=[N+]([O-])c1cn2c(n1)OC[C@H](NCc1ccc(OC(F)(F)F)cc1)C2,5.7447274948966935,Active
CC(C)(C)NC(=O)NC1CCN(C(c2ccc(Cl)cc2)c2cccnc2)CC1,7.200659450546418,Active
CCOC(=O)Cc1[nH]c(-c2ccccc2)nc1-c1ccc(C)cc1,4.291579099865287,Inactive
Cc1cc2cc(NS(=O)(=O)c3ccc(F)cc3)ccc2[nH]1,4.462180904926726,Inactive
C=CCOc1ccc(C(=O)/C=C/c2cc(OC)c(CCCC)c(OC)c2)cc1,4.045757490560675,Inactive
Cc1ccc2c(c1)[n+]([O-])c(C#N)c(-c1ccco1)[n+]2[O-],4.742321425130816,Inactive
O=c1[nH]c(-c2ccc(Br)cc2)nc2ccccc12,5.161780778092374,Active
Cc1nn(C2CCS(=O)(=O)C2)c(C)c1CN(C)C(=O)C=Cc1sc2ccccc2c1Cl,6.299997602857746,Active
O=C(NCCCn1cnc([N+](=O)[O-])n1)Nc1cc(C(F)(F)F)cc(C(F)(F)F)c1,4.941953769604718,Inactive
Cc1ccnc(NS(=O)(=O)c2ccc(NC(=O)c3ccc([N+](=O)[O-])s3)cc2)n1,5.124595200816029,Active
C=CCc1ccc(OCCCc2cn(Cc3ccc(I)cc3)nn2)c(OC)c1,3.55455148573395,Inactive
O=C(N[C@@H](Cc1c[nH]c2ccccc12)C(=O)Nc1ccncc1)c1ccccc1,6.4089353929735005,Active
O=[N+]([O-])c1nccn1CCNc1c2ccccc2nc2ccccc12,6.001740661576301,Active
COc1ccc(Sc2c([N+](=O)[O-])cc(C(F)(F)F)cc2[N+](=O)[O-])cc1,5.292429823902063,Active
Clc1ccc2[nH]c3c[n+](CCCc4ccccc4)ccc3c2c1,4.730487055782084,Inactive
CC1(O)c2ccccc2-c2c1c(OCC(F)(F)F)nc1ccc(Br)cc21,5.1598939055432425,Active
CCCOc1ccccc1CCCNc1ncnc2oc(C)nc12,4.619651796169492,Inactive
Cc1cc(Nc2ccc(C)c(Cl)c2)n2nc(C(F)(F)F)nc2n1,4.640169638192924,Inactive
CCCCCCCCCCCCCCCCCCOP(=O)([O-])OC1CC[N+]2(CCCC2)CC1,5.51427857351842,Active
O=C(c1ccc(F)cc1)c1c(C(F)(F)F)[n+]([O-])c2ccc(F)cc2[n+]1[O-],5.958607314841775,Active
COC(=O)[C@H]1CCCN1C(=O)CCSC,5.571865205971212,Active
Nc1nc(N)c2ccn([C@@H]3O[C@H](CO)[C@@H](O)[C@H]3O)c2n1,5.866461091629782,Active
O=c1cc(-c2ccc(O)cc2)oc2cc(O[C@@H]3O[C@H](CO)[C@@H](O)[C@H](O)[C@H]3O)cc(O)c12,5.313363730737707,Active
Cn1cccc2c3ccccc3nc1-2,4.114356128164236,Inactive
COc1ccc(CN(Cc2ccccc2)Cc2ccc(Br)cc2)cc1O,4.501276029252096,Inactive
Cc1ccccc1OCCSc1nc2ccc(NC(=O)c3cccs3)cc2s1,5.332089644417263,Active
CC1(C)OC2=C(C(=O)C(=O)c3ccccc32)C1Nc1cccc(Br)c1,3.8513973451939063,Inactive
O=[N+]([O-])c1cn2c(n1)OC(COc1ccc(-c3ccc(F)nc3F)nc1)CC2,7.096910013008056,Active
FC(F)(F)c1ccc(-c2c[nH]cc2C(c2ccc(Cl)cc2Cl)n2ccnc2)cc1,4.921905849593589,Inactive
CNC(=N)Nc1ccc(-c2ccc(-c3ccc(NC(=N)NC)cc3)s2)cc1,8.207608310501746,Active
CCCCCCCCCCCCCCC/C=C1/C[C@H](CO)OC1=O,5.3979400086720375,Active
Cc1ccc(-c2nn([C@@H]3O[C@H](CO)[C@@H](O)[C@H]3O)c3ncnc(N)c23)s1,5.1487416512809245,Active
c1ccc(-c2nc(NCc3ccco3)c3ccccc3n2)nc1,5.499999678657065,Active
CCCCCCCCCCCCC1CCC(OCCOP(=O)([O-])OCC[N+](C)(C)C)CC1,5.022733787572707,Active
Cn1c(-c2cccc(OCC(=O)Nc3ccc(Cl)cc3)c2)nc2ccccc2c1=O,4.978397283971757,Inactive
COC(=O)COc1c2cc([N+](=O)[O-])ccc2nn1Cc1ccccc1,3.839501456477654,Inactive
CCCC(=O)OCC1(C)O[C@@H]2O[C@@]3(C)CC[C@H]4[C@H](C)CC[C@@H]1[C@@]24OO3,4.54234514578154,Inactive
O=C1C(=O)c2ccccc2C2=C1CC(Cn1cc(COC3CCCCO3)nn1)O2,4.276544327964814,Inactive
O=C(Nc1ccc(N2CCN(C(=O)c3ccco3)CC2)cc1)OC(Cn1ccnc1)c1ccc(F)cc1,4.539102157243452,Inactive
NCCCCNCCCN(Cc1ccsc1)Cc1ccsc1,4.228412519118745,Inactive
C1Cc2nc(CCNc3nc(C4CC4)nc4c3CCNCC4)sc2C1,5.260526549887556,Active
CCCCCc1cn(C/C=C(/C)CC/C=C(\C)CCC=C(C)C)nn1,4.7447274948966935,Inactive
C=C(C(=O)OCCO)C(O)c1ccccn1,3.574596217851389,Inactive
Nc1ncnc2c1c(Br)nn2[C@@H]1O[C@H](CO)C[C@H]1O,4.414539270491499,Inactive
CC1=CC(=O)/C(=C(/C)Nc2ccc3c(Cl)n(C)nc3c2)C(=O)O1,5.120904120499927,Active
O=C(Nc1ccc(OC(F)(F)F)cc1)OCC1CCn2cc([N+](=O)[O-])nc2O1,6.443697499232712,Active
O=[N+]([O-])c1ccc(C[n+]2ccc3c(c2)[nH]c2ccc(Br)cc23)cc1,4.85078088734462,Inactive
CC(C)N(CCn1nc(OCc2ccccc2)c2cc([N+](=O)[O-])ccc21)C(C)C,5.036212172654444,Active
O=C(N/N=C/c1ccc([N+](=O)[O-])o1)C1C2CC3CC(C2)CC1C3,6.073657553374345,Active
CN(C)CCCNc1c2ccccc2nc2ccccc12,5.993854983623637,Active
CCOC(=O)c1c(C(F)(F)F)[n+]([O-])c2cc(Cl)c(Cl)cc2[n+]1[O-],5.537602002101044,Active
O=C(Nc1ccc(F)c(-c2nc3ncc(-c4cccc(F)c4)cc3[nH]2)c1)N1CCCC1,7.958607314841775,Active
COP(=O)(OC)C(/C=C/c1ccccc1)Nc1ccccc1,4.7584782978057945,Inactive
CC(C)Nc1nc(NCc2ccco2)c2ccccc2n1,5.6020599913279625,Active
COC(=O)[C@@H]1CCCN1C(=O)Cc1ccccc1,4.931814138253839,Inactive
O=[N+]([O-])c1c(CS(=O)(=O)c2ccccc2)nc2c(-c3ccncc3)cc(Cl)cn12,5.8696662315049934,Active
COc1ccc(NC(=O)c2ccc(NC(=O)CN(c3ccccc3C)S(C)(=O)=O)cc2)cc1,5.100000128334196,Active
O=C1C=C(n2cc(-c3ccccc3)nn2)C(=O)c2ccccc21,4.712870379280889,Inactive
O=C(N/N=C/c1ccc([N+](=O)[O-])s1)c1ccccc1,5.184422251675732,Active
O=[N+]([O-])c1c(CS(=O)(=O)c2ccc(Cl)cc2)nc2ccc(Cl)cn12,4.638272163982407,Inactive
C#CCOc1ccc(C(=O)/C=C/c2ccncc2)c(OCC#C)c1,5.154901959985743,Active
COc1cc(O)cc(O)c1C(=O)/C=C/c1ccc(Cl)cc1,4.950781977329818,Inactive
COc1cc(NC(=N)N)ccc1-c1ccc(-c2ccc(NC(=N)N)cc2OC)o1,4.922632094715843,Inactive
CC(C)c1cc2c(cc1O)[C@@]1(C)CCCC(C)(C)[C@@]1(O)OC2=O,4.137868620686962,Inactive
CCC(C)C(=O)c1c(OC)c(CC=C(C)C)c(OC)c2c(-c3ccccc3)cc(=O)oc12,4.82102305270683,Inactive
Cc1ccc(-n2ccnc2)c(NC(=O)c2cnc(-c3ccccc3)nc2)c1,7.638272163982407,Active
Fc1ccc2[nH]c3nc4ccccc4c-3cc2c1,4.494850021680094,Inactive
Cc1ccc([C@@H]2C[C@H]3Cc4cc(OC(F)(F)F)ccc4N2O3)s1,4.357535479757878,Inactive
Cc1nc2c(-c3nc(-c4ccc(N)cc4)n[nH]3)cccn2c1C,5.588587390776056,Active
OC(c1ccc(Cl)cc1)(c1cncnc1)c1cccc(Cl)c1,6.289882634888183,Active
CC(=O)N(C1=NN(C(C)=O)C(c2ccc([N+](=O)[O-])s2)S1)c1ccccc1,5.537602002101044,Active
CN[C@@H]1C[C@H]2O[C@@](C)([C@@H]1OC)n1c3ccccc3c3c4c(c5c6ccccc6n2c5c31)C(=O)NC4=O,9.0,Active
CC(=O)Oc1ccccc1C(=O)Nc1c(C#N)[n+]([O-])c2cc(F)ccc2[n+]1[O-],5.136677139879544,Active
Cn1c(=O)c(NC(=O)c2ccc3c(c2)C=CC(C)(C)O3)c(O)c2ccccc21,4.275724130399211,Inactive
CC(C)(C)C(=O)NCCc1csc(-c2ccccc2)n1,5.200659450546418,Active
Cc1ccc(-c2nc3cc(Cl)c(Cl)cc3nc2-c2ccccc2)cc1,4.653647025549361,Inactive
CN(Cc1nc2ccccc2s1)C(=O)C=Cc1cc2ccccc2o1,6.0999990348465305,Active
O=[N+]([O-])c1cn2c(n1)S(=O)(=O)CC(Oc1ccc(C(F)(F)F)cn1)C2,4.522878745280337,Inactive
OC(COc1ccc(-c2cc(-c3ccccc3)c3cc(Cl)ccc3n2)cc1)CN1CCCC1,5.679853713888946,Active
N#CC1=C(N)OC2=C(C(=O)CCC2)C1c1cn([C@H]2C[C@H](O)[C@@H](CO)O2)c(=O)[nH]c1=O,5.853871964321762,Active
O=[N+]([O-])c1cnc2cc(Cl)ccc2c1NCCCNCC12CC3CC(CC(C3)C1)C2,5.718966632752273,Active
O=C(Nc1cc(-c2ccccn2)n[nH]1)c1ccc(Cl)cc1,5.430626090384954,Active
O=[N+]([O-])c1cn2c(n1)SCC(OCc1ccc(-c3ccc(OC(F)(F)F)cc3)cn1)C2,5.1249387366083,Active
CC1(COc2ccc(OC(F)(F)F)cc2)Cn2cc(C=O)nc2O1,4.481486060122113,Inactive
CCCOCc1cc(CN2CCN(c3cccc(Cl)c3)CC2)c(O)c2ncccc12,6.020620095030936,Active
O=[N+]([O-])c1cn2c(n1)OC(COc1cnc(-c3ccc(F)cc3)nc1)CC2,6.585026652029182,Active
O=[N+]([O-])c1cn2c(n1)O[C@@H](COc1ccc(-c3ccc(OC(F)(F)F)cc3)nc1)CC2,6.958607314841775,Active
N#Cc1ccccc1N1CCC(N(c2ccc(C(F)(F)F)cc2)c2cccnc2)CC1,8.522878745280337,Active
NCCC(O)(P(=O)(O)O)P(=O)(O)O,4.204119982655925,Inactive
Cc1ccc(C(c2ccn(-c3ccc(Cl)cc3)c2)n2ccnc2)cc1,5.764471553092451,Active
COc1ccc(CCC[C@H]2C(=O)O[C@@H]3O[C@@]4(C)CCC5[C@H](C)CC[C@@H]2[C@]53OO4)cc1,4.920818753952375,Inactive
CC(CCN(C)CCC12CC3CC(CC(C3)C1)C2)Nc1ccnc2cc(Cl)ccc12,5.660548558693559,Active
C[C@@H]1CC[C@H]2[C@@H](C)C(=O)O[C@@H]3OC(C)(C)OO[C@@]32[C@H]1C,3.800519085137644,Inactive
O=C(N[C@@H]1COc2nc([N+](=O)[O-])cn2C1)c1ccc(OC(F)(F)F)cc1,5.221848749616356,Active
CCCCC(C(=O)COc1c(F)c(F)cc(F)c1F)n1cc([C@@](C)(NCc2ccn3nccc3n2)C(C)C)nn1,8.096910013008056,Active
CC/C(=C\c1ccc(Cl)cc1)C(=O)/C=C/c1ccccc1Br,5.886056647693163,Active
C[C@@H]1CC[C@H]2[C@@H](CCCc3ccc(N(C)C)cc3)C(=O)O[C@@H]3O[C@@]4(C)CCC1[C@]32OO4,5.721246399047171,Active
COc1ncccc1-c1n[nH]c2nc(NC3CCN(C(=O)Cc4ccc(F)cc4F)CC3)ncc12,7.100015437450609,Active
O=C(c1ccccc1)N1CC(CNC(c2ccc(C(F)(F)F)cc2)c2cccnc2)C1,7.173925197299173,Active
O=C(CN1CCN(c2ccc(C(F)(F)F)cc2)CC1)Nc1ncc([N+](=O)[O-])s1,4.896196279044043,Inactive
COc1ccc(/C=N/NC(=O)/C(=C/c2cnn(-c3ccccc3)c2)c2ccc(F)cc2)cc1,3.4692599094837058,Inactive
CC(C)Cc1n[nH]c2nc(NC3CCN(S(=O)(=O)Cc4ccccc4)CC3)ncc12,4.900000142057633,Inactive
COc1ccc(CCC[C@H]2C(=O)O[C@@H]3O[C@@]4(C)CC[C@H]5[C@H](C)CC[C@@H]2[C@@]35OO4)cc1,4.920818753952375,Inactive
O[C@@H]1Cc2cc(Cl)ccc2N[C@H](c2ccccc2)C1,4.304693477568198,Inactive
CC(C)Oc1cc(NC(=N)c2ccccn2)ccc1-c1ccc(-c2ccccc2)s1,5.657577319177793,Active
Nc1ncnc2c1c(-c1ccc([N+](=O)[O-])cc1)cn2[C@@H]1O[C@H](CO)C[C@H]1O,5.91721462968355,Active
O=[N+]([O-])c1cc(C(F)(F)F)cc([N+](=O)[O-])c1Nc1cccc(O)c1,5.657577319177793,Active
COc1ccc(N2CCN(CC(=O)Nc3nnc(COc4ccc5ccccc5c4)s3)CC2)cc1,5.257274868695302,Active
COc1ccc(CNc2cc(C3CC3)nc(-c3nccn3C)n2)cc1,6.047127677357636,Active
O=C(OCc1ccccc1)N1CCN(C(c2cccnc2)c2ccc(Cl)cc2F)CC1,7.552841968657781,Active
CC(=O)N1N=C(c2ccc(C#N)cc2)OC1c1ccc([N+](=O)[O-])o1,4.871600731282194,Inactive
O=[N+]([O-])c1ncn(CCCCNc2ncnc3ccccc23)n1,6.059483515067432,Active
COc1ccc2[nH]cc(C(c3ccc([N+](=O)[O-])cc3)c3c[nH]c4ccc(OC)cc34)c2c1,4.8727331816811015,Inactive
CC1CS(=O)(=O)CCN1/N=C/c1ccc([N+](=O)[O-])o1,6.096910013008056,Active
Cc1ccc(S/C=C/c2ccc3no[n+]([O-])c3c2)cc1,5.481486060122113,Active
COC(=O)C1=CCC[C@@H]2[C@@](C)(CCc3ccco3)[C@H](C(=O)OC)CC[C@@]12C,7.568636235841013,Active
O=C(CCn1ccnc1)c1ccc([N+](=O)[O-])cc1,4.958607314841775,Inactive
CC1CCCN(S(=O)(=O)c2ccccc2)C1,3.9492336887669577,Inactive
CC(=O)Nc1ccc2[nH]c(=O)n(CCC3CCCCC3)c(=O)c2c1,6.136677139879544,Active
c1ccc(Nc2n[n+](-c3ccccc3)c(CCc3ccc4c(c3)OCO4)s2)cc1,4.078729814490187,Inactive
CC(C)=CCC/C(C)=C/CC/C(C)=C/COc1cccc(/C=C/C(=O)c2ccccc2)c1,4.7152309866509805,Inactive
CC(C)(C)OC(=O)/C=C/c1cc(F)c2c(c1)[C@H](C(=O)OC(C)(C)C)[C@@H](c1ccc(O)c(F)c1)O2,5.705533773838407,Active
O=C(N[C@H]1C(O)O[C@H](CO)[C@H](O)[C@@H]1O)c1cccc(Br)c1,4.700492701299512,Inactive
COc1cc(C(=N)N)ccc1OCCCCOc1ccc(C(=N)N)cc1OC,1.99800000012035,Inactive
CCN(CC)CCOc1ccc2c(c1)O/C(=C\c1ccccc1OC)C2=O,5.00436480540245,Active
NCCNc1ccnc2cc(Cl)ccc12,4.110698297493689,Inactive
O=C(CN1CCc2c([nH]c3ccccc23)C1c1ccccc1)Nc1ccccc1,5.153353671422883,Active
CCn1ncc2c(N3CCC(c4ccccn4)C3)nc(-c3ccccn3)nc21,4.7447274948966935,Inactive
N#Cc1ccc(NC(=O)c2c(NC(=O)C(F)(F)F)sc3c2CCCCC3)cc1,5.069050968832477,Active
COc1cccc(CN(C)Cc2nc(N)c3c(C)c(C)sc3n2)c1,4.800000052738446,Inactive
C[C@@H]1CC[C@H]2CC(=O)O[C@@H]3O[C@@]4(CCCc5ccc(Cl)cc5)CC[C@@H]1[C@@]23OO4,4.958607314841775,Inactive
CCC(=O)N(CCCCCCCNC(=O)OC(C)(C)C)C1CCN(CCc2ccccc2)CC1,5.0030507515046185,Active
C=CCOCC(COP(=O)([O-])OCC[N+](C)(C)C)OCCCC,4.371611069949688,Inactive
[O-][n+]1onc2cc(/C=C/c3ccc(Br)cc3)ccc21,5.259637310505756,Active
Cc1ccc(-c2cc(Cn3ccnc3[N+](=O)[O-])on2)cc1[N+](=O)[O-],4.473660722610156,Inactive
O=[N+]([O-])c1nccn1CCCNc1ncnc2ccccc12,5.73754891026957,Active
COC[C@@H]1CCCN1c1nc(N(C)C2CCN(C)CC2)nc2ccsc12,4.585026652029182,Inactive
N#Cc1ccc(-c2nc3ccc(Cl)cc3c3c2CCCN3)cc1,3.832682665251824,Inactive
COc1ccc(/C=C(\C)C(=O)/C=C/c2cccc(Br)c2)cc1,4.726998727936262,Inactive
Cn1/c(=N\N/C=C/c2sc3ccccc3[n+]2C)sc2ccccc21,4.906858595248851,Inactive
CCC/C=C/c1nc2ccccc2n2cccc12,5.154901959985743,Active
CN(C)c1ccc(O)c2c1C[C@H]1C[C@H]3[C@H](N(C)C)C(O)=C(C(N)=O)C(=O)[C@@]3(O)C(O)=C1C2=O,4.651695136951839,Inactive
COc1cccc(-c2ccn(CCNC(=O)N3CCCCC3)n2)c1,5.3979400086720375,Active
N=C(N)c1ccc(COc2c(Cl)cc(C(=N)N)cc2Cl)cc1,5.1938200260161125,Active
CC1(Cc2ccccc2)CC(S(=O)(=O)c2ccccc2F)=C(c2ccc(/C(N)=N\O)cc2)O1,5.03810452633215,Active
O=[N+]([O-])c1ncn(CCCNc2ccnc3cc(Cl)ccc23)n1,6.216811308924743,Active
C=CCc1ccc(OCCCCCCCCC)c(OC)c1,4.174833627743451,Inactive
O=C(Nc1ccc2cc3ccc(NC(=O)c4ccccc4)cc3nc2c1)c1ccccc1,5.567832730557412,Active
c1ccc(-c2nc(N3CCC(c4ccccn4)C3)c3ccccc3n2)nc1,6.017728766960431,Active
COc1ccc(C[C@H](NC(=O)OC(C)(C)C)C(=O)N[C@@H](Cc2ccccc2)C(=O)NCC(=O)c2cccc(NC(=O)c3ccccn3)c2)cc1,4.42021640338319,Inactive
CCOC(=O)C1=C(C)NC(C)=C(C(=O)OC)C1c1cccc([N+](=O)[O-])c1,4.570570735618213,Inactive
CC(C)(C)c1ccc(-c2c[nH]cc2C(c2ccc(Cl)cc2Cl)n2ccnc2)cc1,4.892790030352131,Inactive
COc1cc(C(=O)N2CCCC(c3cc4ncccc4[nH]3)C2)on1,4.1938200260161125,Inactive
O=C(CCN1CCN(c2ccc(C(F)(F)F)cc2)CC1)c1csc2ccc(F)cc12,4.853871964321762,Inactive
Nc1ncnc2c1c(C(F)(F)F)cn2[C@@H]1O[C@H](CO)[C@@H](F)[C@H]1O,5.498940737782249,Active
Cc1cc(Oc2cccc(Cn3cncn3)c2)cc(C)c1Cl,5.958607314841775,Active
Nc1ncnc2c1c(-c1ccc(Cl)s1)nn2[C@@H]1O[C@H](CO)[C@@H](O)[C@H]1O,5.591760034688151,Active
CC(C)CC(=O)N1CCC(NC(c2ccc(C(F)(F)F)cc2)c2cnccn2)CC1,6.568636235841013,Active
Nc1ccc(-c2cc(Cn3ccnc3[N+](=O)[O-])on2)cc1,5.207608310501746,Active
O=C(/C=C/c1ccc(F)cc1)c1ccc(C2CCCCC2)cc1,4.568636235841013,Inactive
CCCCC(CC)CNC(=O)c1ccc(C)cc1,4.671620396561262,Inactive
Nc1ncnc2c1c(-c1ccccc1)nn2[C@@H]1O[C@H](CO)[C@@H](O)[C@H]1O,4.882728704344236,Inactive
N#Cc1c(-c2ccco2)[n+]([O-])c2cc(Cl)c(Cl)cc2[n+]1[O-],4.882728704344236,Inactive
Nc1ncnn2c([C@@H]3O[C@H](CO)[C@@H](O)[C@H]3O)cnc12,5.288192770958809,Active
N=C(N)c1ccc(NCCCCCNc2ccc(C(=N)N)cc2[N+](=O)[O-])c([N+](=O)[O-])c1,2.9470000017962272,Inactive
S=C(N/N=C/c1ccccc1)Nc1ccccc1,4.721246399047171,Inactive
CN1/C(=C/C=C/C=C/c2sc3ccc(Cl)cc3[n+]2C)Sc2ccc(Cl)cc21,7.1249387366083,Active
[O-][n+]1onc2cc(/C=C/C3CCCCC3)ccc21,4.866461091629782,Inactive
Cc1cc(C)c(Oc2nc(Cl)nc(Nc3cccc(C#N)c3)n2)c(C)c1,5.823908740944319,Active
CC1(COCc2ccc(OC(F)(F)F)cc2)Cn2cc([N+](=O)[O-])nc2O1,7.096910013008056,Active
O=C(/C=C/c1ccccc1O)c1ccccc1,4.119815447173567,Inactive
CCCC/C=C/c1ccc2c(c1)no[n+]2[O-],4.789146634685107,Inactive
CC(=O)SCCCCC[C@H](NC(=O)[C@H]1CCC(=O)N1)C(=O)Nc1ccccc1,5.6777807052660805,Active
COC(=O)[C@@H](NC(=O)c1nc(COc2ccc3sc(C)nc3c2)cs1)c1ccccc1,4.838631997765025,Inactive
C=CCOc1ccc(C(=O)/C=C/c2cc(OC)c(CCCCCC)c(OC)c2)cc1,4.721246399047171,Inactive
Cc1cc(C)c2c(c1)CC/C2=N\NC(N)=S,5.366531544420414,Active
CCCCCCCC/C=C/CCCCCCCC1=CC(=O)c2ccccc2C1=O,5.091514981121351,Active
O=[N+]([O-])c1cn2c(n1)OC[C@H](OCc1cccc(-c3ccc(F)cc3)n1)C2,6.920818753952375,Active
CN1CCN(c2nc(-c3ccc(Cl)cc3)c3c(N)n(C)nc3n2)CC1,4.399999967876858,Inactive
Fc1cccc(COc2ccc(Nc3ncnc4cc(C#C[C@@H]5CCCN5)sc34)cc2Cl)c1,5.431798275933005,Active
COc1cc([Te]Cc2ccc(S(N)(=O)=O)cc2)cc(OC)c1OC,7.698970004336019,Active
OC1(Cc2ccc(Cl)cc2)c2ccccc2C2=NCCCN21,4.193141970481182,Inactive
NC(=S)N/N=C/CSc1ccc(Br)cc1,5.386062559330694,Active
O=[N+]([O-])c1ccc([C@@H]2C[C@H]3Cc4cc(F)ccc4N2O3)o1,4.97061622231479,Inactive
COc1ccc(CNCCCCCCNCc2ccc(OC)c(O)c2)cc1O,4.358922686674625,Inactive
Nc1ncnc2c1c(-c1ccccn1)nn2[C@@H]1O[C@H](CO)[C@@H](O)[C@H]1O,4.521433504406157,Inactive
CN(C)c1ccc2nc3ccc(N4CCSCC4)cc3[o+]c2c1,6.216096420727265,Active
CC(C)COc1cccc(-c2nc3c([nH]2)CCNC3)c1,4.701724438940196,Inactive
Nc1cc(-c2ccccc2)ccc1Cn1cncc1CNc1ccc(F)c(-c2ccccc2)c1,9.096910013008056,Active
C=C(C(=O)OCCC)C(O)c1cccc([N+](=O)[O-])c1,4.141282385139708,Inactive
COC(=O)c1c(NCc2ccc(OC)cc2OC)noc1-c1ccc(Cl)cc1Cl,5.1605219526258015,Active
CCc1ccc(CNCC(O)c2ccccc2)cc1,4.595193299388892,Inactive
O=C(CCl)NCCOc1ccc(Cl)cc1Cl,4.719619018987572,Inactive
O=c1nc(-c2ccccc2)c2cc(-c3ccc(N4CCCC4)nc3)ccc2[nH]1,5.201349354554731,Active
CCCCNc1c(NCCCC(=O)O)c(=O)c1=O,4.375717904164332,Inactive
CSC[C@H]1O[C@@H](n2cnc3c(N)nc(I)nc32)[C@H](O)[C@@H]1O,4.055517327849831,Inactive
C=C(c1nc(-c2ccccc2)no1)C(O)/C=C/c1ccccc1,4.2539109569438,Inactive
O=C(NC1CCCCC1)N1CCC(NC(c2ccc(Cl)cc2)c2cccnc2)CC1,7.522878745280337,Active
O=C(N[C@@H]1[C@@H](O)[C@H](O)[C@@H](CO)O[C@@H]1O)OCc1ccccc1,4.793713955587568,Inactive
O=S(=O)(c1ccccc1)N1CCN(C(c2ccc(Cl)cc2)c2cccnc2)CC1,8.057991946977687,Active
COc1ccc(-c2ccc(-c3ccc(NC(=N)c4ccccn4)cc3OC(C)C)o2)cc1,6.045757490560675,Active
Cc1cc(Cl)cc(C)c1Oc1nc(N)nc(Nc2ccc(C#N)cc2)n1,5.145693958198919,Active
CC(C)=CCC/C(C)=C/C[n+]1cn(C)c2nc[nH]/c(=N\O)c21,4.692503962086787,Inactive
O=[N+]([O-])c1cn2c(n1)OC(COc1ccc(Oc3ccccc3)cc1)C2,5.468521082957745,Active
CN(C)c1ccc(/C=N/NC(=O)/C(=C/c2cnn(-c3ccccc3)c2)c2ccccc2)cc1,3.699484698446239,Inactive
Clc1ccc(C(NC2CCN(c3ccc(Br)cn3)CC2)c2cccnc2)cc1,7.590066876668706,Active
CO[C@H]1O[C@H](OC)c2c1ccc([C@@]1(C)CCCC(C)(C)C1)c2[C@@H](C)C(=O)O,5.853871964321762,Active
COc1ccc(OC)c(S(=O)(=O)N(Cc2ccc(F)cc2)Cc2ccnn2C)c1,5.280000380871156,Active
[O-][n+]1onc2cc(/C=C/c3ccc(O)cc3)ccc21,4.647817481888637,Inactive
CC(C)C[C@H]1C[C@@]2(CC[C@H]3C[C@@H]2C3(C)C)Oc2c(C=O)c(O)c(C=O)c(O)c21,5.2862545832078816,Active
COc1ccc2nc(N(C)C)c(S(C)(=O)=O)nc2c1,4.598599459218456,Inactive
CC(=O)N1N=C(c2cccs2)CC1c1cc(-c2ccc(C)cc2)nn1-c1ccccc1,6.795880017344075,Active
CCN(c1ccccc1)S(=O)(=O)c1ccc(Cl)c(NC(=O)c2ccc3c(c2)CCNC3)c1,5.294136287716081,Active
Cc1ccc(S(=O)(=O)Oc2c(NC(=O)c3ccc(F)cc3)c(=O)n(C)c3ccccc23)cc1,4.309803919971486,Inactive
O=[N+]([O-])c1cn2c(n1)OC[C@H](OCc1ccc(-c3ccc(F)cc3F)nc1)C2,6.1938200260161125,Active
O=[N+]([O-])c1ccc(/C=N/N=C/c2ccc(O)cc2)s1,5.517126416391246,Active
CCOc1cc(CNCCCn2ccnc2)cc(Cl)c1OCC,5.150162464287247,Active
COc1cc2c(c(OC)c1-c1c(C)cc(OC)c3c(OC)cccc13)[C@@H](C)N[C@@H](C)C2,4.906578314837765,Inactive
Cc1ccsc1C(=O)N1CCc2c([nH]c3ccccc23)C1,4.585026652029182,Inactive
Cc1ccc([C@@H]2C[C@H](O)Cc3cc(Cl)ccc3N2)s1,4.191114132640188,Inactive
O=C1C(Cl)=C(N(C(=O)c2cccc(Cl)c2)C(=O)c2cccc(Cl)c2)C(=O)c2ccccc21,5.651695136951839,Active
NCCCCc1cn(-c2ccc(-c3nc(-c4ccc5c(c4)CCCN5)cs3)c(OCCN3CCNC3=O)c2)nn1,4.568636235841013,Inactive
Cc1ccc(Nc2nc(-c3ccccn3)nc3ccccc23)cn1,4.508638306165727,Inactive
CCOP(=O)(CC(=O)NCC1OC(n2ccc(=O)[nH]c2=O)CC1O)OCC,4.537602002101044,Inactive
Cc1ccc(/C=C/C(=O)c2c(O)c3ccccc3[nH]c2=O)cc1,5.6777807052660805,Active
O=C(COc1ccccc1[N+](=O)[O-])NCCc1nc2ccccc2[nH]1,5.102372908709558,Active
COP(=O)(OC)C(Nc1ccccc1)c1ccc2ccccc2c1,4.03928888106101,Inactive
CC(C)(C)C(=O)N1CCC(NC(c2ccc(C(F)(F)F)cc2)c2cccnc2)CC1,7.619788758288394,Active
O=C(c1cc(C(F)(F)F)no1)N1CCCC(c2cc3ncccc3[nH]2)C1,4.1938200260161125,Inactive
COc1ccc(CNC(=O)c2c([N+](=O)[O-])noc2-c2ccc(Cl)cc2Cl)cc1OC,5.444301105281099,Active
FC(F)(F)c1ccc(C(c2cccnc2)N2CCC(Oc3cccc(Cl)c3)CC2)cc1,7.229147988357855,Active
CO[C@@]1(C)OOC(c2ccccc2)(c2ccccc2)C[C@H]1CNCCCn1ccnc1,5.1249387366083,Active
CC1=Nc2ccc(Cl)cc2C(O)(c2ccc(C)cc2)N1CCN1CCCCC1,5.393618634889395,Active
CC[C@@H]([C@H](C)O)n1ncn(-c2ccc(N3CCN(c4ccc(OC[C@@H]5CO[C@@](Cn6cncn6)(c6ccc(F)cc6F)C5)cc4)CC3)cc2)c1=O,5.795880017344075,Active
O=[N+]([O-])c1nc2n(n1)C[C@@H](OCc1cccc(OC(F)(F)F)c1)CO2,5.6020599913279625,Active
Cc1ccc2nc(C)cc(Nc3cccc(C(F)(F)F)c3)c2c1,5.513721161024096,Active
CC(=O)Nc1ccc(OC2=CC(=O)c3ccccc3C2=O)cc1,5.393618634889395,Active
CC(C)CC(=O)c1c(O)c(C=O)c(O)c2c1O[C@@]1(CO)[C@@H](C2)C[C@H]2C[C@@H]1C2(C)C,5.127921848989812,Active
CCN(CC)c1ccc2nc3c4ccccc4/c(=N\c4cccc(Cl)c4)cc-3oc2c1,4.543633966870957,Inactive
COc1cc(C)cc2c1C(=O)C1OC1(c1c(C)cc3c(c1OC)C(=O)C1OC1C3=O)C2=O,4.684029654543083,Inactive
Cc1ccc(Nc2nc(N)c3ccccc3n2)cc1Cl,5.419138862325679,Active
CC(C)=CCCC1(C)C=Cc2c(ccc(C(=O)CCc3cccnc3)c2O)O1,4.958607314841775,Inactive
NC(=S)N/N=C/c1ccco1,5.728158393463501,Active
O=Cc1ccc(OCc2ccc3no[n+]([O-])c3c2)cc1,5.060480747381382,Active
Cc1cc(C)c(Oc2nc(N)nc(Nc3ccc(C(F)(F)F)cc3)n2)c(C)c1,5.091514981121351,Active
COc1cc(NS(C)(=O)=O)ccc1Nc1nc2ccc(N)cc2s1,5.0,Active
COc1ccc(/C=C/C(=O)c2ccc(F)cc2F)c(OC)c1,4.585026652029182,Inactive
COc1cc(C(=N)NC(C)C)ccc1-c1cc2ccc(C(=N)NC(C)C)cc2o1,4.494850021680094,Inactive
CC1(C)OC2=C(C(=O)C(=O)c3ccccc32)C1Nc1ccc(Br)cc1,3.021135015652343,Inactive
Oc1ccccc1/C=N/Nc1ncccn1,4.366228653917444,Inactive
CC1(COc2ncc(F)cn2)CCn2cc([N+](=O)[O-])nc2O1,6.173925197299173,Active
O=Cc1cc(O)ccc1O,5.481486060122113,Active
O=c1c2ccccc2c(C(=S)Nc2ccc(Cl)cc2)c2n1CCN2,6.301029995663981,Active
CC(C)=CCC/C(C)=C/CC/C(C)=C/Cn1cc(CCO)nn1,4.200659450546418,Inactive
CN(C)CCCN(C)c1nc(N(C)CCC#N)c2sc(C(C)(C)C)cc2n1,4.431798275933005,Inactive
Cc1nnnn1-c1cccc(C(=O)N2CCC[C@@]3(C)c4ncncc4CCC23)c1,6.499996931948306,Active
CCC(=O)Nc1ccc(C(=O)Nc2ccccc2-c2ccccc2)cc1,4.74712816617444,Inactive
Cn1c(CC(=O)NNC(=O)c2ccc3ccccc3n2)nc2ccccc21,5.300000202445418,Active
c1ccc(CNc2nc(OCc3ccccc3)c3ccccc3n2)cc1,6.187086643357144,Active
CCN(c1ccccc1)S(=O)(=O)c1ccc(Cl)c(NC(=O)CN(C)C2CCN(C)CC2)c1,6.226213555018807,Active
Cc1sc(N/N=C/CSc2ccccc2)nc1-c1ccc(Br)cc1,5.3872161432802645,Active
C=CC1=C(C)[C@@H]2CC[C@H]3[C@](C)(CO)CCC[C@]3(C)[C@H]2CC1,4.485452247339714,Inactive
CN(C)c1ncc(-c2cncn2CCOc2ccc(Cl)cc2)cn1,6.650004100737144,Active
CCN(CC)CCCC(C)Nc1c([N+](=O)[O-])cnc2cc(Cl)ccc12,5.187755303199631,Active
O=C(C1CCC1)N1CCN(C(c2cncnc2)c2ccc(Cl)cc2F)CC1,6.384576047114056,Active
O=C(N/N=C/c1ccc([N+](=O)[O-])o1)C12CC3CC(CC(C3)C1)C2,6.251037138743839,Active
Cn1c(=O)n(C)c2cc(CNCCNc3ccnc4cc(Cl)ccc34)ccc21,4.771659065677071,Inactive
COc1c(I)ccc2c1C(=O)C=C(C)C2=O,5.391473966422806,Active
O=C(N/N=C/c1ccc([N+](=O)[O-])o1)c1ccc(-c2ccccc2)cc1,5.742321425130816,Active
CSc1cc(/C=C/c2ccc(OC3CCCCO3)cc2)nc(N)n1,5.443697499232712,Active
COc1cccc(CCNC(=O)C(c2cn[nH]c2)N2CCN(c3ccc(Cl)cc3)CC2)c1,4.788587489861347,Inactive
CCCC(=O)Nc1nc2ccc(Cl)cc2s1,5.325138859262188,Active
COc1cc2c(c(OC)c1OC)OCC(c1cc(O)c(OC)c(OC)c1O)[C@H]2O,4.452225294612178,Inactive
COc1cc(/C=N/NC(=O)c2no[n+]([O-])c2C)ccc1O,5.769551078621726,Active
CCOC(=O)c1c(Nc2c3ccc(Cl)cc3nc3ccc(OC)cc23)sc2c1CCCC2,4.409381051793422,Inactive
COc1cc(OCC=C(C)C)ccc1C(=O)/C=C/c1cccnc1,4.978810700930062,Inactive
Nc1ncnc2[nH]nc(Br)c12,4.419075024324381,Inactive
CCn1nc(C)cc1C(=O)NC1CCN(C(c2ccc(C#N)cc2)c2cccnc2)CC1,6.297569463554475,Active
COc1ccc(-c2cn([C@@H]3O[C@H](CO)[C@@H](F)[C@H]3O)c3ncnc(N)c23)cc1,5.064996848546345,Active
CCCC[C@H]1CNC(=N)N1CC1CCC(C)CC1,6.221848749616356,Active
O[C@@H]1Cc2ccccc2N[C@H](c2ccccc2F)C1,4.200866306697937,Inactive
N#Cc1ccccc1S(=O)(=O)N(Cc1ccccc1)Cc1ccccc1,4.950000175844591,Inactive
CC(C)C[C@H](NC(=O)c1ccc(-c2ccccc2)o1)C(=O)NC1(C#N)CC1,4.800000052738446,Inactive
COc1ccc(NC(=O)c2c(NC(=O)C(F)(F)F)sc3c2CCCC3)cc1,4.835647144215563,Inactive
CN1CCC(N(C)c2nc(N(C)CCC#N)c3ccccc3n2)CC1,4.552841968657781,Inactive
C=CCn1c2ccc([N+](=O)[O-])cc2c(=O)n1Cc1ccccc1,5.5398541825082495,Active
Cc1ccc([N+](=O)[O-])cc1NC1C2=C(OC1(C)C)c1ccccc1C(=O)C2=O,3.5462231403095577,Inactive
CCCC[n+]1ccc2c(c1)[nH]c1ccc(Cl)cc12,3.950394387405027,Inactive
COc1c(C=O)c(O)cc2c1C(=O)c1ccccc1C2=O,4.403292970318554,Inactive
C/C(=N\N=C1/SCC(=O)N1c1ccccc1)c1ccccn1,3.536562438099143,Inactive
COc1ccc(C(=O)Nc2nc3ccc(C#N)cc3n2CC(F)(F)F)cn1,5.638272163982407,Active
Clc1ccccc1[C@@H]1C[C@@H]2Cc3ccc4ccccc4c3N1O2,3.999132278468773,Inactive
COc1cc(NC(=O)c2nnn(Cc3ccc(CN4CCOCC4)cc3)c2N)ccn1,6.699991797446187,Active
Clc1ccc(C(NCC2CCCCC2)c2cccnc2)cc1,7.494850021680094,Active
CN(C)c1ccc(/C=N/n2c(S)nnc2-c2cnccn2)cc1,3.94692155651658,Inactive
CC1=C2C[C@@H]3C(C)(C)O[C@]45O[C@@]4(C(C)C)C(=O)[C@]4(CC[C@H]6C(C)(C)CCC[C@]67C[C@]24[C@]35O7)CC1=O,4.939302159646388,Inactive
N=C(N)c1cccc(COc2ccc(C(=N)N)cc2I)c1,5.896196279044043,Active
CC(C)(C)Nc1c(-c2ccccn2)nc2c(OCc3ccccc3)cccn12,5.229147988357856,Active
C[C@@H]1CC[C@H]2CC(=O)N(Cc3ccccc3)[C@@H]3O[C@@]4(C)CC[C@@H]1[C@@]23OO4,4.251811972993799,Inactive
O=c1cc(Sc2ccccc2C(F)(F)F)c2cccc([N+](=O)[O-])c2[nH]1,5.455931955649724,Active
Nc1ccc2nc(NCCO)sc2c1,5.522878745280337,Active
N#Cc1ccc2nc(NC(=O)c3cc(C(F)(F)F)nn3CC(=O)O)n(CC(F)(F)F)c2c1,4.1938200260161125,Inactive
O=[N+]([O-])c1cc(C(F)(F)F)cc([N+](=O)[O-])c1N1CCOCC1,6.301029995663981,Active
BrC1=NOC(c2nc(-c3ccc4c(c3)OCCO4)no2)C1,4.59176003468815,Inactive
COc1ccc(OC)c(NC(=O)c2ccc([N+](=O)[O-])o2)c1,4.647128176548404,Inactive
O=C1C=C(Oc2ccc(Br)cc2Br)C(=O)c2cc3ccccc3cc21,6.327902142064283,Active
Cc1ccc([C@@H]2C[C@H]3Cc4cc(Cl)ccc4N2O3)o1,3.7466619946738935,Inactive
CCC(=O)N(CCNC(=N)N)C1CCN(CCc2ccccc2)CC1,4.642827742276967,Inactive
O=C(N[C@@H](Cc1c[nH]c2ccccc12)C(=O)Nc1ccncc1)c1ccc(N2CCNCC2)cc1F,6.337242168318426,Active
CC1(C)CCC2=C(O1)c1ccccc1C1(CO1)C2=O,5.886056647693163,Active
Clc1ccc([C@@H]2C[C@@H]3Cc4ccc5ccccc5c4N2O3)cc1,4.560667306169737,Inactive
Cn1c([N+](=O)[O-])cnc1-c1nnc(NC(=O)C(F)(F)F)s1,4.48598381959935,Inactive
Clc1ccc(-c2c[nH]cc2C(c2ccc(Cl)cc2)n2ccnc2)cc1,7.244125144327507,Active
CC1=CCC[C@H]2[C@](C)(Cc3cc(O)ccc3O)[C@@H](C)CC[C@]12C,5.129596094720973,Active
O=S(=O)(Nc1ccc([Se][Se]c2ccc(NS(=O)(=O)c3ccc(Cl)cc3)cc2)cc1)c1ccc(Cl)cc1,5.440093374963888,Active
CC1(COCC(=O)Nc2ccc(OC(F)(F)F)cc2)CCn2cc([N+](=O)[O-])nc2O1,6.309803919971486,Active
O=C(NCCn1ccc(-c2ccc(F)c(F)c2)n1)N1CC[C@H](F)C1,7.795880017344075,Active
N#Cc1ccc(-c2nc3cc(Cl)ccc3cc2CCCN)cc1,4.103473782510445,Inactive
CC(C)NC(=N)c1ccc(O)c(-c2cc3cc(C(=N)NC(C)C)ccc3o2)c1,4.3979400086720375,Inactive
C[C@H](CSCc1ccccc1)C(=O)N1CCC[C@H]1C(=O)O,4.396855627379818,Inactive
CC(C)c1ccc(-c2cn([C@@H]3O[C@H](CO)C[C@H]3O)c3ncnc(N)c23)cc1,5.071604147743286,Active
Cc1ncnc2c1c(-c1cnccn1)cn2[C@@H]1O[C@H](CO)[C@@H](O)[C@H]1O,4.995678626217358,Inactive
Cc1ccccc1NS(=O)(=O)c1ccc2[nH]cc(C(=O)NC3CCCC(C)C3C)c(=O)c2c1,5.2471283263841455,Active
CN1CCN(C(=O)N[C@@H](Cc2ccccc2)C(=O)N[C@H](/C=C/c2ncccn2)CCc2ccccc2)CC1,4.698970004336019,Inactive
O=C(NCC1CCCCC1)c1cccc(C(O)(c2ccc(Cl)cc2)c2cccnc2)c1,7.0,Active
c1ccc(CNc2nc(Nc3ccccc3)nc3ccccc23)cc1,5.585026652029182,Active
O=C(CN1CCc2c([nH]c3ccccc23)C1c1ccccc1)Nc1cccc([N+](=O)[O-])c1,6.060480747381382,Active
CCCOc1c(OC)c(OC)cc2c1C(=O)[C@]1(OC)C=C[C@H]2N(C(=O)OCC(C)C)N1C(=O)OCC(C)C,4.373659632624958,Inactive
Cn1cc2ccccc2c2ccnc1-2,4.010995384301463,Inactive
O=C(Nc1cccnc1)c1ccc(CNS(=O)(=O)c2ccc(N3CCC(O)CC3)cc2)cc1,3.9208187539523753,Inactive
N#Cc1ccccc1OC1CCN(C(c2ccc(C(F)(F)F)cc2)c2cccnc2)CC1,7.318758762624412,Active
O=S(=O)(NC1CCN(C(c2cnccn2)c2ccc(F)cc2F)CC1)c1ccccc1,6.327902142064283,Active
O=C(c1cc(C(F)(F)F)n[nH]1)N1CCCC(c2cc3ncccc3[nH]2)C1,4.1938200260161125,Inactive
O=c1nc(-c2ccccc2)c2cc(-c3ccc(F)cc3)ccc2[nH]1,5.058985756294431,Active
CC(C)c1ccc(C(O)(c2ccc(C(F)(F)F)cc2)c2cncnc2)cc1,8.346787486224656,Active
O=[N+]([O-])c1ccc2nc(Oc3ccc(F)cc3C(O)Cn3ccnc3)c(Cc3ccccc3)cc2c1,6.6020599913279625,Active
CC(C)[C@H]1C(=O)C2=C(C1=O)[C@@]1(C)CCCC(C)(C)[C@@H]1CC2=O,5.337242168318426,Active
CC1(C)OC2=C(C(=O)c3ccccc3C2=O)C1n1cc(-c2ccccc2)nn1,5.997833938243493,Active
COc1ccc(CN2CCN(Cc3ccc(OC)cc3)C2c2ccccc2Cl)cc1,4.596879478824183,Inactive
CCN(CC)CCCC(C)Nc1c(N)cnc2cc(Cl)ccc12,4.779891911959945,Inactive
Cc1ccccc1-c1cnc(NC(=O)c2ccc(F)cc2)n1C,5.4089353929735005,Active
N[C@@H](Cc1ccccc1)C(=O)OCc1cn(-c2ccc(Cl)cc2)nn1,3.8779152492891305,Inactive
Cc1nc2c(c(NCC(O)c3ccccc3Cl)n1)CCNCC2,4.342544235142249,Inactive
O=C(/C=C/c1ccc2c(c1)OCO2)N/N=C/c1ccccc1O,5.251811972993799,Active
COc1cc2ccc(=O)oc2c2c1OC(C)(C)C=C2,4.154901959985743,Inactive
N#Cc1ccc(-c2ccc3[nH]c(=O)nc(-c4ccccc4)c3c2)cc1,4.759201228882668,Inactive
CC(C)(C)OC(=O)/C=C/c1cc(O)c2c(c1)[C@H](C(=O)OC(C)(C)C)[C@@H](c1ccc(O)c(O)c1)O2,5.779891911959945,Active
CC1(COc2ccc(OC(F)(F)F)cc2)Cn2nc(Br)nc2O1,4.886056647693163,Inactive
CC(C)c1cc2c(cc1O)[C@@]1(C)CCCC(C)(C)[C@@H]1[C@@H](O)C2=O,4.767003889607846,Inactive
O=[N+]([O-])c1ccc(S(=O)(=O)Nc2ccc3nccnc3c2)cc1,3.703993330686328,Inactive
CCCCCCCCCCCCCCc1c(O)cc(C)oc1=O,5.309803919971486,Active
COc1ccc(-c2cnc(NC(=O)c3ccccc3C#N)n2C)cc1,4.853871964321762,Inactive
COC1=CC(c2ccc[nH]2)=N/C1=C\NCC1CCCCCC1,7.055517327849832,Active
COc1ccc(Cn2nc(C(=O)Nc3ccc(F)c(C(=O)N[C@H](C)CO)c3)ccc2=O)cc1F,6.499996931948306,Active
O=C(Nc1ccc(F)c(-c2nc3ncc(-c4ccccn4)cn3n2)c1)N1CCC(F)(F)C1,7.213248577854439,Active
O=C1C=C(Oc2ccccc2)C(=O)c2c(O)cccc21,5.528708288941061,Active
CC(=O)O[C@@H]1[C@H](OC(C)=O)[C@@H](CI)O[C@H]1n1cnc2c(N)nc(F)nc21,5.036212172654444,Active
COc1ccc(OC)c(S(=O)(=O)N(Cc2ccc(F)cc2)Cc2cnc(OC)nc2OC)c1,4.2699999970646445,Inactive
O=C(Nc1nc2cncnc2n1CC(F)(F)F)c1ccc(C(F)(F)F)nc1,6.292429823902063,Active
Fc1cccc(Oc2ccc(OCCOC3CCCCO3)cc2)c1,4.721246399047171,Inactive
COc1ccc(C(O)(CCC(C)C)C(CN2CCOCC2)c2ccc(Cl)cc2)cc1,5.32268236915634,Active
O=C(Nc1cccc(Cl)c1)N1CCCCC1c1cccnc1,6.699991797446187,Active
O=c1[nH]c2c([N+](=O)[O-])cc(Br)cc2cc1Br,5.187086643357144,Active
COc1ccc(-c2ccc3ccccc3c2)c2c1C(C)=N[C@H](C)C2,4.673459331483438,Inactive
CC(C)(C)c1ccc(CCN2C3=NCCN3c3ccccc32)cc1,4.896196279044043,Inactive
C=C(C(=O)OCCC)C(O)c1ccc(Br)cc1,4.126679398184601,Inactive
O=C(Cc1ccc(Cl)cc1)Nc1nc2ccccc2[nH]1,4.301029995663981,Inactive
COCC(=O)NCCCNCCCCN,5.262012673666569,Active
Cc1cc(C)c(Oc2nc(N)nc(Nc3ccccc3)n2)c(C)c1,4.777283528852417,Inactive
C/C(=N\N=C1\SC(C(C)C)C(=O)N1c1ccccc1)c1ccncc1,5.922632094715843,Active
C=C(C(=O)OCCC)C(O)c1ccccn1,3.712041594139849,Inactive
CS(=O)(=O)N1CCN(C(c2cccnc2)c2ccc(Cl)cc2F)CC1,7.396152228700576,Active
FC(F)(F)c1ccc(N(c2cncnc2)C2CCN(c3ccc(C(F)(F)F)nc3)CC2)cc1,7.886892633479505,Active
CN1CC(=O)N2[C@H](c3ccc4c(c3)OCO4)c3[nH]c4ccccc4c3C[C@@H]2C1=O,5.0655015487564325,Active
CC(C)c1cc2c(cc1O)[C@@]1(C)CCC[C@@](C)(CO)[C@@H]1CC2=O,4.991399828238082,Inactive
CC(C)Oc1ccc(C(c2cccnc2)N2CCC(NC(=O)c3ccccc3)CC2)cc1,7.214670164989233,Active
O=C(c1cc2c([nH]c3ccccc32)c(-c2ccccc2)n1)N1CCN(Cc2ccccc2)CC1,4.614393726401688,Inactive
CC1(CN2CCC(Oc3ccc(F)cc3)CC2)CCn2cc([N+](=O)[O-])nc2O1,6.229147988357855,Active
N=C(N)c1ccc(OCCCOc2ccc(C(=N)N)cc2)cc1,5.823908740944319,Active
O=C(CN1C(=O)CNC2(C1=O)C1CC3CC(C1)CC2C3)NO,5.258848401148215,Active
COc1ccc(-c2nc(NCCN(C)C)c3ccccc3n2)cc1,5.301029995663981,Active
O=[N+]([O-])c1c(CS(=O)(=O)c2ccccc2)nc2ccc(Br)cn12,4.853871964321762,Inactive
CC(=O)OC1Oc2ccccc2C[C@@H]1NC(=O)[C@H](Cc1ccccc1)NC(=O)N1CCN(C)CC1,4.886056647693163,Inactive
O=C(CN1CCc2sccc2C1)N/N=C/c1ccc(O)c(O)c1,3.172527335806083,Inactive
O=C1/C(=C/c2ccc(Cl)cc2)CCC/C1=C\c1ccc(Cl)cc1,4.294563953414749,Inactive
BrC1=NOC(c2nc(-c3ccccc3)no2)C1,4.761953896871205,Inactive
CN(C)c1ccc(NCc2cncn2Cc2ccc(-c3ccccc3)cc2)cc1-c1ccccc1,7.698970004336019,Active
CC(C)CC(=O)/C=C/c1cc(O)c2c(c1)[C@H](C(=O)CC(C)C)[C@@H](c1ccc(O)c(O)c1)O2,5.354577730650908,Active
C[C@@H]1CC[C@H]2[C@@H](CCCC(F)(F)F)C(=O)O[C@@H]3O[C@@]4(C)CC[C@@H]1[C@]32OO4,4.102372908709558,Inactive
CCCN(CCC)c1c([N+](=O)[O-])cc(S(=O)(=O)Nc2ccc(Cl)cc2)cc1[N+](=O)[O-],4.886056647693163,Inactive
COc1ccc(CNCCNCc2ccc(OC)cc2)cc1,4.868060704789576,Inactive
O=[N+]([O-])c1cn2c(n1)OC[C@H](OCc1ccc(-c3ccc(C(F)(F)F)cc3)nc1)C2,4.958607314841775,Inactive
CC(C)c1ccc2c(c1)CC[C@H]1[C@](C)(C(=O)O)CCC[C@]21C,3.99439055463972,Inactive
CC(=O)OC1CC(C(C)C)OO1,4.483332440900957,Inactive
CC(C)(O)c1cc2c(-c3ccc(-c4ccccc4)c(F)c3)nccc2[nH]1,5.42021640338319,Active
CN(C)CCOc1ccc(N2CCN(S(=O)(=O)c3ccc(N)cc3)CC2)cc1,4.2580609222708015,Inactive
N#C[Se]c1ccc(NC(=O)CCC(=O)O)cc1,4.945770090136603,Inactive
Cc1ccc2c(c1)N(C)/C(=C/C=C/c1oc3ccc(C)cc3[n+]1C)O2,8.301029995663981,Active
CC(=O)Nc1ccc(/C=N/NC(=O)c2nc(-c3ccccc3)no2)cc1,5.44000006551306,Active
C=C(C)CCC(C)N1CCC(N2CCC(C(=O)NCCc3ccccc3)CC2)CC1,4.740133637853101,Inactive
COc1cccc(/C=C2\CCC/C(=C\c3ccc([N+](=O)[O-])cc3)C2=O)c1OC,4.515700160653214,Inactive
O=C(Nc1ccn2cc(-c3cccc(F)c3F)nc2c1)N1CCCCC1,6.0,Active
O=C(COc1ccccc1)OC(Cn1ccnc1)c1ccc(F)cc1,4.761953896871205,Inactive
c1ccc(-c2nc(NCc3nccs3)c3ccccc3n2)nc1,5.568636235841013,Active
[N-]=[N+]=NC(CO)COc1ccc(Oc2ccccc2)cc1,4.154901959985743,Inactive
CCOCCCn1c2ccc([N+](=O)[O-])cc2c(=O)n1Cc1ccccc1,5.306273051076353,Active
CC1(C)OC2=C(C(=O)c3ccccc3C2=O)C1n1cc(C2CCCCC2)nn1,5.6117211365403605,Active
O=S(=O)(c1ccc(Cl)cc1)N1CCC(NC(c2ccc(C(F)(F)F)cc2)c2cnccn2)CC1,6.481486060122113,Active
c1ccc(-c2nc(N3CCCCC3)c3ccccc3n2)nc1,6.327902142064283,Active
O=C(C1CC1)N1CCC(NC(c2cnccn2)c2ccc(F)cc2F)CC1,5.860120913598763,Active
CCc1oc(=O)c(Cc2c(O)c(CC=C(C)C)c(O)c(C(=O)C(C)C)c2O)c(O)c1C,4.863279432843593,Inactive
COc1ccc(N(Cc2ccc(Cl)cc2)Cc2ccc(OC)c(O)c2)cc1,4.223589411192657,Inactive
CO/N=C(\N)c1ccc(COc2c(OC)cc(/C(N)=N/OC)cc2OC)cc1,4.0,Inactive
COc1ccc(-c2cn(C3C4=C(OC3(C)C)c3ccccc3C(=O)C4=O)nn2)cc1,5.261219441515631,Active
O=C(/N=C(/NCc1ccccc1)Nc1ccc(C(F)(F)F)cc1)c1ccccc1,4.85078088734462,Inactive
CCC[C@H]1C(=O)O[C@@H]2O[C@@]3(C)CCC4[C@H](C)CC[C@@H]1[C@]42OO3,4.774690718274137,Inactive
C/C(=N\Nc1nc(-c2ccc(-c3ccccc3)cc2)cs1)c1ccc(Cl)cc1Cl,4.82739706879014,Inactive
CCCCC(CCCCCCC[n+]1ccn(C)c1)Oc1ccc(C(=O)/C=C/c2ccco2)cc1,6.142667503568732,Active
O=[N+]([O-])c1c(CS(=O)(=O)C2CCCCC2)nc2c(Br)cc(Cl)cn12,6.045757490560675,Active
Cc1cc(N2CCCC2=O)ccc1Sc1ccccc1CO,5.200000237109354,Active
CC(C)COc1ccc2c(-c3ccccc3)cc(=O)oc2c1,4.400936094120583,Inactive
NCCNc1nc(-c2ccc(Cl)cc2)nc2ccccc12,5.187086643357144,Active
CCOC(=O)Cc1ccc(C#C[C@H]2CN3CCC2C[C@@H]3CO)cc1,4.835647144215563,Inactive
O=[N+]([O-])c1cn2c(n1)OC[C@H](Oc1ccc(C(F)(F)F)cn1)C2,6.823908740944319,Active
Clc1ccc(C(c2c[nH]cc2-c2ccc(-c3ccncc3)cc2)n2ccnc2)c(Cl)c1,5.616184634019569,Active
COC(=O)C1=NN(c2ccccc2)C2=CN=C3NC(c4ccccc4)=CC3N21,4.1938200260161125,Inactive
CC(=O)Oc1ccc(-c2oc3cc(OC(C)=O)cc(OC(C)=O)c3c(=O)c2OC(C)=O)cc1,4.314079207805465,Inactive
Cn1cc2ccccc2c2c3ccccc3nc1-2,5.2441251443275085,Active
O=C(c1ccccc1)N1CC=C(c2cc3ccccc3[nH]2)CC1,4.377797067750392,Inactive
Cc1ccc(C(=O)N/N=C/c2ccc([N+](=O)[O-])o2)cc1N,6.2076083105017466,Active
O=C(c1cc(C(F)(F)F)no1)N1CCCC(c2cc3nc(NCc4ccccc4)ccc3[nH]2)C1,5.668574728166876,Active
O=C(OC(Cn1ccnc1)c1ccc(F)cc1)N1CCN(c2ccc([N+](=O)[O-])cc2)CC1,5.774690718274137,Active
O=C(Cn1cnc([N+](=O)[O-])n1)Nc1nc(-c2ccc(F)c(F)c2)cs1,6.338187314462739,Active
O=C1C=C(Oc2ccc(Cl)cc2Cl)C(=O)c2cc3ccccc3cc21,4.863279432843593,Inactive
FC(F)(F)c1ccc(-c2csc(Nc3ccc(Cl)cn3)n2)nc1,6.267606240177032,Active
O=C(Nc1ccccc1)ONC(=O)c1ccc2nonc2c1,5.091514981121351,Active
CCC[C@H]1C[C@H]2OC(=O)c3c(cc(O)c(O)c3OCc3cccc(C(F)(F)F)c3)[C@H]2O1,4.866461091629782,Inactive
CC(=O)O[C@H]1CC[C@@]2(C)C(=CC[C@H]3[C@@H]4CC[C@H]([C@H](C)CCCN5CCCC5=O)[C@@]4(C)CC[C@@H]32)C1,4.856985199745905,Inactive
O=Cc1ccc(OCCCCCCCCCCCCCC[n+]2cccc3ccccc32)cc1O,6.096910013008056,Active
O=C(O[C@H](Cn1ccnc1)c1ccccc1)c1ccc(-c2ccccc2)cc1,8.602059991327963,Active
O=C(/C=C/c1ccc([N+](=O)[O-])o1)c1ccc(Br)cc1,4.536256278752941,Inactive
CC(=O)N(Cc1cccnc1)c1ccc(-c2ccc(F)cc2)cc1F,7.2716462179787715,Active
[O-][n+]1onc2cc(/C=C\c3ccccc3)ccc21,5.045757490560675,Active
Cc1nn(-c2cc(Cl)cc(Cl)c2)cc1-c1nnn[nH]1,3.795500175828849,Inactive
O=[N+]([O-])c1cn2c(n1)OC[C@H](Oc1ccc(-c3ccc(OC(F)(F)F)cc3)cn1)C2,6.1938200260161125,Active
N=C(N)Nc1ccc(-c2ccc(-c3ccc(NC(=N)N)cc3)s2)cc1,6.812479279163537,Active
O=C(O)c1cn(C2CC2)c2cc(N3CCNCC3)c(F)cc2c1=O,4.035976207159966,Inactive
CC1(C)[C@H]2C[C@@H]3Cc4c(O)c(C=O)c(O)c(C=O)c4O[C@]3(C)[C@@H]1C2,5.139031675763532,Active
COc1ccc(SC/C=N/NC(N)=S)cc1,4.606600304706898,Inactive
N=C(N)c1ccc(-c2cnc(-c3ccc(C(=N)N)nc3)nc2)cn1,5.7447274948966935,Active
NCCCNCCCCNCc1ccc(OC2=CC(=O)c3cc4ccccc4cc3C2=O)cc1,4.404614019190858,Inactive
CCCCCCC1CC(CC(=O)C(C)(C)C)OO1,5.354577730650908,Active
CC(C)c1ccc(-c2c[nH]cc2C(c2ccc(Cl)cc2Cl)n2ccnc2)cc1,7.180456064458132,Active
CSc1ccc(C(=O)NC(=[Se])Nc2ccc([Se][Se]c3ccc(NC(=[Se])NC(=O)c4ccc(SC)cc4)cc3)cc2)cc1,4.870310107800699,Inactive
CCN(CCNC(=N)c1ccccc1)Cc1cc(Nc2ccnc3cc(Cl)ccc23)ccc1O,5.1487416512809245,Active
CCc1ccc(/C=N/n2c(S)nnc2-c2cnccn2)cc1,3.696587929403258,Inactive
COP(=O)(OC)C(Nc1ccccc1)c1cccc2ccccc12,4.250905051250893,Inactive
CCn1nc(Cl)c2ccc(N/C(C)=C3\C(=O)C=C(C)OC3=O)cc21,5.058240186185305,Active
CCNC(=O)OC/C=C(\C)CCC=C(C)C,3.75448733218585,Inactive
CCN1C(=O)C2(OCC=C2c2nc(-c3ccccc3)no2)c2cccc(Br)c21,4.573488738635425,Inactive
O=C(CCN1CCN(c2ccc(F)cc2)CC1)c1ccc(F)c(Cl)c1,4.430626090384954,Inactive
O=C(N/N=C/c1ccc([N+](=O)[O-])s1)c1ccc(Cl)c(Cl)c1,6.3872161432802645,Active
CCc1c(C)c(=N)c2ccccc2n1C,5.513721161024096,Active
O=C(NC1CCCC1)c1ccc(N2CCC(NCc3cccc(C(F)(F)F)c3)CC2)cc1,4.6710626965857225,Inactive
COc1ccc(CN(CCc2ccccc2)Cc2c(F)c(F)c(F)c(F)c2F)cc1O,4.318668294030834,Inactive
COc1ccc(/C=N/NC(=O)c2nc3ccccc3[nH]2)cc1OC,3.778846678045295,Inactive
O=C(O)c1ccc(CBr)cc1,3.3010299956639813,Inactive
O=C(Cn1ccnc1/N=N/c1ccc(C(F)(F)F)cc1)N1CCCCC1,2.96657624451305,Inactive
CC1(CNC(=O)Nc2ccc(OC(F)(F)F)cc2)CCn2cc([N+](=O)[O-])nc2O1,5.853871964321762,Active
Cc1oc(C(=O)Nc2ccc3c(c2)B(O)OC3)cc1-c1ccccn1,5.769551078621726,Active
COc1cc(O)ccc1/C=C/C(=O)c1ccc(N(C)C)cc1,4.309803919971486,Inactive
CC(=O)OCc1ccc(-c2cc(-c3ccc4c(c3)OCO4)no2)cc1,4.6343248595440825,Inactive
O=C(COc1ccc(Br)cc1)NCCc1nc2ccccc2[nH]1,5.173925197299174,Active
COC(=O)c1c([N+](=O)[O-])noc1-c1cccc(-c2cnco2)c1,5.555174800490252,Active
Brc1cccc2c1[nH]c1c[n+](Cc3ccc4ccccc4c3)ccc12,4.333482019445119,Inactive
CN(C)CCNc1ccc2cccc3c2c1C=CC3=O,4.485452247339714,Inactive
O=C(Nc1nc2ccc(Cl)cc2s1)C1CCC1,5.87942606879415,Active
O=C1C(c2ccc(C(F)(F)F)cc2)=CC(=O)c2c(O)cccc21,4.642065152999546,Inactive
N#Cc1ccc(C(C(=O)N2CCN(c3ccc(C(F)(F)F)cn3)CC2)c2cccnc2)cc1,7.920818753952375,Active
O=[N+]([O-])c1ccc(S(=O)(=O)Nc2cnccn2)cc1,4.1791420105603,Inactive
CN(Cc1cccnc1)Cc1ccc(N2CCN(C(=O)C3(c4ccc(Cl)cc4)CC3)CC2)nc1,5.899998417198648,Active
Clc1ccc(CN2CCN(Cc3ccc(Cl)cc3)C2)cc1,4.987162775294828,Inactive
CC(C)c1cc2c(cc1O)[C@@]1(C)CCCC(C)(C)[C@@H]1CC2,4.538351431936545,Inactive
Clc1ccc([Se]Cc2cn(-c3ccccc3)nn2)cc1,4.774690718274137,Inactive
COc1ccc(/C=C2\CCC/C(=C\c3cccc(Br)c3)C2=O)cc1,5.2441251443275085,Active
CSc1ccc(-c2cc(Cn3ccnc3[N+](=O)[O-])on2)cc1,4.649751981665837,Inactive
CCOC(=O)CC12CC3CC(CC(CC(=O)N/N=C/c4ccc([N+](=O)[O-])o4)(C3)C1)C2,6.690369832574102,Active
COc1cccc(C(=O)N2CCN(c3cnccn3)CC2)c1OC,3.9488474775526186,Inactive
COc1ccc2nc(NC3CCCCC3)c(S(C)(=O)=O)nc2c1,5.100179497572904,Active
COc1cc(C(=O)CCC(=O)c2ccccc2)cc(OC)c1OC,4.433163399604401,Inactive
C/C(=N\NC(N)=S)C(C)Oc1ccccc1Cl,4.987162775294828,Inactive
c1cc2cccc3c4cc5n[n+]6c7ccccc7n7cccc7c6cc5cc4c(c1)c23,7.397940008672037,Active
O=C(CCC(F)(F)C(F)(F)C(F)(F)C(F)(F)C(F)(F)C(F)(F)F)NCCCCCCCCCN[C@@H]1[C@H](O)[C@@H](O)[C@H](O)[C@H]2COC(=O)N21,4.609948503541013,Inactive
O=S(=O)(c1cc(C(F)(F)F)ccc1Cl)N1CCCC1,3.939302159646388,Inactive
Nc1ncnc2c1c(-c1ccc(Cl)cc1)cn2[C@@H]1O[C@H](CO)[C@H](F)[C@H]1O,6.769551078621726,Active
c1ccc(-c2nc(N3CCc4ncccc4C3)c3ccccc3n2)nc1,5.036212172654444,Active
CC1(C)CCc2c(c3ccccc3c3nc(-c4c[nH]c5ccccc45)[nH]c23)O1,4.811071516239147,Inactive
O=[N+]([O-])c1ccc(-n2ccc(C(c3ccc(Cl)cc3)n3ccnc3)c2)cc1,5.209011524911184,Active
CCN(Cc1c[nH]cn1)c1ccc(-c2ccc(F)cc2)cc1F,8.207608310501746,Active
N/C(=N\O)c1cccc(COc2c(I)cc(/C(N)=N/O)cc2I)c1,5.178486471595227,Active
OC(c1cccnc1)(c1cncc(F)c1)c1ccc(Cl)cc1F,6.643018599006869,Active
COc1ccc(OC2=CC(=O)c3nc(-c4ccccc4)sc3C2=O)cc1,5.958607314841775,Active
Cc1ccc(-c2c(C#N)[n+]([O-])c3cc(F)c(F)cc3[n+]2[O-])cc1,4.835647144215563,Inactive
COc1ccc(CN(Cc2ccc(Br)cc2)c2cccnc2)cc1O,4.487315603782837,Inactive
O=c1oc2ccccc2c(O)c1C(c1ccoc1)N1CCOCC1,4.833569886156718,Inactive
N#Cc1c(NC(=O)CCCCl)[n+]([O-])c2ccc(Cl)cc2[n+]1[O-],6.154901959985743,Active
COc1ccccc1-c1cc(Cn2ccnc2[N+](=O)[O-])on1,5.337242168318426,Active
COc1cccc(C(=O)N2CCCC(c3cc4ncccc4[nH]3)C2)c1OC,4.494850021680094,Inactive
CC(C)CC(=O)c1c(O)c2c(c(C(=O)CC(C)C)c1O)O[C@@]1(CO)[C@@H](C2)C[C@H]2C[C@@H]1C2(C)C,5.159133301446687,Active
Cc1ccc(-c2c(C#N)[n+]([O-])c3cc(C(F)(F)F)ccc3[n+]2[O-])cc1,4.910094888560602,Inactive
COc1ccc(-c2cnc(NC(=O)c3ncc[nH]3)n2C)cc1,4.958607314841775,Inactive
O=C(NCCc1ccccn1)C(c1cn[nH]c1)N1CCN(c2ccc(Cl)c(Cl)c2)CC1,4.949533045542281,Inactive
O=[N+]([O-])c1nccn1CCCCNc1nc(-c2ccccc2)nc2ccccc12,5.209714835966758,Active
O=[N+]([O-])c1cn2c(n1)OC[C@H](OCc1cccc(-c3ccc(OC(F)(F)F)cc3)c1)C2,6.508638306165727,Active
C/C(=N\Nc1nc(-c2ccc(F)cc2)cs1)c1ccc(Cl)c(Cl)c1,4.789974587353014,Inactive
CC1(COc2cccc(-c3ccc(F)nc3)n2)CCn2cc([N+](=O)[O-])nc2O1,5.958607314841775,Active
COc1ccc2nc(N(Cc3cccnc3)C(=O)C3CCC3)sc2c1,4.5037072537639,Inactive
O=C(NC1CCN(C(c2cncnc2)c2ccc(Cl)cc2F)CC1)c1cc(F)ccc1F,7.647817481888637,Active
COc1ccc(CN(CCc2ccccc2)Cc2cccc(Cl)c2)cc1O,4.150580586203101,Inactive
O=C(NCc1ccc(Cl)cc1)c1ccc2cccnc2c1O,4.800000052738446,Inactive
N#Cc1c(-c2cccs2)[n+]([O-])c2ccc(C(F)(F)F)cc2[n+]1[O-],5.107905397309519,Active
c1ccc(OCCCCCCOc2cccc(-c3cc4ccc(C5=NCCN5)cc4o3)c2)cc1,4.356547323513812,Inactive
COc1cc(/C=C/C(=O)c2cccc(O)c2)cc(OC)c1,5.431798275933005,Active
Fc1cc(Cl)ccc1C(c1cccnc1)N1CCN(c2ccccc2)CC1,7.744727494896693,Active
CC(=O)C(=CC=C(c1ccccc1)c1ccccc1)C(C)=O,5.031984286006359,Active
O=[N+]([O-])c1ncn(CCCCNc2ccnc3c(Cl)cccc23)n1,6.241088107602026,Active
COCCNCC(O)Cn1c2ccc(Cl)cc2c2cc(Cl)ccc21,5.526952656200872,Active
Clc1ccc(-c2csc(-c3cccnc3)n2)cc1,5.378372515006158,Active
C/C(=N\Nc1nc(-c2ccccc2)cs1)c1ccc(Cl)c(Cl)c1Cl,4.858863909879261,Inactive
Clc1ccc(C(c2c[nH]cc2-c2ccc(Cl)c(Cl)c2)n2ccnc2)c(Cl)c1,7.67778070526608,Active
CC1(COc2ccc(-c3ccc(OC(F)(F)F)cc3)cn2)Cn2cc([N+](=O)[O-])nc2O1,5.619788758288394,Active
CC(C)c1cc2c(c(O)c1O)[C@@]1(C)CCCC(C)(C)C1=C(O)C2=O,4.886056647693163,Inactive
CS(=O)(=O)N1CCN(C(c2cncnc2)c2ccc(Cl)cc2F)CC1,6.379863945026242,Active
O=S(=O)(c1cccc2ccccc12)N1CCc2ccccc2C1,3.944239535312265,Inactive
CCOc1c(Cl)cc(CNC(C)C(O)c2ccccc2)cc1OC,4.780036351972996,Inactive
O=C1CS/C(=N\N=C\c2ccc([N+](=O)[O-])s2)N1c1ccccc1,4.886056647693163,Inactive
COc1ccc(C(N)=O)cc1S(=O)(=O)N(Cc1ccccc1)Cc1ccccc1,5.130000141365475,Active
CC(C)c1ccc(NC(=O)O[C@H](Cn2ccnc2)c2ccc(F)cc2)cc1,8.259637310505756,Active
CCCCCN(CCCCC)c1c([N+](=O)[O-])cc(S(N)(=O)=O)cc1[N+](=O)[O-],5.045999797954816,Active
COc1ccc(NS(=O)(=O)c2cc(-c3cc(C)n[nH]3)ccc2C)cc1OC,5.849999245077862,Active
CC(C)=CCOc1ccccc1/C=C/C(=O)c1ccccc1,4.665948559653108,Inactive
COc1cc(F)ccc1C(=O)N1CCN(c2cnccn2)CC1,4.464705879957229,Inactive
O=C1NC(=O)/C(=C/C(=O)N2N=C(c3ccc4ccccc4c3)CC2c2ccc(Cl)cc2)S1,6.522878745280337,Active
C/C(COc1ccccc1)=N\Nc1nc(-c2ccc(F)cc2)cs1,4.578396073130169,Inactive
O=C(Nc1nc2cc(F)ccc2n1C1CCOCC1)c1ccc(C(F)(F)F)nc1,4.455931955649724,Inactive
Cc1cc(=O)[nH]c(-n2nc(C)cc2NC(=O)C2CCCC2)n1,5.346787486224656,Active
CC1(COc2ccc(F)nc2)CCn2cc([N+](=O)[O-])nc2O1,6.221848749616356,Active
O=C(N/N=C/c1ccc(O)c(O)c1)c1nc2ccccc2[nH]1,3.9639702693434566,Inactive
COc1ccc(S(=O)(=O)NCc2ccc(-c3ccc(CN(C)CCO)cc3)cc2)cc1,4.70000006855703,Inactive
COC(=O)[C@H](CC(C)C)NC(=O)c1cc(COc2ccc3sc(C)nc3c2)on1,5.554395796726403,Active
O=C(Nc1ccc(F)c(-c2nc3ncc(-c4ccc(O)cc4)cc3[nH]2)c1)N1CCCC1,5.657577319177793,Active
Cc1cc(Sc2c([N+](=O)[O-])cccc2[N+](=O)[O-])c(Cl)cc1Cl,4.638136043437816,Inactive
O=C(c1ccccc1)N1CCC(O)(c2cc3ncccc3[nH]2)CC1,4.1938200260161125,Inactive
C[C@H]1CN([C@@H](C)CO)C(=O)c2cccc(NC(=O)c3ccncc3)c2O[C@@H]1CN(C)Cc1c(Cl)cccc1Cl,6.351639989019068,Active
Cc1c(-c2ccc(C(F)(F)F)cc2)nc2cccnc2c1-c1ccccc1,5.6252516539898965,Active
COc1ccc([C@H]2Oc3ccc(/C=C/C(=O)OC(C)(C)C)cc3[C@@H]2CO)cc1OC,4.97061622231479,Inactive
N=C(N)c1ccc(OCCCCCOc2ccc(C(=N)N)cc2Br)c(Br)c1,3.1689999984687027,Inactive
C/C(=N\N=C1/SCC(=O)N1c1ccccc1)c1ccncc1,3.315468807890636,Inactive
COc1cc(OCC=C(C)C)ccc1C(=O)/C=C/c1ccncc1,4.978810700930062,Inactive
COc1cccc2c(/C=C3\Sc4ccccc4N3C)cc[n+](C)c12,7.522878745280337,Active
Clc1ccccc1C1(c2ccnc(C3CCCC3)n2)CCNCC1,5.175018791241829,Active
C/C(=N\NC(=S)Nc1ccccc1)c1ccncc1,3.686480776247687,Inactive
CC1=C(O)/C(=C/[C@H](C)CCC/C(C)=C/CCc2coc(Cc3ccoc3)c2)OC1=O,3.9208187539523753,Inactive
COc1ncccc1S(=O)(=O)N(Cc1ccccc1)Cc1ccccc1,6.190002844637807,Active
CCCCCCCCCCCC=C1CCC(OCCOP(=O)([O-])OCC[N+](C)(C)C)CC1,5.488116639021126,Active
COc1ccc(-c2ccc(C(F)(F)F)cc2)c2c1C(C)=N[C@H](C)C2,4.73754891026957,Inactive
CCOC(=O)c1cnc2ccccc2c1N1CCN(CC(=O)Nc2nnc(COc3ccc4ccccc4c3)s2)CC1,5.274088367704952,Active
NCCCc1cn(-c2ccc(-c3nc(CCc4ccccc4)cs3)c(OCCN3CCNC3=O)c2)nn1,4.654626269440912,Inactive
COc1ccc(-c2oc3cc(OC)cc(O)c3c(=O)c2OC)cc1,4.481486060122113,Inactive
CN(C)CCN(C)Cc1ccc(Cl)cc1NS(=O)(=O)c1ccc(Cl)c(Cl)c1,5.2471283263841455,Active
O=c1c(O)c(-c2ccc(O)cc2)oc2cc(O)cc(O)c12,4.07805354577059,Inactive
c1cncc(-c2nc(-c3cccs3)no2)c1,3.700000003258169,Inactive
COc1cc(C(=N)N)ccc1OCCCCCOc1ccc(C(=N)N)cc1OC,2.5180000006004,Inactive
O=C1NC(=O)/C(=C/c2ccccc2Cl)S1,4.162600975657978,Inactive
COc1ccc(-n2cc(COC(=O)[C@@H](N)Cc3cc4ccccc4[nH]3)nn2)cc1,4.024798037742148,Inactive
COc1cccc(NC(=O)c2nnn(CC3CCN(C(=O)OC(C)(C)C)CC3)c2N)c1,5.700000503883016,Active
Oc1cc(CSc2ccc(Cl)cc2)nc(-c2ccccn2)n1,5.888587929243487,Active
C/C(=N\NC(N)=S)C(C)Oc1ccc(Cl)c(Cl)c1,5.356547323513812,Active
O=c1[nH]cnn2c([C@@H]3O[C@H](CO)[C@@H](O)[C@H]3O)cnc12,6.221848749616356,Active
CN(Cc1ccccc1)C(=O)C1CCCN(Cc2ccc(C(F)(F)F)cc2)C1,8.096910013008056,Active
O=C(OC(Cn1ccnc1)c1ccc(F)cc1)c1ccc(-c2ccccc2)cc1,4.492144128304169,Inactive
Oc1nccc2ccc(-c3ccncc3)cc12,4.524595134717491,Inactive
COc1ccc2cc([C@H](C)C(=O)Nc3ncc([N+](=O)[O-])s3)ccc2c1,5.438898616350944,Active
CC(C)[C@H]1CC[C@H](n2c(=O)[nH]c3ncc(N)cc3c2=O)CC1,6.920818753952375,Active
O=c1[nH]c2c([N+](=O)[O-])cccc2cc1Br,5.1487416512809245,Active
Cc1cc(Br)c(Nc2ncnc(Nc3ccc(C#N)cc3)n2)c(Br)c1,4.545765104251735,Inactive
CCCCc1ccc(C(=O)N/N=C/c2ccc([N+](=O)[O-])o2)cc1,5.556737012541305,Active
COC(=O)c1ccc(NCc2cncn2Cc2cccc(C#N)c2)cc1-c1ccccc1,7.0,Active
C=C1C(=O)O[C@@H]2[C@H]1CC[C@H](C)[C@]1(CCC(=O)O1)[C@@]2(C)O,5.075720713938118,Active
COc1ccc(C(=O)c2cc3c(ccc4ccccc43)oc2=S)cc1,3.555955204081924,Inactive
O=C(NCCNc1ccnc2cc(Cl)ccc12)Nc1ccc([N+](=O)[O-])cc1,4.301029995663981,Inactive
Cc1ccc(-n2ccnc2)c(NC(=O)c2cnc(-c3ccccc3)s2)c1,8.70443290003752,Active
O=[N+]([O-])c1cn2c(n1)OC[C@H](Oc1cc(-c3ccc(F)cc3)ncn1)C2,4.309803919971486,Inactive
OC(CNCc1ccc(Cl)cc1Cl)Cn1c(-c2ccc(F)cc2)cc2ccccc21,4.431899114384828,Inactive
CCC(=O)N1N=C(c2ccc3c(c2)CCCC3)Sc2c1ncn2C(=O)CC,4.900000142057633,Inactive
O=C(N/N=C/c1ccc([N+](=O)[O-])o1)c1ccccc1,4.95116991347165,Inactive
O=[N+]([O-])c1ccc(/C=C/c2ccc3c(c2)no[n+]3[O-])s1,5.346787486224656,Active
COc1ccc([C@@H]2Cc3cc(OC)c(O)cc3[C@H](CO)[C@@H]2COC2OCC(O)[C@@H](O)[C@H]2O)cc1O,5.735182176990463,Active
C=CCn1nc([N+](=O)[O-])nc1Oc1ccc(Cl)cc1Cl,4.399999967876858,Inactive
CCc1oc(=O)c(Cc2c(O)c(C)c(CC)oc2=O)c(O)c1C,4.826813731587726,Inactive
O=C(CN1CCN(c2ccccn2)CC1)Nc1ncc([N+](=O)[O-])s1,5.303643611266668,Active
COc1ccc2c(c1OC)C(C)(C)[N+]1=C(C2)c2cc3c(cc2CC1)OCO3,6.698970004336019,Active
N#Cc1ccccc1N1CCC(NC(c2ccc(C(F)(F)F)cc2)c2cccnc2)CC1,8.154901959985743,Active
O=C(Oc1ccccc1)N1CCC(NC(c2ccc(Cl)cc2)c2cccnc2)CC1,7.698970004336019,Active
O=Cc1ccc(OC(F)F)c(O)c1,4.958607314841775,Inactive
CCC[C@H]1C[C@H]2OC(=O)c3c(cc(O)c(O)c3OCc3ccc(C(F)(F)F)cc3)[C@H]2O1,4.906578314837765,Inactive
C#C[C@]1(O)CC[C@H]2[C@@H]3CCC4=Cc5oncc5C[C@]4(C)[C@H]3CC[C@@]21C,4.9931062920521,Inactive
O=[N+]([O-])c1cn2c(n1)OC(COc1ccc(-c3ccc(F)cc3)nn1)CC2,7.154901959985743,Active
O=C(N/N=C/c1ccc([N+](=O)[O-])o1)C1CCCC1,4.878932832532271,Inactive
O=C(c1ccc(F)cc1)N1CCCC(c2cc3ncccc3[nH]2)C1,4.1938200260161125,Inactive
O=C(c1ccccc1)N1CC=C(c2cc3ncccc3[nH]2)CC1,5.621971133537768,Active
CCCn1c2ccc([N+](=O)[O-])cc2c(=O)n1Cc1ccccc1,6.031517051446065,Active
O=C(Cn1cnc([N+](=O)[O-])n1)NCc1ccccc1,4.550984683652214,Inactive
COc1ccc(-c2cc(=O)oc3c4c(ccc23)OCN(Cc2ccc(F)cc2)C4)cc1,4.879773643428071,Inactive
O=C(N/N=C/c1ccc([N+](=O)[O-])o1)c1ccc(OCc2ccccc2)cc1,5.346305204684918,Active
COc1cccc2c3c([nH]c12)C(=O)c1ccccc1C3=O,4.680685695909488,Inactive
CC1(C)C=Cc2c(ccc(C(=O)/C=C/c3ccc(F)c(F)c3)c2O)O1,4.769551078621726,Inactive
CCCCOP(=O)(N/N=C/c1cccnc1)OCCCC,4.273272790973428,Inactive
O=[N+]([O-])c1ccc(Cn2cncc2CNc2cccc(-c3ccccc3)c2)cc1,7.0,Active
C=CCc1ccc(OCCCc2cn(Cc3ccc(F)cc3)nn2)c(OC)c1,4.492144128304169,Inactive
O=C(N/N=C/c1ccc([N+](=O)[O-])o1)c1cccc(C(F)(F)F)c1,4.983384452442823,Inactive
C(=C1/CN2CCC1CC2)/c1ccc2ccccc2c1,5.552841968657781,Active
OC(c1ccc(Cl)cc1)(c1cccnc1)c1ccc(Br)cc1F,7.576754126063192,Active
O=C(NCCc1csc(-c2ccccc2)n1)c1cccc(F)c1,6.3979400086720375,Active
CCCCCCCCCCCCCCCCCCCOP(=O)([O-])OCC[N+]1(C)CCCCC1,5.889410289700751,Active
COc1ccc(Br)cc1CN(C)C12CC3CC(CC(C3)C1)C2,6.494850021680094,Active
N#Cc1ccc(-c2ccc(NC(=O)Cn3cnc([N+](=O)[O-])n3)cc2)cc1,6.860120913598763,Active
O=C(CCn1ccnc1)c1ccc(F)c2ccccc12,5.130768280269024,Active
CCCCCCCCCCCCC/C=C/[C@@H](O)[C@H](CO)NC(=O)CCCCCCC,4.886056647693163,Inactive
CC1=C(/C=C/C2=NN(c3ccccc3)C(c3cccc([N+](=O)[O-])c3)C2)C(C)(C)CCC1,4.770830297460899,Inactive
NCc1ccc2nc(-c3ccc(Cl)cc3)c3c(c2c1)N(Cc1ccccc1)CCC3,4.419075024324381,Inactive
CCCCCCCCC/C=C1/CCC[C@H](O)[C@H]1NCCCCCC,6.823908740944319,Active
COc1cccc(-n2cc(Cn3cnc([N+](=O)[O-])n3)nn2)c1,5.100726812682396,Active
N#Cc1cc([N+](=O)[O-])ccc1NC1CCCCCC1,5.700000503883016,Active
BrC1=NOC(c2nc(-c3ccccc3)cs2)C1,4.540607512240769,Inactive
O=C(Nc1cncs1)C(c1ccccc1)c1ccc(Cl)cc1,5.494850021680094,Active
CNC(=O)c1cc(NC(=O)c2ccc(=O)n(Cc3ccc(OC)c(F)c3)n2)ccc1F,6.699991797446187,Active
CC(=O)Nc1cnc2[nH]c(=O)n([C@H]3CC[C@H](C(C)C)CC3)c(=O)c2c1,7.214670164989233,Active
COc1cc([N+](=O)[O-])ccc1COP(N)(=O)N(CCCl)CCCl,5.920818753952375,Active
Cn1c2nc3ccccc3c-2cc2cc(C#N)ccc21,4.791827473332878,Inactive
Clc1ccc(Cl)c(COC(CCn2cncn2)c2ccco2)c1,5.027334407733889,Active
CC(C)c1ccc(/C=N/Nc2ncnc3sc4c(c23)CCCC4)cc1,5.443697499232712,Active
CC1(C)C=Cc2cc(CNCCCCc3ccccc3)c(O)cc2O1,4.6020599913279625,Inactive
c1ccc2[nH]c(-c3ccc(OCOc4ccc(-c5nc6ccccc6[nH]5)cc4)cc3)nc2c1,4.9484616094846725,Inactive
CC(C)Cc1n[nH]c2nc(N[C@H]3CC[C@@H](NS(=O)(=O)Cc4ccccc4)CC3)ncc12,4.70000006855703,Inactive
Cn1cc(C(c2ccc(Cl)cc2)n2ccnc2)cc1-c1ccc(Cl)cc1,5.2441251443275085,Active
CC(=O)O[C@]1(C(C)=O)CC[C@H]2[C@@H]3C=C(Cl)C4=CC(=O)[C@@H]5C[C@@H]5[C@]4(C)[C@H]3CC[C@@]21C,4.494850021680094,Inactive
CC(C)(C)OC(=O)N/N=C/c1ccc([N+](=O)[O-])o1,4.96537154337468,Inactive
CCCCNc1nc2ccc(OC)cc2nc1NCCCC,4.679853713888946,Inactive
C/C(COc1ccccc1)=N\Nc1nc(-c2ccc3ccccc3c2)cs1,4.224025668870631,Inactive
Cc1ccc(Oc2nc(Cl)nc(Nc3ccc(C#N)cc3)n2)c(Br)c1,4.618884919290149,Inactive
Cc1cc(-c2nc3ccccn3c2NC2CCCC2)ccn1,4.374687549038326,Inactive
c1cc(OCCCCOc2cccc(-c3nc4ccccc4[nH]3)c2)cc(-c2nc3ccccc3[nH]2)c1,5.000434511774017,Active
c1cc(OCCOc2cccc(-c3nc4ccccc4[nH]3)c2)cc(-c2nc3ccccc3[nH]2)c1,4.617982957425132,Inactive
O[C@@H]1Cc2cc(OC(F)(F)F)ccc2N[C@H](c2ccco2)C1,3.217670731003163,Inactive
COc1ccc(C(=O)/C=C/c2cccc(N(C)C)c2)c(OC)c1OC,4.698970004336019,Inactive
O=C(Cn1nncc1-c1cccc([N+](=O)[O-])c1)NCc1ccccc1,4.0655015487564325,Inactive
Fc1ccc(NCc2cncn2Cc2ccc(-c3ccccc3)cc2Cl)cc1Cl,7.312471038785365,Active
CC1=C(O)/C(=C/[C@H](C)CC/C=C(/C)CCCc2coc(Cc3ccoc3)c2)OC1=O,4.552841968657781,Inactive
O=[N+]([O-])c1cn2c(n1)OC(COc1ccc(-c3ccc(OC(F)(F)F)cc3)cc1)CC2,6.619788758288394,Active
CS/C(=C/[N+](=O)[O-])Nc1ccc(F)cc1,4.705533773838407,Inactive
CN(C)c1ncnc2c1ncn2[C@@H]1O[C@H](CO)[C@@H](N)[C@H]1O,6.0,Active
COc1ccc(C(O)CCC(O)c2ccccc2)cc1OC,4.080147200221587,Inactive
COc1ccc2nc(NCC(C)C)c(S(C)(=O)=O)nc2c1,4.876148359032914,Inactive
COc1cc(O)cc(C)c1/C=C/C(=O)c1ccc(O)cc1,4.4089353929735005,Inactive
Nc1nonc1-c1nc2cncc(C(=O)N3CC[C@H](N)C3)c2n1CC1CC1,4.900000142057633,Inactive
Oc1ccc(CCc2cc(O)ccc2O)cc1,4.937418015771837,Inactive
COc1ccc(CN(CCc2ccc(Br)cc2)CC(=O)OC(C)(C)C)cc1O,4.954677021213342,Inactive
Clc1ccc(COC(Cn2ccnc2)c2ccc(Cl)cc2Cl)cc1,7.397940008672037,Active
O=[N+]([O-])c1ccc(C=NNc2nc3ccccc3[nH]2)cc1,4.789736606693437,Inactive
OC[C@H]1c2cc(-c3ccc(O)cc3)ccc2O[C@@H]1c1ccc(O)cc1,4.782516055786093,Inactive
O=C(Nc1ccccc1-c1nc2ccccc2[nH]1)NC1CCCCC1,5.119186407719209,Active
N#Cc1ccc(C(c2cccnc2)N2CCC(NC(=O)c3nccs3)CC2)cc1,6.858550226599533,Active
COc1cc([C@H]2Oc3ccc(Br)cc3[C@@H]2C)ccc1O,4.605548319173784,Inactive
O=C(NCCCn1ccnc1[N+](=O)[O-])c1ccc(OC(F)(F)F)cc1,4.443335737877431,Inactive
CNC(=O)C1Cc2ccccc2N1C(=O)Cc1ccc(OC)cc1,5.100000128334196,Active
CCCc1ccc(OCC(=O)Cn2cc(-c3ccccc3)nn2)c(OC)c1,3.253443638589631,Inactive
O=[N+]([O-])c1ncn(CCCN2CCN(c3ccccn3)CC2)n1,6.071604147743286,Active
CN(C)CCN(C)Cc1ccc(F)cc1NS(=O)(=O)c1ccc(Cl)c(Cl)c1,5.6471279838347925,Active
C(=N\Nc1ncnc2sc3c(c12)CCCC3)/c1ccco1,4.79317412396815,Inactive
CSC[C@H]1O[C@@H](n2cnc3c(N)nc(NN)nc32)[C@H](O)[C@@H]1O,3.761953896871205,Inactive
Cc1nn(-c2ccc(S(=O)(=O)Nc3ccccc3)cc2)c(Cl)c1Br,7.229147988357855,Active
c1ccc(N2CCN(c3nc(-c4ccccn4)nc4ccccc34)CC2)cc1,6.366531544420414,Active
C=C(C(=O)OCCO)C(O)c1ccc(Br)cc1,4.246187216435298,Inactive
C=CCc1ccc(OC(C)=O)c(OC)c1,3.8777349590968657,Inactive
C[C@]1(COc2ccc(-c3ccc(F)cc3)cc2)Cn2cc([N+](=O)[O-])nc2O1,5.638272163982407,Active
Cc1cc(O)c(C(=O)Nc2ccc(Br)cc2)c(=O)n1C1CC1,4.259637310505756,Inactive
CC(C)(C)c1ccc(C(c2ccn(-c3ccc(Cl)cc3)c2)n2ccnc2)cc1,5.020451625295905,Active
C=C(c1nc(-c2ccc(OC)cc2)no1)C(O)c1ccccc1C(F)(F)F,5.055517327849832,Active
COc1ccccc1N1CCN(C(=O)c2cc3c([nH]c4ccccc43)c(-c3ccccc3)n2)CC1,5.384576047114056,Active
CC(C)c1ccc2c(c1)C(=O)C[C@H]1[C@](C)(CNC(=O)c3ccccc3)CCC[C@]21C,5.403402904373539,Active
O=C(c1ccc(F)cc1)N1CCN(CC2CCn3cc([N+](=O)[O-])nc3O2)CC1,5.318758762624412,Active
CC(=O)Nc1ccc2[nH]c(=O)n(CCCc3ccccc3)c(=O)c2c1,5.1249387366083,Active
CCOC(=O)c1cnc2c(c(C)nn2-c2ccccc2)c1Nc1ccc(O)c(CN(CC)CC)c1,6.4089353929735005,Active
COc1c(O)c(C(=O)/C=C/c2cccc([N+](=O)[O-])c2)c(OC)c(OC)c1OC,4.585026652029182,Inactive
CC(C)(C)[C@H]1CC[C@H](n2c(=O)[nH]c3ncc(N)cc3c2=O)CC1,6.180456064458132,Active
CN(C)CCNC1=Cc2cccc3cccc(c23)C1=O,5.017728766960431,Active
COCc1cc(Nc2ccc(Cl)cc2)nc(-c2ccccn2)n1,5.688587353007248,Active
COc1cc(/C=C/c2ccccc2)oc(=O)c1,4.1938200260161125,Inactive
CC(C)c1ccc2nc(NC(=O)C3CC3)sc2c1,5.924453038607469,Active
Nc1ncnc2c1c(Cl)nn2[C@@H]1O[C@H](CO)[C@@H](O)[C@H]1O,5.539102157243452,Active
COc1ccc(CC2(C)CC(S(=O)(=O)c3ccc(F)cc3)=C(c3ccc(/C(N)=N/O)cc3)O2)cc1,4.619788758288394,Inactive
Cc1ncnc2c1c(-c1cccnc1)cn2[C@@H]1O[C@H](CO)[C@@H](O)[C@H]1O,4.645891560852599,Inactive
CO[C@@H](C(=O)N1Cc2[nH]nc(NC(=O)c3ccc(N4CCN(C)CC4)cc3)c2C1)c1ccccc1,5.391473966422806,Active
Cn1cncc1[C@@](N)(c1ccc(Cl)cc1)c1ccc2c(c1)c(-c1ccccc1)cc(=O)n2C,7.920818753952375,Active
C[C@@]1(COC(=O)Nc2ccc(OC(F)(F)F)cc2)CCn2cc([N+](=O)[O-])nc2O1,6.698970004336019,Active
N#C[Se]c1ccc(NC(=O)c2ccccc2-c2ccccc2C(=O)O)cc1,4.972242795309446,Inactive
COC(=O)c1c(NCCNc2ccnc3cc(Cl)ccc23)noc1-c1ccccc1F,5.795880017344075,Active
CC(=O)c1c(O)c(C=O)c(O)c2c1O[C@]1(C)C[C@@H]3[C@H](C[C@@H]1C2)C3(C)C,5.390702869433222,Active
O=C(Cn1cnc([N+](=O)[O-])n1)Nc1ccc(Oc2ccc(Cl)cc2)cc1,8.096910013008056,Active
CN(C)C(=N)c1ccc2oc(CCCCc3cc4cc(C(=N)N(C)C)ccc4o3)cc2c1,4.896196279044043,Inactive
COc1cc(OC)cc(C(NS(=O)(=O)c2ccc(Cl)c(C(F)(F)F)c2)c2nccn2C)c1,5.200000237109354,Active
O=S(=O)(Nc1ccc2c[nH]nc2c1)c1ccc(Cl)cc1,4.228412519118745,Inactive
CSc1nc2ccc(Cl)cc2nc1Cl,4.343901797987168,Inactive
Cc1cc(C)c(C)c(S(=O)(=O)N2CCc3ccccc32)c1C,6.136677139879544,Active
CCCn1c(NC(=O)Cc2ccc(F)cc2)nc2ccc(C(=O)N3CCOCC3)cc21,4.455931955649724,Inactive
CC(C)CC(=O)C[C@@H](C)C1=C(O)C(=O)[C@@H]2[C@@H]3CC[C@H]4C[C@@H](O[C@@H]5O[C@H](C(=O)O)[C@@H](O)[C@H](O)[C@H]5O)CC[C@]4(C)[C@H]3CC[C@]12C,4.092588639225414,Inactive
Cc1cc2c(cc1C)[n+]([O-])c(-c1ccccc1)c(C#N)[n+]2[O-],4.655607726314889,Inactive
O=[N+]([O-])c1cn2c(n1)OC[C@H](OCc1ccc(-c3ccc(F)cc3F)cn1)C2,6.638272163982407,Active
CN1CCN(CC(NCc2ccc(F)c(F)c2)c2ccccc2)CC1,4.948273430270857,Inactive
COc1ccc(-c2cc(CNc3ncnc4c3CCNCC4)no2)cc1,4.693371169952775,Inactive
CCc1ccc(C(=O)CC(=O)C2CCOCC2)cc1,4.260427655549908,Inactive
CCC(=O)N(CCCCCCCCNC(=O)OC(C)(C)C)C1CCN(CCc2ccccc2)CC1,4.616723349592349,Inactive
O=C(C1CCCCC1)N1CCC(NC(c2cnccn2)c2ccc(F)cc2F)CC1,6.2441251443275085,Active
OC(c1ccc(Cl)cc1)(c1cncnc1)c1cccs1,7.154901959985743,Active
Cc1cc(Oc2cccc(Cn3cc4ccccc4n3)c2)cc(C)c1Cl,5.008773924307505,Active
O=[N+]([O-])c1cn2c(n1)OC[C@H](OCc1cccc(-c3ccc(OC(F)F)cc3)n1)C2,6.585026652029182,Active
O=C(O[C@H](Cn1ccnc1)c1ccc(Cl)cc1)N1CCN(c2ccc([N+](=O)[O-])cc2)CC1,5.87942606879415,Active
Cc1n[nH]c2c1C(c1ccc(OCc3ccccc3F)cc1)SCC(=O)N2,4.399999967876858,Inactive
Cc1ccc(NC(=O)c2ccnc(N3CCCC3)c2)cc1-c1ccsc1C(N)=O,4.900000142057633,Inactive
Cc1nc(-c2ccccn2)nc(N2CCC(c3ccccc3)C2)c1Cl,6.4089353929735005,Active
N=C(N)c1cccc(-c2cc(Cl)cc(-c3cccc(C(=N)N)c3)c2)c1,4.29929628285498,Inactive
c1cc(C2=NCCN2)cc(-c2cccc(-c3cccc(C4=NCCN4)c3)c2)c1,4.690369832574101,Inactive
CC1(C)CCC(=O)/C(=C\C=C\c2ccccc2)C1=O,4.928486194904911,Inactive
COc1cc(-c2nc3ccccc3c3nc4ccccn4c23)cc(OC)c1OC,5.437945170343621,Active
Cc1ccc(NC(C)C(=O)Nc2ccc(C#N)cc2)cc1S(=O)(=O)N1CCCCC1,5.100000128334196,Active
O=C(/N=C(/NCc1ccccc1)Nc1ccccc1)c1ccccc1,4.645891560852599,Inactive
COc1ccc(/C(=N/c2ccccc2)Nc2cccc(C)c2)cc1,5.616184634019569,Active
OCCCc1cn(CCCCCCCCCCCCI)nn1,4.668269107184543,Inactive
Cc1noc(N2CCN(C(c3cncnc3)c3ccc(C(F)(F)F)cc3F)CC2)n1,6.899629454882437,Active
O=C(N/N=C/c1ccc(O)cc1)/C(=C/c1cnn(-c2ccccc2)c1)c1ccccc1,3.1195930119185804,Inactive
O=S(=O)(/C=C/c1ccc2no[n+]([O-])c2c1)c1ccc(F)cc1,5.161150909262744,Active
FC(F)(F)c1ccc(N(c2cccnc2)C2CCN(c3ccccc3)CC2)cc1,7.853871964321762,Active
CCCCN(CCCC)c1c([N+](=O)[O-])cc(S(N)(=O)=O)cc1[N+](=O)[O-],4.698999971689156,Inactive
CCCCC1(CCCC)C[C@@H](CNCCCn2ccnc2)[C@@](C)(OC)OO1,5.006563769502388,Active
Clc1ccc(C(c2c[nH]c3ccccc23)c2c[nH]c3ccccc23)cc1,4.37706103078851,Inactive
O=S(=O)(c1ccc(F)cc1)n1cnc2ccccc21,5.075720713938118,Active
Cc1ccc(-c2ccc(CN3C4=NCCN4c4ccccc43)cc2)cc1,5.127843727251707,Active
C1=C(c2ccccc2)NC2=NC=C3N(c4ccccc4)N=C(c4ccccc4)N3C12,4.1938200260161125,Inactive
N#Cc1ccc(C(c2cccnc2)N2CCC(NC(=O)c3cscn3)CC2)cc1,6.760700520873107,Active
CS(=O)(=O)c1ccc(-n2ccnc2)c(NC(=O)c2cnc(-c3ccccc3)s2)c1,7.224025668870631,Active
O=C1C=C([Se]c2ccccc2)C(=O)C=C1[Se]c1ccccc1,4.078729814490187,Inactive
O=C1CSC(c2cccnc2)N1c1ccc(Cl)cc1Cl,6.799998134593398,Active
O=C(CCCN1CCC(O)(c2ccc(Cl)cc2)CC1)c1ccc(F)cc1,5.154901959985743,Active
NC(=S)N/N=C/c1ccc([N+](=O)[O-])o1,5.568636235841013,Active
CCCCCCCCCCCCNCCCCN,5.289882634888183,Active
Cc1nc(-c2ccccn2)nc(NCCNc2cc(C(F)(F)F)ccn2)c1Cl,6.552841968657781,Active
NCc1ccc(-c2nc3ccc(Cl)cc3c3c2CCN3)cc1,4.428291168191312,Inactive
O=C(N[C@@H]1C(O)O[C@H](CO)[C@@H](O)[C@@H]1O)c1cc2ccccc2o1,4.371611069949688,Inactive
O=C1C=CC(=O)c2c(O)cccc21,5.186419011431808,Active
Nc1ccc2[nH]c3ccc([N+](=O)[O-])cc3c(=O)c2c1,3.542118103266008,Inactive
Nc1cnc2cc(Cl)ccc2c1NCCCNCC12CC3CC(CC(C3)C1)C2,5.752026733638194,Active
COc1ccc(C#CC2(O)CN3CCC2CC3)cc1,5.154901959985743,Active
CC1(COc2cccc(C(F)(F)F)n2)CCn2cc([N+](=O)[O-])nc2O1,6.356547323513812,Active
Cc1ccc(-n2cc(COC(=O)c3c(C)nc4ccc(Cl)cc4c3-c3ccccc3)nn2)cc1F,5.096910013008056,Active
O=C(N/N=C/c1ccc([N+](=O)[O-])o1)c1ccccc1Oc1ccccc1,5.000434511774017,Active
Clc1ccc(NCc2cncn2Cc2ccc(-c3ccccc3)cc2)cc1-n1cccc1,7.517126416391246,Active
O=C(CCn1cnc([N+](=O)[O-])n1)Nc1cccc(-c2ccccc2)c1,5.450261268735101,Active
COC(=O)c1cn(C/C=C(/C)CCC=C(C)C)nn1,4.060480747381382,Inactive
C=C(c1nc(-c2ccc([N+](=O)[O-])cc2)no1)C1(O)C(=O)N(CC)c2ccc([N+](=O)[O-])cc21,5.133122185662501,Active
O=[N+]([O-])c1ncn(CCCNc2c3ccccc3nc3ccccc23)n1,6.853871964321762,Active
Cn1c(-c2ccccc2)cnc1NC(=O)c1cccc(Br)c1,5.508638306165727,Active
NCc1ccc(-c2nc3ccc(Cl)cc3c3c2CCCO3)cc1,4.534617148551582,Inactive
Cc1ccc(-c2c(C#N)[n+]([O-])c3cc(F)ccc3[n+]2[O-])cc1,4.7594507517174005,Inactive
Cc1ccc(C(=O)NC(=[Se])Nc2ccc([Se][Se]c3ccc(NC(=[Se])NC(=O)c4ccc(C)cc4)cc3)cc2)cc1,4.823041019413092,Inactive
Fc1ccc2c(c1)C[C@H]1C[C@@H](c3ccccc3)N2O1,5.114638779968488,Active
Clc1ccc2c(NCCCCn3cncn3)ccnc2c1,4.035551792083339,Inactive
O=[N+]([O-])c1cn2c(n1)OC(COc1cccc(-c3ccc(F)nc3F)n1)CC2,6.886056647693163,Active
O=[N+]([O-])c1ccc(S(=O)(=O)Nc2nccc3ccccc23)cc1,4.403402904373539,Inactive
CCCCNCC(O)(c1ccc(Cl)cc1)c1ccc(Cl)cc1,4.865348361395671,Inactive
O=C(Nc1nc(-c2ccc(S(=O)(=O)N3CCOCC3)cc2)cs1)c1ccc([N+](=O)[O-])cc1,6.0,Active
COc1ccc(CN(CCCN2CCOCC2)Cc2ccc(Br)cc2)cc1O,4.290899718448833,Inactive
COc1ccc(C(=O)Nc2cc(-c3ccccn3)n[nH]2)cc1,6.131943638176958,Active
Cc1cc(N(C)C)nc2ccc(Cc3cnc(N)nc3N)cc12,4.399999967876858,Inactive
O=[N+]([O-])c1cc2n(n1)CC(OCc1ccc(OC(F)(F)F)cc1)CO2,5.086186147616283,Active
CN1C2CCC1CC(=NOC(c1ccccc1)c1ccc(C#N)cc1)C2,6.3979400086720375,Active
COc1ccc(-c2cc(=O)oc3ccc(OC)c(OC)c23)cc1OC,4.1904402853647325,Inactive
C/C(=N\NC(N)=S)C(C)Oc1ccc(C(C)(C)C)cc1,5.337242168318426,Active
O=C(CN1CCN(C(c2ccccc2)c2ccc(Cl)cc2)CC1)Nc1ncc([N+](=O)[O-])s1,5.4698003017969175,Active
Cc1cc(Br)c(Nc2nc(Nc3ccc(C#N)cc3)nc(N3CCN(C)CC3)n2)c(Br)c1,5.617982957425132,Active
Fc1cccc(COc2ccc(Nc3ncnc4ccccc34)cc2Cl)c1,5.619788758288394,Active
CC(C)CCC[C@H]1C(=O)O[C@@H]2O[C@@]3(C)CCC4[C@H](C)CC[C@@H]1[C@]42OO3,5.070581074285707,Active
O=[N+]([O-])c1ccc(/C=N/N=C/c2ccc(F)cc2)o1,5.559878396812196,Active
Cc1ccc(S(=O)(=O)Oc2c(NC(=O)c3cc4ccccc4[nH]3)c(=O)n(C)c3ccccc23)cc1,4.376750709602099,Inactive
Fc1ccc(NC(=S)Nn2c(S)nnc2-c2cnccn2)cc1,3.4920092751803087,Inactive
c1ccc(Oc2ccc(OCCSc3ccccc3)cc2)cc1,4.207258214165251,Inactive
COc1nncc(-c2cnnc(SC)n2)n1,4.795880017344075,Inactive
CCN(C)Cc1ccc(N2CCC(NS(=O)(=O)c3ccc4c(c3)CCO4)CC2)nc1,6.0,Active
Oc1ccc(-c2nc3ccccc3nc2-c2ccc(OCCN3CCCCC3)cc2)cc1,5.2441251443275085,Active
N=C(N)c1ccc(-c2cccc(-c3ccc(C(=N)N)cc3)c2)cc1,4.145086977692144,Inactive
O=C(Nc1ccc(Br)cn1)c1ccc(Cn2cnc([N+](=O)[O-])n2)cc1,6.900008766455316,Active
C[C@@]12C[C@H]3OC(=O)[C@@H]1CO[C@]14O[C@@]5([C@H]2C1=O)[C@@]3(C)OC(=O)[C@@]5(O)CC[C@H]1[C@H]4C[C@H]2O[C@]23CC=CC(=O)[C@]13C,5.853871964321762,Active
O=C(NC1CCN(C(c2cncnc2)c2ccc(Cl)cc2F)CC1)c1c(F)cccc1F,7.809668301829708,Active
O=C1c2cccc3cccc(c23)C(=O)N1CCCNCCCNCCCCNCCCNCCCN1C(=O)c2cccc3cccc(c23)C1=O,5.0034883278458215,Active
CCOC(=O)c1ccc(C#C[C@H]2CN3CCC2C[C@@H]3CO)cc1,4.72584215073632,Inactive
CON1CCN=C1Nc1ccc(Nc2ccc(NC3=NCCN3OC)cc2)cc1,3.866461091629783,Inactive
Cc1ncnc2c1c(-c1cccc3cccnc13)cn2[C@@H]1O[C@H](CO)[C@@H](O)[C@H]1O,5.431798275933005,Active
CC(C)(C)c1ccc(CN2C3=NCCN3c3ccccc32)cc1,5.667561540084395,Active
COC(=O)c1c(NCCCN2CCOCC2)noc1-c1cc2c(cc1[N+](=O)[O-])OCO2,4.65023695601205,Inactive
CCCCCCc1cc2cc(-c3csc(C=Cc4ccccc4)n3)c(=O)oc2cc1O,4.718872280588594,Inactive
C[C@H]1O[C@@H](n2cnc3c(N)nc(I)nc32)[C@H](O)[C@@H]1O,3.6819366650372394,Inactive
C=CCNC(=S)N/N=C/c1ccc(SC)cc1,5.0,Active
O=C(CN1CCc2c([nH]c3ccccc23)C1c1ccccc1)Nc1ccc([N+](=O)[O-])cc1,5.174249418651972,Active
COc1ccc(S(=O)(=O)Nc2ccc(CN3CCN(C(=O)c4cccc(F)c4)CC3)cc2)cc1,6.199998172182031,Active
CCOc1ccc(NCc2ccc(C(=O)N(C(C)C)C(C)C)cc2)cc1,4.347753658996677,Inactive
COc1ccc(N2CCN(CCCn3cnc([N+](=O)[O-])n3)CC2)cc1,6.254925208417943,Active
Cc1nc(C2(O)CCCNCC2)sc1CCOc1ccccc1,4.544289319462786,Inactive
COc1ccc2c(c1)[n+]([O-])c(C#N)c(-c1cccs1)[n+]2[O-],4.844663962534939,Inactive
NC(=O)c1ccccc1C(O)(c1ccc(Cl)cc1)c1cccnc1,7.481486060122112,Active
CC(C)(C)OC(=O)NC1CCN(C(c2ccc(Cl)cc2)c2cccnc2)CC1,8.070581074285707,Active
Cn1c2c3cc(Br)ccc3nc-2cc2cc(Br)ccc21,6.301029995663981,Active
CC1(COc2ccc(F)cc2)Cn2cc([N+](=O)[O-])nc2O1,6.920818753952375,Active
O=[N+]([O-])c1ccc2nc(C(Cl)Cl)ccc2c1,4.962573502059376,Inactive
ClCCCSc1ncnc2[nH]cnc12,4.301029995663981,Inactive
COc1ccccc1N1CCN(c2c(C#N)[n+]([O-])c3cc(Cl)ccc3[n+]2[O-])CC1,5.187086643357144,Active
Clc1ccc(C(c2c[nH]cc2-c2ccc(Cl)cc2-c2ccccc2)n2ccnc2)cc1,6.692503962086787,Active
Cc1cc([N+](=O)[O-])ccc1NC1C2=C(OC1(C)C)c1ccccc1C(=O)C2=O,3.8063189704587184,Inactive
CC(CCCCCCC[n+]1ccn(C)c1)Oc1ccc(C(=O)/C=C/c2ccco2)cc1,6.180456064458132,Active
O=C(NCCc1csc(-c2ccccn2)n1)c1ccccc1,5.200659450546418,Active
Cc1cccc2c1c(/C=C1\Sc3ccccc3N1C)cc[n+]2C,7.619788758288394,Active
FC(F)(F)c1ccc(N(c2cccnc2)C2CCN(C(c3ccccc3)C(F)(F)F)CC2)cc1,5.28984030805399,Active
N#CCN(CCCCN1CCN(c2ccc(F)cc2)CC1)C(=O)OCc1ccccc1,5.235823867609669,Active
O=C(Nc1ccc2c(c1)B(O)OC2)c1cn(-c2ccc(Cl)cc2)nc1C(F)(F)F,5.886056647693163,Active
O=c1c(O)c(-c2csc3ccccc23)oc2ccc(Cl)cc12,5.568636235841013,Active
O=[N+]([O-])c1cn2c(n1)OC[C@@H](OCc1ccc(-c3ccccc3OC(F)(F)F)cc1)C2,6.443697499232712,Active
COc1cc(/C=C/c2cccc([N+](=O)[O-])c2)oc(=O)c1,3.5686362358410126,Inactive
CCOC(=O)c1c(CN2CCN(C)CC2)nc2ccc(Cl)cc2c1-c1ccccc1,4.982966660701219,Inactive
CC(=O)Nc1ccc2[nH]c(=O)n([C@H]3CCO[C@@H](C(C)(C)C)C3)c(=O)c2c1,5.6777807052660805,Active
CC(C)(C)OC(=O)N1CCCC(c2cn3nc(Cl)ccc3n2)C1,4.1938200260161125,Inactive
CN1CCCN(c2ncc(-c3ccc4c(Nc5ccccn5)ccnc4c3)cn2)CC1,5.886056647693163,Active
CCCCCCCCCCCCC/C=C1/CCC[C@@H]2[C@H]1N2CCCCCC,5.619788758288394,Active
N#C[Se]c1ccc(NC(=O)C2C3C=CC(O3)C2C(=O)O)cc1,5.492144128304169,Active
Cc1cc(Br)ccc1C(=O)Nc1ccccn1,4.0,Inactive
C=CCOc1cc(OC)c(C(=O)/C=C/c2cccc(OC)c2)c(OCC=C)c1,5.060480747381382,Active
COc1ccc(CN(CCc2ccccc2)Cc2ccc(C)cc2)cc1O,4.70071066591232,Inactive
Brc1ccccc1/C(=C1\C=CC=N1)c1ccc[nH]1,5.269217724333611,Active
COc1ccc2c(=O)cc(C(Cl)(Cl)Cl)oc2c1,6.364405683018633,Active
N=C(N)c1ccc(NCCCCCCNc2ccc(C(=N)N)cc2N)c(N)c1,3.004000002144563,Inactive
COc1cc(OC)cc(-n2cc(Cn3cnc([N+](=O)[O-])n3)nn2)c1,5.327902142064283,Active
O=C(CCCN1CCC2(CC1)C(=O)NCN2c1ccccc1)c1ccc(F)cc1,4.189901959318857,Inactive
Cc1ccc([C@@H]2C[C@H](O)Cc3cc(F)ccc3N2)s1,3.8442086476423833,Inactive
O=c1oc2ccccc2n1C1CCN(Cc2ccccc2-c2cccnc2)CC1,6.399996913372259,Active
Clc1ccc(Nc2nc(-c3ncccn3)c(Cl)s2)nc1,6.795880017344075,Active
CN[C@@H]1CCC[C@@H](Oc2ccccc2Oc2ccc(C)cc2)[C@@H]1O,5.190198629014792,Active
COc1ccc([C@@H]2c3cc(OC)ccc3N(Cc3ccccc3)C[C@H]2C)cc1,5.224025668870631,Active
COc1cc(/C=C/c2cccc(Oc3ccccc3)c2)oc(=O)c1,4.522878745280337,Inactive
CCCCNC(=O)c1ccc([N+](=O)[O-])o1,4.585026652029182,Inactive
CC(C)Oc1ccc(C(O)(c2cccnc2)c2ccccc2F)cc1,8.481486060122112,Active
c1ccc(Nc2c(-c3ccccn3)nc3ccccn23)cc1,5.954677021213342,Active
O=C(Nc1c(O)cccc1-c1nc2c(C(=O)O)cccc2o1)c1cnccn1,6.292429823902063,Active
COC(=O)c1c(NCCNc2ccnc3cc(Cl)ccc23)noc1-c1ccccc1[N+](=O)[O-],4.95663772197887,Inactive
COC(=O)c1ccc(-c2cnc3ccc(NCc4ccccn4)nn23)cc1,5.100000128334196,Active
Clc1cccc(CO[C@H]2CCc3ccccc3[C@@H]2n2ccnn2)c1,5.180456064458132,Active
COc1ccc(Nc2nc(NCc3ccccc3)c3ccccc3n2)cc1,5.693376636314853,Active
CCc1ccccc1[C@@H](C)NC(=O)c1cnc2c(cnn2CC)c1NC1CCN(C(N)=O)CC1,4.48858740203614,Inactive
C[C@@H]1CC[C@H]2[C@@H](CCC#N)C(=O)O[C@@H]3O[C@@]4(C)CCC1[C@]32OO4,4.410050398674292,Inactive
Clc1ccc(NCc2cncn2Cc2ccc(-c3ccccc3)cc2)cc1-c1cccnc1,7.188424994129407,Active
Nc1cc(-c2ccccc2)ccc1Cn1cncc1CNc1ccc(Cl)c(-c2ccccc2)c1,8.920818753952375,Active
CC1(Cc2ccccc2)CC(S(=O)(=O)c2ccc(I)cc2)=C(c2ccc(/C(N)=N/O)cc2)O1,5.161780778092374,Active
CCCCOc1ccccc1/C=C/C(=O)c1ccc(OC)c(OC)c1OC,4.585026652029182,Inactive
O=C(c1cc[nH]n1)N1CCC(NC(c2ccc(C(F)(F)F)cc2)c2cccnc2)CC1,6.530914700876879,Active
O=[N+]([O-])c1ccc(/C=N/N=c2\[nH]c(-c3ccccc3)nc3ccccc23)o1,6.200659450546418,Active
CC(C)Cc1n[nH]c2nc(N[C@H]3CC[C@H](NS(=O)(=O)CCC(F)(F)F)CC3)ncc12,5.899998417198648,Active
CCCCOc1ccc(C(=O)N/N=C/c2ccc([N+](=O)[O-])o2)cc1,5.459670525209126,Active
O=C(OCc1ccccc1)n1c2ccc([N+](=O)[O-])cc2c(=O)n1Cc1ccccc1,4.360613130982316,Inactive
O=S(=O)(Cc1ccccc1)N1CCN(C(c2ccc(Cl)cc2)c2cncnc2)CC1,6.657577319177793,Active
Cc1ccccc1CC1(C)CC(S(=O)(=O)c2ccc(F)cc2)=C(c2ccc(/C(N)=N/O)cc2)O1,5.332547047110047,Active
COc1ccc(C2CC(c3ccc(NS(C)(=O)=O)cc3)=NN2C(=O)c2cccs2)cc1OC,4.600000074606178,Inactive
C=CCc1ccc(OCCCc2cn(Cc3ccccc3Br)nn2)c(OC)c1,3.039386542352091,Inactive
O=C(O)c1ccc(-c2cc3cc(Br)cc([N+](=O)[O-])c3[nH]c2=O)cc1,5.096910013008056,Active
Nc1cc(-c2ccccc2)ccc1Cn1cncc1CNc1ccc(F)c(Cl)c1,8.920818753952375,Active
COc1ccc(/N=C(\Nc2ccccc2)c2ccc(OC)cc2)cc1,5.636388020107856,Active
Oc1ccc(-c2noc(C3CC(Br)=NO3)n2)cc1,4.832682665251824,Inactive
Cc1nc(-c2ccccn2)nc(NCCc2ccccc2)c1Cl,6.301029995663981,Active
CC(C)CN(C[C@@H](O)[C@H](Cc1ccccc1)NC(=O)O[C@H]1CO[C@H]2OCC[C@H]21)S(=O)(=O)c1ccc(N)cc1,3.902187592634711,Inactive
Cn1nc(C(=O)N2CCc3ccccc32)c2c1CCS(=O)(=O)C2,5.40000018605658,Active
CCCn1cc(CN2CCCC(C(=O)c3cccc(C(F)(F)F)c3)C2)cn1,6.6020599913279625,Active
CC(=O)Nc1ccc(/C=N/NC(=O)c2nc(-c3ccc(C)cc3)no2)cc1,5.4089353929735005,Active
COc1ccccc1/C=N/NC(N)=S,4.823908740944319,Inactive
O=[N+]([O-])c1cn2c(n1)OC(COc1ccc(-c3ccc(C(F)(F)F)cc3)cc1)C2,5.552841968657781,Active
Cc1[nH]nc(Nc2ccnc3[nH]ccc23)c1C,5.40000018605658,Active
O=C(Cn1cnc([N+](=O)[O-])n1)Nc1nc(-c2ccc(Cl)cc2)cs1,6.991399828238082,Active
O=C(Nc1ccccc1)N1CCN(C(c2ccc(Cl)cc2)c2cncnc2)CC1,6.920818753952375,Active
Cc1ccc(NCc2cncn2Cc2ccc(-c3ccccc3)cc2)cc1-c1c(F)cccc1F,7.436518914605589,Active
O=[N+]([O-])c1ncn(CCCCNS(=O)(=O)c2cc(Cl)c(Cl)s2)n1,4.97469413473523,Inactive
O=[N+]([O-])c1cn2c(n1)OC(COc1ccc(-c3ccc(F)cc3)cc1)C2,5.7447274948966935,Active
O=[N+]([O-])c1cn2c(n1)OC(COCc1ccc(-c3ccc(OC(F)(F)F)cc3)cc1)CC2,6.3979400086720375,Active
CCOc1ccc(NCc2ccc(C(=O)N3CCCCC3C)cc2)cc1,4.216096420727265,Inactive
CN(C)CCCN(C(=O)c1nc2ccccc2s1)c1nc2ccc(F)cc2s1,7.0,Active
CC(=O)N(CCOC1CCCCO1)c1ccc(Oc2ccccc2)cc1,3.6757175447023074,Inactive
O=C(NC1CCN(C(c2cnccn2)c2ccc(F)cc2F)CC1)c1ccc(Cl)cc1,6.568636235841013,Active
CC(=O)CCCC(C)(C)C(=O)/C=C/C(=O)/C=C/c1ccc(C(=O)NCc2ccccc2)cc1,4.991399828238082,Inactive
O=C(NCCn1ccc(-c2ccccc2)n1)N1CCCCC1,6.6020599913279625,Active
CN1CCN(c2ccc(S(=O)(=O)NCc3ccc(C(=O)Nc4ccncc4)cc3)cc2)CC1,4.552841968657781,Inactive
O=C(NCCc1csc(-c2ccccc2F)n1)N1CCCCC1,8.0,Active
CCN(CC)C(=O)NCCn1ccc(-c2ccccc2)n1,5.494850021680094,Active
CCCCCCCCCCn1cc(C(=O)OC)nn1,4.105130343254747,Inactive
O=S(=O)(OC[C@H]1c2ccccc2O[C@@H]1c1ccc(OS(=O)(=O)c2ccccn2)cc1)c1ccccn1,5.199970640755866,Active
C[C@H]1[C@@H](OCc2cc(O)cc(O)c2)O[C@@H]2O[C@@]3(C)CC[C@H]4[C@H](C)CC[C@@H]1[C@@]24OO3,5.2441251443275085,Active
CCNC(=O)c1noc(-c2cc(C(C)C)c(O)cc2O)c1NC(=O)c1cc(CC)on1,6.2564902352715706,Active
COc1ccnc(NC(=O)c2nnn(Cc3ccc(CN4CCOCC4)cc3)c2N)c1,6.599997654072044,Active
NCC(=O)N1CCC(c2ccnc(Nc3cc(C(F)(F)F)ccn3)n2)C1,4.810857232838743,Inactive
COc1ccc2nc(Nc3ccccc3)c(Nc3ccccc3)nc2c1,4.379343520180379,Inactive
CC(=O)Nc1ccc2[nH]c(=O)n([C@H]3CC[C@@H](NC(=O)OC(C)(C)C)CC3)c(=O)c2c1,5.585026652029182,Active
N=C(N)c1ncc(-c2ccc(-c3cnc(C(=N)N)nc3)cc2)cn1,5.769551078621726,Active
CSc1ccc(SC(C2=C(O)C(=O)c3ccccc3C2=O)c2ccc([N+](=O)[O-])cc2)cc1,4.656985502849232,Inactive
CCOC(=O)N1[C@@H]2C=C[C@@](OC)(C(=O)c3c2cc(OC)c(OC)c3OCc2ccccc2)N1C(=O)OCC,4.266802734893431,Inactive
O=[N+]([O-])c1c(CS(=O)(=O)c2ccccc2)nc2c(Sc3ccccc3)cc(Cl)cn12,5.769551078621726,Active
C=CCc1ccc(OCCCCCC)c(OC)c1,4.234033575214286,Inactive
Fc1cccc(COc2ccc(Nc3ncnc4ccc(C#CC5CCCC5)cc34)cc2Cl)c1,5.698970004336019,Active
O=C(c1ccc(-n2cnnn2)cc1)N1CCN(S(=O)(=O)c2ccc(Cl)cc2)CC1,3.838631997765025,Inactive
O=C(N/N=C/c1ccc2c(c1)OCO2)c1nc(-c2ccc(F)cc2)no1,4.964570261815451,Inactive
CN(C)c1ccc(-c2nc(C3=NCCO3)cc3c2[nH]c2ccccc23)cc1,5.214670164989233,Active
CC(C)Cc1n[nH]c2nc(N[C@H]3CC[C@H](NS(=O)(=O)Cc4ccccc4)CC3)ncc12,6.0220204649673885,Active
O=[N+]([O-])c1ncn(CCNS(=O)(=O)Cc2ccccc2)n1,5.189565844077327,Active
Nc1ccc(-c2cc(NCc3cncn3Cc3ccc(-c4ccccc4)cc3N)ccc2Cl)cc1,9.522878745280336,Active
O=C1c2ccccc2C(=O)c2cc(C[Se][Se]Cc3ccc4c(c3)C(=O)c3ccccc3C4=O)ccc21,6.167491087293763,Active
N#Cc1ccc(-c2ccc(NC(=O)CCn3cnc([N+](=O)[O-])n3)cc2)cc1,5.498393077581171,Active
C[N+](C)(C)CCOP(=O)([O-])OCC(COCn1nnc2ccccc21)Oc1ccccc1,4.549750891680639,Inactive
O=C1CCCN1c1ccc(Sc2cccc(Cl)c2CO)c(C(F)(F)F)c1,6.499996931948306,Active
O=C(Cc1ccc(F)cc1)Nc1cc([C@H]2CN(C(=O)CC(O)Cc3ccc(Cl)cc3)C[C@@H]2CO)ccc1Cl,5.0,Active
COc1ccccc1OCC(O)Cn1cc(COc2ccc([N+](=O)[O-])cc2)nn1,4.216096420727265,Inactive
Oc1ccc(O)c(/C=N/Nc2ncccn2)c1,4.436815665202651,Inactive
Cc1cc(C(=O)O)c(Sc2nccn2-c2ccc(Cl)cc2Cl)nc1C#N,4.6777807052660805,Inactive
COc1cc([C@H]2Oc3ccc(Br)cc3[C@@H]2C)cc(Br)c1O,4.764471553092451,Inactive
CN(C)c1ncnc2c1ccn2[C@@H]1O[C@H](CO)[C@@H](O)[C@H]1O,5.782516055786093,Active
NCC(=O)N(Cc1cccnc1)c1ccc(-c2nc3ccccc3s2)cc1,7.769551078621726,Active
CO[C@@]12[C@H](COC(N)=O)C3=C(C(=O)C(C)=C(N)C3=O)N1C[C@@H]1N[C@@H]12,4.915781313260761,Inactive
O=C1OCCN1/N=C/c1ccc([N+](=O)[O-])o1,5.696803942579511,Active
N#C[C@H](Cc1ccc(N)cc1)NC(=O)OCc1ccccc1,4.543633966870957,Inactive
OC[C@@H](O)/C=N/Nc1nc(Nc2ccccc2)nc(Nc2ccccc2)n1,5.721246399047171,Active
C=CCc1ccc(OCCCCCCCCCCCC)c(OC)c1,4.406215666580681,Inactive
CCOC(=O)c1c(C(F)(F)F)[n+]([O-])c2cc(F)c(F)cc2[n+]1[O-],6.3979400086720375,Active
CN(C)c1nc2ccc(N)cc2s1,5.698970004336019,Active
CCS(=O)(=O)N1CCC(NC(c2cnccn2)c2ccc(F)cc2F)CC1,6.2076083105017466,Active
Cc1cc(C)c(Nc2nc(N)nc(Nc3ccc(C#N)cc3)n2)c(C)c1,4.418391633967943,Inactive
CC(C)(O)C#Cc1cc(Cl)cn2c([N+](=O)[O-])c(CS(=O)(=O)c3ccccc3)nc12,5.522878745280337,Active
O=C(Nc1ccc2c(c1)B(O)OC2)c1ccc(F)cc1C(F)(F)F,5.568636235841013,Active
O=[N+]([O-])c1ccc(S(=O)(=O)Nc2ccc3[nH]ncc3c2)cc1,4.175874166083451,Inactive
Clc1cccc(CN2CCN(Cc3cccc(Cl)c3)C2)c1,5.013228265733755,Active
COc1ccc(CCN2C(=O)c3[nH]nc(-c4cc(Cl)c(C)cc4O)c3C2c2ccccc2F)cc1,4.919833661633786,Inactive
C=CCN(Cc1cccs1)C(=O)CSc1nnc(-c2ccc3c(c2)OCO3)o1,5.499999678657065,Active
CN1CCC(=C2c3ccccc3CC(=O)c3sccc32)CC1,3.85078088734462,Inactive
CC(C)c1sc(Cl)nc1C(=O)NCCc1nc(C(=O)Nc2ccc3c(c2)OCO3)cs1,6.0,Active
Cc1cc2c(cc1C)[n+]([O-])c(-c1cccs1)c(C#N)[n+]2[O-],4.777283528852417,Inactive
CC1=C(CC(=O)c2cccc([N+](=O)[O-])c2)C(=O)c2ccccc2C1=O,4.873287864628368,Inactive
O=S(=O)(Nc1ccc([Se][Se]c2ccc(NS(=O)(=O)c3ccccc3Cl)cc2)cc1)c1ccccc1Cl,5.931814138253839,Active
Cc1ccc2[nH]c3c4ccc(-c5cnc(N6CCCN(C)CC6)nc5)cc4ncc3c2c1,6.1938200260161125,Active
O=C(N[C@@H](Cc1c[nH]c2ccccc12)C(=O)Nc1cnoc1)c1ccccc1,4.649751981665837,Inactive
N=C(N)c1cccc(OCCCCCOc2cccc(C(=N)N)n2)n1,5.3872161432802645,Active
C=C1C(=O)O[C@H]2/C=C(/C)[C@@H](O)C[C@H](O)C(=C)C[C@H](OC(=O)/C(C)=C/C)[C@@H]12,4.573488738635425,Inactive
COc1cc(/C=C2/Oc3cc(O)ccc3C2=O)cc(OC)c1,5.537602002101044,Active
C=C(c1nc(-c2ccccc2)no1)C1(O)C(=O)N(CC)c2ccc(F)cc21,4.82915179635669,Inactive
O=[N+]([O-])c1cn2c(n1)OC[C@H](OCC#Cc1ccc(-c3ccc(C(F)(F)F)cc3)cn1)C2,6.568636235841013,Active
COC(c1ccc(Cl)cc1)(c1ccc2c(c1)c(-c1c(C)cccc1C)cc(=O)n2C)c1cncn1C,8.744727494896694,Active
O=C(NCCc1ccccc1Cl)c1cccn1-c1cccnc1,5.200000237109354,Active
Fc1ccc2c(c1)C[C@@H]1C[C@@H](c3ccoc3)N2O1,3.821598658466245,Inactive
Cc1nc(C)c(C(=O)Nc2nc3ccc(C#N)cc3n2CC(F)(F)F)s1,6.267606240177032,Active
O=C(c1cc(C(F)(F)F)no1)N1CCOC(c2cc3ncccc3[nH]2)C1,4.1938200260161125,Inactive
O=[N+]([O-])c1ccc(C[n+]2ccc3c(c2)[nH]c2ccc(Cl)cc23)cc1,3.8368386250229816,Inactive
COc1cc(C2CCC(c3ccccc3)O2)cc(OC)c1OC,4.581766427431313,Inactive
CC(Oc1ccc(Cl)cc1Cl)C(=O)O,4.131061821667089,Inactive
O=C(CCc1ccccc1)N[C@@H](Cc1c[nH]c2ccccc12)C(=O)Nc1ccncc1,6.214670164989233,Active
COc1cc(/C=N/Nc2nnc(-c3ncc([N+](=O)[O-])n3C)s2)cc([N+](=O)[O-])c1O,4.721246399047171,Inactive
CCOC(=O)c1cc2c(n1CC)C(=O)C(Oc1ccccc1C)=CC2=O,6.853871964321762,Active
CCCCCCCCCCC1(CC)SC(O)=C(C)C1=O,4.142667503568732,Inactive
Cc1cccc(C2=CC(=O)c3c(O)cccc3C2=O)c1,4.020451625295905,Inactive
CC1(COC(=O)Nc2ccc(OC(F)(F)F)cc2)CCn2cc([N+](=O)[O-])nc2O1,6.443697499232712,Active
CN(C)CCCCCn1nc(OCc2ccccc2)c2cc([N+](=O)[O-])ccc21,4.903089986991944,Inactive
Cn1c2nc3ccccc3c-2cc2cc(Cl)ccc21,4.920818753952375,Inactive
O[C@@H]1Cc2cc(OC(F)(F)F)ccc2N[C@H](c2ccoc2)C1,3.22047565667521,Inactive
CCC/C=C/CCCNC(=O)c1ccc(Cl)cc1,4.542118103266008,Inactive
CCCCCN(CCCCC)c1ccc2nc3ccc(N4CCCCC4)cc3[o+]c2c1,8.698970004336019,Active
Cn1nccc1-c1ccc2[nH]c(=O)nc(-c3ccccc3)c2c1,4.758951849328356,Inactive
O=C(/C=C/c1ccc([N+](=O)[O-])o1)c1ccc(N2CCNCC2)cc1,5.017728766960431,Active
CCOc1ccc(NCc2ccc(C(=O)N3CCCC(C)C3)cc2)cc1,4.815308569182401,Inactive
OCCCc1cn(CCCCCCCCCF)nn1,4.0876185010812,Inactive
O=[N+]([O-])c1ncn(CCCNS(=O)(=O)c2ccc(-c3ccccc3)cc2)n1,7.552841968657781,Active
COc1ccc(NC(=S)c2c3n(c(=O)c4ccccc24)CCN3)cc1,4.910094888560602,Inactive
C(=C\c1ccccc1)/C=N/Nc1ncnc2sc3c(c12)CCCC3,5.853871964321762,Active
CCn1c(CN2CCN(Cc3ccccc3)CC2)nc2cc(NC(=O)c3cccs3)ccc21,4.645364961893259,Inactive
CN1C=CS/C1=C\c1cc[n+](C)c2ccccc12,6.795880017344075,Active
CCNc1cc(-c2ccccn2)nc(Nc2ccc(OC)cc2)n1,5.793195704354345,Active
O=[N+]([O-])c1cn2c(n1)OC(CN1CCN(c3ccc(F)cc3)CC1)CC2,5.769551078621726,Active
N#C[Se]Cc1cccc([N+](=O)[O-])c1,5.624336386039115,Active
CCN(CCNC(=O)OC(C)(C)C)Cc1cc(Nc2ccnc3cc(Cl)ccc23)ccc1O,5.05700040663396,Active
Cc1ccc2nc(-c3ccccn3)c(Nc3ccc4c(c3)OCCO4)n2c1,6.2076083105017466,Active
COc1cccc2[nH]c(C(=O)N3CCCC(c4cc5ncccc5[nH]4)C3)cc12,4.607705703007697,Inactive
O=C(NC1CCN(C2Cc3ccc(NS(=O)(=O)c4cc(F)cc(F)c4)cc3C2)CC1)C1CC1,4.900000142057633,Inactive
c1ccc(Oc2ccc(-c3cc(N4CCOCC4)on3)cc2)cc1,4.896196279044043,Inactive
c1ccc2[nH]c(-c3ccc(OCCCCCOc4ccc(-c5nc6ccccc6[nH]5)cc4)cc3)nc2c1,5.958607314841775,Active
N=C(N)c1cccc(-c2cccc(-c3cccc(C(=N)N)c3)c2)c1,4.455931955649724,Inactive
NCCCCNc1nc(-c2ccc(F)cc2)nc2ccccc12,4.488116639021126,Inactive
CC(C)(C)OC(=O)N1CCC(N(c2ccc(C(F)(F)F)cc2)c2cccnc2)CC1,8.290899718448832,Active
N#Cc1ccc(-n2cc(Cn3cnc([N+](=O)[O-])n3)nn2)cc1,5.327902142064283,Active
CCC/C=C/C=C/c1nc2ccc(OC)cc2n2cccc12,5.119186407719209,Active
Cc1nc(-c2ccccn2)nc(N(C)CCc2ccccc2)c1Cl,5.391473966422806,Active
Fc1ccc(C[n+]2ccc3c(c2)[nH]c2c(Br)cccc23)cc1,4.272458742971444,Inactive
O=C(c1cnn(-c2ccccc2)n1)N1CCCC(n2ccnc2)C1,7.199970640755866,Active
COC(=O)[C@H](CCSC)N(C)C(=O)c1sc(SC(C)C)c(C#N)c1-c1ccc(Cl)cc1,4.886056647693163,Inactive
Clc1ccc(C(c2ccn(-c3ccc(Cl)cc3Cl)c2)n2ccnc2)c(Cl)c1,7.207608310501746,Active
CCCCCCCCCCC1(C)SC(=O)C(CCC)=C1OCc1ccccc1,4.886056647693163,Inactive
CC1(CN2CCN(c3ccc(F)cc3)CC2)CCn2cc([N+](=O)[O-])nc2O1,6.154901959985743,Active
Cc1cc(N(C)C)nc(Nc2ccc(C(=O)N3CCCCC3)cc2)n1,5.700000503883016,Active
COc1cccc(-c2cc(Cn3ccnc3[N+](=O)[O-])on2)c1,4.903089986991944,Inactive
CN(C)c1ccc2nc3ccc(N4CCOCC4)cc3[o+]c2c1,5.295849483160201,Active
CC1(COc2ccc(OC(F)(F)F)cc2)Cn2ccnc2O1,5.468521082957745,Active
CCOc1ccc(C2CCC3=C(O2)c2ccccc2C(=O)C3=O)cc1,3.8787685448503786,Inactive
C/C(COc1ccccc1)=N\Nc1nc(-c2ccc(C)cc2)cs1,4.233959139618611,Inactive
CC1(CC#N)c2cc3c(cc2Cn2cccc21)OCO3,3.920384676473057,Inactive
Fc1ccc2scc(-c3ccc(CNCCCNc4ccnc5ccccc45)cc3)c2c1,5.987162775294828,Active
C/C(=N\NC(N)=[Se])c1cccc(Br)c1,5.920818753952375,Active
C=CCn1c(-c2ccc(N)cc2)cs\c1=N/N=C/C=C/c1ccco1,5.045757490560675,Active
O=[N+]([O-])c1nccn1Cc1cc(-c2ccccn2)no1,4.422508200162775,Inactive
CSCCC(=O)N1CCC[C@@H]1C(=O)O,4.407823242604133,Inactive
NC(=[Se])N/N=C/c1cccc(C(F)(F)F)c1,5.42021640338319,Active
Nc1ncnc2c1c(-c1ccc(Cl)c(Cl)c1)nn2[C@@H]1O[C@H](CO)[C@@H](O)[C@H]1O,5.549750891680639,Active
O=[N+]([O-])c1cn2c(n1)OC[C@@H](Oc1ccc(OC(F)(F)F)cc1)C2,5.086186147616283,Active
COC(=O)c1cc2c([nH]c3ccc(NC(=O)c4ccc(C(C)(C)C)cc4)cc32)c(C)n1,4.167491087293763,Inactive
NC1=NS(=O)(=O)Nc2nc(C3CCCC3)[nH]c21,4.539102157243452,Inactive
Cc1cc2c(cc1C)[n+]1ncccc1c1ccc(Br)n12,6.200659450546418,Active
O=C(CC1(O)C(=O)N(Cc2ccccc2)c2ccc(Br)cc21)c1cccnc1,4.903707297391746,Inactive
O[C@@H]1Cc2cc(Cl)ccc2N[C@H](c2cccs2)C1,4.021819483062586,Inactive
Oc1ccc(C(c2c[nH]c3ccccc23)c2c[nH]c3ccccc23)cc1,4.142155097207985,Inactive
C=CCn1c(-c2ccc(Cl)cc2)cs/c1=N/N=C/c1cccs1,5.096910013008056,Active
C[C@]1(COCc2ccc(-c3ccc(OC(F)(F)F)cc3)cc2)CCn2cc([N+](=O)[O-])nc2O1,6.619788758288394,Active
O=[N+]([O-])c1cn2c(n1)OC(COc1ccc(-c3ccc(C(F)(F)F)nc3)nc1)CC2,6.337242168318426,Active
C=CCNc1ncnc2c1ccn2[C@@H]1O[C@H](CO)[C@@H](O)[C@H]1O,5.58838029403677,Active
Cc1ccc([C@@H]2C[C@H]3Cc4ccccc4N2O3)s1,3.923723744595782,Inactive
O=C1c2cccc3cccc(c23)C(=O)N1CCNCCCCCCNCCN1C(=O)c2cccc3cccc(c23)C1=O,6.0,Active
C=CCc1ccc(OCc2cn(Cc3ccc(F)c(F)c3)nn2)c(OC)c1,3.013676222949235,Inactive
C[N+](C)(C)CCOP(=O)([O-])OCCC12CC3CC(CC(CCOCc4ccccc4)(C3)C1)C2,4.3788237182249645,Inactive
OC(c1ccc(Cl)cc1)(c1cccnc1)c1nccs1,6.696803942579511,Active
O=C(NC(CO)c1ccc(F)cc1)c1ccc(-c2c[nH]c3ncccc23)s1,4.94712818379048,Inactive
C=C[C@H]1CN2CCc3c([nH]c4ccccc34)[C@@H]2C[C@@H]1/C(=C\OC)C(=O)OC,5.950781977329818,Active
FC(F)(F)Oc1ccc2c(c1)C[C@@H]1C[C@@H](c3ccco3)N2O1,3.6151092034694456,Inactive
O=C(Nc1nc2cc(Cl)ccc2o1)c1cccc(Cl)c1,6.0999990348465305,Active
Nc1ccc(-c2cc(-c3ccccc3)no2)cc1,4.043879613606981,Inactive
C(=N\Nc1ncnc2sc3c(c12)CCCC3)/c1ccccn1,6.301029995663981,Active
O=C(Nc1ccc2c(c1)B(O)OC2)c1cc(-c2ccccn2)n[nH]1,6.301029995663981,Active
Nc1ncnc2c1c(-c1ccc(F)cc1)cn2[C@@H]1O[C@H](CO)[C@H](F)[C@H]1O,4.645891560852599,Inactive
CCCn1c(NC(=O)Cc2ccc(Cl)cc2)nc2ccc(C#N)cc21,4.619788758288394,Inactive
O=c1[nH]cnc2c([C@@H]3O[C@H](CO)[C@@H](O)[C@H]3O)n[nH]c12,6.399996913372259,Active
CCCC(O)(P(=O)(O)O)P(=O)(O)O,4.669586226650809,Inactive
N#Cc1c(Oc2cccc(Cl)c2)cccc1[N+](=O)[O-],5.100000128334196,Active
N=C1NCCN1CCc1ccccc1,5.0,Active
O=[N+]([O-])c1ncn(CCCNc2ccnc3cccnc23)n1,3.739237155063832,Inactive
CC1(C)Cc2c(c3ccccc3c3nc4c5cccnc5c5ncccc5c4nc23)O1,4.638272163982407,Inactive
CCC(CC)C(=O)Nc1cccc(C(=O)Nc2nnc(C3CCCCC3)s2)c1,4.800000052738446,Inactive
c1ccc(-c2ccc(Cn3cncc3CNc3ccc(-c4ccccc4)cc3)cc2)cc1,6.698970004336019,Active
O=C1C=C(n2cc(CO)nn2)C(=O)c2ccccc21,4.752026733638194,Inactive
COc1ccc(CNc2nc(NCc3ccc(OC)cc3)c3ccccc3n2)cc1,5.221848749616356,Active
O=C(Nc1ccn2cc(-c3cccc(F)c3F)nc2c1)N1CC[C@H](F)C1,6.026872146400302,Active
O=[N+]([O-])c1cn2c(n1)OCC(COc1ccc(-c3ccc(F)cc3)cn1)C2,7.657577319177793,Active
C[C@H](CCC(=O)O)[C@H]1CC[C@H]2[C@@H]3[C@H](O)C[C@@H]4C[C@H](O)CC[C@]4(C)[C@H]3CC[C@]12C,3.626904012921273,Inactive
COc1c(CO)n(OC)c2c(c1=O)[C@H](CCCCCc1ccccc1)CCC2,5.4089353929735005,Active
CC(C)OC(=O)NCCc1csc(-c2ccccc2)n1,6.3979400086720375,Active
Clc1cc(Oc2ccccc2)ccc1OCCOC1CCCCO1,3.9281179926938745,Inactive
C[C@@H]1CC[C@H]2[C@@H](CCCc3ccc(S(C)(=O)=O)cc3)C(=O)O[C@@H]3O[C@@]4(C)CCC1[C@]32OO4,4.269217724333611,Inactive
CCOc1ccc(C(=O)N/N=C/c2ccc([N+](=O)[O-])o2)cc1,4.972854334225659,Inactive
CC(C)(C)NC(=O)N1CCC(NC(c2ccc(Cl)cc2)c2cccnc2)CC1,7.221848749616356,Active
CC1(C)C=Cc2cc(CNCc3ccccc3)c(O)cc2O1,4.187086643357144,Inactive
CC1(C)COC(c2cccc(C(O)(c3ccc(Cl)cc3)c3cncnc3)c2)=N1,6.301029995663981,Active
C=C(c1nc(-c2ccc(OC)cc2)no1)C(O)c1ccc(C#N)cc1,5.410050398674292,Active
N/N=C(\N)c1ccc(OCCCCCOc2ccc(/C(N)=N/N)cc2)cc1,3.899629454882437,Inactive
Cc1ccc(Oc2nc(-c3ccccn3)nc3ccccc23)cc1,5.769551078621726,Active
C=C1CC[C@H]2C(C)(C)CCC[C@]2(C)[C@H]1CC/C(C)=C/Cn1c[n+](C)c2ncnc(N)c21,5.522878745280337,Active
O=C(OC(Cn1ccnc1)c1ccc(Cl)cc1)N1CCN(C(=O)c2ccco2)CC1,5.2335871528876,Active
Cc1cc2cncn2c(C2CCCCN2C(=O)c2cccs2)n1,6.399996913372259,Active
CC(=O)Oc1cccc2c1C(=O)C=CC2=O,6.795880017344075,Active
CCCC(O)(C(=O)c1ccc(OC(F)F)c(Oc2ccccn2)c1)c1cnc2ccccc2c1,5.42021640338319,Active
O=C(Nc1c(O)cccc1-c1nc2c(C(=O)O)cccc2o1)c1ccccc1,5.761953896871205,Active
O=c1cc(Sc2ccccc2)c2cccc([N+](=O)[O-])c2[nH]1,5.031517051446065,Active
C[C@@H]1CC[C@H]2[C@@H](Cc3ccccc3)C(=O)O[C@@H]3O[C@@]4(C)CCC1[C@]32OO4,4.815308569182401,Inactive
Cc1cc(Sc2c([N+](=O)[O-])cc(C(F)(F)F)cc2[N+](=O)[O-])c(Cl)cc1Cl,6.251998139095916,Active
CCCC=C(c1ccc(Cl)cc1)c1cccnc1,7.1249387366083,Active
COc1c(F)cc(-c2cccc3c2OC(CN)C3)cc1F,4.705093419740634,Inactive
CN1CCN(c2ncnc3c2[nH]c2ccc(Cl)cc23)CC1,4.511121853038916,Inactive
COc1cccc(-c2cc(C(F)(F)F)nc(-n3ccc([N+](=O)[O-])n3)n2)c1,6.399996913372259,Active
O=C1CCCCCC1(Cc1cnc[nH]1)c1ccc(Cl)cc1Cl,5.200000237109354,Active
Clc1ccc([C@@H]2C[C@@H]3Cc4ccc5ccccc5c4N2O3)c(Cl)c1,4.278189384787454,Inactive
CCC1(CC)c2c(ccc(OC)c2OC)CC2c3cc4c(cc3CCN21)OCO4,5.050609993355087,Active
O=C1OC(O)C(NCc2cn(-c3ccc(F)c(F)c3)nn2)=C1Cl,5.075720713938118,Active
O=C(Nc1ccc(Cl)cc1)N1CCN(C(c2ccc(Cl)cc2)c2cncnc2)CC1,7.657577319177793,Active
CC(C)=C[C@H]1[C@@H]2C(C)=CC[C@]34CC[C@H]5C(C)(C)CCC[C@]56C[C@]23[C@@](O)(O6)C(=O)[C@]1(C(C)C)C4=O,4.671620396561262,Inactive
CC(C)(C)C(=O)Nc1ccc(C(=O)Nc2cccc(-c3nc4ccccc4[nH]3)c2)cc1,4.927910832115701,Inactive
Cc1ccc(NC(=O)CN2CCc3ccccc3C2)cc1,4.079354998593212,Inactive
CCCCNc1nc2cc(Cl)ccc2nc1SC,4.61261017366127,Inactive
N#Cc1c(/N=C/c2ccc3ncccc3c2)sc2c1CCC2,4.11941504393502,Inactive
CC1(C)Oc2nc([N+](=O)[O-])cn2CC1OCc1ccc(OC(F)(F)F)cc1,6.275724130399211,Active
COc1ccc(OC)c(P(Cl)(c2ccccc2)(c2ccccc2)c2ccccc2)c1,5.489454989793388,Active
O=C1C(c2ccc(F)cc2)=CC(=O)c2c(O)cccc21,4.145693958198919,Inactive
COc1ccccc1-c1nccc2[nH]c(C(C)(C)O)cc12,4.268411234813262,Inactive
c1ccc(-c2nc(Nc3ccc4[nH]ncc4c3)c3ccccc3n2)nc1,5.207608310501746,Active
CCCCCCCCC(=O)N/N=C/c1ccc([N+](=O)[O-])o1,5.09312646527793,Active
CCN(CC)c1ccc2nc3c4ccccc4/c(=N\c4ccccc4Cl)cc-3oc2c1,4.103473782510445,Inactive
Fc1cccc(Nc2c(-c3ccccn3)nc3ccccn23)c1,5.431798275933005,Active
CCN(CCNC(=N)Nc1ccccc1)Cc1cc(Nc2ccnc3cc(Cl)ccc23)ccc1O,4.931814138253839,Inactive
Clc1nnc(NCCc2c[nH]cn2)c2ccccc12,5.031517051446065,Active
COc1cc(-c2oc3cc(O)c(OC)c(O)c3c(=O)c2OC)cc(OC)c1OC,5.015472686656207,Active
O=C(Nc1cccnc1)c1ccc(CNS(=O)(=O)c2ccc(N3CCCCC3)cc2)cc1,3.958607314841775,Inactive
O=C(CCC12CC3CC(CC(C3)C1)C2)N/N=C/c1ccco1,5.215382707367125,Active
CCCn1c(NC(=O)/C=C/c2ccccc2)nc2ccccc21,5.886056647693163,Active
CC/C(=N\Nc1nc(-c2ccc(-c3ccccc3)cc2)cs1)c1cccc(Br)c1,5.474955192963154,Active
Cc1ccc(Sc2ccc(N3CCCC3=O)cc2C(F)(F)F)c(CO)c1,5.200000237109354,Active
CSc1ccc(-n2cc(Cn3cnc([N+](=O)[O-])n3)nn2)cc1,6.6777807052660805,Active
CCC1=C(CC(=O)OC)[C@@](O)(c2nccc3c2[nH]c2ccccc23)OC1=O,4.590066876668706,Inactive
COc1cc([C@H]2Oc3ccc(Br)cc3[C@@H]2C)c(Br)cc1O,4.823908740944319,Inactive
O=[N+]([O-])c1cn2c(n1)OC[C@H](NCc1ccccc1OC(F)(F)F)C2,6.823908740944319,Active
CC1(COc2ccc(-c3ccc(F)cn3)cn2)CCn2cc([N+](=O)[O-])nc2O1,6.823908740944319,Active
CCN(CC)S(=O)(=O)c1ccc(-n2ccnc2)c(NC(=O)c2cnc(-c3ccccc3)nc2)c1,8.437707135543524,Active
O=[N+]([O-])c1ccc(/C=N/N=C/c2ccc(OCc3ccccc3)cc2)o1,6.031517051446065,Active
N#CSCCOc1ccccc1,4.772113295386326,Inactive
N#Cc1ccc(S(=O)(=O)Nc2ccc(CN3CCN(C(=O)c4cccc(Cl)c4)CC3)cc2)cc1,5.100000128334196,Active
Cc1ccc(-c2nc3ccccc3nc2-c2ccccc2)cc1,5.050609993355087,Active
O=[N+]([O-])c1ncn(CCCNc2nc(-c3ccccc3)nc3ccccc23)n1,5.8297382846050425,Active
C/C(=N\NC(N)=S)C(C)Oc1ccc(Br)cc1,4.696803942579511,Inactive
COC1=CC(=O)N(C(=O)/C=C/[C@H](C)NC(=O)[C@H](CC(C)C)NC(=O)[C@H](CC(C)C)NC(=O)[C@H](C(C)C)N(C)C)[C@H]1Cc1c[nH]c2ccccc12,7.070581074285707,Active
C/C(=N\Nc1nc(-c2ccc(Cl)cc2Cl)cs1)c1ccccn1,5.763210900590707,Active
CCCCOP(=O)(N/N=C/c1ccccn1)OCCCC,5.207608310501746,Active
Cc1cc(-c2cn([C@@H]3O[C@H](CO)[C@H](F)[C@H]3O)c3ncnc(N)c23)ccc1Cl,6.1249387366083,Active
O=C1NC(=O)C(F)C(S(=O)(=O)O)N1,4.4089353929735005,Inactive
CN1C[C@H]2C[C@@H]1CN2c1ncc(-c2ccc3c(Nc4cnccn4)ccnc3c2)cn1,5.214670164989233,Active
CC(C)(C)[Si](C)(C)Oc1ccc(C2=CN3CCC2CC3)cc1,4.507239610973162,Inactive
COc1cc(C(=O)Nc2c(OS(=O)(=O)c3ccc(C)cc3)c3ccccc3n(C)c2=O)cc(OC)c1OC,4.3872161432802645,Inactive
CS(=O)(=O)c1ccc(CC(=O)Nc2nc(-c3ccc(Cl)s3)cs2)cc1,4.800000052738446,Inactive
OC1(Cc2ccccc2Cl)c2c(Cl)ccc(Cl)c2C2=NCCN21,5.380906669373258,Active
CNC(=O)c1nn([C@@H]2O[C@H](CO)[C@@H](O)[C@H]2O)c2ncnc(N)c12,5.3979400086720375,Active
Nc1nccc(-c2c(-c3ccc(F)cc3)nc3c(N)nccn23)n1,6.522878745280337,Active
N#Cc1ccc(/C=N/NC(=O)/C(=C/c2cnn(-c3ccccc3)c2)c2ccccc2)cc1,2.729078220187767,Inactive
CCCn1c(NC(=O)Cc2ccccc2C)nc2ccccc21,5.6020599913279625,Active
S=C=NCCOc1ccc(Oc2ccccc2)cc1,4.795880017344075,Inactive
O=C(Nc1nc2ccccc2[nH]1)c1ccc2[nH]cnc2c1,4.424595177546252,Inactive
CN(C)CCNC(=O)c1ccc([N+](=O)[O-])o1,4.443697499232712,Inactive
c1ccc(-c2nc3ccccn3c2NC2CCOC2)nc1,4.531652669587842,Inactive
Nc1ncnc2c1c(-c1ccc(F)cc1)cn2[C@@H]1O[C@H](CO)C[C@H]1O,6.1938200260161125,Active
CC(C)=CCC1=C(OS(=O)(=O)c2ccc(C)cc2)C(=O)c2ccccc2C1=O,3.8024437868464633,Inactive
COc1cccc(/C=C2\CCC/C(=C\c3c(Cl)cccc3Cl)C2=O)c1OC,4.51427857351842,Inactive
Cn1cc2ccccc2c2nc3ccccc3c1-2,5.7972393126068,Active
Cc1nc(C)c(C(=O)N2CCC(NC(c3ccc(C(F)(F)F)cc3)c3cccnc3)CC2)s1,6.66655272550325,Active
COC(=O)CCNC(=O)c1cc(N2CC2)c([N+](=O)[O-])cc1[N+](=O)[O-],6.161150909262744,Active
CC(=O)c1c(O)c(C=O)c2c(c1O)C[C@H]1C[C@H]3C[C@H](C3(C)C)[C@@]1(C)O2,5.563918492474626,Active
CC(C)(O)c1cc2c(-c3ccc(NC(=O)OCc4ccccc4)cc3)nccc2[nH]1,5.346787486224656,Active
CC(=O)OC[C@H]1O[C@@H](n2cc(-c3cc(-c4ccccc4)on3)c(N)nc2=O)C[C@@H]1OC(C)=O,5.79317412396815,Active
CO/N=C(\C)c1ccc(-n2ccnc2)c(NC(=O)c2cnc(-c3ccccc3)nc2)c1,8.259637310505756,Active
CCC1=C(C)C(=O)C2(Cc3c(O)c(CC=C(C)C)c(O)c(C(=O)C(C)C)c3O2)O1,5.221848749616356,Active
Sc1nc2cc(Cl)ccc2[nH]1,3.494850021680094,Inactive
O=C(O)[C@@H]1CCCN1C(=O)CCSCc1ccccc1,5.58838029403677,Active
Cc1nc(C(=O)Nc2ccc3c(c2)OCO3)nn1-c1ccc(Cl)cc1,5.800000874803203,Active
CCCCCCC1(C)SC(O)=C(CC)C1=O,3.709965388637482,Inactive
C=CCc1ccc(Oc2cc(CC=C)cc(OC)c2OCCC)c(OC)c1,4.785156151952302,Inactive
COc1ccc(CN(CCc2ccc(Br)cc2)Cc2ccc(OC)c(O)c2)cc1,4.483200295918375,Inactive
Cn1c(-c2cccc(NC(=O)c3cccs3)c2)nc2ccccc21,4.655607726314889,Inactive
CCC1SC(N/N=C/CCSc2ccccc2)=NC1=O,6.522878745280337,Active
Cc1ncnc2c1c(-c1ccc(Cl)cn1)cn2[C@@H]1O[C@H](CO)[C@@H](O)[C@H]1O,6.309803919971486,Active
C[N+](C)(C)CCOP(=O)([O-])OCCCCC=C1C2CC3CC(C2)CC1C3,5.30189945437661,Active
COc1cc(/C=C/C=N/NC(=O)c2ccc3[nH]c(C)nc3c2)ccc1O,5.096910013008056,Active
O=C(CCN1CCN(c2ccc(F)cc2)CC1)c1ccccc1,4.182434630440219,Inactive
O=C1C=C(Oc2ccc(F)cc2F)C(=O)c2cc3ccccc3cc21,5.146301788223826,Active
O=C(N[C@@H](Cc1ccccc1)C(=O)Nc1cnoc1)c1ccccc1,5.221848749616356,Active
CC(=O)O[C@@H]1O[C@H]2OC(=O)[C@H](C)C3C([C@@]4(C)CCCC(C)(C)C4)=CC=C1C32,5.508638306165727,Active
O=c1c2nc([N+](=O)[O-])cn2ccn1Cc1cncc(-c2ccc(OC(F)(F)F)cc2)c1,6.366531544420414,Active
COc1ccccc1C(=O)ON=C(N)Cc1cccc2ccccc12,5.261108504540797,Active
Cc1ccc2c(c1)[n+]([O-])c(C#N)c(-c1ccccc1)[n+]2[O-],4.6252516539898965,Inactive
Cc1cc(OCCCCn2ccnc2)cc(C)c1Cl,8.292429823902063,Active
Fc1cc(Cl)ccc1C(NC1CCN(c2nccs2)CC1)c1cccnc1,8.045757490560675,Active
Cc1noc(C)c1C(=O)NC1CCN(C(c2ccc(C(F)(F)F)cc2)c2cccnc2)CC1,8.045757490560675,Active
O[C@@H]1Cc2ccccc2N[C@H](c2ccco2)C1,3.15720360482442,Inactive
CCc1ccc(-c2cn([C@@H]3O[C@H](CO)C[C@H]3O)c3ncnc(N)c23)cc1,5.982966660701219,Active
Cc1ccc2nc(-c3ccccn3)c(Nc3ccc(F)cc3)n2c1,5.567030709125595,Active
C/C(COc1ccccc1)=N\Nc1nc(-c2ccc(Br)cc2)cs1,4.302770657240282,Inactive
Cc1ccc(-c2c(C#N)[n+]([O-])c3cc(Cl)c(Cl)cc3[n+]2[O-])cc1,4.835647144215563,Inactive
Cc1ccc(C(c2c[nH]c3ccc(Br)cc23)c2c[nH]c3ccc(Br)cc23)cc1,4.22767829327708,Inactive
O=C(Nc1cc(Cl)nc(Cl)c1)OCCN1CCOCC1,3.911155437272996,Inactive
CCC(=O)N(c1cccc([N+](=O)[O-])c1)C1CCN(CCc2ccccc2)CC1,4.309006967900131,Inactive
COC(=O)C1=CCC[C@@H]2[C@@](C)(CCc3ccco3)[C@H](C(=O)O)CC[C@@]12C,6.958607314841775,Active
O=C(CN1CCN(c2ccccn2)CC1)Nc1cc(S(=O)(=O)N2CCCCCC2)ccc1Cl,5.100000128334196,Active
COc1ccc(CNc2nc(N3CCCCC3)c3cc(OC)c(OCc4ccccc4)cc3n2)cc1,4.988852639224203,Inactive
CCN(Cc1c(F)cccc1Cl)c1cc(C2CCNCC2)nc(C)n1,5.446326892643417,Active
O=S(=O)(c1ccc(-c2ccc3nccc(NCCN4CCCC4)c3c2)cc1)N1CCOCC1,5.721246399047171,Active
CC(=O)Oc1ccccc1C(=O)Nc1nc2ccc([N+](=O)[O-])cc2s1,5.310691140876379,Active
C[C@H]1O[C@@H](n2cnc3c(N)nc(Cl)nc32)[C@H](O)[C@@H]1O,3.723538195826756,Inactive
O=C1C=CC(=O)c2c1ccc(I)c2O,4.376750709602099,Inactive
O=C1C=Cc2cccc3ccc(NCc4ccccc4)c1c23,5.537602002101044,Active
CC1(COc2ccc(-c3ccc(F)nc3)nc2)CCn2cc([N+](=O)[O-])nc2O1,6.2441251443275085,Active
CN1CCN(c2ncc(-c3ccc4c(NCC5CCOCC5)ccnc4c3)cn2)CC1,5.060480747381382,Active
CCC1S/C(=N/N=C(\C)COc2ccccc2)NC1=S,4.540607512240769,Inactive
CC(C)NC(=N)c1ccc2cc(CCCc3cc4ccc(C(=N)NC(C)C)cc4o3)oc2c1,5.245651664288981,Active
O=S(=O)(Nc1ccc([Se][Se]c2ccc(NS(=O)(=O)c3ccc4ccccc4c3)cc2)cc1)c1ccc2ccccc2c1,5.247951552180561,Active
O=[N+]([O-])c1ncn(CCCCNS(=O)(=O)c2ccc(OC(F)(F)F)cc2)n1,6.692503962086787,Active
O=S1(=O)N=C(SCc2ccc(Cl)cc2)Nc2ccc(F)cc21,4.928867981909064,Inactive
CNC(=O)c1ccc(NCc2cncn2Cc2ccc(-c3ccccc3)cc2N)cc1-c1ccccc1,7.920818753952375,Active
O=C(Nc1ccc([Se][Se]c2ccc(NC(=O)c3ccc([N+](=O)[O-])cc3)cc2)cc1)c1ccc([N+](=O)[O-])cc1,4.371100435579393,Inactive
CCS(=O)(=O)N1CCC(NC(c2ccc(C(F)(F)F)cc2)c2cnccn2)CC1,6.309803919971486,Active
O=C1/C(=C/c2ccc(F)cc2)CCC/C1=C\c1ccc(F)cc1,4.330683119433888,Inactive
COC(=O)c1ccc(NCc2cncn2Cc2ccccc2C#N)cc1-c1ccccc1,6.698970004336019,Active
O=C(NCCc1csc(-c2ccccc2)n1)c1cc(Br)co1,5.301029995663981,Active
COc1ccc(-c2cn(-c3cc(OC)c(OC)c(OC)c3)nn2)cc1OC,5.251811972993799,Active
COC(=O)c1cc(N2CCCC2=O)ccc1Sc1ccccc1CO,4.499999953328896,Inactive
O=C(NCCc1csc(-c2ccccc2)n1)c1cccc(Cl)c1,6.376750709602099,Active
O=[N+]([O-])c1ccc(/C=C/c2ccc3ccccc3n2)cc1,4.552841968657781,Inactive
CCOC(=O)CC[C@@]12CCC3[C@H](C)CC[C@H]4CC(=O)O[C@H](O1)[C@@]34OO2,4.508638306165727,Inactive
O=c1[nH]c2c([N+](=O)[O-])cc(Br)cc2cc1Cl,5.173925197299174,Active
O=C1C(=O)c2ccccc2C2=C1CCC(c1ccc(F)cc1)O2,4.010550182333308,Inactive
CCCCCCCCc1cn(CC=C(C)C)nn1,4.568636235841013,Inactive
CCNC(=O)c1noc(-c2cc(C(C)C)c(O)cc2O)c1NC(=O)[C@@H]1CC[C@H](C(=O)OC)C1,5.835349784065703,Active
O=C(CCN1CCN(c2ccc([N+](=O)[O-])cc2)CC1)c1ccc(F)c(Br)c1,4.437707135543525,Inactive
CCOC(=O)N1[C@@H]2C=C[C@@](OC)(C(=O)c3c2cc(OC)c(OC)c3OCc2ccccc2F)N1C(=O)OCC,4.266802734893431,Inactive
Cn1ncc2c(N3CCCC4(CCNC4)C3)nc(C(C)(C)C)nc21,4.73917867016809,Inactive
Clc1cc(Br)ccc1-c1ccc(CNCCN2CCOCC2)o1,6.229147988357855,Active
CC(=O)OCC1=CO[C@H](OC(C)=O)[C@@H]2[C@H]1[C@@H]1[C@H](CC[C@@]23CO3)C1(C)C,5.1487416512809245,Active
N#Cc1ccc(Nc2c(-c3ccccn3)nc3ccccn23)cc1,5.110138278741812,Active
CC(C)Oc1ccc(C(c2cccnc2)N2CCN(C(=O)C(C)C)CC2)cc1,7.455931955649724,Active
O=[N+]([O-])c1c(CS(=O)(=O)c2ccccc2)nc2c([Se]c3ccc(Cl)cc3)cc(Cl)cn12,6.154901959985743,Active
CN1CCCC(n2nc(Cc3ccc(Cl)cc3)c3ccccc3c2=O)CC1,6.0,Active
CC1=C(C(=O)OCCc2ccccc2)C(c2ccncc2)C2=C(CC(c3ccccc3)CC2=O)N1,3.700000003258169,Inactive
COc1ccc(/C=C2\CCC/C(=C\c3ccc(Br)cc3)C2=O)cc1,4.259637310505756,Inactive
COC(=O)[C@@H](NC(=O)c1cc(COc2nc3ccccc3s2)on1)c1ccccc1,4.571865205971212,Inactive
CC(C)(C)c1ccc(-c2nnc(C3CC(Br)=NO3)o2)cc1,5.455931955649724,Active
O=[N+]([O-])c1ccc(/C=N/N=C/c2ccc(Cl)cc2)o1,6.173925197299173,Active
O=C(CCCCC[C@H](NC(=O)[C@@H]1CC(=O)N1)C(=O)Nc1ccccc1)NO,4.482144581069972,Inactive
CC1(C)CCc2cc(CCCNCc3ccccc3)c(O)cc2O1,4.823908740944319,Inactive
OC[C@H]1O[C@@H](c2cnn3c(O)ncnc23)[C@H](O)[C@@H]1O,4.995678626217358,Inactive
COC(=O)[C@@H](NC(=O)c1cc(COc2cccc3ncsc23)on1)c1ccccc1,4.832682665251824,Inactive
FC(F)(F)Oc1ccc2c(c1)C[C@@H]1C[C@@H](c3cccs3)N2O1,3.96537154337468,Inactive
CN[C@H](C(=O)N[C@H](C(=O)N(C)[C@H](C(=O)N(C)[C@H](C(=O)NCCc1ccccc1)C(C)C)C(C)C)C(C)C)C(C)C,4.158640529545145,Inactive
N#CSCCOc1ccc(Cl)cc1Cl,6.0,Active
COP(=O)(OC)C(Nc1ccccc1)c1ccc(Br)cc1,4.409467395354481,Inactive
COc1cc(Nc2nc(C)cc(N3CCCCC3)n2)ccc1F,6.0,Active
COc1cc(/C=N/NC(=O)c2nc3ccccc3[nH]2)cc(OC)c1OC,3.828566099056992,Inactive
O=c1c(O)c(-c2ccccc2)oc2cc(O)cc(O)c12,4.135073808460994,Inactive
COc1ccc(/C=C2\CCC/C(=C\c3ccc(F)cc3)C2=O)cc1,4.6777807052660805,Inactive
COc1cc2nc(/C=C/CO)cc(N3CCOCC3)c2cc1Cl,5.429457060118103,Active
Cc1ccsc1[C@@H]1C[C@H](O)Cc2cc(Cl)ccc2N1,4.349692476868063,Inactive
CC(=O)N1CCN(C(c2ccc(Cl)cc2)c2cccnc2)CC1,6.4089353929735005,Active
CC(=O)Nc1ccc2[nH]c(=O)n(C3CCN(C(C)(C)C)CC3)c(=O)c2c1,3.657577319177794,Inactive
O=C(N[C@H]1C(O)O[C@H](CO)[C@@H](O)[C@@H]1O)OCc1ccccc1,4.312203588618705,Inactive
CCC(=O)N(CCCCCCCN)C1CCN(CCc2ccccc2)CC1,4.309803919971486,Inactive
Fc1ccc(-c2cc(-c3ccc(-c4ccccc4)cc3)c3ncccc3n2)cc1,4.600239774289634,Inactive
C/C(COc1ccccc1)=N\N=C1/NC(=O)C(c2ccccc2)S1,4.572676213642753,Inactive
O[C@@H]1Cc2cc(F)ccc2N[C@H](c2cccs2)C1,3.117020345962701,Inactive
C(=N\Nc1ncnc2sc3c(c12)CCCC3)/c1ccncc1,3.6333902896075694,Inactive
O=C(c1c[nH]c2ccccc12)c1nc2ccccc2c2cc[nH]c12,4.79317412396815,Inactive
CCCn1c(NC(=O)Cc2ccc(F)cc2)nc2ccc(C(=O)NCOC)cc21,5.080921907623926,Active
Cc1cc(NC(=O)C2CC2)ccc1OC1CCN(Cc2ccco2)CC1,4.900000142057633,Inactive
N=C(N)c1ccc(OCCOc2ccc(C(=N)N)cc2)cc1,1.8010000000742614,Inactive
COC(=O)C1=C(C)NC(C)=C(C(=O)OC(C)C)C1c1cccc2nonc12,4.681936665037238,Inactive
O=C(Cn1cnc([N+](=O)[O-])n1)N1CCN(c2ccc(Cl)cc2)CC1,5.949233688766958,Active
C[n+]1cc2[nH]c3ccccc3c2c2ccccc21,4.122628654130226,Inactive
C/C(=N\Nc1nc(-c2ccc([N+](=O)[O-])cc2)cs1)c1ccc(Cl)c(Cl)c1Cl,4.430509045651217,Inactive
Cc1ccc([C@@H]2C[C@H]3Cc4cc(F)ccc4N2O3)o1,3.99225222199926,Inactive
CCOC(=O)c1cn(CCCCCCCCCCCCOS(C)(=O)=O)nn1,4.119815447173567,Inactive
O=[N+]([O-])c1ncn(CCCCNS(=O)(=O)c2ccc(Cl)s2)n1,4.698970004336019,Inactive
CCCCCCCCCCNCCCCCCN,5.0,Active
Cc1ccccc1NS(=O)(=O)c1ccc2[nH]cc(C(=O)NC3CCCC3)c(=O)c2c1,4.447128066056759,Inactive
COc1ccc(C(=O)NC(c2ccc(Cl)cc2Cl)c2cc(Cl)c3cccnc3c2O)cc1,5.32268236915634,Active
COc1ccc2nc(S(C)(=O)=O)c(NCCC(C)C)nc2c1,4.669079169404764,Inactive
OC(c1ccc(Cl)cc1)(c1cncnc1)c1cccc(F)c1,6.075720713938118,Active
O=C(NC1CCN(Cc2ccccc2)CC1)c1cc(-c2ccncc2)nc2ccc(Cl)cc12,5.337734332792627,Active
NC(=S)N/N=C(\COc1cccc(Cl)c1Cl)c1ccc(Br)cc1,5.119186407719209,Active
O=[N+]([O-])c1cn2c(n1)OC(COc1ccc(-c3ccc(F)cc3F)cn1)CC2,7.522878745280337,Active
FC(F)(F)c1ccc(N(CC2CCN(c3ccc(Cl)cc3)CC2)c2cccnc2)cc1,7.721246399047171,Active
O=C(O)c1c([N+](=O)[O-])noc1-c1ccc([N+](=O)[O-])cc1,4.721246399047171,Inactive
Cc1cnc(Nc2ncnc3ccc(-c4cccc(N5CCOCC5)c4)cc23)s1,5.292429823902063,Active
O=C(N[C@@H](Cc1ccccc1)C(=O)N[C@H]1Cc2ccccc2OC1O)OCc1ccccc1,5.537602002101044,Active
CCCNc1nc2ccc(Nc3ccccc3C(=O)O)cc2s1,4.4089353929735005,Inactive
CCCCCCNC(=O)c1c(O)cc(C)oc1=O,4.267606240177032,Inactive
COC(=O)c1ccc(NCc2cncn2Cc2ccc(N)cc2)cc1-c1ccccc1,6.6020599913279625,Active
C#CCOc1ccc(C(=O)/C=C/c2ccc(F)cc2)c(OCC#C)c1,5.795880017344075,Active
COc1ccc2c(NCc3ccco3)nc(NC(C)C)nc2c1,5.0,Active
CCCNC(=O)/C=C/c1cc(OC)c2c(c1)[C@H](C(=O)NCCC)[C@@H](c1ccc(O)c(OC)c1)O2,5.051587034221399,Active
Cc1noc(C)c1Cn1cc(-c2ccnc(N)n2)c2cc(Br)ccc21,3.969400278034049,Inactive
O=[N+]([O-])c1cn2c(n1)OC[C@H](OCc1ccc(-c3ccc(F)cc3)cn1)C2,5.638272163982407,Active
O=C(Nc1ccc(F)c(-c2nc3ncc(-c4cccc(Cl)c4)cn3n2)c1)N1CCC(F)(F)C1,7.226945306635737,Active
Oc1c(-c2nc(CN3CCOCC3)n[nH]2)ncc2cccnc12,4.499999953328896,Inactive
CN(CC(O)COc1ccc2cc(Br)ccc2c1)C1CCCCC1,5.774690718274137,Active
CCN(CC)CCCNC(=O)c1ccc([N+](=O)[O-])o1,4.6020599913279625,Inactive
C/C(=N\NC(N)=S)C(C)Oc1cccc2ccccc12,5.309803919971486,Active
CCCCc1ccc(C2=NN(C(C)=O)C(c3ccc([N+](=O)[O-])o3)O2)cc1,5.082494490447453,Active
CSCC[C@@H](C(=O)N[C@H](C(=O)N(C)[C@H](C(=O)N(C)[C@H](C(=O)NCCc1ccccc1)C(C)C)C(C)C)C(C)C)N(C)C(=O)[C@@H](N)C(C)C,4.72584215073632,Inactive
C/C=C/C=C/c1nc2ccccc2n2cccc12,5.008773924307505,Active
COc1ccccc1OCC(O)Cn1cc(-c2ccccc2)nn1,3.901356274182943,Inactive
O=[N+]([O-])c1cn2c(n1)OCCC(OCc1ccc(OCc3ccccc3)cc1)C2,5.638272163982407,Active
C=CCC1(C)C(=O)SC(C)(CCCCCCCCCC)C1=O,4.259637310505756,Inactive
COc1ccc2c(/C=C3\Sc4ccccc4N3C)cc[n+](C)c2c1,7.455931955649724,Active
COc1ccc(Cn2nc(C(=O)Nc3ccc(F)c(C(=O)NC4CC4)c3)ccc2=O)cc1,6.399996913372259,Active
Nc1ncnc2c1c(-c1ccc(Cl)c(Cl)c1)cn2[C@@H]1O[C@H](CO)[C@@H](O)[C@H]1O,6.721246399047171,Active
CC(=O)OC1CC(C2CCCCC2)OO1,4.247183568811729,Inactive
COc1cccc2c1c(/C=C1\Sc3ccccc3N1C)cc[n+]2C,7.602059991327962,Active
N=C(N)NCCCc1nccc2c1[nH]c1ccccc12,3.886056647693163,Inactive
CCN(CC)C(=O)NC1CCN(C(c2cncnc2)c2ccc(Cl)cc2F)CC1,7.301029995663981,Active
CCC(=O)O[C@H]1CC[C@@]2(C)C(=CC[C@H]3[C@@H]4CC[C@H]([C@H](C)CNCCCC(=O)OC)[C@@]4(C)CC[C@@H]32)C1,5.119186407719209,Active
O=C(Nc1ccccc1)N1CCC(NC(c2ccc(C(F)(F)F)cc2)c2cccnc2)CC1,7.119186407719209,Active
NC(=O)/C=C/c1ccc2ccccc2n1,4.690156995283929,Inactive
Brc1ccc(/C=N/Nc2ncnc3sc4c(c23)CCCC4)cc1,4.692503962086787,Inactive
COc1ccc(N(Cc2ccc(C)cc2)Cc2ccc(OC)c(O)c2)cc1,4.186218921825917,Inactive
C/C=C/c1ccc(Oc2ccnc3cc(Cl)ccc23)c(OC)c1,5.209714835966758,Active
O=[N+]([O-])c1cn2c(n1)OC(COCc1ccc(-c3ccc(F)cc3)cc1)CC2,7.698970004336019,Active
Cn1cc(C(=O)N2CCc3c([nH]c4ccccc34)C2)c2ccccc21,4.279014255846261,Inactive
C=C(c1nc(-c2ccccc2)no1)C1(O)C(=O)N(CC)c2ccc(Cl)cc21,5.6020599913279625,Active
O=S(=O)(c1ccc(Cl)cc1)N1CCN(C(c2ccc(Cl)cc2)c2cncnc2)CC1,6.886056647693163,Active
COc1ccc(CN2CCC(N(c3ccc(C(F)(F)F)cc3)c3cccnc3)CC2)cc1,7.244125144327507,Active
O=C1NC(=O)/C(=C/c2ccc(Cl)c(Cl)c2)S1,4.629857152948898,Inactive
N#Cc1ccc(/C=N/n2c(S)nnc2-c2cnccn2)cc1,4.00436480540245,Inactive
COc1cc(/C=C/C(=O)c2c(O)cc(O)cc2OC)cc(OC)c1OC,5.013228265733755,Active
O=C(NC(=[Se])Nc1ccc([Se][Se]c2ccc(NC(=[Se])NC(=O)c3sccc3Cl)cc2)cc1)c1sccc1Cl,5.254144804826271,Active
C[N+](C)(C)CCOP(=O)([O-])OCC(COCn1nnc2ccccc21)OCc1cccc2ccccc12,4.480172006224281,Inactive
CCCC[C@H]1C(=O)O[C@@H]2O[C@@]3(CC)CC[C@H]4[C@H](C)CC[C@@H]1[C@@]24OO3,4.443697499232712,Inactive
CC(C)COC(=O)Nc1ccc(N2CCC(CNS(=O)(=O)c3ccccc3)CC2)c(F)c1,5.100000128334196,Active
CC1(C)CCC23CC2(O1)C(=O)c1ccccc1C3=O,4.215596698246992,Inactive
COc1cnc2ccc(=O)n(CCN3CCC(NC(=O)c4ccc(Cl)cc4)CC3)c2c1,6.724596497254596,Active
COc1ccc(CCNc2nc(-c3ccccn3)nc(C)c2Cl)cc1,6.366531544420414,Active
COc1ccc(C=C2SC(=N)N(c3ccccc3OC)C2=O)cc1,4.935643857282344,Inactive
Cc1nn(CCC(F)(F)F)cc1C(=O)Nc1ccc2c(c1)B(O)OC2,5.2441251443275085,Active
O=C(NC1C(=O)N(c2ccccc2)C1c1cccnc1)c1ccc(Cl)s1,6.047127677357636,Active
C=CC(=O)NC[C@]1(C)CCC[C@]2(C)c3ccc(C(C)C)cc3CC[C@@H]12,6.431798275933005,Active
O=C(N/N=C/c1ccc([N+](=O)[O-])o1)c1ccc(O)cc1,5.582528306796707,Active
CN(C)CCCn1cc(/C=C/C(=O)c2ccc(Cl)cc2)c2ccccc21,4.667561540084395,Inactive
Cc1nc2cc(C(=O)N/N=C/c3ccccc3)ccc2[nH]1,3.552841968657781,Inactive
CC1=N[C@H](C)Cc2c(-c3ccccc3)ccc(O)c21,4.243211801231882,Inactive
CC1(C)C=Cc2c(ccc(C(=O)/C=C/c3ccc(Cl)c(Cl)c3)c2O)O1,4.856985199745905,Inactive
CC1(C)[C@@H]2C[C@@]3(C)Oc4c(C=O)c(O)c(C=O)c(O)c4C[C@H]3C[C@@H]21,5.240166022245071,Active
Cn1c(-c2cccc(Cl)c2)cnc1NC(=O)c1ncc[nH]1,6.130768280269024,Active
O=[N+]([O-])c1cn2c(n1)OC[C@@H](OCc1cccnc1-c1ccc(OC(F)(F)F)cc1)C2,4.552841968657781,Inactive
COC(=O)[C@@H](NC(=O)c1cc(COc2cccc3sc(C)nc23)on1)c1ccccc1,4.72584215073632,Inactive
O[C@@H]1Cc2cc(OC(F)(F)F)ccc2N[C@H](c2cccs2)C1,4.056505484093897,Inactive
Clc1ccc(CO/N=C(\Cn2ccnc2)c2ccc(Cl)cc2Cl)c(Cl)c1,6.411168274405792,Active
N=C(N)c1cccc(-c2cc3cc(C(=N)N)ccc3o2)c1,5.236572006437063,Active
COc1cc(NC(C)CCCN)c2ncccc2c1,4.260427655549908,Inactive
CC(=O)N[C@H]1[C@@H](O[C@H](C)[C@@H]2NC(=O)[C@H](CC(=O)O)NC2=O)O[C@H](CO)[C@H](O)[C@@H]1O,3.906578314837765,Inactive
O=C1c2cccc3cccc(c23)C(=O)N1CCCNCCCNCCCNCCCN1C(=O)c2cccc3cccc(c23)C1=O,5.812479279163537,Active
CN(C)CCNc1ccc(C(=O)N2CCN(S(=O)(=O)c3ccc(Cl)cc3)CC2)cn1,4.447331783887806,Inactive
CC(C)(C)n1nnnc1C(c1ccc(Cl)cc1)N1CCc2c([nH]c3ccccc23)C1,5.055517327849832,Active
CN1C2CCC1CC(=NOC(c1ccc(Cl)cc1)c1ccccn1)C2,5.537602002101044,Active
COc1cc2c(cc1C(C)N1CCOCC1)C=CC(C)(C)O2,3.958607314841775,Inactive
COc1ccc2nc(S(C)(=O)=O)c(NC3CCCCC3)nc2c1,4.832682665251824,Inactive
O=[N+]([O-])c1ncn(Cc2cn(-c3cccc(C(F)(F)F)c3)nn2)n1,5.327902142064283,Active
CCN(CC)c1ccc(-c2cc(Cl)cn3c([N+](=O)[O-])c(CS(=O)(=O)c4ccccc4)nc23)cc1,5.6020599913279625,Active
Nc1ncnc2c([C@@H]3O[C@H](CO)[C@@H](O)[C@H]3O)cn(-c3ccc(Cl)cc3)c12,6.468521082957745,Active
c1ccc(Cc2nc3ccccc3c3cc[nH]c23)cc1,4.548213564475709,Inactive
COc1cc2c(cc1C(C)NCc1ccccc1)C=CC(C)(C)O2,3.7986028756795487,Inactive
COc1ccc2nc(N(C)C)c(SC)nc2c1,4.368556230986828,Inactive
CC(=O)O/C=C1\CCC/C(C=O)=C\C[C@@H]2C(C(=O)CC=C(C)C)=CO[C@H](OC(C)=O)[C@@H]12,7.055517327849832,Active
Cc1nc(Sc2nnc3c4ccccc4n(C)c3n2)nc(N2CCCCC2)n1,4.590066876668706,Inactive
NC(=S)N/N=C/c1ccc(-c2ccccc2)cc1,5.379863945026242,Active
COc1ccccc1C(O)(c1ccc(Cl)cc1)c1cncnc1,5.943095148663527,Active
O=C(N/N=C/c1cc(O)ccc1O)c1ncccn1,4.247452208538698,Inactive
N#Cc1ccc(O)c(S(=O)(=O)N(Cc2ccc(F)cc2)Cc2ccc(F)cc2)c1,4.510000060783276,Inactive
COc1ccc(S(=O)(=O)N2CCN(c3ccc(OCCN(C)C)cc3)CC2)cc1,4.600326278518962,Inactive
O=[N+]([O-])c1nc2n(n1)CC(Oc1ccc(OC(F)(F)F)cc1)CO2,5.886056647693163,Active
Cc1c(C(=O)N/N=C/c2ccc([N+](=O)[O-])cc2)no[n+]1[O-],5.102372908709558,Active
Cc1ncsc1C(=O)NC1CCN(C(c2ccc(C#N)cc2)c2cccnc2)CC1,7.1487416512809245,Active
COc1cccc(Nc2ncnc3c(N/N=C/c4cc(O)c(O)c(O)c4)ncnc23)c1,6.346787486224656,Active
COCCCNc1cc(-n2nc(C)c3c2CN(C(=O)c2ccc(C)cc2)CC3=O)ccc1C(N)=O,5.662540738709344,Active
N#CC1(NC(=O)[C@@H](Cc2c[nH]c3ccccc23)N[C@@H](c2ccccc2)C(F)(F)F)CC1,4.59176003468815,Inactive
Nc1ncnc2c1c(-c1ccc3ccccc3c1)cn2[C@@H]1O[C@H](CO)C[C@H]1O,6.142667503568732,Active
COC(=O)c1c(NCCNc2ccnc3cc(Cl)ccc23)noc1-c1ccc(Cl)cc1Cl,5.868060704789575,Active
CCC(C)Oc1cc(N)nc(Sc2cccc(Cl)c2)n1,4.531209737900389,Inactive
OC[C@H]1CC2CCN1C[C@@H]2C#Cc1ccc2ccccc2c1,5.275724130399211,Active
CC(C)(C)OC(=O)NC1CCN(C(c2cncnc2)c2ccc(Cl)cc2F)CC1,7.229147988357855,Active
COc1cccc(Cn2cc(COC(=O)c3c(C)nc4ccc(Cl)cc4c3-c3ccccc3)nn2)c1,5.154901959985743,Active
c1ccc(Cn2c(N=Nc3c(Nc4ccccc4)ccc4ccccc34)nc3ccccc32)cc1,6.866237615212654,Active
O=C(c1ccccc1)N1CC(NC(c2ccc(C(F)(F)F)cc2)c2cccnc2)C1,6.723538195826756,Active
CC1(C)CCc2cc(C(O)CNCCCc3ccccc3)c(O)cc2O1,4.552841968657781,Inactive
COc1ccc(/C=C2\Oc3cc(OCCCCCN4CCCCC4)ccc3C2=O)cc1OC,4.767003889607846,Inactive
CS(=O)(=O)c1ccc2c(c1)nc(NC(=O)c1ccnc(C(F)(F)F)c1)n2CC(F)(F)F,6.259637310505756,Active
CC(C)[C@H]1C(=O)N2CCC[C@H]2[C@]2(O)O[C@](NC(=O)[C@@H]3C=C4c5cccc6[nH]cc(c56)C[C@H]4N(C)C3)(C(C)C)C(=O)N12,4.7447274948966935,Inactive
CSC[C@H]1O[C@@H](n2cnc3c(N)nc(N=[N+]=[N-])nc32)[C@H](O)[C@@H]1O,3.540607512240769,Inactive
O=[N+]([O-])c1ccc(S(=O)(=O)Nc2ccc3ncsc3c2)cc1,4.047691990337875,Inactive
CC1(C)[N+]([O-])=c2ccc(/C=C/c3ccccc3)cc2=[N+]1[O-],5.301029995663981,Active
COc1c(-c2ccc(O)cc2)oc2cc(O)cc(O)c2c1=O,4.8449677712090296,Inactive
Cc1ccn2c(Nc3ccc(F)cc3)c(-c3ccccn3)nc2c1,6.1487416512809245,Active
N=C(N)c1ccc(OCCCOc2ccc(C3=NCCN3)cc2)cc1,5.525783735923745,Active
COc1ccc(NCc2cncn2Cc2ccc(-c3ccccc3)cc2N)cc1-c1ccccc1,9.096910013008056,Active
Cc1cc(C(=O)N2CCC(NC(c3ccc(C(F)(F)F)cc3)c3cccnc3)CC2)no1,6.920818753952375,Active
O=C1CCCN1c1ccc(Sc2cc(F)ccc2CO)c(C(F)(F)F)c1,6.900008766455316,Active
COc1ccc(/C=C/C(=O)c2ccc3c(c2O)C=CC(C)(C)O3)cc1OC,4.924453038607469,Inactive
CCCCNc1nc2cc(OC)ccc2nc1SC,4.519993057042849,Inactive
C[n+]1ccc(/C2=C3\C=CC(=N3)/C(c3cc[n+](C)cc3)=c3/cc/c([nH]3)=C(\c3cc[n+](C)cc3)C3=N/C(=C(/c4cc[n+](C)cc4)C4C=CC2N4)C=C3)cc1,4.151195298948196,Inactive
CC/C(=C\c1ccc(Cl)cc1)C(=O)/C=C/c1cccc(OC)c1OC,5.698970004336019,Active
CSc1cc(/C=C/c2ccc(OS(=O)(=O)O)cc2)nc(N)n1,5.200659450546418,Active
Nc1ncnc2c1c(F)cn2[C@@H]1O[C@H](CO)[C@@H](F)[C@H]1O,5.756961951313706,Active
Cc1ccc2sc(NC(=O)Cn3cnc([N+](=O)[O-])n3)nc2c1,5.899998417198648,Active
CCN1/C(=C/C=C/c2oc3ccc(C)cc3[n+]2C)Sc2ccc(F)cc21,7.823908740944319,Active
COc1ccc(/C=C2\CCC/C(=C\c3ccc(OC)cc3)C2=O)cc1,4.196542884351586,Inactive
CN(C)c1nc2ccc([N+](=O)[O-])cc2s1,5.3979400086720375,Active
CS(=O)(=O)N1CCN(C(c2cccnc2)c2ccc(C(F)(F)F)cc2F)CC1,7.556737012541305,Active
CCN(CC)CCCCCCNc1cc(OC)cc2c(C)ccnc12,4.657972311912528,Inactive
Cc1ccc2nc(-c3ccccn3)c(NCc3ccccc3)n2c1,5.4723700991286615,Active
C=C1C[C@H](OC(=O)/C(C)=C\C)[C@H]2C(=C)C(=O)O[C@H]2/C=C(/C)[C@@H](O)CC1=O,6.301029995663981,Active
O=C(O)[C@@H]1CCCN1C(=O)Cc1ccccc1,4.332547047110047,Inactive
[N-]=[N+]=NC1=CC(=O)c2ccccc2C1=O,4.380906669373258,Inactive
O=[N+]([O-])c1cn2c(n1)OC[C@H](OCc1ccc(-c3ccc(OC(F)(F)F)c(F)c3)nc1)C2,4.920818753952375,Inactive
O=C(Nc1nc2cc(F)cnc2n1CC(F)(F)F)c1ccc(C(F)(F)F)nc1,6.823908740944319,Active
CS(=O)(=O)OCCCCCCCCCCCCn1cc(CCC(=O)O)nn1,3.6472195324286742,Inactive
OCCCNc1nc(Nc2ccc(Cl)cc2)nc2ccccc12,6.6020599913279625,Active
O=[N+]([O-])c1cn2c(n1)OC[C@H](OCc1ncc(-c3ccc(OC(F)(F)F)cc3)cn1)C2,5.853871964321762,Active
CC1(C)OC2=C(C(=O)C(=O)c3ccccc32)C1Sc1ccc(Cl)cc1,5.036212172654444,Active
COc1ccc(-c2nc(NC(=O)CS(=O)(=O)c3ccc(F)cc3)sc2C)cc1,4.775811246392132,Inactive
O=C(CN1CCN(c2ccc(Cl)cc2)CC1)N1CCN(c2ccc(Cl)cc2)CC1,5.217384067968396,Active
O=C(Nc1ccc(F)c(C(=O)NC2CC2)c1)c1ccc(=O)n(Cc2ccc(Cl)c(F)c2)n1,6.599997654072044,Active
O=[N+]([O-])c1cn2c(n1)OC(COc1ccc(-c3ccc(F)cc3)cn1)CC2,8.0,Active
O=c1cc(-c2ccccc2)c2c(O)cc(O)cc2o1,4.220403508742176,Inactive
CCCC[C@H]1CN(CCCC[C@H]2CNC(=N)N2)C(=N)N1CCc1ccc(-c2ccccc2)cc1,5.920818753952375,Active
CC(=O)OC[C@H]1O[C@@H](n2ccc(=O)[nH]c2=O)C[C@@H]1O,3.563837352959244,Inactive
Clc1ccc(-n2ccc(C(c3ccc(Cl)cc3Cl)n3ccnc3)c2)cc1,5.272458742971444,Active
O=C(O[C@H](Cn1ccnc1)c1ccc(F)cc1)c1ccc(-c2ccccc2)cc1,4.460923901207224,Inactive
O=C(/C=C/c1ccc2c(c1)OCO2)c1ccccc1,4.215382707367125,Inactive
N#Cc1ccccc1N1CCN(CCCn2cnc([N+](=O)[O-])n2)CC1,3.744245213356956,Inactive
CCCCCC(=O)N/N=C/c1ccc([N+](=O)[O-])o1,5.012333735073725,Active
O=[N+]([O-])c1ncn(CCCCN2CCN(Cc3ccc(C(F)(F)F)cc3)CC2)n1,6.3851027839668655,Active
COc1cc2c(cc1C(C)NCCCc1ccccc1)CCC(C)(C)O2,5.271646217978772,Active
O=C(c1cccc(C(O)(c2ccc(Cl)cc2)c2cccnc2)c1)N1CCC(O)CC1,6.926281649653878,Active
N#CC1CCN(c2nc(-c3ccccn3)nc3ccccc23)CC1,4.619788758288394,Inactive
CC1(COC(=O)Nc2ccccc2OC(F)(F)F)CCn2cc([N+](=O)[O-])nc2O1,6.1938200260161125,Active
NC(=O)C1CCN(c2nc(-c3ccccn3)nc3ccccc23)C1,4.638272163982407,Inactive
O=C1C=CC(=O)C([Se]c2ccccc2)=C1,4.7972393126068,Inactive
CCCCCCCCNCc1ccc2c(c1)C(=O)CC(C)(C)O2,4.609064892896621,Inactive
CN(C(=O)c1ccccc1)c1cccc(-c2cc3ncccc3[nH]2)c1,5.139434422851779,Active
OC1(C#Cc2cccnc2)CN2CCC1CC2,5.036212172654444,Active
CCc1c(C)[nH]c(C2=N/C(=C\NC34CC5CC(CC(C5)C3)C4)C(C)=C2C)c1C,7.090443970758825,Active
Cc1nc(-c2ccccn2)nc(NCCS(=O)(=O)c2ccccc2)c1Cl,4.943095148663527,Inactive
COc1ccc(CN(Cc2ccccc2)c2cccnc2)cc1O,4.27523275435369,Inactive
CCSc1c([N+](=O)[O-])cc(C(F)(F)F)cc1[N+](=O)[O-],4.008886944209085,Inactive
Cn1c(-c2ccc(OCC(=O)Nc3ccc4c(c3)CCC4)cc2)nc2ccccc2c1=O,5.139961610192807,Active
CC(C)CC(=O)NC(c1ccc(C(F)(F)F)cc1)c1cnccn1,5.050122295963125,Active
CCn1ncc2c1n/c(=N\c1ccccc1)n1ccc3ccccc3c21,4.221848749616356,Inactive
COc1ccc(C(=O)[C@H]2C[C@@H]2CN(Cc2ccccn2)Cc2ccccn2)cc1,5.800000874803203,Active
CC(C)Oc1cccc(C(=O)C2CCCN(Cc3cnn(C(C)C)c3)C2)c1,7.267606240177032,Active
O=[N+]([O-])c1ccc(C(c2c[nH]c3cc(Cl)ccc23)c2c[nH]c3cc(Cl)ccc23)cc1,4.31560352158098,Inactive
CC1=N[C@H](C)Cc2c(-c3ccc(C)cc3)ccc(O)c21,4.405165644416682,Inactive
N#CSCCOc1ccc(Cl)cc1,4.85078088734462,Inactive
COc1ccc(OC)c(/C=C/C(=O)c2ccc(O)cc2)c1,4.638272163982407,Inactive
O=C(Nc1cc(Cl)nc(Cl)c1)O[C@@H](Cn1ccnc1)c1ccc(Cl)cc1,7.012333735073725,Active
CN(C)CCOc1ccc(C(=O)N2CCN(S(=O)(=O)c3ccc(Cl)cc3)CC2)cc1,6.045757490560675,Active
Cc1ncnc2c1c(-c1ncccc1Cl)cn2[C@@H]1O[C@H](CO)[C@@H](O)[C@H]1O,6.154901959985743,Active
CC(C)=CCOc1ccc(C(=O)/C=C/c2ccncc2)c(O)c1,5.301029995663981,Active
O=C1C=C(Oc2ccc(Cl)cc2F)C(=O)c2ccccc21,6.154901959985743,Active
c1cc2nc3ccc(N4CCCC4)cc3[o+]c2cc1N1CCCC1,7.431798275933005,Active
CCC(=O)N(CCCCCCCCCCCCNC(=N)N)C1CCN(CCc2ccccc2)CC1,4.984221243610959,Inactive
Fc1ccc(C2Nc3cccnc3[C@H]3c4ccccc4C[C@@H]23)c(F)c1,6.173925197299173,Active
CCCn1c(NC(=O)Cc2ccc(F)cc2)nc2ccccc21,5.638272163982407,Active
CC(C)Nc1nc(NCc2ccco2)c2ccc(Cl)cc2n1,4.638272163982407,Inactive
N=C(N)c1ccc2oc(CCCCCCCCCc3cc4cc(C(=N)N)ccc4o3)cc2c1,5.5003129173815966,Active
NC(=O)c1cccc(C(O)(c2cccnc2)c2ccc(Cl)cc2F)c1,7.606424796730413,Active
CC(=O)N1N=C(c2c(O)c3ccccc3[nH]c2=O)CC1c1ccccc1C,6.1487416512809245,Active
C=CC1=C(CO)[C@@H]2C[C@@H](O)[C@H]3[C@](C)(COC(C)=O)CCC[C@]3(C)[C@H]2CC1,4.241088107602026,Inactive
O=C(NCCCCn1cnc([N+](=O)[O-])n1)c1ccc(OC(F)(F)F)cc1,4.88672530753565,Inactive
COc1ccc(/C(=N/c2ccccc2)Nc2ccc(Br)cc2)cc1,5.872895201635193,Active
COc1ncnc2c1ncn2[C@@H]1O[C@H](CO)[C@@H](F)[C@H]1O,4.521433504406157,Inactive
N#CC1=C(N)OC2=C(C(=O)CC(c3ccc(F)cc3)C2)C1c1cn([C@H]2C[C@H](O)[C@@H](CO)O2)c(=O)[nH]c1=O,5.075720713938118,Active
O=C(CC12CC3CC(CC(C3)C1)C2)N/N=C/c1ccc([N+](=O)[O-])o1,6.688246138944246,Active
COc1cc(/C=C/C(=O)N/N=C/c2ccccc2O)cc(OC)c1OC,4.103473782510445,Inactive
Fc1ccc(N2CCC(NC(c3ccc(Cl)cc3)c3cccnc3)CC2)cc1C(F)(F)F,7.619788758288394,Active
CCCn1c(NC(=O)Cc2ccccc2Cl)nc2ccccc21,5.698970004336019,Active
CC1Cc2ccccc2N1S(=O)(=O)c1ccc(Br)cc1,5.239577516576788,Active
C=CCOc1ccc(Oc2ccccc2)cc1,3.6556077263148894,Inactive
CC1=C(C(=O)Nc2ccccc2)SCCO1,4.6495581434649385,Inactive
COP(=O)(OC)C(Nc1ccccc1)c1ccc(Cl)cc1,4.441844787488123,Inactive
CCN(CC)c1ccc2nc3c4ccccc4/c(=N\c4ccc([N+](=O)[O-])cc4C#N)cc-3oc2c1,3.842543231865774,Inactive
CC1(CNC(=O)c2ccccc2OC(F)(F)F)CCn2cc([N+](=O)[O-])nc2O1,5.00436480540245,Active
COc1ccc(N2CCN(C(=O)Cn3cnc([N+](=O)[O-])n3)CC2)cc1,5.616184634019569,Active
O=c1cc(-c2ccc(C(F)(F)F)cc2)c2cccc([N+](=O)[O-])c2[nH]1,4.928117992693875,Inactive
CCOC(=O)c1c(C(F)(F)F)[n+]([O-])c2ccc(C(F)(F)F)cc2[n+]1[O-],6.0,Active
CS(=O)(=O)N1CCC(N(c2ccc(Cl)cc2)c2cccnc2)CC1,7.026872146400302,Active
C=CCOC1=C(CCC)C(=O)SC1(C)CCCCCCCCCC,4.096910013008056,Inactive
O=C(CN1CCc2sccc2C1)N/N=C/c1ccccc1Cl,3.5290018303391264,Inactive
COc1ccc(NC2C3=C(OC2(C)C)c2ccccc2C(=O)C3=O)cc1,4.054531414868181,Inactive
COc1ccc(C(=O)/C=C/c2ccc(Cl)cc2Cl)c(OC)c1OC,5.200659450546418,Active
C[C@@]1(COc2ccc(OC(F)(F)F)cc2)CCn2cc([N+](=O)[O-])nc2O1,6.769551078621726,Active
C/C(=N\NC(N)=[Se])c1ccc(Cl)c(Cl)c1,4.29929628285498,Inactive
Cc1ccc(-c2cn(C3=CC(=O)c4ccccc4C3=O)nn2)cc1,4.756465898167938,Inactive
Clc1ccc(OCCN2CCCCC2c2cccnc2)c(Cl)c1,6.699991797446187,Active
CCN(CC)C(=O)NC1CCN(C(c2ccc(OC(C)C)cc2)c2cccnc2)CC1,7.060480747381382,Active
C/C(=N\N=C1\SC(C(C)C)C(=O)N1C)c1ccncc1,3.684796115442372,Inactive
O=C(N[C@@H](Cc1c[nH]c2ccccc12)C(=O)Nc1ccncc1)c1ccccc1Cl,6.229147988357855,Active
CC(C)=CCC/C(C)=C/Cn1cc(-c2ccccc2)nn1,4.309803919971486,Inactive
CCCN(CCC)c1c([N+](=O)[O-])cc(S(=O)(=O)N(C)c2ccccc2)cc1[N+](=O)[O-],4.6777807052660805,Inactive
COc1cc(C2=NCCN2)ccc1OCCCCOc1ccc(C2=NCCN2)cc1OC,4.410050398674292,Inactive
O=C(c1ccc([N+](=O)[O-])cc1)n1c(-c2ccccc2[N+](=O)[O-])nc2ccccc21,4.096910013008056,Inactive
CC(C)c1cc2c(c(Br)c1O)[C@@]1(C)CCCC(C)(C)[C@@H]1CC2,4.33913452199613,Inactive
O=[N+]([O-])c1cn2c(n1)[S+]([O-])CC(OCc1ccc(OCc3ccccc3)cc1)C2,5.468521082957745,Active
O=C(O)/C=C/c1ccccc1,4.809668301829708,Inactive
Clc1ccc(C(NC2CCN(c3ccc(Cl)cn3)CC2)c2cccnc2)cc1,7.455931955649724,Active
Fc1cc(Cl)ccc1C(NC1CCN(c2ccccc2C(F)(F)F)CC1)c1cccnc1,7.769551078621726,Active
CC1(COc2ncc(Cl)cn2)CCn2cc([N+](=O)[O-])nc2O1,6.494850021680094,Active
C=CCOc1ccccc1C(=O)/C=C/c1ccccc1,4.97469413473523,Inactive
CC(C)(O)Cn1c(NC(=O)c2ccc(C(F)(F)F)nc2)nc2ccc(C#N)cc21,4.431798275933005,Inactive
C=C(C(C)C)[C@H](O)C[C@@H](C)[C@H]1CC[C@@]2(C)[C@@H]3CC[C@H]4[C@H](C)[C@@H](O[C@@H]5OC[C@@H](O)[C@H](O)[C@H]5O)CC[C@]4(O)CC3=CC[C@]12C,5.301029995663981,Active
CC(C)N1CCN(c2ccc(-c3cc(Cn4ccnc4[N+](=O)[O-])on3)cc2)CC1,5.180456064458132,Active
Cn1c2ccccc2c2c[n+](C)c3ccccc3c21,3.626904012921273,Inactive
O=C(NCCc1csc(-c2ccccc2)n1)c1cccs1,6.3979400086720375,Active
CCS(=O)(=O)N1CCN(c2ccc(NC(=O)OC(Cn3ccnc3)c3ccc(F)cc3)cc2)CC1,7.397940008672037,Active
O=C(CN1CCc2c([nH]c3ccccc23)C1c1ccccc1)Nc1cccc(Cl)c1,5.387746093903563,Active
Cc1ccc(-c2noc(C(=O)N/N=C/c3ccc(O)cc3)n2)cc1,4.747146969020107,Inactive
CCCN(CCC)c1ccc(S(=O)(=O)Nc2ccccc2)cc1[N+](=O)[O-],4.366265696183819,Inactive
c1ccc(COc2ccc(CNCCCCNCc3ccc(OCc4ccccc4)cc3)cc2)cc1,7.508638306165727,Active
CCCCCCCCCCCCCCCCOP(=O)([O-])O[C@@H]1CCCC[C@H]1[N+](C)(C)C,4.1432711096171175,Inactive
Cn1c(-c2ccc(OCC(=O)Nc3ccc4c(c3)OCO4)cc2)nc2ccccc2c1=O,4.7098540453521895,Inactive
C[C@@H]1CC[C@@]2(C)C(C(=O)O)=CCC[C@@H]2[C@@]1(C)CCc1ccoc1,5.0,Active
COc1ccc2c(c1)[n+]([O-])c(C#N)c(-c1ccc(F)cc1)[n+]2[O-],4.835647144215563,Inactive
c1cncc(CN(Cc2ccco2)Cc2c[nH]nc2-c2cccs2)c1,7.400007822415902,Active
C/C(=N\NC1NC(=O)CS1)c1ccc(Cl)cc1Cl,5.950781977329818,Active
O=C(O[C@H]1COc2nc([N+](=O)[O-])cn2C1)N1CCN(c2ccc(OC(F)(F)F)cc2)CC1,4.769551078621726,Inactive
CC(C)=CCOc1cccc(/C=C/C(=O)c2ccccc2)c1,5.853871964321762,Active
c1c[n+]2ccc1NCCOCCNc1cc[n+](cc1)CCCCC2,4.490394295388444,Inactive
O=C(NCCCn1cnc([N+](=O)[O-])n1)c1cccc(C(F)(F)F)c1,6.452225294612178,Active
Cc1nnc(Nc2ncnc3ccc(-c4cccc(N5CCOCC5)c4)cc23)nc1C,4.565431095965801,Inactive
C/C(=N\Nc1nc(-c2ccc(Br)cc2)cs1)c1ccc(Cl)c(Cl)c1Cl,5.251424383069008,Active
O=[N+]([O-])c1ncn(CCNS(=O)(=O)c2cc(C(F)(F)F)cc(C(F)(F)F)c2)n1,4.4780777551165,Inactive
Fc1ccc2c(c1)C[C@@H]1C[C@@H](c3ccco3)N2O1,4.229884705212898,Inactive
Nc1ncnc2c1c(-c1ccc(C(F)(F)F)cc1)nn2[C@@H]1O[C@H](CO)[C@@H](O)[C@H]1O,5.197910742118268,Active
C[C@@H]1CC[C@H]2C(C)(COC(=O)c3ccc(-c4ccccc4)cc3)O[C@@H]3O[C@@]4(C)CC[C@@H]1[C@]32OO4,5.442492798094342,Active
COC(=O)c1c([N+](=O)[O-])noc1-c1ccc(Cl)cc1Cl,5.508638306165727,Active
O=[N+]([O-])c1cn2c(n1)S(=O)(=O)CC(OCc1ccc(COc3ccccc3)cc1)C2,6.552841968657781,Active
Cc1cc(Sc2ccc([N+](=O)[O-])cc2)c(Cl)cc1Cl,4.055258580238832,Inactive
Nc1nc(-c2ccccc2)cc(-c2nc3cccnc3[nH]2)n1,5.588587390776056,Active
O=C(N/N=C/c1ccc(Br)cc1)/C(=C/c1cnn(-c2ccccc2)c1)c1ccccc1,2.82194997282614,Inactive
O=C1C=Cc2c(N3CCN(Cc4ccccc4)CC3)ccc3cccc1c23,4.580044251510242,Inactive
CN(C)CCOc1cccc(N2CCN(S(=O)(=O)c3ccc(Cl)cc3)CC2)c1,3.863279432843593,Inactive
O=C(N[C@H]1C(O)O[C@H](CO)[C@@H](O)[C@@H]1O)c1ccc(CCl)cc1,4.276462238467944,Inactive
c1c[n+]2ccc1NCCCCCNc1cc[n+](cc1)CCCCC2,4.939869000468955,Inactive
Cn1c([N+](=O)[O-])cnc1N1CCN(S(C)(=O)=O)C1=O,4.982549270489463,Inactive
O=C(/C=C/c1ccccc1)c1cccc(O)c1,4.585026652029182,Inactive
CS(=O)(=O)NC1CCN(C(c2cnccn2)c2ccc(F)cc2F)CC1,5.860120913598763,Active
O=C(C[Se]C(=O)c1ccc(Cl)cc1)Nc1ccc(Cl)cc1,5.039999923502186,Active
O=[N+]([O-])c1ccc2c(c1)c(OCc1ccccc1)nn2CCCCCN1CCCC1,5.1249387366083,Active
OC(CNCc1ccccc1)Cn1c2ccccc2c2ccccc21,5.364492126384054,Active
NCCCNCCCCNCCCNCc1ccc(OC2=CC(=O)c3ccccc3C2=O)cc1,4.617982957425132,Inactive
c1ccc(-c2nc(NCCCn3ccnc3)cc(-c3cccnc3)n2)cc1,4.899629454882437,Inactive
COc1cc(/C=C/c2cccc3ccccc23)oc(=O)c1,4.468521082957745,Inactive
CCOC(=O)c1cnc2c(c(C)nn2C)c1Nc1ccc(Br)cc1,4.930331903088404,Inactive
CCC(=O)N(CCCCCCCCCCCCN)C1CCN(CCc2ccccc2)CC1,4.529442514782726,Inactive
C[Se]/C(=N/C(=O)c1cccnc1)NC(=O)c1cccnc1,5.470441326978837,Active
COc1cccc(C(=O)NC(c2ccc(C)cc2)c2cc(Cl)c3cccnc3c2O)c1,5.424116224738216,Active
N#Cc1ccc(OCCCCCn2cc(/C=C3\NC(=S)NC3=O)c3cccnc32)cc1,5.187086643357144,Active
CC(C)COc1ccc(CN(Cc2ccncc2)S(=O)(=O)c2ccc(F)cc2F)cc1,6.147385834975607,Active
CCCCOc1ccc(C(=O)/C=C/c2ccc(OC)cc2OC)cc1,4.022276394711152,Inactive
Cc1cccc(C2=CC(=O)c3ccccc3C2=O)c1,3.9800533183211577,Inactive
O=C(Nc1ccccc1)Nc1ncc([N+](=O)[O-])s1,4.414764936634224,Inactive
CC1=CC[C@@H]2C(C)(C)[C@H](O)CC[C@@]2(C)[C@@H]1COc1ccc2ccc(=O)oc2c1,5.167491087293763,Active
O=C(O)CCCCC(=O)OC12CCCCC1C1CCCCC1(O)OO2,4.721246399047171,Inactive
CC(C)=CCC/C(C)=C/COc1ccccc1/C=C/C(=O)c1ccccc1,5.853871964321762,Active
Cc1cc(Sc2c([N+](=O)[O-])cc(C#N)cc2[N+](=O)[O-])c(Cl)cc1Cl,6.0,Active
CC(C)[C@](C)(NCc1ccc2ncccc2c1)c1cn(C(CCS(C)(=O)=O)C(=O)COc2c(F)c(F)cc(F)c2F)nn1,6.42021640338319,Active
CSC(=C[N+](=O)[O-])SC,4.966576244513051,Inactive
O=S(=O)(c1cc(C(F)(F)F)ccc1Cl)N1CCCCCC1,4.251811972993799,Inactive
O=[N+]([O-])c1cn2c(n1)[S@@+]([O-])C[C@H](OCc1ccc(OC(F)(F)F)cc1)C2,5.187086643357144,Active
C#CCN[C@@H](C)[C@H]1CC[C@H]2[C@@H]3CC=C4C[C@@H](OC(C)=O)CC[C@]4(C)[C@H]3CC[C@]12C,5.051587034221399,Active
CCCCOc1ccc(NC(=O)NCCNc2ccnc3cc(Cl)ccc23)cc1,4.301029995663981,Inactive
COc1ccc(-c2cc(=O)oc3cc(OC)c(OC)c(OC)c23)cc1OC,5.366531544420414,Active
Cc1cc(Br)c(Oc2nc(N)nc(Nc3ccc(C#N)cc3)n2)c(Br)c1,5.598599459218456,Active
C/C=C/C1=C(OC)C(=O)C(OC)=C(OC)C1=O,4.013228265733755,Inactive
CCCN(CCC)c1c([N+](=O)[O-])cc(S(=O)(=O)Nc2ccccn2)cc1[N+](=O)[O-],4.221848749616356,Inactive
CCN(CC)c1nc(N(C)C)nc2c1CN(Cc1ccccc1)CC2,5.200000237109354,Active
CCCCCCNS(=O)(=O)c1cc([N+](=O)[O-])c(N(CCC)CCC)c([N+](=O)[O-])c1,4.585026652029182,Inactive
O=C(NC1CCN(C(c2ccc(Cl)cc2)c2cccnc2)CC1)C1CC1,7.107905397309519,Active
C=C(C(=O)OC)C(O)c1ccc(C(F)(F)F)cc1,4.368556230986828,Inactive
CN1C2CCC1CC(=NOC(c1ccccc1)c1ccc(Cl)cc1)C2,6.978810700930062,Active
FC(F)(F)c1ccc(N2CCC(NC(c3ccc(Cl)cc3)c3cccnc3)CC2)cn1,8.167491087293763,Active
COc1ccc2nc(NC3CCCCC3)c([S+](C)[O-])nc2c1,5.309803919971486,Active
CCC/C=C/c1nc2ccc(OC)cc2n2cccc12,5.3979400086720375,Active
c1ccc(CCCN(CCCc2ccccc2)Cc2ccccc2)cc1,4.460923901207224,Inactive
N=C(N)c1ccc(NCCCCNc2ccc(C(=N)N)cc2N)c(N)c1,2.1039999998317542,Inactive
O=C1/C(=C/c2ccc[nH]2)CCC/C1=C\c1ccc[nH]1,5.275724130399211,Active
Clc1ccc(C(c2c[nH]cc2-c2ccc(Cl)c3ccccc23)n2ccnc2)c(Cl)c1,5.316052869248487,Active
CC1(COc2ccc(C(F)(F)F)cn2)Cn2cc([N+](=O)[O-])nc2O1,6.619788758288394,Active
CN(CCC#N)c1nc(N(C)C2CCNC2)nc2cc(C(C)(C)C)sc12,4.6777807052660805,Inactive
O=[N+]([O-])c1ccc(/C=N/N=c2\[nH]c(-c3ccc(F)cc3)nc3ccccc23)o1,5.393618634889395,Active
CC1(CNc2ccc(OC(F)(F)F)cc2)CCn2cc([N+](=O)[O-])nc2O1,6.7447274948966935,Active
Nc1nc(Cl)c2ccn([C@@H]3O[C@H](CO)[C@@H](O)[C@H]3O)c2n1,5.468521082957745,Active
Cc1cc(O)c(C(=O)Nc2ccccc2)c(=O)n1Cc1ccc(Cl)cc1,4.259637310505756,Inactive
CCN(Cc1ccccc1)C1CCN(Cc2cc(Br)ccc2O)CC1,4.926326364130182,Inactive
COc1cccc(N/C(=C\[N+](=O)[O-])SC)c1,4.494850021680094,Inactive
C=CS(=O)(=O)Cc1ccc2no[n+]([O-])c2c1,4.835647144215563,Inactive
OCCNc1nc(NCc2ccco2)c2ccccc2n1,4.6020599913279625,Inactive
CCC1S/C(=N/N=C(\C)CSc2ccc(S)cc2)NC1=O,4.321481620959886,Inactive
O=C(NCCc1csc(-c2ccccc2)n1)c1cnccn1,4.494850021680094,Inactive
c1ccc(-c2nc(Nc3ccn4nccc4c3)c3ccccc3n2)nc1,4.958607314841775,Inactive
O=[N+]([O-])c1cccc(S(=O)(=O)n2cnc3ccccc32)c1,4.989276134608227,Inactive
CCN(CC)CCCc1cc2cc(Cl)ccc2nc1-c1cccs1,4.866461091629782,Inactive
CCc1nn(C)c(C(=O)NCc2ccc(Oc3ccc(C)cc3)cc2)c1Cl,4.340749531227339,Inactive
O=C1/C(=C/c2ccnc3ccccc23)CC/C1=C\c1ccnc2ccccc12,5.154901959985743,Active
CCOc1cc2c(cc1OCC)C(c1cc(C)c(O)c(C)c1)NCC2,4.762432135056091,Inactive
COc1ccc(-c2nc3ncccc3o2)cc1NC(=O)c1cccs1,4.903707297391746,Inactive
Nc1ccc(-c2nccc3c2[nH]c2ccccc23)cc1,4.331893762067269,Inactive
C(#Cc1ccc(OCc2ccccc2)cc1)C1=CN2CCC1CC2,5.508638306165727,Active
CC(=O)Nc1ccc2[nH]c(=O)n(C3CCCCCC3)c(=O)c2c1,5.6777807052660805,Active
CCCCC(CC)COC(=O)c1ccc(F)cc1,4.372634143407267,Inactive
COc1ccc(/C=C/C(=O)c2c(O)c3ccccc3[nH]c2=O)cc1OC,5.1249387366083,Active
O=C(OCc1cn(-c2ccccc2)nn1)[C@@H]1CCCN1,4.013765869865004,Inactive
COC(=O)c1ccc(NCc2cncn2Cc2ccc(C)cc2)cc1-c1ccccc1,8.301029995663981,Active
Fc1cc(Cl)ccc1C(c1cccnc1)N1CCN(c2ncccn2)CC1,7.585026652029182,Active
COC(=O)c1c(NCc2ccc(Cl)cc2)noc1-c1cc2c(cc1[N+](=O)[O-])OCO2,4.999132278468773,Inactive
CCCCC/C=C/C/C=C/CCCCCCCC1=CC(=O)c2ccccc2C1=O,4.578396073130169,Inactive
Cc1ccccc1Nc1nc(N(C)CCO)nc2c1cnn2-c1ccccc1,4.892790030352131,Inactive
C[n+]1ccc2c(c1)[nH]c1ccc(Cl)cc12,4.464705879957229,Inactive
CN(C)c1cc(/C=C/CO)nc2cc(F)c(Cl)cc12,4.637517525248826,Inactive
CC(=O)NC[C@]1(C)CCC[C@]2(C)c3ccc(C(C)C)cc3-c3[nH]c4ccc(F)cc4c3[C@@H]12,5.552841968657781,Active
Nc1ccc2nc(N)sc2c1,3.821023052706831,Inactive
COC(=O)[C@@H]1CCCN1C(=O)CCSC,4.709965388637482,Inactive
CCCn1c(NC(=O)Cc2ccccc2F)nc2ccccc21,5.494850021680094,Active
CC(C)CS(=O)(=O)NC1CCN(C(c2ccc(C(F)(F)F)cc2)c2cnccn2)CC1,6.259637310505756,Active
Cc1ccc(Cl)cc1N1CCN(CCCNC(=O)C2CCN(c3nc4ccccc4[nH]3)CC2)CC1,5.427618707281152,Active
C=CCn1c(-c2ccc(OC)cc2)cs/c1=N/N=C/c1ccc([N+](=O)[O-])s1,5.096910013008056,Active
Cc1coc(NC(=O)[C@H](Cc2ccccc2)NC(=O)OCc2ccccc2)n1,4.399999967876858,Inactive
OC[C@H]1O[C@@H](n2cnc3c(NCc4cccc(I)c4)nc(NC4CCCC4)nc32)[C@H](O)[C@@H]1O,5.076755981369724,Active
C=CCOc1cc(OC)c(C(=O)/C=C/c2cc(OC)c(OC)c(OC)c2)c(OCC=C)c1,5.468521082957745,Active
CC(C)Nc1nc(N(C)C)c2ccccc2n1,5.050609993355087,Active
O=[N+]([O-])c1ncn(Cc2cn(-c3cccc(Cl)c3)nn2)n1,5.327902142064283,Active
CN1/C(=C/C=C/c2sc3ccccc3[n+]2C)Sc2ccc(F)cc21,7.102372908709558,Active
C[C@@H]1CC[C@H]2CCO[C@@H]3O[C@@]4(C)CC[C@@H]1[C@@]23OO4,4.308918507877031,Inactive
C[C@@]1(CO)CC[C@@]23C[C@@H]1C[C@H]2CC[C@@H]1[C@@](C)(CO)/C(=N\O)CC[C@]13C,5.769551078621726,Active
CC1Cc2ccccc2N1S(=O)(=O)c1ccc([N+](=O)[O-])cc1,5.552841968657781,Active
O=[N+]([O-])c1nc2n(n1)CC(Oc1ccc(C(F)(F)F)cn1)CO2,4.638272163982407,Inactive
Cc1ccc(C(=O)Nc2ncc(-c3ccccc3)n2C)cc1,5.619788758288394,Active
O=C(N[C@H]1COc2nc([N+](=O)[O-])cn2C1)c1ccc(OC(F)(F)F)cc1,5.6020599913279625,Active
COC(=O)[C@H](CCSC)NC(=O)c1sc(SC(C)C)c(C#N)c1-c1ccc(O)c(O)c1,4.7447274948966935,Inactive
CN(Cc1ccccc1)C(=O)C1CCCN(Cc2ccccc2C(F)(F)F)C1,4.798602875679548,Inactive
Cc1occc1C(=O)Nc1ccccc1,4.125014020843318,Inactive
COc1ccc2nc(SC)c(NCC(C)C)nc2c1,4.019088062223156,Inactive
Cc1ccccc1C(O)(c1ccc(Cl)cc1)c1cccnc1,6.431798275933005,Active
CCOP(=S)(Nc1ccc([Se][Se]c2ccc(NP(=S)(OCC)OCC)cc2)cc1)OCC,6.102372908709558,Active
CCCNC(=O)Nc1cccc(-c2nc3ncccc3o2)c1,4.847128196899122,Inactive
N#Cc1ccc(C(O)(c2ccc(C(F)(F)F)cc2)c2cccnc2)cc1,7.920818753952375,Active
O=c1cc(-c2ccncc2)c2cccc([N+](=O)[O-])c2[nH]1,4.112382699664264,Inactive
O=C(c1cc(C(F)(F)F)no1)N1CCC(c2cc3ncccc3[nH]2)C1,5.080969002350037,Active
O=c1c2nc([N+](=O)[O-])cn2ccn1Cc1ccc(-c2ccc(OC(F)(F)F)cc2)nc1,6.795880017344075,Active
FC(F)(F)c1ccc(-c2nc(Nc3ccc(Cl)cn3)sc2Cl)nc1,5.373659632624958,Active
O=C(NCCCCn1cnc([N+](=O)[O-])n1)c1sc2ccccc2c1Cl,6.728158393463501,Active
CCCCCCc1cn(CCCCCCN2C(=O)CN(/N=C/c3ccc([N+](=O)[O-])o3)C2=O)nn1,6.318758762624412,Active
O=[N+]([O-])c1ccc(CN2CCc3c([nH]c4ccccc34)C2)o1,4.123493495734119,Inactive
CN(Cc1ccc(F)cc1)c1ccc(OCC(=O)N2CCCCC2c2cccnc2)nn1,6.399996913372259,Active
O=C(Nc1ccc(F)c(-c2nc3ncc(-c4cccnc4)cc3[nH]2)c1)N1CC[C@@H](F)C1,5.3872161432802645,Active
CC1(COc2cnc(C(F)(F)F)cn2)CCn2cc([N+](=O)[O-])nc2O1,6.026872146400302,Active
O=[N+]([O-])c1ccc(-c2c[nH]cc2C(c2ccc(Cl)cc2Cl)n2ccnc2)cc1,5.492144128304169,Active
C=C(c1nc(-c2ccc(Cl)cc2)no1)C1(O)C(=O)N(CC)c2ccccc21,5.396855627379818,Active
O=C(Nc1ccccc1)c1c([N+](=O)[O-])noc1-c1ccc(Cl)cc1Cl,5.364013888199167,Active
O=C(CN1CCN(c2ccc(Cl)c(Cl)c2)CC1)Nc1ncc([N+](=O)[O-])s1,5.815308569182402,Active
O=C1C=Cc2cccc3ccc(NCCO)c1c23,4.562249437179612,Inactive
Cc1cccc2nc(NC(C)C)nc(NCc3ccco3)c12,6.022276394711152,Active
CC1(C)OC2=C(C(=O)C(=O)c3ccccc32)C1N=[N+]=[N-],4.29929628285498,Inactive
c1ccc(OCCCCCCOc2ccc(-c3cc4cc(C5=NCCN5)ccc4o3)cc2)cc1,5.481486060122113,Active
O=C(SCc1ccco1)c1csc(C2COc3ccccc3O2)n1,4.6020599913279625,Inactive
CCC1S/C(=N/N=C(\C)COc2ccccc2)N(c2ccccc2)C1=O,5.073143291050307,Active
O=C(NCCN1CCOCC1)c1cc(N2CC2)c([N+](=O)[O-])cc1[N+](=O)[O-],5.798602875679548,Active
CC(C)c1cc(C(=O)N2CCCC(c3cc4ncccc4[nH]3)C2)on1,5.611554200606567,Active
COc1ccc(OC)c(/C=C/NC(=O)c2cc(O)c3cccc(OC)c3n2)c1,5.425968732272281,Active
OC/C=C/c1cc(N2CCOCC2)c2cc(Cl)ccc2n1,5.356547323513812,Active
CCN(C(=O)CCc1nc2ncccc2[nH]1)c1ccccc1,4.308933190993671,Inactive
COc1c(O)cc2oc3cc(O)c(CC=C(C)C)c(O)c3c(=O)c2c1CC=C(C)C,5.050609993355087,Active
O=C(NC(=[Se])Nc1ccc([Se][Se]c2ccc(NC(=[Se])NC(=O)c3cnc4ccccc4c3)cc2)cc1)c1cnc2ccccc2c1,5.511449283499556,Active
Cc1cc(Oc2cc(Cl)c(Cl)cc2Cl)n2ncnc2n1,5.047128161432165,Active
N#Cc1c(/N=C/c2ccc([N+](=O)[O-])cc2)sc2c1CCCC2,3.699154618724165,Inactive
O=C(N[C@@H](Cc1c[nH]c2ccccc12)C(=O)Nc1ccncc1)c1ccc(-c2ccccc2)cc1,6.259637310505756,Active
N=c1n(CCN2CCCCC2)c2ccccc2n1CC(O)c1cccc(Br)c1,5.3793580835928125,Active
Cn1cncc1C(O)(c1ccc(Cl)cc1)c1ccc2c(c1)c(-c1cccc(Cl)c1)cc(=O)n2C,7.769551078621726,Active
OC[C@@H]1CC2CCN1C[C@@H]2C#Cc1ccc(-c2ccccc2)cc1,4.732828271596986,Inactive
COc1cc(/C=C/C(=O)c2ccc(O)cc2O)ccc1O,4.795880017344075,Inactive
N#CSCCOc1ccc([S+]([O-])c2ccccc2)cc1,5.096910013008056,Active
COC1=Cc2cccc3ccc(-c4ccccc4)c(c23)C1=O,4.455931955649724,Inactive
CN(C)CCn1nc(OCc2ccccc2)c2cc([N+](=O)[O-])ccc21,4.6020599913279625,Inactive
O=C1C(=O)c2ccccc2C2=C1CCC(c1ccc(Cl)cc1)O2,4.694648630553377,Inactive
Brc1ccc([C@@H]2C[C@@H]3Cc4ccc5ccccc5c4N2O3)cc1,4.943095148663527,Inactive
O=c1c2ccccc2c(C(=S)Nc2ccccn2)c2n1CCN2,4.522878745280337,Inactive
Fc1cc(Cl)ccc1C(NC1CCN(c2nccc(C(F)(F)F)n2)CC1)c1cccnc1,7.647817481888637,Active
[N-]=[N+]=NC[C@H]1O[C@@H](n2cnc3c(N)nc(Cl)nc32)[C@H](O)[C@@H]1O,4.119186407719209,Inactive
C=CCc1ccc(Oc2cc([C@H](O)C=C)cc(OC)c2O)c(OC)c1,3.9918258159935736,Inactive
CCCCn1c2ccc([N+](=O)[O-])cc2c(=O)n1Cc1ccccc1,5.931814138253839,Active
Cc1cc(C)c(Nc2nc(Cl)nc(Nc3c(C)cc(C)cc3C)n2)c(C)c1,4.328734567052842,Inactive
Cc1ccc(Nc2nc(-c3ccccn3)nc3ccccc23)nc1,7.0,Active
CC(C)(C)c1csc(NC(=O)c2ccc([N+](=O)[O-])s2)n1,5.59999938302362,Active
O=S(=O)(c1ccccc1)N1CCN(C(c2ccc(Cl)cc2)c2cncnc2)CC1,7.180456064458132,Active
CC(C)Nc1nc(Cl)nc2ccccc12,5.22459528083292,Active
O=C(CCC(F)(F)C(F)(F)C(F)(F)C(F)(F)C(F)(F)C(F)(F)F)NCCCCCCCCCN[C@@H]1[C@H](O)[C@@H](O)[C@@H](O)[C@H]2COC(=O)N21,4.565750547603525,Inactive
O=C(N/N=C/c1ccc([N+](=O)[O-])o1)c1ccc([N+](=O)[O-])cc1,5.024568191490737,Active
CCCCc1ccc(NS(=O)(=O)c2cc3c4c(c2)CCN4C(=O)CC3)cc1,4.867553949730481,Inactive
CCC(=O)NC1CCN(C(c2ccc(C(F)(F)F)cc2)c2cnccn2)CC1,5.982966660701219,Active
C=CCc1ccc(OC(=O)[C@@H](N)Cc2c[nH]c3ccccc23)c(OC)c1,4.428757149439776,Inactive
C=C(c1nc(-c2ccccc2)no1)C1(O)C(=O)N(CC)c2ccccc21,5.638272163982407,Active
COc1ccc(/C(=N/c2ccccc2)Nc2ccc(Cl)cc2)cc1,5.721246399047171,Active
Nc1c(C(=O)Nc2cccc(Cl)c2)nnn1Cc1ccc(CN2CCOCC2)cc1,7.79997073344623,Active
CSc1ccc(CCC[C@H]2C(=O)O[C@@H]3O[C@@]4(C)CC[C@H]5[C@H](C)CC[C@@H]2[C@@]35OO4)cc1,6.0,Active
O=C(Nc1c(O)cccc1-c1nc2c(C(=O)O)cccc2o1)c1cc2ccccc2[nH]1,6.167491087293763,Active
Cc1cc(O)c(CCC2CCCCC2)c(=O)o1,4.492144128304169,Inactive
Clc1ccc(C(OCCN2CCCCC2)c2ccccc2)cc1,3.5763282347104823,Inactive
O=[N+]([O-])c1cn2c(n1)OCC(OCc1ccc(OC(F)(F)F)cc1)CC2,6.200659450546418,Active
CC(=O)c1c(O)c(C=O)c(O)c2c1O[C@@]1(CC2)CC[C@H]2C[C@@H]1C2(C)C,5.332773593094886,Active
CCNC(=S)N/N=C/c1ccc([N+](=O)[O-])o1,5.309803919971486,Active
c1cc2oc(CCc3cc4cc(C5=NCCN5)ccc4o3)cc2cc1C1=NCCN1,5.274905478918531,Active
[O-][n+]1onc2cc(/C=C/[S+]([O-])c3ccccc3)ccc21,5.055517327849832,Active
COC1=CC(=O)C=C(N2CCN(c3nc(N)c4cc(OC)c(OC)cc4n3)CC2)C1=O,4.448550002027125,Inactive
Cc1nc(NC(C)C)nc(Sc2nnc3c4ccccc4n(C)c3n2)n1,4.528121800692709,Inactive
Cc1cc(Sc2ccc(Cl)cc2)c2nc(CS(=O)(=O)c3ccccc3)c([N+](=O)[O-])n2c1,5.585026652029182,Active
CCCCCNCC(P(=O)(O)O)P(=O)(O)O,6.267606240177032,Active
c1ccc(Oc2ccc(-c3cc(N4CCNCC4)[nH]n3)cc2)cc1,5.391473966422806,Active
c1ccc(-c2ccc(Cn3cncc3CNc3ccc(-c4cncs4)c(-c4ccccc4)c3)cc2)cc1,8.045757490560675,Active
Cc1c(-c2ccccn2)csc1C(=O)Nc1ccc2c(c1)B(O)OC2,6.221848749616356,Active
N#Cc1c(NS(=O)(=O)c2ccc([N+](=O)[O-])cc2)[n+]([O-])c2ccc(Cl)cc2[n+]1[O-],5.6777807052660805,Active
Cc1nn2c(O)c3c(nc2c1-c1ccc(F)cc1)CCCC3,5.747128772705143,Active
Nc1nc(N)nc(N/N=C/c2ccc([N+](=O)[O-])s2)n1,5.585026652029182,Active
Cn1cc(C[C@H](NC(=O)C2CCCCC2)C(=O)Nc2ccncc2)c2ccccc21,5.522878745280337,Active
NCCNCc1nccn1-c1ccc(-c2nc(CCc3ccccc3-c3ccccc3)cs2)c(OCCN2CCNC2=O)c1,5.275724130399211,Active
CCCc1c(NC(=O)Cc2ccc(Cl)cc2)ncc2ccccc12,6.301029995663981,Active
CN1C2CCC1CC(=NOC(CCc1ccccc1)c1ccc(Cl)cc1)C2,5.187086643357144,Active
CC(C)c1cc2c(cc1O)[C@@]1(C)CCC[C@@](C)(C(=O)O)[C@@H]1CC2,4.360513510731414,Inactive
Cn1c(-c2cccc(C#N)c2)cnc1NC(=O)c1ccc(F)cc1,4.795880017344075,Inactive
O=C(N/N=C/c1ccc2no[n+]([O-])c2c1)c1cccnc1,4.449771646944906,Inactive
CSc1nccc(-c2c(-c3ccccc3)nc3c(Cl)nccn23)n1,5.494850021680094,Active
CCC1S/C(=N/N=C(\C)c2ccc(Cl)c(Cl)c2)N(C)C1=O,4.314258261397736,Inactive
CC(C)C(O)CN1CCC(N(c2ccc(C(F)(F)F)cc2)c2cccnc2)CC1,7.443697499232712,Active
COc1nc(I)nc2c1ncn2[C@@H]1O[C@H](C)[C@@H](O)[C@H]1O,3.899629454882437,Inactive
CCCCCCCCC[C@@H]1C[C@@H]2CC[C@H]3[C@@H](C(=O)OCCCCNC(=N)N)[C@@H](C)N=C(N1)N23,5.698970004336019,Active
CCc1oc(=O)c(Cc2c(O)c(CC=C(C)C)c(O)c(C(=O)C(C)CC)c2O)c(O)c1C,4.774690718274137,Inactive
CC(C)c1n[nH]c2c(NCc3ccccc3O)ncnc12,4.447331783887806,Inactive
COc1ccccc1-c1ccc(-c2ccc(NC(=N)c3ccccn3)cc2OC(C)C)o1,5.853871964321762,Active
OC(c1ccccc1)c1c(C(F)(F)F)nc2ccc(Br)cc2c1Br,5.09312646527793,Active
Clc1ccc(-c2c[nH]cc2[C@H](c2ccc(Cl)cc2Cl)n2ccnc2)cc1,5.423658649794207,Active
CC/C(=C\c1ccc(Cl)cc1)C(=O)/C=C/c1ccc(Cl)cc1,5.619788758288394,Active
CC(C)NC(=N)c1ccc2oc(-c3cccc(OCCCCCCOc4ccccc4)c3)cc2c1,5.154901959985743,Active
COc1ccc(C(=O)N/N=C/c2ccc([N+](=O)[O-])o2)cc1N,4.784362436564939,Inactive
COc1ccc([C@@H](O)[C@H]2CO[C@@H](c3ccc(OC)c(OC)c3)[C@@H]2COC(C)=O)cc1OC,4.978810700930062,Inactive
Cc1cccc2c1CC/C2=N\NC(N)=S,5.3979400086720375,Active
Cc1ccc(-c2c[nH]cc2C(c2ccc(Cl)cc2Cl)n2ccnc2)cc1,7.301029995663981,Active
O=C(CN1CCCC1)NCCNc1cc(/C=C/c2ccccc2)nc2ccccc12,5.6777807052660805,Active
CC(=O)OC[C@H]1c2cc(Br)ccc2O[C@@H]1c1ccc(O)cc1,4.863279432843593,Inactive
C/C(=N\NC(N)=[Se])C(C)C,4.29929628285498,Inactive
Fc1ccc(C[n+]2ccc3c(c2)[nH]c2ccc(Cl)cc23)cc1,3.956637721978871,Inactive
CC1(C)CC2=C(O1)C(=O)c1ccccc1C2=O,5.85078088734462,Active
O=C(Cc1ccc2c(c1)OCO2)NCCc1csc(-c2ccccc2)n1,4.3979400086720375,Inactive
c1ccc(Nc2cc3nc4ccccc4n(-c4ccccc4)c-3c/c2=N/CCC23CCCN2CCC3)cc1,6.040958607678906,Active
CC/C=C\C[C@H](CC/C=C\CCCCCCCc1cc(OC(C)=O)cc(OC(C)=O)c1)OC(C)=O,3.9706162223147903,Inactive
COc1cccc(/C=C2\CCC/C(=C\C(C)Cc3ccc4c(c3)OCO4)C2=O)c1OC,5.0,Active
C=CCc1ccc(OCC(O)Cn2cc(COc3ccc(Cl)cc3)nn2)c(OC)c1,4.431798275933005,Inactive
O=C(Nc1ccc(F)c(-c2nc3ncc(C(F)(F)F)cc3[nH]2)c1)N1CCCC1,7.187086643357144,Active
Cc1ccc(SC/C=N\NC2=NC(=O)CS2)cc1,4.250650239402523,Inactive
Cc1nn(-c2cccc(F)c2)cc1-c1nnn[nH]1,3.567848786103058,Inactive
O=C(Nc1ccc(Sc2ccc([N+](=O)[O-])cc2)cc1)O[C@@H](Cn1ccnc1)c1ccc(Cl)cc1,8.602059991327963,Active
Clc1ccc(Cn2cncc2CNc2cccc(-c3ccccc3)c2)cc1,7.096910013008056,Active
Cc1cc(C)c2c(c1)OCN(Cc1ccccc1Cl)C2,4.789736606693437,Inactive
C(/C=C/c1ccc2c(c1)OCO2)=C\C1=NNC(SCc2ccccc2)N1C1CCCCC1,5.469160221383479,Active
C/C(=N\NC(N)=S)C(C)Oc1ccc(-c2ccccc2)cc1,5.346787486224656,Active
CC1(COc2ccc(OC(F)(F)F)cc2)CCn2cc([N+](=O)[O-])nc2[S+]1[O-],5.795880017344075,Active
CN1CCC(N(C)c2nc(N(C)CCC#N)c3sc(C(C)(C)C)cc3n2)C1,5.585026652029182,Active
C/C=C\c1nc2ccccc2n2cccc12,6.096910013008056,Active
CC(C)(F)C(=O)Nc1nc2cc(F)c(C(F)(F)F)cc2s1,6.0,Active
Cc1ccccc1-n1cc(C[Se]c2ccccc2)nn1,5.008773924307505,Active
N=C(N)c1ccc2oc(CCCc3cc4cc(C(=N)N)ccc4o3)cc2c1,5.356547323513812,Active
COC(=O)[C@]1(C)CCC[C@]2(C)c3cc(C(C)=O)c(C(C)C)cc3CC[C@@H]12,4.667561540084395,Inactive
C=C1C(=O)O[C@H]2[C@H]1[C@@H](OC(=O)/C(C)=C\C)CC(=C)[C@@H]1CC[C@@](C)(O)[C@H]21,4.962573502059376,Inactive
O=c1cc(Oc2ccccc2Br)c2cccc([N+](=O)[O-])c2[nH]1,5.091514981121351,Active
O=[N+]([O-])c1cn2c(n1)OC[C@H](Oc1ccc(-c3ccc(OC(F)(F)F)cc3)nc1)C2,6.823908740944319,Active
Cn1c([N+](=O)[O-])cnc1-c1nnc(N/N=C/c2ccccc2O)s1,4.266000713461613,Inactive
O=C(NCCc1csc(-c2ccccc2)n1)c1ccncc1,4.3979400086720375,Inactive
CC(O)(Cn1cnc([N+](=O)[O-])n1)c1ccc(-c2ccccc2)cc1,6.991399828238082,Active
COc1cccc(/C(=N/c2ccccc2)Nc2ccccc2)c1,5.591760034688151,Active
CC(=O)NCCNc1cc(-c2ccnc(Nc3cccc(Cl)c3)n2)ccn1,6.399996913372259,Active
Nc1ncnc2c1c(-c1cccc(C(F)(F)F)c1)cn2[C@@H]1O[C@H](CO)C[C@H]1O,4.950781977329818,Inactive
O=C1C=CC(=O)c2c1cccc2-c1ccccc1,5.906578314837765,Active
OC[C@H]1O[C@@H](n2ccc3c(NC4CC4)ncnc32)[C@H](O)[C@@H]1O,5.642065152999546,Active
N#Cc1c(NC(=O)N2CCN(c3ccc(C(F)(F)F)cc3)CC2)[n+]([O-])c2ccc(Cl)cc2[n+]1[O-],5.2441251443275085,Active
BrC1=NOC(c2nc(-c3ccc4ccccc4c3)no2)C1,4.978810700930062,Inactive
CC1(COc2ccc(C(F)(F)F)nn2)Cn2cc([N+](=O)[O-])nc2O1,5.853871964321762,Active
COc1cc(/C=N/NC(=O)/C=C/c2ccccc2)cc(OC)c1OC,4.151810883008602,Inactive
CCC(C(C)=O)N1CCC(N(c2ccc(C(F)(F)F)cc2)c2cccnc2)CC1,8.096910013008056,Active
CN(C)S(=O)(=O)c1cccc(CSc2nnc(-c3ccc4c(c3)OCO4)o2)c1,7.0,Active
O=C1C=C(Oc2ccc(F)cc2Br)C(=O)c2ccccc21,5.742321425130816,Active
C#CCNC1=C(Cl)C(=O)OC1O,4.945004138470859,Inactive
Fc1ccccc1N1CCC(NC(c2ccc(C(F)(F)F)cc2)c2cccnc2)CC1,7.769551078621726,Active
Nc1cccc(Nc2ccc([N+](=O)[O-])cc2C(=O)O)c1,3.567030709125594,Inactive
CC(C)(C)n1nnnc1C(NCc1ccccc1)c1ccc(C2NC(=O)c3ccccc3N2)cc1,5.438898616350944,Active
CNC(=O)c1cc(NC(=O)c2ccc(=O)n(Cc3ccc(OC)cc3)n2)ccc1F,6.0999990348465305,Active
Cn1c([N+](=O)[O-])cnc1-c1nnc(N/N=C/c2ccccc2Cl)s1,3.85294232897164,Inactive
OC(c1ccc(Cl)cc1)(c1cccnc1)c1cccc(F)c1F,6.97061622231479,Active
CC[C@H](CC[C@H](C)[C@H]1CC[C@H]2[C@@H]3CC=C4C[C@@H](O)CC[C@]4(C)[C@H]3CC[C@]12C)C(C)C,4.555955204081924,Inactive
O=S(=O)(c1ccc(Cl)cc1)N1CCCN(Cc2ccc(Cl)cc2Cl)CC1,4.142833713327924,Inactive
CCCN(CCC)c1c([N+](=O)[O-])cc(S(=O)(=O)N2CCOCC2)cc1[N+](=O)[O-],4.0,Inactive
CC1CCN(Cc2c(O)ccc3cc(-c4nc5ccccc5s4)c(=O)oc23)CC1,4.720622606076284,Inactive
CC(C)c1ccc(NC(=O)N2CCN(C(c3cncnc3)c3ccc(Cl)cc3F)CC2)cc1,8.170696227168975,Active
COc1ccc(N2CCN(C(=O)COc3ccc(C4CCCCC4)cc3)CC2)c([N+](=O)[O-])c1,4.416801226031377,Inactive
O=[N+]([O-])c1c(CS(=O)(=O)c2cccnc2)nc2c(Br)cc(Cl)cn12,6.096910013008056,Active
COc1ccc(/C=C2\CCC/C(=C\c3cccc(OC)c3OC)C2=O)cc1,5.050609993355087,Active
CN1C=C(c2ccc3ccccc3n2)C(c2c[nH]c3ccccc23)c2ccccc21,4.789736606693437,Inactive
C=C(C(=O)OCCOC(=O)C(=C)C(O)c1ccc(Cl)cc1)C(O)c1ccc(Cl)cc1,4.980053318321158,Inactive
CCCCC(=O)Nc1ccc(-c2nccc3c2[nH]c2ccccc23)cc1,4.706637445288554,Inactive
COc1ccccc1-c1n[nH]c2nc(N[C@H]3CC[C@H](NS(=O)(=O)CCC(F)(F)F)CC3)nc(OC)c12,6.399996913372259,Active
O=C(NCCc1nc2ccccc2[nH]1)c1ccccc1,4.1938200260161125,Inactive
CCOC(=O)c1c(C(F)(F)F)[n+]([O-])c2ccc(Cl)cc2[n+]1[O-],5.7447274948966935,Active
C=C[C@]1(C)C=C2CC[C@H]3[C@@](C)(CCC[C@]3(C)C(=O)O)[C@@H]2CC1,3.413750361133958,Inactive
O=[N+]([O-])c1cn2c(n1)OC(COc1cc(C(F)(F)F)ccn1)CC2,6.0,Active
COc1ccc(C2=NN(C3CCCCCC3)C(=O)C2(C)C)cc1OCc1ccccn1,5.357535479757878,Active
CNCC[C@H](Oc1ccc(C(F)(F)F)cc1)c1ccccc1,4.718058066559175,Inactive
COC(=O)C1(C(=O)OC)Cc2c(c(-c3ccccc3)c3c(c2-c2ccccc2)C(=O)C=CC3=O)C1,5.832682665251824,Active
Cc1nc2cc(OCc3cc(C(=O)N[C@H](C(=O)NO)c4ccccc4)no3)ccc2s1,5.488116639021126,Active
Fc1cccc(F)c1N1CCC(NC(c2ccc(C(F)(F)F)cc2)c2cccnc2)CC1,7.744727494896693,Active
Cn1nccc1-c1cc(OC(CN)c2ccccc2)cnc1-c1ccco1,4.624595119745319,Inactive
Nc1ncnc2c1c(-c1ccccc1)cn2[C@@H]1O[C@H](CO)[C@@H](F)[C@H]1O,5.039053804266168,Active
CC1(C)OC2=C(C(=O)C(=O)c3ccccc32)C1Nc1ccc(Br)cc1Br,4.603800652904264,Inactive
CCN(CC)C(=O)N1CCC(NC(c2ccc(C(F)(F)F)cc2)c2cccnc2)CC1,7.443697499232712,Active
O=C1c2ccccc2C(=O)N1Nc1nc(-c2ccccc2)cs1,4.05134256785868,Inactive
N#Cc1c(/N=C/c2cccs2)sc2c1CCCCC2,3.719592376432591,Inactive
CCCCC/C=C/C=C/C(=O)NCC(C)C,4.243363891754152,Inactive
O=P(O)(O)C(Nc1cccc(Br)c1)P(=O)(O)O,5.154901959985743,Active
CC(C)=CCOc1ccc2c(-c3ccccc3)cc(=O)oc2c1,4.400936094120583,Inactive
O=c1c2nc([N+](=O)[O-])cn2ccn1Cc1ccc(-c2nccs2)cc1,6.6777807052660805,Active
CCCn1c(NC(=O)Cc2ccc(-c3ccccc3)cc2)nc2ccccc21,6.0,Active
O=C(Nc1ccc(Cl)c(-c2nc3ncccc3o2)c1)c1cscn1,5.638272163982407,Active
CC(C)C1=CC2=C[C@@H]3OC(=O)[C@]4(C)CCC=C(C2=C(O)C1=O)[C@]34C,4.020907099361674,Inactive
O=C(NCCCCNCCCNC(=O)c1ccc(Br)s1)c1ccc(Br)s1,4.698970004336019,Inactive
O=[N+]([O-])c1nccn1Cc1cc(-c2ccccc2)no1,4.480172006224281,Inactive
CC(C)OCc1cc(CN2CCN(c3cccc(Cl)c3)CC2)c(O)c2ncccc12,6.631434214639667,Active
Cc1nn(-c2ccc(Br)cc2)cc1-c1nnn[nH]1,3.530060225213658,Inactive
Nc1cc(C(=O)N/N=C/c2ccc([N+](=O)[O-])o2)ccc1O,4.568958054664114,Inactive
CCOC(=O)c1ccc(-n2cc(Cn3cnc([N+](=O)[O-])n3)nn2)cc1,4.415555692834824,Inactive
Cc1cccc(C(=O)N/N=C/c2ccc([N+](=O)[O-])o2)c1,4.760700520873107,Inactive
COc1cc(NC(=O)c2nnn(Cc3ccc(CN4CCOCC4)cc3)c2N)ncn1,6.499996931948306,Active
CCS(=O)(=O)NC1CCN(C(c2cnccn2)c2ccc(F)cc2F)CC1,5.723538195826756,Active
COC1=CC(=O)O[C@]2(/C=C/c3ccc(OC)c(OC)c3)[C@H]1[C@H](c1ccc(OC)c(OC)c1)[C@H]2c1cc(OC)cc(=O)o1,3.886056647693163,Inactive
O=c1ccc2ccccc2o1,3.4658088426134834,Inactive
CC(C)(C)OC(=O)N1CCCC(O)(c2cc3ncccc3[nH]2)C1,4.1938200260161125,Inactive
C=CCOc1cc(OC)c(C(=O)/C=C/c2ccccc2)c(OCC=C)c1,4.767003889607846,Inactive
C=C(C[C@H](OC(=O)/C(C)=C\C)[C@@H]1C(=C)C(=O)O[C@H]1/C=C(\C)C=O)C(C)=O,5.301029995663981,Active
Cc1cc(Oc2cccc(Cn3cnc4ccccc43)c2)cc(C)c1Cl,5.431798275933005,Active
COc1ccc2c(OC(C)=O)c3cc(C(C)=O)oc3cc2c1,5.716698771296451,Active
O=[N+]([O-])c1cn2c(n1)OC(COc1ccc(OCc3ccccc3)cc1)CC2,7.698970004336019,Active
OC(c1ccc(Cl)cc1)(c1cccnc1)c1cc(F)ccc1F,7.356547323513812,Active
Clc1ccc2c(NCCN3CCCCC3)ccnc2c1,4.239577516576788,Inactive
COC(=O)C(CCSC)NC(=O)CCCCc1ccc2c(c1)OCO2,3.382999658879101,Inactive
Cn1cc(C(=O)N2CCC(NC(c3ccc(C(F)(F)F)cc3)c3cccnc3)CC2)c(C(F)(F)F)n1,7.002176919254275,Active
O=C(/C=C/c1ccc2c(c1)OCO2)c1cccc(O)c1,4.576754126063192,Inactive
O=C(CCc1nc2cccnc2n1CCO)Nc1ccccc1,4.1938200260161125,Inactive
C/C(COc1ccccc1)=N\Nc1nc(-c2ccncc2)cs1,5.403402904373539,Active
Fc1ccc(Nc2nc(-c3ccccn3)nc3ccccc23)cc1,5.886056647693163,Active
COc1cccc2cc(C(=O)c3ccc(C)cc3)c(=S)oc12,3.2254830342714502,Inactive
O[C@@H]1Cc2cc(F)ccc2N[C@H](c2ccccc2)C1,4.907630300370879,Inactive
COc1ccc(/C=C/c2cc(SC)nc(N)n2)cc1OC,5.698970004336019,Active
Cc1ccc(-c2nccc3[nH]c(C(C)(C)O)cc23)cc1,4.460923901207224,Inactive
O=C(Nc1ccc(Br)c(C(F)(F)F)c1)c1ccccc1O,5.417936637088292,Active
COc1cc([C@H]2Oc3c(OC)cc(/C=C/C(=O)O)cc3[C@@H]2C(=O)O)ccc1O,5.161780778092374,Active
CCCCCCC(O)(c1ccc(F)cc1)C(CN1CCOCC1)c1ccccc1,5.320255129603389,Active
CC(C)N(C)C(=O)NCCc1csc(-c2ccccc2)n1,6.0,Active
c1ccc2cc(CCCNCCCCCCCCNCCCc3ccc4ccccc4c3)ccc2c1,6.107905397309519,Active
Cc1nnc(N2CCC(NC(c3ccc(C(F)(F)F)cc3)c3cccnc3)CC2)s1,7.158015195409886,Active
O=C1c2ccccc2C(=O)N1CCCN1CCN(CCCNCC2CCCCC2)CC1,5.301029995663981,Active
O=C(Nc1ccc(F)c(-c2nc3ncc(-c4cc(F)ccc4F)cc3[nH]2)c1)N1CCCC1,7.698970004336019,Active
C/C(=N\NC(N)=S)C(C)Oc1ccc([N+](=O)[O-])cc1,3.7522721670902768,Inactive
O=[N+]([O-])c1cccc(S(=O)(=O)N2CCc3ccccc32)c1,5.966576244513051,Active
O=c1c(O)c(-c2cc(O)c(O)c(O)c2)oc2cc(O)cc(O)c12,5.38933983691012,Active
c1coc([C@@H]2C[C@H]3Cc4ccccc4N2O3)c1,3.639406586434751,Inactive
O[C@@H]1Cc2ccccc2N[C@H](c2cccs2)C1,3.659159450187668,Inactive
CNS(=O)(=O)c1ccccc1Nc1nc(Nc2ccnn2C)ncc1Cl,6.288585078064089,Active
CC(c1ccc(C(F)(F)F)cc1)N1CCC(NC(c2cccnc2)c2ccc(Cl)cc2F)CC1,7.1249387366083,Active
CC(=O)N1N=C(c2ccc(C(F)(F)F)cc2)OC1c1ccc([N+](=O)[O-])o1,4.95311480916229,Inactive
O=C(Nc1ccc(Br)c(Cl)c1)Nc1ccc2c(c1)OCO2,5.59999938302362,Active
C=C(c1nc(-c2ccc(Cl)cc2)no1)C1(O)C(=O)N(CC)c2ccc([N+](=O)[O-])cc21,5.188424994129407,Active
O=C(NCCc1csc(-c2ccccc2)n1)N1CCCCC1,7.4089353929735005,Active
CN(C)CCCN1c2ccccc2Sc2ccc(Cl)cc21,4.7657358756212105,Inactive
C/C(COc1ccccc1)=N\N=C1\SC(c2ccccc2)C(=O)N1C,4.823908740944319,Inactive
CCCCCCCCCC(O)C#CC#CC(CC)OC(C)=O,4.585026652029182,Inactive
CC1(C)CC(=O)c2cc(CNC(=O)C/C=C/c3ccccc3)ccc2S1,4.978810700930062,Inactive
COc1cccc(NS(=O)(=O)c2ccc3ncc(C(=O)NCCC(C)C)c(O)c3c2)c1,4.800000052738446,Inactive
CO[C@@H]1O[C@H](CSc2ncnc3[nH]cnc23)[C@@H](O)[C@H]1O,4.537602002101044,Inactive
N#Cc1ccc(-c2nc3ccc(Cl)cc3c3c2CCCCN3)cc1,4.863279432843593,Inactive
CCCCCCCCCCCCC/C=C1/CCC[C@H](O)[C@H]1N(CC)CC,5.6020599913279625,Active
Cc1ccccc1C(=O)Nc1cc(C#Cc2ccccc2)ccn1,4.1487416512809245,Inactive
CCCCCCCCc1cn(C/C=C(/C)CC/C=C(\C)CCC=C(C)C)nn1,4.2839966563652006,Inactive
C=CCOc1cc(OC)c(C(=O)/C=C/c2ccccc2Br)c(OCC=C)c1,4.856985199745905,Inactive
Cc1ccc(COCCn2ccn3cc([N+](=O)[O-])nc3c2=O)cc1,5.638272163982407,Active
Clc1ccc2[nH]c3c[n+](Cc4ccccc4)ccc3c2c1,4.609064892896621,Inactive
CCOC(=O)C1=C(C)N=c2sc(=Cc3cc(Cl)ccc3O)c(=O)n2C1c1ccc(OC)cc1,4.850164072989975,Inactive
CCc1ccc(CN2C3=NCCN3c3ccccc32)cc1,4.4723700991286615,Inactive
O=C(O)c1ccc(C#CC2(O)CN3CCC2CC3)cc1,4.044793462458058,Inactive
NC(=O)c1cn([C@@H]2O[C@H](CO)[C@@H](F)[C@H]2O)c2ncnc(N)c12,4.488116639021126,Inactive
Oc1ccc(-n2c[n+](-c3ccc4ccccc4c3)c(Cc3ccccc3)c2-c2ccc(Cl)cc2)cc1,6.267606240177032,Active
Cn1c2nc3ccccc3c-2c(-n2c3ccccc3c3nc4ccccc4cc32)c2ccccc21,4.073657553374345,Inactive
COc1ccccc1N1CCN(C(c2ccc(C(F)(F)F)cc2)c2cnccn2)CC1,6.619788758288394,Active
O=c1[nH]c2ccc(-c3cccnc3)cc2c(=O)n1CCC1CCCCC1,5.721246399047171,Active
NNC(=O)/C(=C/c1cnn(-c2ccccc2)c1)c1ccccc1,2.550646358442047,Inactive
O=[N+]([O-])c1ccc(-c2cc(Cn3ccnc3[N+](=O)[O-])on2)cc1,4.73754891026957,Inactive
COc1cc(Nc2nc(C)cc(NCc3ccccc3)n2)ccc1F,6.0999990348465305,Active
Cc1cccc(C(=O)Nc2ncc(-c3ccccc3)n2C)c1,5.455931955649724,Active
COc1ccc(NS(=O)(=O)c2cc(NC(=O)Cc3ccc(C)cc3)ccc2N2CCOCC2)cc1,5.59999938302362,Active
COc1ccc(CNCCCCCCCCCCNCc2ccc(OC)c(O)c2)cc1O,5.346787486224656,Active
O=C(NC1CCN(C(c2ccc(C(F)(F)F)cc2)c2cnccn2)CC1)c1ccccc1,6.698970004336019,Active
CC(C)NC(=N)c1ccc2cc(-c3cccc(OCCCCCCOc4ccccc4)c3)oc2c1,5.207608310501746,Active
Cc1ccc(-c2nc3ccccc3o2)cc1NCc1cc(Cc2ccccc2)ccc1O,4.789736606693437,Inactive
CC(C)NC(=N)c1ccc2oc(Cc3cc4cc(C(=N)NC(C)C)ccc4o3)cc2c1,4.94692155651658,Inactive
Cc1ccc(C)c(Cn2c(N3CCC(C(=O)NCc4cccs4)CC3)nc3ccccc32)c1,5.0634621307200725,Active
Nc1ccc(C#CC2(O)CN3CCC2CC3)cn1,4.013228265733755,Inactive
COc1ccc(NCc2cncn2Cc2ccc(-c3ccccc3)cc2)nc1-c1ccccc1,7.903089986991944,Active
C=CCc1ccc(OCc2cn(Cc3ccc(C(F)(F)F)cc3)nn2)c(OC)c1,2.6961562251113453,Inactive
O=[N+]([O-])c1cn2c(n1)OC(COc1ccc(-c3ccc(C(F)(F)F)cc3)cn1)C2,5.619788758288394,Active
CCCCCCOCCOCCC1(C)SC(O)=C(CC)C1=O,3.709965388637482,Inactive
CO[C@@H]1O[C@@H](OC)c2c1ccc([C@@]1(C)CCCC(C)(C)C1)c2[C@@H](C)C(=O)O,6.096910013008056,Active
CN1CCCC(CNCC(O)COc2ccc3cc(Br)ccc3c2)C1,5.769551078621726,Active
CNc1cncc(C2CCCN2C(=O)Cc2coc3cc(C)ccc23)n1,5.7037067513608655,Active
CC(C)(C)n1nnnc1C(c1ccc(F)cc1)N1CCc2c([nH]c3ccccc23)C1,4.995463682148677,Inactive
CN(C)c1ccc(Nc2c(O)c(=O)c2=O)cc1,4.886056647693163,Inactive
C/C(COc1ccccc1)=N\N=C1\SC(C(C)C)C(=O)N1c1ccccc1,5.214670164989233,Active
CCOc1ccc(OCc2ccc(C(=O)N(C)c3ccccc3)cc2)cc1,3.869666231504994,Inactive
C=C(C(=O)OC)C(O)c1ccc([N+](=O)[O-])cc1,3.707389547161679,Inactive
Cc1cccc(-c2nccc3[nH]c(C(C)(C)O)cc23)c1,4.281498311132726,Inactive
N=C(N)c1ccc2cc(-c3cccc(OCCCCCCOc4ccccc4)c3)oc2c1,4.619788758288394,Inactive
C[N+](C)(C)CCOP(=O)([O-])OCCCCCC1CCCCCCCCCCCCCC1,6.045757490560675,Active
Cc1nn(-c2ccccc2Br)cc1C#N,3.862013267276468,Inactive
O=C(NCCCCn1cnc([N+](=O)[O-])n1)c1ccc(C(F)(F)F)cc1,6.7544873321858505,Active
CC(=O)OCc1ccc(NC(=O)N2CCC(CO)C2)cc1,4.585026652029182,Inactive
CC(=O)Nc1ccc(OC2=CC(=O)c3cc4ccccc4cc3C2=O)cc1,5.488116639021126,Active
CCN(CC)CCOCCC1=CCC2CC1C2(C)C,4.853871964321762,Inactive
Cc1cc(C)cc(NS(=O)(=O)c2cc(-c3cc(C)n[nH]3)ccc2C)c1,5.499999678657065,Active
CCC/C=C/CCCOC(=O)c1ccc(F)cc1,4.681936665037238,Inactive
CC(C)(C)c1cc(NC2CC2)nc(-c2ccccn2)n1,5.899998417198648,Active
N=C(N)c1ccc(OCc2ccccc2COc2ccc(C(=N)N)cc2)cc1,5.417936637088292,Active
CC[C@H](C)[C@H]1O[C@]2(CC[C@@H]1C)C[C@@H](O)C[C@@H](C/C=C(\C)[C@@H](O)[C@@H](C)CO)O2,4.515700160653214,Inactive
CSC[C@H]1O[C@@H](n2cnc3c(N(C)N=O)nc(F)nc32)[C@H](O)[C@@H]1O,3.721246399047171,Inactive
N#Cc1c(-c2ccco2)[n+]([O-])c2cc(F)c(F)cc2[n+]1[O-],4.882728704344236,Inactive
CCN1C(=O)c2ccccc2NC1c1nc(C(=O)OC)cc2c1[nH]c1ccccc12,5.070581074285707,Active
COC1=CC(c2ccc[nH]2)=N/C1=C\Nc1ccccc1,6.645891560852599,Active
O=C1CS/C(=N/N=C/c2ccccn2)N1,4.144480844332199,Inactive
Cc1nc(-c2ccccn2)nc(NCC2CCCCC2)c1Cl,6.508638306165727,Active
c1ccc(Nc2nc(Nc3ccccc3)c3ccccc3n2)cc1,6.045757490560675,Active
CC(C)NC(=N)c1ccc(-c2cn(-c3cccc(C(=N)NC(C)C)c3)nn2)cc1,4.236572006437063,Inactive
COc1ccc(/C=C/C(=O)c2ccc(OC)cc2)cc1,3.9746941347352296,Inactive
COc1ccc(C(Nc2nc3c(C)cccc3s2)P(=O)(OC)OC)cc1,5.058994710912146,Active
C=CC[n+]1ccc2c(c1)[nH]c1ccc(Cl)cc12,4.238072161579471,Inactive
COc1ccc(C(=O)N/N=C/c2ccc([N+](=O)[O-])s2)cc1N,5.328827157284917,Active
Cn1ccnc1CNc1nc(-c2ccccn2)nc2ccccc12,5.481486060122113,Active
Cc1ccc(-n2cc(COC(=O)c3c(C)nc4ccccc4c3-c3ccccc3)nn2)cc1F,4.939302159646388,Inactive
O=c1[nH]cnn2c([C@@H]3O[C@H](CO)[C@@H](O)[C@H]3O)ccc12,5.115204636051019,Active
Nc1ncnc2[nH]ncc12,6.7447274948966935,Active
NCc1nn([C@@H]2O[C@H](CO)[C@@H](O)[C@H]2O)c2ncnc(N)c12,4.954677021213342,Inactive
CN1CCN(c2ccc(S(=O)(=O)NCc3ccc(C(=O)Nc4ccc(C#N)nc4)cc3)cc2)CC1,4.0,Inactive
N#Cc1ccc(C(C(=O)N2CCN(c3ccc(C(F)(F)F)nc3)CC2)c2cccnc2)cc1,7.67778070526608,Active
Cn1nccc1C(=O)Nc1nc2ccc(C#N)cc2n1CC(F)F,5.619788758288394,Active
CCCCn1c(-c2ccc(Br)cc2)nc2ccccc21,4.876148359032914,Inactive
Cc1c(-c2cnc(N3CCN(C)CC3)nc2)ccc2c(Nc3cnccn3)ccnc12,4.6020599913279625,Inactive
CC[C@H]1CC[C@H](n2c(=O)[nH]c3ccc(NC(C)=O)cc3c2=O)CC1,7.236572006437063,Active
CCCCCCn1c(=O)[nH]c2ccc(NC(C)=O)cc2c1=O,5.537602002101044,Active
O=C(NCCCCn1cnc([N+](=O)[O-])n1)c1ccc2ccccc2n1,6.87942606879415,Active
CCCCCCCCCCCCCCC#CC(=O)O,4.826813731587726,Inactive
COc1cccc(Sc2ccc(N3CCCC3=O)cc2C(F)(F)F)c1CO,4.600000074606178,Inactive
O=C(COc1ccc(Oc2ccccc2)cc1)Nc1ncc([N+](=O)[O-])s1,5.267606240177032,Active
N#Cc1ccc2nc(NC(=O)c3ccccn3)n(CC(F)(F)F)c2c1,5.031517051446065,Active
CNC(=S)N/N=C(\C)c1ccc(Cl)c(Cl)c1,4.851089006890644,Inactive
COc1ccc(C(=O)CCC2CCCCC2)cc1OC1CCOC1,5.214670164989233,Active
C/C(=C\c1ccc([N+](=O)[O-])cc1)C(=O)/C=C/c1ccccc1,4.872895201635193,Inactive
C/C(COc1ccccc1)=N\Nc1nc(-c2ccc(Cl)cc2)cs1,4.243363891754152,Inactive
C=C1C(=O)O[C@H]2/C=C(/C)[C@@H](O)C[C@H](O)C(=C)C[C@H](OC(=O)/C(C)=C\C)[C@@H]12,4.87942606879415,Inactive
CC(C)Nc1nc(NCc2ccco2)c2cccc(Cl)c2n1,5.356547323513812,Active
CC(=O)N1N=C(c2ccc([N+](=O)[O-])cc2)OC1c1ccc([N+](=O)[O-])s1,5.006563769502388,Active
CC(C)(C)C(=O)N1CCC[C@H]1C(=O)O,4.701146923590294,Inactive
COc1ccc2[nH]cc(C(c3cccs3)c3c[nH]c4ccc(OC)cc34)c2c1,4.31385549457644,Inactive
COc1cc(/C=C/c2ccc([N+](=O)[O-])cc2)oc(=O)c1,4.309803919971486,Inactive
O=[N+]([O-])c1cn2c(n1)OC[C@H](OCC#Cc1ccc(OC(F)(F)F)cc1)C2,6.823908740944319,Active
Cc1ccc2c(c1)C[C@@H](O)C[C@@H](c1ccccc1Cl)N2,4.467054624384075,Inactive
CC[C@H]1CC[C@@H](n2c(=O)[nH]c3ccc(NC(C)=O)cc3c2=O)CC1,7.070581074285707,Active
O=c1c2ccc(NC3=NCCN3)cc2[nH]c2cc(NC3=NCCN3)ccc12,3.94692155651658,Inactive
Cc1nc2cc(OCc3cc(C(=O)NO)no3)ccc2s1,4.798602875679548,Inactive
O=C(c1ccccc1)N1CCC(C(=O)N2CCC(Oc3ccccc3Cl)CC2)CC1,4.499999953328896,Inactive
COC(=O)C1=NN(c2ccc(Cl)cc2)C2C3N(c4ccc(Cl)cc4)N=C(C(=O)OC)N3c3c(C)cccc3N12,4.1938200260161125,Inactive
CCCCCCCCCCCCCCCCNc1c(NCCN(C)C)c(=O)c1=O,4.442492798094342,Inactive
CC1=N[C@H](C)Cc2c(-c3cccc4ccccc34)ccc(O)c21,4.566870482419515,Inactive
OC[C@H]1O[C@@H](n2ccc3c(NC4CCCC4)ncnc32)[C@H](O)[C@@H]1O,4.455931955649724,Inactive
COC(=O)C1=C(N)Oc2cc(O)c3c(C)cc(=O)oc3c2C1c1ccc([N+](=O)[O-])cc1,4.480172006224281,Inactive
O=C(c1ccccc1)N1CCN(C(c2ccc(Cl)cc2)c2cncnc2)CC1,6.301029995663981,Active
O=C(Nc1cccc(-c2nc3ccccc3[nH]2)c1)c1cccs1,4.600326278518962,Inactive
COc1ccc(OC)c(S(=O)(=O)N(Cc2ccc(F)cc2)Cc2nc(C)no2)c1,5.110000065251387,Active
COc1ccc(C(=O)N2CCN(c3cnccn3)CC2)cc1OC,4.257274868695302,Inactive
CCOC(=O)NC1CCN(C(c2ccc(Cl)cc2)c2cccnc2)CC1,7.744727494896693,Active
COc1cccc([C@@H]2C[C@H](O)Cc3ccc4ccccc4c3N2)c1,4.717831221695358,Inactive
CC1CCC2=C(O1)c1ccccc1C(=O)C2=O,5.714442690992226,Active
Clc1ccc2[nH]c3c[n+](CC#CC[n+]4ccc5c(c4)[nH]c4ccc(Cl)cc45)ccc3c2c1,4.459670525209126,Inactive
NC(=O)c1ccccc1Nc1nc(NC2CCCCC2)nc2[nH]ccc12,4.900000142057633,Inactive
O=c1cc(NCCCNCc2cc(C(F)(F)F)cs2)[nH]c2ccccc12,5.100000128334196,Active
CC(C)Oc1n[nH]c2nc(NC3CCN(C(=O)Cc4ccc(F)cc4F)CC3)ncc12,5.200000237109354,Active
C/C(=N\Nc1nc(-c2ccc(Cl)cc2)cs1)c1ccc(Cl)cc1Cl,4.975925012692573,Inactive
CCCN(CCC)c1nc(-c2ccccn2)nc2ccccc12,6.769551078621726,Active
C(=N\Nc1ncnc2sc3c(c12)CCCC3)/c1ccc2c(c1)OCO2,4.531652669587842,Inactive
C/C(=N\NC(N)=S)C(C)Oc1ccccc1,4.583359492661719,Inactive
CCCCOc1ccc(C(=O)/C=C/c2cc(OC)cc(OC)c2)cc1,4.455931955649724,Inactive
COC(=O)[C@@H](NC(=O)c1cc(COc2ccc3ncsc3c2)on1)c1ccccc1,5.369572124974976,Active
C(=C1\CN2CCC1CC2)/c1ccc(C2OCCO2)cc1,4.519993057042849,Inactive
O=C(CN1CCN(c2ccc(C(F)(F)F)cc2)CC1)N1CCN(c2ccc(C(F)(F)F)cc2)CC1,5.298432014944073,Active
Cn1c(NC(=O)Cc2ccc(Cl)cc2)nc2ccccc21,5.494850021680094,Active
O=S(=O)(Nc1nccc2ccccc12)c1ccccc1,4.029188389127482,Inactive
CC(C)CCCC1(C)C=Cc2c(ccc(C(=O)/C=C/c3cccnc3)c2O)O1,5.2441251443275085,Active
CC1S/C(=N/N=C/CSc2ccccc2)NC1=O,3.976541762356325,Inactive
Cc1ncsc1C(=O)N1CC(NC(c2ccc(C(F)(F)F)cc2)c2cccnc2)C1,6.730487055782084,Active
O=C([C@@H](c1ccc(Cl)cc1)c1cccnc1)N1CCN(c2ccc(C(F)(F)F)cc2)CC1,8.070581074285707,Active
O=C(NCc1ccncc1)c1ccccc1N1CCCN(C(=O)Cc2ccc(F)c(F)c2)CC1,7.100015437450609,Active
O=C(NCCc1csc(-c2ccc(F)cc2)n1)N1CCCCC1,7.522878745280337,Active
CCCCOC(=O)/C=C/c1cc(OC)c2c(c1)[C@H](C(=O)OCCCC)[C@@H](c1ccc(O)c(OC)c1)O2,5.507239610973162,Active
CC(C)(C)OC(=O)NCCCCNCCCN(Cc1ccc(F)cc1)Cc1ccc(F)cc1,4.835647144215563,Inactive
CCCCCCCCCCCCCC[C@@H]1CCC[C@H](O)[C@H]1NCCCCCC,6.920818753952375,Active
COc1ccc(OCc2ccc(C(=O)N3CCCCC3C)cc2)cc1,4.223298816011589,Inactive
O=C(NCCO)c1ccc(CCl)c([N+](=O)[O-])c1,4.22548303427145,Inactive
O=C(Nc1nc2cc(F)c(C(F)(F)F)cc2s1)C1CC1,7.102372908709558,Active
CCCC(=O)c1ccc(OC(F)F)c(OC2CCOCC2)c1,5.795880017344075,Active
COc1cc(CCc2ccc(C(C)(C)C)cc2)oc(=O)c1,4.619788758288394,Inactive
COc1cccc(Nc2nc(N3CCCC3)nc3c2CNCC3)c1,5.312126504401815,Active
C/C(=N\Nc1nc(-c2cccc3ccccc23)cs1)c1ccccn1,6.030758865761693,Active
O=C(OCC1CCN(Cc2ccc3c(c2)OCO3)CC1)c1ccc([N+](=O)[O-])cc1,4.763462738511306,Inactive
O=C(N/N=C/c1ccc([N+](=O)[O-])o1)c1nc2ccccc2[nH]1,4.344093581819785,Inactive
COc1ccc(/C(=N/c2ccccc2)Nc2cccc(F)c2)cc1,5.790484985457369,Active
COc1ccccc1CNC(=O)C1=NN(c2ccc(C)cc2)C(=O)CN1,4.742486536404532,Inactive
COc1ccc(CN2CCCC(C(=O)N3CCc4ccccc4C3)C2)cc1OC,5.450996737974212,Active
C=CC(C#CC#CC(O)CCCCCCCCCCOC(C)=O)OC(C)=O,6.3979400086720375,Active
COc1ccc(OCCOC2CCCCO2)cc1,3.661543506395395,Inactive
COc1cc2c(cc1OC)C(C)(Cc1ccc([N+](=O)[O-])cc1)c1cccn1C2,4.431094585017121,Inactive
CCc1oc(=O)c(Cc2c(O)c3c(c(C(=O)C(C)C)c2O)OC(C)(CCC=C(C)C)C=C3)c(O)c1C,5.721246399047171,Active
O=c1ccc2ccc(F)c3c2n1C[C@H]3CN1CCN(CC(O)c2cc3c(cn2)OCS3)CC1,6.199998172182031,Active
COc1cc(Cl)c(C)cc1NC(=O)c1ccc([N+](=O)[O-])s1,6.199998172182031,Active
O=c1cc(Oc2ccccc2)c2cccc([N+](=O)[O-])c2[nH]1,4.853871964321762,Inactive
Cc1ccc(NC(=O)c2ccnc(N3CCCC3)c2)cc1-c1cc(C(N)=O)ccc1C,4.547128111637048,Inactive
C[C@@H]1CC[C@H]2CC(=O)O[C@@H]3O[C@@]4(CCc5ccccc5)CC[C@@H]1[C@@]23OO4,4.892790030352131,Inactive
O=c1[nH]c(-c2c[nH]c3ccc(I)cc23)nc2ccccc12,5.037630664329979,Active
NC(=O)c1cc(F)ccc1Nc1nc(N[C@H]2CC[C@H](O)CC2)ncc1Cl,5.555489914729862,Active
O=C(c1ccc(N2CCNCC2)nc1)N1CCN(S(=O)(=O)c2ccc(Cl)cc2)CC1,5.008773924307505,Active
O=C(NCc1ccc(OC(F)(F)F)cc1)OCC1CCn2cc([N+](=O)[O-])nc2O1,6.7447274948966935,Active
COc1cc(O)cc(O)c1C(=O)/C=C/c1ccccc1,5.096910013008056,Active
Cc1ccc([C@@H]2C[C@H](O)Cc3cc(OC(F)(F)F)ccc3N2)s1,4.94692155651658,Inactive
Cc1cc(N(C)C)nc(NCC2CCOCC2)n1,4.800000052738446,Inactive
O=P(O)(O)C(O)(Cc1cccnc1)P(=O)(O)O,3.674689628288939,Inactive
COc1ccccc1-c1cccc2c(O)c(C(=O)NCC3CC3)ncc12,5.700000503883016,Active
COc1ccc(/C=C/C(=O)c2c(O)cc(OC)cc2OC)cc1,4.764471553092451,Inactive
CC1CCN(Cc2ccc(NC(=O)c3cc4ccc5cccnc5c4[nH]3)cc2)CC1,5.521894014053987,Active
CCCc1ccc(S(=O)(=O)Nc2cccc3cccnc23)cc1,4.8395314688809625,Inactive
C[C@]12SC(c3ccncc3)=CC1=C1CCCC1=C1C=C(c3ccncc3)S[C@@]12C,4.656591406196143,Inactive
O=C(/C=C/C=C/c1ccc2c(c1)OCO2)N1CCOCC1,4.5097605147537125,Inactive
CC(=O)NC1(c2ccccc2)CCN(CC(=O)Nc2ccccc2-c2ccccc2)CC1,5.800000874803203,Active
C=CCc1ccc(OCCCc2cn(Cc3ccc(Br)cc3)nn2)c(OC)c1,3.542572307053516,Inactive
O=C(Cn1ccnc1/N=N/c1ccc([N+](=O)[O-])cc1)N1CCCCC1,3.190440285364732,Inactive
[O-][n+]1onc2cc(/C=C/c3ccc4c(c3)OCO4)ccc21,5.136677139879544,Active
O=[N+]([O-])c1ccc(S(=O)(=O)Nc2ccc3cn[nH]c3c2)cc1,4.363512103646634,Inactive
CCSc1ccc(-c2nccc3[nH]c(C(C)(C)O)cc23)cc1,5.017728766960431,Active
CCCCCCc1cn(CC2CC3=C(O2)c2ccccc2C(=O)C3=O)nn1,4.06198090252379,Inactive
COC(=O)c1cn(C/C=C(\C)CC/C=C(\C)CCC=C(C)C)nn1,4.508638306165727,Inactive
CC(=O)OCc1nc(CCC(=O)CSCCCc2ccccc2)sc1CCc1ccccc1,4.536107011014093,Inactive
O=C1C(=O)c2ccccc2C2=C1C[C@@H]1CCC=C[C@@H]1O2,3.792904459580782,Inactive
O=C(OCC1CCN(Cc2ccc3c(c2)OCO3)CC1)c1ccc2c(c1)OCO2,4.550830267834799,Inactive
CC1(COCc2ccc(-c3ccc(OC(F)(F)F)cc3)cc2)Cn2cc([N+](=O)[O-])nc2S1,4.251811972993799,Inactive
O=c1c2ccccc2c(C(=S)Nc2ccccc2)c2[nH]c3ccccc3n12,5.1938200260161125,Active
Fc1cc(Cl)ccc1C(NC1CCN(Cc2ccc(C(F)(F)F)cc2)CC1)c1cccnc1,7.318758762624412,Active
Cc1ccc(CNC2CCN(CCc3ccncc3)CC2)cc1C,4.874530120446316,Inactive
c1ccc(OCCCCCOc2cccc(-c3cc4cc(C5=NCCN5)ccc4o3)c2)cc1,4.769551078621726,Inactive
O=C(C(c1ccc(Cl)cc1)c1cccnc1)N1CCN(Cc2cccc(C(F)(F)F)c2)CC1,7.8260856601985935,Active
OCCCNc1nc(Nc2ccccc2)c2cnn(-c3ccccc3)c2n1,5.1487416512809245,Active
CCN(c1ccccc1)S(=O)(=O)c1ccc(NC(=O)CN(C)C2CCN(C)CC2)c(Cl)c1,4.752517739322946,Inactive
COc1ccc(C2C(C(=O)Nc3cccc(OC)c3)c3ccccc3C(=O)N2C2CCCCC2)cc1,5.197253632702421,Active
O=C(NCCc1csc(-c2ccccc2)n1)OC1CCCC1,6.3979400086720375,Active
O=C(NCCCn1cnc([N+](=O)[O-])n1)c1cc(C(F)(F)F)cc(C(F)(F)F)c1,6.192464971931146,Active
COc1cc(/C=C/C(=O)/C=C(\NCc2ccccc2)SC)cc(OC)c1OC,5.698970004336019,Active
O=[N+]([O-])c1nccn1CCCNS(=O)(=O)c1ccc(C(F)(F)F)cc1,5.78015361397564,Active
Cc1ccc(-n2cc(C[Se]c3ccccc3)nn2)cc1,5.031517051446065,Active
COc1ccc(C(=N)N)cc1-c1cn(-c2ccc(C(=N)N)cc2)nn1,5.031517051446065,Active
Clc1ccc2c(c1)CCc1cccnc1C2=C1CCNCC1,4.920818753952375,Inactive
CCOc1ccc2nc(C)cc(Nc3ccc(Br)cc3)c2c1,5.374784298395405,Active
C[C@H]1O[C@@H](n2cnc3c(N)nc(C#N)nc32)[C@H](O)[C@@H]1O,4.0,Inactive
OC12CCCCC1C1CCCCC1(O)OO2,4.619788758288394,Inactive
CCN(CC)CCn1c(=N)n(CC(O)c2ccc(Cl)c(Cl)c2)c2ccccc21,6.0,Active
COc1ccc(-c2nc3cc(C)ccn3c2NC2CCCCC2)cc1,5.186419011431808,Active
COc1cccc(OC(C)/C(C)=N/NC(N)=S)c1,5.167491087293763,Active
NC/C(=N\NC(N)=S)c1ccc([N+](=O)[O-])cc1,5.200659450546418,Active
O=C1c2cccc3cccc(c23)C(=O)N1CCNCCCCNCCN1C(=O)c2cccc3cccc(c23)C1=O,6.0,Active
CCCc1ccc(OCC(O)Cn2cc(COc3ccc(OC)cc3)nn2)c(OC)c1,4.46344155742847,Inactive
CN1CCN(c2ncc(-c3ccc4c(NCCN5CCCC5)ccnc4c3)cn2)CC1,5.6777807052660805,Active
COc1ccc(CCc2nc3ccccc3n3cccc23)cc1OC,4.522878745280337,Inactive
O=c1cc(C#CCCO)c2cccc([N+](=O)[O-])c2[nH]1,4.661543506395395,Inactive
c1ccc(CNCCCNCc2ccccc2)cc1,4.9582126810282485,Inactive
O=C1O/C(=C\c2ccccc2)c2ccccc21,3.6931462513069913,Inactive
CC(C)OC(=O)NCCc1csc(-c2ccc(F)cc2F)n1,6.886056647693163,Active
CCn1c(-c2nonc2N)nc2c([C@@H](C)O)ncc(O[C@H](CN)c3ccccc3)c21,5.388587392680557,Active
CC(C)CC(=O)c1c(O)c(C=O)c2c(c1O)C[C@H]1C[C@H]3C[C@H](C3(C)C)[C@@]1(C)O2,6.031257953010807,Active
Cc1nc(N2CC(C)OC(C)C2)sc1C(=O)Nc1ccc2c(c1)OCO2,5.59999938302362,Active
O=[N+]([O-])c1nccn1Cc1cc(-c2ccc(N3CCCCCC3)cc2)no1,5.4089353929735005,Active
Cc1cccc(-n2nnc(C(=O)Nc3ccc4c(c3)B(O)OC4)c2C)n1,5.1938200260161125,Active
CC(C)Nc1nc(NCc2ccco2)nc2ccccc12,4.958607314841775,Inactive
CON(C)C(=O)c1cccc(C(O)(c2ccc(Cl)cc2)c2cccnc2)c1,7.42021640338319,Active
C/C(=N\Nc1nc(-c2ccc(C)cc2)cs1)c1ccc(Cl)c(Cl)c1,4.321117585329264,Inactive
O=c1cc(N2CCOCC2)c2cccc([N+](=O)[O-])c2[nH]1,4.375717904164332,Inactive
CC(C)(C)c1ccc(NC2(C(N)=O)CCN(Cc3ccccc3)CC2)cc1,6.599997654072044,Active
CC(C)CC(=O)NC(c1cccs1)c1ccc2cccnc2c1O,5.324595183891566,Active
COC(=O)[C@@H]1CCCN1C(=O)CCSCc1ccccc1,5.928117992693875,Active
NC(=S)N/N=C/c1cc2c(cc1N)OCO2,3.925183559354825,Inactive
O=C(Nc1nc2ccc(OC(F)(F)F)cc2s1)C1CC1,6.721246399047171,Active
Cc1ccc([Te]Cc2ncc(-c3ccc(S(N)(=O)=O)cc3)[se]2)cc1,6.468521082957745,Active
C=C(C(=O)OCCO)C(O)c1ccccc1[N+](=O)[O-],4.687822643560222,Inactive
COc1ccc(/C=C(\C)C(=O)/C=C/c2c(Cl)cccc2Cl)cc1,5.086186147616283,Active
C/[N+]([O-])=C/c1ccc([N+](=O)[O-])s1,5.169732199066358,Active
O=[N+]([O-])c1c(CS(=O)(=O)c2ccccc2)nc2c(-c3ccccc3)cc(Cl)cn12,5.795880017344075,Active
COc1ccc(C(Nc2ccc(C3(C)NC(=O)c4ccccc4N3)cc2)c2nnnn2C(C)(C)C)cc1,5.094204119632131,Active
Cn1c2nc3ccc(C#N)cc3c-2cc2cc(F)ccc21,4.494850021680094,Inactive
O=C(NCCCl)c1ccc(CCl)c([N+](=O)[O-])c1,4.295849483160201,Inactive
O=c1nc(-c2ccccc2)c2cc(-c3cccc(N4CCOCC4)c3)ccc2[nH]1,4.822175028135319,Inactive
CC1(Cc2ccccc2)CC(S(=O)(=O)c2ccc(F)cc2F)=C(c2ccc(/C(N)=N\O)cc2)O1,4.488116639021126,Inactive
CN1CCN(c2ccc(Nc3ccc4c(Nc5cnccn5)ccnc4c3)cc2)CC1,4.769551078621726,Inactive
CC(C)(C)c1ccc(O)c(CNC2CCCCC2)c1,4.674411686642569,Inactive
O[C@@H]1Cc2ccccc2N[C@H](c2ccc(Cl)cc2)C1,4.270592203036932,Inactive
Fc1ccc(-c2cc(-c3ccccc3)c3ncccc3n2)cc1F,5.549750891680639,Active
C(=C\c1sc(Nc2ccccc2)n[n+]1-c1ccccc1)/c1ccc2c(c1)OCO2,5.384049948343599,Active
CCOc1ccc([C@@H]2OC[C@H]([C@H](O)c3ccc(OC)c(OC)c3)[C@H]2COC(C)=O)cc1OC,5.481486060122113,Active
C=CCn1c(C)csc1=N/N=C/c1ccc([N+](=O)[O-])s1,4.947883449450002,Inactive
COc1ccc(-c2nc3ccccc3nc2-c2ccc(OC)cc2)cc1,4.522878745280337,Inactive
O=C(NCCc1csc(-c2ccccc2)n1)N1CCCC1,4.769551078621726,Inactive
O=S1(=O)NC(CCl)Nc2c(Cl)cc(Cl)cc21,6.346787486224656,Active
O=C(N[C@H]1C(O)O[C@H](CO)[C@H](O)[C@@H]1O)c1ccccc1,4.257353410061263,Inactive
O=[N+]([O-])c1ccc(/C=[N+](\[O-])Cc2ccccc2)s1,5.362010219215315,Active
Cc1cc(C=C2SC(=Nc3ccccc3)N(C3CCCC3)C2=O)c(C)n1-c1ccc(Cl)cc1,4.595193299388892,Inactive
N#Cc1ccccc1S(=O)(=O)N1CCN(C(=O)CNC(=O)c2ccc3c(c2)OCO3)CC1,5.800000874803203,Active
NCCCNCCN1CCNCc2cccc(n2)CNCC1,4.525783735923745,Inactive
O=C(N[C@@H](Cc1c[nH]c2ccccc12)C(=O)Nc1ccncc1)c1ccc2cc(F)ccc2c1,6.481486060122113,Active
Cc1nn(C)c(C)c1N(C)S(=O)(=O)c1c(Cl)cc(CCCC2CCN(C)CC2)cc1Cl,5.1487416512809245,Active
COC(=O)C(Cc1c[nH]c2ccccc12)NC(=O)/C=C/C=C/c1ccc2c(c1)OCO2,3.312471038785365,Inactive
c1ccc(CCCn2cc(-c3ccccc3)nn2)cc1,4.164943898279883,Inactive
CC(C)(C)c1ccc(CN2C3=NCCCN3c3ccccc32)cc1,5.510041520575165,Active
COc1ccc2c(c1OC)CN(C)c1c-2ccc2cc3c(cc12)OCO3,5.698970004336019,Active
COc1ccc(/C=C2\CCC/C(=C\c3cccc(OC)c3OC)C2=O)cc1OC,5.346787486224656,Active
CC(C)(C)OC(=O)NCCCCCCNC1CCN(CCc2ccccc2)CC1,4.543785844642011,Inactive
COc1cc2c(cc1OC)C1=NNC(=O)C1=NC(C)(C)C2,5.445089469917618,Active
NC(=O)C1CCN(C(c2ccc(C(F)(F)F)cc2)c2cnccn2)CC1,5.193141970481182,Active
O=c1cc(Sc2ccc(Cl)cc2Cl)c2cccc([N+](=O)[O-])c2[nH]1,5.42021640338319,Active
COc1ccc(-c2nc(CN3CCCC(OC)C3)c(C)o2)c(F)c1,4.568826643322936,Inactive
COc1ccc(CN(Cc2ccc(Br)cc2)c2ccc(Br)cc2)cc1O,4.47456644657118,Inactive
CC1(Cc2ccc([N+](=O)[O-])cc2)c2cc3c(cc2Cn2cccc21)OCO3,4.305394801066432,Inactive
CCN(CC)CCCNc1c(N)cnc2cc(Cl)ccc12,4.779891911959945,Inactive
O=[N+]([O-])c1cn2c(n1)SCC(OCc1ccc(OCc3ccccc3)cc1)C2,4.346787486224656,Inactive
CCNC(=O)c1noc(-c2cc(C(C)C)c(O)cc2O)c1NC(=O)[C@H]1CC[C@H](CNS(=O)(=O)c2ccc(F)cc2)CC1,5.376750709602099,Active
COc1ccc(C(CC(=O)O)C2=CC(=O)c3ccccc3C2=O)cc1,4.314258261397736,Inactive
CC(C)(C)Nc1nc(Nc2ccc(C3(C)NC(=O)c4ccccc4N3)cc2)nc(NC(C)(C)C)n1,5.488116639021126,Active
COc1ccc(S(=O)(=O)Nc2ccc(CN3CCN(C(=O)c4cncc(Cl)c4)CC3)cc2)cc1,6.0,Active
CCn1c(=O)/c(=C/C=c2\nc3c(o2)=CC=CN3C)s/c1=C\c1sc2ccccc2[n+]1C,6.169411331314856,Active
Cc1nc(-c2ccccn2)nc(NCc2ccc(S(C)(=O)=O)cc2)c1Cl,4.97061622231479,Inactive
CC(=O)Nc1nc2ccc(Nc3ccccc3C(=O)O)cc2s1,4.7447274948966935,Inactive
COc1c(C[C@@H](C)O)c2c3c(C[C@@H](C)O)c(OC)c(=O)c4c(O)cc5c(c6c(cc(O)c(c1=O)c62)OCO5)c43,5.943095148663527,Active
O=C1c2cccc3cccc(c23)C(=O)N1CCCNCCNCCNCCCN1C(=O)c2cccc3cccc(c23)C1=O,6.130768280269024,Active
C/C(=N\NC(N)=[Se])c1cccc(Cl)c1,4.903089986991944,Inactive
COc1cccc(C2(C)Nc3ccccc3-c3nc4ccccc4n32)c1,4.873067333033547,Inactive
CC(C)(C)c1ccc(C(=O)/C=C/c2ccc([N+](=O)[O-])s2)cc1,4.507658746745026,Inactive
Clc1ccc2c(NCCSc3nnc4c(n3)[nH]c3ccccc34)ccnc2c1,5.30715308072277,Active
O=[N+]([O-])c1c(CS(=O)(=O)c2cccnc2)nc2c(Sc3ccc(Cl)cc3)cc(Cl)cn12,6.301029995663981,Active
CCC(=O)c1ccc(NCc2cncn2Cc2ccc(-c3ccccc3)cc2)cc1-c1ccccc1,7.397940008672037,Active
O=[N+]([O-])c1cn2c(n1)OC(COCc1ccc(OC(F)(F)F)cc1)CC2,7.522878745280337,Active
C/C=C/c1cc(OC)c(OC)c(O)c1OC,3.386686838544541,Inactive
CC/C=C\C[C@@H](O)CC/C=C\CCCCCCCc1cc(O)cc(O)c1,4.657577319177793,Inactive
Cc1n[nH]c(-c2ncc3c(-c4ccccc4C(F)(F)F)ccnc3c2O)n1,7.0,Active
CC(C)(C)Cn1c(NC(=O)c2cccnc2)nc2ccc(C#N)cc21,5.060480747381382,Active
CC(C)Oc1cc(NC(=N)c2ccccn2)ccc1-c1ccc(-c2ccccc2)o1,6.508638306165727,Active
COc1ccc(/C=N/NC(=O)c2cc(-c3ccccc3)nc3c2c(C)nn3-c2ccccc2)cc1O,4.678401569534656,Inactive
CN(CC1(C)Cn2cc([N+](=O)[O-])nc2O1)c1ccc(OC(F)(F)F)cc1,6.045757490560675,Active
C[C@@H]1CC[C@H]2C(C)(COC(=O)[C@H]3CCCN3C(=O)C(F)(F)F)O[C@@H]3O[C@@]4(C)CC[C@@H]1[C@]32OO4,4.629857152948898,Inactive
COc1ccc(/C=N/Nc2ncnc3sc4c(c23)CCCC4)c(OC)c1,4.732828271596986,Inactive
O=C1C=CC(=O)c2cc3c(cc21)CCC3,4.308034897232639,Inactive
C=C(c1nc(-c2ccccc2)no1)C(O)c1cc2c(cc1Br)OCO2,5.049148541111453,Active
CS(=O)(=O)c1nc2ccccc2nc1NCCO,4.872895201635193,Inactive
C[C@@H]1CN(c2ccc(S(=O)(=O)NCc3ccc(C(=O)Nc4cccnc4)cc3)cc2)C[C@H](C)N1,3.886056647693163,Inactive
COc1cc(C2=NCCN2)ccc1OCCCCCOc1ccc(C2=NCCN2)cc1OC,4.440093374963888,Inactive
O=S(=O)(Cc1ccccc1)N1CCC(NC(c2ccc(C(F)(F)F)cc2)c2cnccn2)CC1,6.6777807052660805,Active
CS(=O)(=O)OCCCCCCCCCn1cc(CCCO)nn1,4.08496970974084,Inactive
COc1cccc(-c2cc(-c3ccc(C4NC(=O)c5ccccc5N4)cc3)nc(N)n2)c1OC,5.363512103646634,Active
CC1(C)CC(=O)C(C(=O)c2ccc(Cl)cc2Cl)C(=O)C1,4.232769901889282,Inactive
COc1ccccc1OCC(O)Cn1cc(COc2ccccc2)nn1,3.9507819773298185,Inactive
O=C1C[C@H]2CC[C@@H](N1)C1C=C(O)C(O)=CC12,6.214670164989233,Active
C=CCn1c(-c2ccccc2)cs\c1=N/N=C/C=C/c1ccco1,5.443697499232712,Active
COc1ccc(S(=O)(=O)NC(C)C)cc1Nc1ncc(-c2cccc(F)c2)cn1,5.200000237109354,Active
Cc1cc(C)c(C#N)c(SCC(=O)c2ccc3c(c2)OCO3)n1,6.0999990348465305,Active
CC(C)[C@@]1(NC(=O)[C@@H]2C[C@@H]3c4cccc5[nH]cc(c45)C[C@H]3N(C)C2)O[C@@]2(O)[C@@H]3CCCN3C(=O)[C@H](Cc3ccccc3)N2C1=O,5.301029995663981,Active
CC1(COc2ccc(-c3ccc(F)cc3)cn2)CCn2cc([N+](=O)[O-])nc2O1,7.045757490560675,Active
Nc1cc(N2CCC(c3cc(Cc4ccccc4)n[nH]3)CC2)ccn1,4.712735650060659,Inactive
N#Cc1ccc(C2CCN(C(=O)Nc3cc(-c4ccccn4)n[nH]3)CC2)cc1,5.543330370576243,Active
COCC(=O)NCCCCNCCCN,4.301029995663981,Inactive
O=[N+]([O-])c1cccc(-n2cc(Cn3cnc([N+](=O)[O-])n3)nn2)c1,4.612788199686269,Inactive
COc1ccc(CCn2c(=N)c(C(=O)NCc3cccnc3)cc3c(=O)n4cccc(C)c4nc32)cc1,4.880168293405977,Inactive
O=C(CCn1cnc([N+](=O)[O-])n1)Nc1cc(-c2ccc(F)cc2)on1,5.108462542327436,Active
Clc1ccc(-c2c[nH]cc2[C@@H](c2ccc(Cl)cc2Cl)n2ccnc2)cc1,7.769551078621726,Active
OC1(c2cc3ncccc3[nH]2)CCN(Cc2ccccc2)CC1,4.1938200260161125,Inactive
Cc1nc(-c2ccccn2)nc(NCCC2CCCCC2)c1Cl,6.585026652029182,Active
N=C(N)c1ccc2cc(CCc3cc4ccc(C(=N)N)cc4o3)oc2c1,6.052076380168273,Active
Clc1ccc(Sc2ccccc2)c(NCCN2CCCC2)c1,5.0,Active
C/C(=N\Nc1nc(-c2ccc(Cl)cc2)cs1)c1ccccn1,5.979404642674698,Active
O=C(Nc1ccc(F)c(-c2nc3ncc(-c4ccccc4Cl)cn3n2)c1)N1CCC(F)(F)C1,7.098541678603888,Active
COc1cc2c(cc1C(C)N(C)CCCc1ccccc1)C=CC(C)(C)O2,5.037630664329979,Active
Cc1c(/C=N/NC(=O)c2ccc(Cl)cc2)no[n+]1[O-],4.844663962534939,Inactive
Cc1ccccc1CN(C)C[C@H]1Oc2c(NC(=O)c3ccncc3)cccc2C(=O)N([C@@H](C)CO)C[C@@H]1C,7.251811972993799,Active
COCc1cc(Nc2ccccc2)nc(-c2ccccn2)n1,5.055489691807575,Active
COC(=O)c1ccc(C2=NN(C(C)=O)C(c3ccc([N+](=O)[O-])s3)O2)cc1,5.101823516502323,Active
Nc1nc2c(ncn2COC(CO)CO)c(=O)[nH]1,3.6194812419295697,Inactive
O=C(COc1ccc(-c2ccccc2)cc1)Nc1ncc([N+](=O)[O-])s1,4.978810700930062,Inactive
Cc1ccc(C(O)(c2ccc(Cl)cc2)c2cccnc2)cc1,7.769551078621726,Active
COc1ccc(OC)c(/C=C2\Oc3cc(OCCN4CCCC4)ccc3C2=O)c1,5.337242168318426,Active
c1ccc(-c2nc(N3CCc4ccccc4C3)c3ccccc3n2)nc1,6.142667503568732,Active
N=C(N)c1ccc(OCCCOc2ccc(C(=N)N)cc2N)c(N)c1,2.4560000000351923,Inactive
Clc1ccc2c(c1)C[C@@H]1C[C@@H](c3cccs3)N2O1,4.5951662833800615,Inactive
Cc1ccc(Nc2nc(-c3ccccn3)cs2)cc1,5.268927215546003,Active
COc1ccc(Sc2c([N+](=O)[O-])cc(C#N)cc2[N+](=O)[O-])cc1,6.164347470566249,Active
COc1ccc2[nH]c([S+]([O-])Cc3ncc(C)c(OC)c3C)nc2c1,3.90988308924799,Inactive
Cc1cc(C)c(Nc2nc(C#N)nc(Nc3ccc(C#N)cc3)n2)c(Br)c1,4.9434762759209,Inactive
CC(C)(C)C(=O)N[C@H]1Cc2ccc(cc2)Oc2ccc(cc2NC(=O)c2ccccn2)C(=O)CNC(=O)[C@H](Cc2ccccc2)NC1=O,5.1487416512809245,Active
N[C@@H]1CCC[C@@H](Oc2ccc(F)cc2Oc2ccccc2)[C@@H]1O,4.918033202269325,Inactive
CCNC(=O)NC1CCN(C(c2ccc(Cl)cc2)c2cccnc2)CC1,7.013228265733755,Active
Clc1ccc(C(=NN2CCCCC2)c2cccnc2)cc1,6.419075024324381,Active
CCCNCCCCc1c(C)cc(C)c(O)c1C,4.253365801062421,Inactive
COc1cccnc1-c1cnc2nc(-c3cc(NC(=O)c4oc(C)nc4C)ccc3F)nn2c1,7.154901959985743,Active
COc1cc(CCc2ccc(OC)c(OC)c2)oc(=O)c1,3.5686362358410126,Inactive
COc1cc2c(c(O)c1-c1c(C)cc(OC)c3c(OC)cccc13)C(C)=N[C@H](C)C2,3.9812995013337567,Inactive
CC1=C(O)/C(=C/[C@H](C)CCC/C(C)=C/CCc2coc(CC3=CCN(CC(=O)O)C3=O)c2)OC1=O,3.9208187539523753,Inactive
CC1(COc2ccc(OC(F)(F)F)cc2)CCn2cc([N+](=O)[O-])nc2O1,6.886056647693163,Active
CN[C@@H](CC(C)C)C(=O)N(C)[C@@H](Cc1ccccc1)C(=O)NCCc1c[nH]c2ccccc12,4.931814138253839,Inactive
NS(=O)(=O)c1ccc(CNC(=O)c2ccc([N+](=O)[O-])s2)cc1,4.547128111637048,Inactive
FC(F)(F)c1nc2cc(Cl)c(Cl)cc2[nH]1,5.183427303973897,Active
CCN1CCCC1CNc1[nH]cnc2c3cc(Cl)ccc3nc1-2,4.789736606693437,Inactive
CC(CNS(=O)(=O)c1ccc(OC(F)F)cc1)c1ccc(NC(=O)c2ccncc2)cc1,4.981699036303888,Inactive
CC(C)NC(=N)c1ccc2cc(CCc3cc4ccc(C(=N)NC(C)C)cc4o3)oc2c1,5.609064892896621,Active
O=C(O[C@@H](Cn1ccnc1)c1ccc(F)cc1)N1CCN(c2ccc([N+](=O)[O-])cc2)CC1,4.692503962086787,Inactive
CC/C(=C\c1ccc(Cl)cc1)C(=O)/C=C/c1ccc(Br)cc1,5.853871964321762,Active
C(=N\Nc1ncnc2sc3c(c12)CCCC3)/c1ccc[nH]1,4.995678626217358,Inactive
CCCCCCCCCCCCCCCCC1(C)SC(O)=C(C)C1=O,4.552841968657781,Inactive
O=C(NCCc1csc(-c2cccc(F)c2)n1)c1ccco1,5.800000874803203,Active
O=[N+]([O-])c1ccc2c(c1)c(OCc1ccccc1)nn2CCCCCBr,4.684029654543083,Inactive
NCCCCc1cn(-c2ccc(-c3nc(-c4ccccc4)cs3)c(OCCN3CCNC3=O)c2)nn1,5.073143291050307,Active
CC(C)(F)C(=O)Nc1nc2ccc(C(F)(F)F)cc2s1,6.886056647693163,Active
CCN1CCN(c2cc(C)c3cc(NC(=O)c4ccc(OC)c(OC)c4)ccc3n2)CC1,5.197253632702421,Active
NNc1nc(-c2ccc(Cl)cc2)nc2ccccc12,5.743522793758324,Active
COc1ccc2[nH]cc(/C=N/c3sc4c(c3C#N)CCCCCC4)c2c1,2.815308569182401,Inactive
CCCC(O)c1ccc(OC)c(OC2CCOCC2)c1,5.0,Active
Nc1ncnc2c1c(-c1ccc(Cl)cc1Cl)nn2[C@@H]1O[C@H](CO)[C@@H](O)[C@H]1O,4.277366077466188,Inactive
Cn1cc2c3ccccc3nc-2c2ccccc21,5.896196279044043,Active
CN1C2CCC1CC(=NOC(Cc1ccc(Cl)cc1)c1ccccc1)C2,5.721246399047171,Active
Oc1ccc([C@H]2NCCc3cc(O)c(O)cc32)cc1O,6.638272163982407,Active
NCCCNCCCCNCCCNCc1ccc(OC2=CC(=O)c3cc4ccccc4cc3C2=O)cc1,4.458795309316741,Inactive
CCCc1ccc(C(C)Nc2ncnc3c2CCNC3)cc1,4.698227453068239,Inactive
OC(c1ccc(Cl)cc1)(c1cccnc1)c1sccc1Cl,7.552841968657781,Active
C/C(=N\N=C1\SC(C)C(=O)N1c1ccccc1)c1ccc(Cl)c(Cl)c1,5.296708621881339,Active
O=[N+]([O-])c1c(CS(=O)(=O)c2ccc(Cl)cc2)nc2ccc(I)cn12,4.536107011014093,Inactive
Cc1nc2c(-c3nc(-c4ccccc4N)n[nH]3)cccn2c1C,5.4572535994269655,Active
Nc1nc(-c2ccccc2)cc(-c2ccc(C3NC(=O)c4ccccc4N3)cc2)n1,4.97798426018228,Inactive
CC[C@@]1(O)C(=O)OCc2c1cc1n(c2=O)Cc2cc3ccccc3nc2-1,5.142004504439076,Active
O=C(N1CCCCC1)N1CCN(C(c2ccc(Cl)cc2)c2cncnc2)CC1,6.657577319177793,Active
O=[N+]([O-])c1cn2c(n1)OC(COc1ccc(OC(F)(F)F)cc1)CC2,7.214670164989233,Active
CN1CCCN(c2ncc(-c3ccc4c(c3)ncc3c5ccccc5[nH]c43)cn2)CC1,6.619788758288394,Active
OC[C@@H](Nc1nccc(-c2c(-c3ccc(F)cc3)ncn2C2CCNCC2)n1)c1ccccc1,4.499999953328896,Inactive
COc1cccc(C(=O)[C@H]2C[C@@H]2CN(Cc2cccnc2)Cc2cccnc2)c1,7.199970640755866,Active
CCCCCCCCCCCCC/C=C1/CCC[C@@H]2[C@H]1N2Cc1ccccc1,4.701146923590294,Inactive
O=S(=O)(Nc1ccc([Se][Se]c2ccc(NS(=O)(=O)c3ccccc3F)cc2)cc1)c1ccccc1F,5.779891911959945,Active
C=CCc1ccc(OCCCc2cn(Cc3ccc(C)cc3)nn2)c(OC)c1,5.346787486224656,Active
O=c1[nH]c2c([N+](=O)[O-])cc(C(F)(F)F)cc2cc1Cl,5.036212172654444,Active
COc1ccc(N2CCN(C(CNC(=O)C3CCCCC3)c3ccc4c(c3)OCO4)CC2)cc1,4.587474607248886,Inactive
CC(C)(C)CC(=O)NC1CCN(C(c2ccc(Cl)cc2)c2cccnc2)CC1,8.05551732784983,Active
CCCc1c(CC)c(=N)c2ccccc2n1C,6.382077500574724,Active
CC[C@H]1OC(O)[C@H](NC(=O)c2ccc(C)o2)[C@@H](O)[C@H]1O,4.693574972449313,Inactive
N#Cc1ccc(C(c2cccnc2)N2CCC(NC(=O)c3c(F)cccc3F)CC2)cc1,7.721246399047171,Active
CCCC/C(=N/NC(N)=[Se])c1ccc(Cl)c(Cl)c1,5.494850021680094,Active
O=[N+]([O-])c1cn2c(n1)OC(COc1cccc(-c3ccc(F)nc3)n1)CC2,6.886056647693163,Active
NCc1ccc(-c2nc3ccc(Cl)cc3c3c2CCCN3)cc1,4.935542010773082,Inactive
C/C=C(/C)C(=O)OC(C)c1cc2c(cc1OC)OC(C)(C)C=C2,4.335358024443875,Inactive
Nc1ncnn2c([C@@H]3O[C@H](CO)C[C@H]3O)cc(-c3ccc(Cl)cc3)c12,4.632644078973981,Inactive
COc1ccc(S(=O)(=O)Nc2ccc(CCN3CCN(C(=O)c4cccc(Cl)c4)CC3)cc2)cc1,5.300000202445418,Active
Cc1cccnc1Nc1nc(-c2ccccn2)cs1,6.301029995663981,Active
C=CCO[C@@]1(C(F)(F)F)O[C@@H]2O[C@@]3(C)C[C@H]4[C@H](C)CC[C@@H](C1=C)[C@@]24OO3,5.259637310505756,Active
N#Cc1ccc(C(c2cccnc2)N2CCC(NC(=O)c3ccccc3C(F)(F)F)CC2)cc1,8.371611069949688,Active
CC(=O)N1CCC(NC(c2ccc(C(F)(F)F)cc2)c2cnccn2)CC1,5.515700160653214,Active
COc1cc(-c2nn([C@@H]3O[C@H](CO)[C@@H](O)[C@H]3O)c3ncnc(N)c23)ccc1Cl,5.943095148663527,Active
O=C(C(c1ccc(Cl)cc1)c1cccnc1)N1CCN(c2ccc(C(F)(F)F)cn2)CC1,7.920818753952375,Active
CC(C)C1=C2OC(C)(C)[C@H]3C[C@@]45O[C@]4(C)[C@H](O)C[C@@]4(CC[C@H]6C(C)(C)CCC[C@]67C[C@@]45[C@@]23O7)C1=O,4.355561410532162,Inactive
Cc1ccc(C(=O)N/N=C/c2ccc([N+](=O)[O-])s2)cc1O,5.638272163982407,Active
Clc1cccc(CO/N=C2/c3cccc(Cl)c3CCC2Cn2ccnc2)c1,5.634512015109101,Active
NP(=O)(OCc1ccc([N+](=O)[O-])cc1)N(CCCl)CCCl,5.468521082957745,Active
COc1ccn2c(N3CCOCC3)c(-c3ccccn3)nc2c1,4.747146969020107,Inactive
COc1ccc(Cn2nc(C(=O)Nc3ccc(F)c(C(=O)NCCN4CCOCC4)c3)ccc2=O)cc1,5.800000874803203,Active
O=C(NC1CCN(C(c2ccc(C(F)(F)F)cc2)c2cccnc2)CC1)c1c(F)cccc1F,7.903089986991944,Active
COc1cc(C2SCC(=O)N2CCCCNc2ccnc3cc(Cl)ccc23)ccc1O,4.157016529877782,Inactive
O=C(N/N=C/c1ccc([N+](=O)[O-])cc1)c1nc2ccccc2[nH]1,3.6937894918322383,Inactive
COc1ccc(/C=C/C(=O)c2c(O)c(OC)c(OC)c(OC)c2OC)cc1[N+](=O)[O-],5.552841968657781,Active
CCC/C=C/CCCOC(=O)c1ccc(C)cc1,4.931814138253839,Inactive
O=C(NC1CCN(C(c2cncnc2)c2ccc(Cl)cc2F)CC1)c1ccc(F)cc1F,7.823908740944319,Active
O=C(NNc1cc(N2CCCC2)nc(N2CCCC2)n1)c1ccccc1,4.861730467405947,Inactive
CC1=C(C(=O)Nc2ccc(C(=O)NC(CCC(=O)O)C(=O)O)cc2)C(c2ccc(C)cc2)NC(=O)N1,5.591760034688151,Active
CC(C)NC(=N)c1ccc(COc2ccc(C(=N)NC(C)C)cc2)cc1,4.575118363368933,Inactive
COC(c1ccc(Cl)cc1)(c1ccc2c(c1)c(-c1ccc(F)cc1)cc(=O)n2C)c1cncn1C,9.30102999566398,Active
CN1/C(=C/c2cc[n+](C)c3ccc(-c4ccccc4)cc23)Sc2ccccc21,7.431798275933005,Active
COc1ccc2nccc(NC(=O)C3(OC)CCN(CC(O)c4ccc5c(c4)OCCO5)CC3)c2n1,4.824595178896034,Inactive
CN(CC1CCCCC1)C(c1ccc(C(F)(F)F)cc1)c1cnccn1,6.318758762624412,Active
c1cc(C2=NCCN2)cc(-c2cc3cc(C4=NCCN4)ccc3o2)c1,4.619788758288394,Inactive
COc1cc2cc(C(=O)Nc3cc(N)c4ccccc4c3CCCl)[nH]c2c(OC)c1OC,7.886056647693163,Active
CS(=O)(=O)NC1CCN(C(c2ccc(C#N)cc2)c2cccnc2)CC1,6.221848749616356,Active
CC(=O)c1c(O)c(C=O)c2c(c1O)CC[C@@]1(O2)[C@@H]2CC[C@@H](C2)C1(C)C,5.90354536626942,Active
COc1ccccc1-c1n[nH]c2nc(N[C@H]3CCC[C@@H](NC(=O)Cc4ccc(F)cc4F)C3)ncc12,4.499999953328896,Inactive
CO[C@H]1OC=C(C(=O)OC(C)C)[C@H]2C/C=C(/C=O)CCCC(=O)[C@H]12,5.619788758288394,Active
COc1cc(O)c(C(=O)/C=C/c2cc(OC)c(OC)c(OC)c2)cc1OC,4.654430243943608,Inactive
COc1ccc(C(=O)CCN2CCN(c3ccc(F)cc3)CC2)cc1,5.823908740944319,Active
CC(=O)Nc1ccccc1C(F)(F)C(=O)NNc1ccccc1,4.896196279044043,Inactive
CC[C@H](C)[C@@H](C(=O)O[C@@H](CC(C)C)C(=O)N[C@@H](CC(C)C)C(=O)N[C@@H](C)/C=C/C(=O)N1C(=O)C=C(OC)[C@@H]1C)N(C)C,5.031517051446065,Active
CC1(COc2ccc(OC(F)(F)F)cc2)Cn2nc([N+](=O)[O-])cc2O1,5.327902142064283,Active
Cn1ccnc1-c1nc(NCc2ccccc2Cl)cc(C2CC2)n1,6.147126757574895,Active
C/C(=N\NC(N)=S)c1ccncc1,3.688119046962096,Inactive
N=C(N)c1ccc(-c2ccc(-c3ccc(C(=N)N)cc3)nc2)cc1,6.086186147616283,Active
COc1ccc(C(=O)O)cc1S(=O)(=O)N(Cc1ccccc1)Cc1ccccc1,4.240000028179,Inactive
CN(C)S(=O)(=O)c1ccc(-n2ccnc2)c(NC(=O)c2cnc(-c3ccccc3)s2)c1,7.886056647693163,Active
O=[N+]([O-])c1cn2c(n1)OCC(COCc1ccc(OC(F)(F)F)cc1)C2,5.721246399047171,Active
C=CCSC(=S)NCCOc1ccc(Oc2ccccc2)cc1,4.4795164672592085,Inactive
COc1ccc2nc(NCCO)c(SC)nc2c1,4.081445469449727,Inactive
Cn1cnc([N+](=O)[O-])c1-n1cncn1,3.451364940185248,Inactive
CC1(C)CCc2cc(CNCc3ccccc3)c3c(c2O1)CCC(C)(C)O3,5.022276394711152,Active
COc1ccc(COc2c(OC)cc(CN3CCOCC3)cc2Oc2ccc(CN3CCOCC3)cc2OC)cc1,4.555955204081924,Inactive
CC(C)c1cc(C(=O)N2CC=C(c3cc4ncccc4[nH]3)CC2)on1,4.380505549864743,Inactive
CCC/C=C/C=C/c1nc2ccccc2n2cccc12,5.119186407719209,Active
CC1=N[C@H](C)Cc2c(-c3cccc(Cl)c3)ccc(O)c21,4.857923538926715,Inactive
COC(=O)c1ccc(NCc2cncn2Cc2ccc(Br)cc2)cc1-c1ccccc1,7.698970004336019,Active
CCc1cccc(-n2nc(OCC(=O)NC3CCCC3)c3cccnc32)c1,5.899998417198648,Active
C/C(=N\N=C1/NC(=O)C(C)S1)c1ccc(Cl)c(Cl)c1,4.305394801066432,Inactive
C=C(C(=O)OCCOC(=O)C(=C)C(O)c1cccc([N+](=O)[O-])c1)C(O)c1cccc([N+](=O)[O-])c1,4.366430557445908,Inactive
COC(=O)c1c(NCc2ccc(C(C)(C)C)cc2)noc1-c1cc2c(cc1[N+](=O)[O-])OCO2,5.872895201635193,Active
NC(=S)N/N=C(\COc1ccc(I)cc1)c1ccc(Br)cc1,5.2403321553103694,Active
CN1C2CCC1CC(=NOC(c1ccncc1)c1ccc(Cl)cc1)C2,5.207608310501746,Active
N=C1N[C@@H](CC2CCCCC2)CN1CCCC[C@H]1CNC(=N)N1CCCCC1CCCCC1,5.7447274948966935,Active
O=C(c1ccc(Br)cc1)c1cc(O)cc(-c2ccc(Br)cc2)c1,5.056752874862139,Active
NC(=[Se])NN=C(c1cccc(Br)c1)c1cccc(Br)c1,5.494850021680094,Active
Sc1nnc(-c2cnccn2)n1/N=C/c1ccc(Cl)cc1Cl,3.6174426780912143,Inactive
Fc1cnc(N2CCC(N(c3ccc(C(F)(F)F)cc3)c3cccnc3)CC2)nc1,7.657577319177793,Active
N#CSCCOc1ccc2[nH]c3ccccc3c2c1,5.0,Active
O=S(=O)(c1ccccc1)N1CC=C(c2cc3ncccc3[nH]2)CC1,4.1938200260161125,Inactive
Cc1nc2[nH]c(C)c(Cc3ccc(C(C)C)cc3)c(=O)n2n1,6.299997602857746,Active
O=[N+]([O-])c1cn2c(n1)OC[C@H](OCc1ccc(-c3ccc(OC(F)(F)F)cc3)cc1)C2,6.920818753952375,Active
CNc1nc(Nc2ccc(C#N)cc2)nc(Nc2c(Br)cc(C)cc2Br)n1,5.314258261397736,Active
C1=C(c2ccc(OCc3ccccc3)cc2)C2CCN1CC2,5.508638306165727,Active
C=CCOc1cc(OC)c(C(=O)/C=C/c2ccco2)c(OCC=C)c1,4.913640169325252,Inactive
O=C(Nc1nc2ccc(F)cc2n1C1CC1)c1cccnc1,4.468521082957745,Inactive
O=C(c1ccco1)c1cc2cc(Br)ccc2oc1=S,3.109578981199086,Inactive
CCOC(=S)SCCOc1ccc(Oc2ccccc2)cc1,4.377785977033705,Inactive
COc1ccc(OC)c(CC(=O)NCCCNCCCCNCCCNC(=O)Cc2cc(OC)ccc2OC)c1,4.508638306165727,Inactive
FC(F)(F)c1cccc([Se]Cc2cn(-c3ccccc3)nn2)c1,5.267606240177032,Active
CNc1nc(N)nc(N/N=C/c2ccc([N+](=O)[O-])o2)n1,6.1249387366083,Active
COc1cc(C(=N)N)cc2cc(CCCCCc3cc4cc(C(=N)N)cc(OC)c4o3)oc12,5.747146969020107,Active
Cc1c(N=C(N)N)ccc(-c2ccc(-c3ccc(N=C(N)N)c(C)c3C)o2)c1C,5.568636235841013,Active
OC[C@H]1O[C@@H](n2cnc3c(NC4CCCCC4)nc(NC4CCCC4)nc32)[C@H](O)[C@@H]1O,5.950781977329818,Active
CCCCNc1nc2ccccc2nc1S(C)(=O)=O,4.804100347590766,Inactive
Nc1ncnn2c([C@@H]3O[C@H](CO)[C@@H](O)[C@H]3O)cc(-c3ccc(Cl)cc3)c12,6.267606240177032,Active
CCc1cc(C(=O)Nc2nccn2-c2ccccc2)cs1,5.388587392680557,Active
CN(C)c1nccn2c(-c3cnn(C)c3)c(-c3ccc(F)cc3)nc12,5.585026652029182,Active
Cc1nc[nH]c1CN(C)CC1CCCN(CCc2ccc(Cl)cc2)C1,5.105707757691664,Active
CNc1nc(NCc2ccccc2)nc2ccccc12,6.045757490560675,Active
CS/C(=C/[N+](=O)[O-])NC1CCCCC1,4.6595558851598815,Inactive
Oc1ccc(O)cc1,4.710857164067667,Inactive
CN(C)C(=O)N1CCC(NC(c2ccc(Cl)cc2)c2cccnc2)CC1,6.769551078621726,Active
O=c1oc2cc(O)cc(O)c2cc1-c1ccccc1,5.211124884224583,Active
Cc1cc(C(=O)N2CCN(C(c3cccnc3)c3ccc(Cl)cc3F)CC2)no1,7.177178354696896,Active
Cc1ccccc1CNC(=O)CN(Cc1ccccn1)Cc1ccccn1,5.200000237109354,Active
COC(=O)[C@H](CCSC)NC(=S)c1sc(SC(C)C)c(C#N)c1-c1ccc(Cl)cc1,4.823908740944319,Inactive
O=C(c1ccccc1O)N1CCN(c2cnccn2)CC1,4.230622673923861,Inactive
Clc1ccc(NCc2cncn2Cc2ccc(-c3ccccc3)cc2Cl)cc1,7.079876673709276,Active
CC(C)(C)OC(=O)N[C@H]1Cc2ccc(cc2)Oc2ccc(cc2)C(=O)CNC(=O)[C@H](Cc2ccccc2)NC1=O,4.823908740944319,Inactive
N#CC(C#N)=Cc1cn([C@H]2C[C@H](O)[C@@H](CO)O2)c(=O)[nH]c1=O,5.823908740944319,Active
CCOC(=O)c1ccc(C#CC2(O)CN3CCC2CC3)cc1,4.542118103266008,Inactive
CCCCCCCn1cc(CN2C(=O)CN(/N=C/c3ccc([N+](=O)[O-])o3)C2=O)nn1,6.552841968657781,Active
O=[N+]([O-])c1cn2c(n1)OC[C@H](OCc1ccc(-c3ccc(OC(F)(F)F)cc3F)cn1)C2,6.2076083105017466,Active
COc1cc2c(N3CCCCC3)nc(NCc3ccc(C(F)(F)F)cc3)nc2cc1O,5.050122295963125,Active
c1ccc2[nH]c(-c3ccc(N4CCCC4)nc3)nc2c1,6.0,Active
O=C(/C=C/c1ccc2ccccc2n1)N1CCOCC1,4.886056647693163,Inactive
CCCCC(=O)c1ccc(OC)c(OC2CCOCC2)c1,5.6777807052660805,Active
CC(=O)[C@H]1CC[C@@H]2[C@@H]3CC[C@@H]4C[C@](C)(O)CC[C@]4(C)[C@H]3CC[C@@]12C,4.187353983766881,Inactive
COc1ccc(-c2cc(=O)[nH]c3c([N+](=O)[O-])cccc23)cc1,4.552841968657781,Inactive
Brc1ccccc1/C=N/Nc1ncnc2sc3c(c12)CCCC3,5.886056647693163,Active
N#Cc1ccc(C(=O)N2CCCC(c3cc4ncccc4[nH]3)C2)cc1,4.591012707594156,Inactive
O=C1C=C(c2ccc(C(F)(F)F)cc2)C(=O)c2ccccc21,3.474695990041761,Inactive
Clc1ccc(C(c2cccnc2)c2cccs2)cc1,7.769551078621726,Active
CC(C)CC(=O)NC1CCN(C(c2ccc(C(F)(F)F)cc2)c2cnccn2)CC1,6.552841968657781,Active
Nc1ncnc2c1c(-c1ccc(F)c(F)c1)nn2[C@@H]1O[C@H](CO)[C@@H](O)[C@H]1O,5.372634143407267,Active
Clc1ccc(Cl)c(CO[C@H]2CCCC[C@@H]2n2ccnc2)c1,4.789681480173768,Inactive
CC(C)Oc1cc(NC(=N)c2ccccn2)ccc1-c1ccc(-c2cncnc2)o1,5.958607314841775,Active
CCC(=O)CCCCCC(NCc1ccncc1)c1ncc(-c2ccc3ccccc3c2)[nH]1,7.229147988357855,Active
CC1(COc2ccc(Oc3ccccc3)cc2)Cn2cc([N+](=O)[O-])nc2S1(=O)=O,6.337242168318426,Active
Cc1sc(-c2cc[n+](C)cc2)cc1C1=C(c2cc(-c3cc[n+](C)cc3)sc2C)CCC1,4.636388020107856,Inactive
O=S(=O)(Nc1cccc2cccnc12)c1cc(F)cc(F)c1,5.673664139071248,Active
Cn1cc(C(=O)Nc2nc3ccc(C#N)cc3n2CC(F)(F)F)cn1,4.1938200260161125,Inactive
Clc1ccc(Nc2nc(-c3cnccn3)cs2)nc1,4.425968732272281,Inactive
CC1(COc2ccc(Oc3ccccc3)cc2)Cn2cc([N+](=O)[O-])nc2S1,6.853871964321762,Active
O=S(=O)(Nc1ccc([Se][Se]c2ccc(NS(=O)(=O)c3ccc(F)cc3)cc2)cc1)c1ccc(F)cc1,5.670602120638957,Active
Cc1cc(C)n(-c2nc(NC(C)C)nc(NC(C)(C)C)n2)n1,5.347128299810383,Active
O=C1OC(c2ccc(Cl)cc2)(c2cccnc2)c2ccccc21,6.638272163982407,Active
O=C(CSc1nnc(-c2ccc3c(c2)OCO3)o1)N(Cc1ccco1)CC(F)(F)F,5.100000128334196,Active
CCCC1(C/C=C(/C)CCC=C(C)C)C(=O)SC(C)C1=O,4.920818753952375,Inactive
CC/C(=N\Nc1nc(-c2ccc([N+](=O)[O-])cc2)cs1)c1cccc(Br)c1,4.221848749616356,Inactive
COc1ccc(/C=N/NC(=O)CN2CCc3sccc3C2)c(OC)c1,3.1323852187761645,Inactive
CN(C)CCOc1ccc(N2CCN(S(=O)(=O)c3ccc(Cl)cc3)CC2)cc1,6.199998172182031,Active
C=C(c1nc(-c2ccccc2)no1)C1(O)C(=O)N(Cc2ccccc2)c2ccccc21,4.97387548325455,Inactive
C=CCc1ccc(Oc2ccnc3cc(Cl)ccc23)c(OC)c1,5.531652669587842,Active
Nc1ncnc2c1c(-c1ccc(F)c(Cl)c1)nn2[C@@H]1O[C@H](CO)[C@@H](O)[C@H]1O,5.33161408331,Active
O=C(c1ccc(Nc2nc(NCCCO)c3ccccc3n2)cc1)N1CCOCC1,4.657577319177793,Inactive
O=C(Nc1c(O)cccc1-c1nc2c(C(=O)O)cccc2o1)c1cc(-c2ccccc2)on1,6.1249387366083,Active
OC(c1cncnc1)(c1ccccn1)c1ccccc1Cl,5.134896025358872,Active
CN(C)c1ccc([Se]C#N)cc1,5.2207643683241365,Active
Cc1nc(C2(O)CCCNCC2)sc1CCOc1ccccc1F,4.805892809202447,Inactive
C=C(c1nc(-c2ccccc2)no1)C(O)c1ccccc1Cl,4.590066876668706,Inactive
CCCCCCCC/C=C/CCCCCCCC1=C(C)C(=O)c2ccccc2C1=O,4.486782399932061,Inactive
C[C@@H](CCCN=C=S)[C@H]1CC[C@H]2[C@@H]3[C@H](O)C[C@@H]4C[C@H](O)CC[C@]4(C)[C@H]3CC[C@]12C,5.823908740944319,Active
O=c1nc(NCCCNCc2cc(Br)cc(Br)c2)[nH]c2ccsc12,4.981699036303888,Inactive
CC(C)c1cc2c(cc1[N+](=O)[O-])[C@@]1(C)CCC[C@@](C)(CNC(=O)c3ccccc3)[C@@H]1CC2,5.142667503568732,Active
COC1=C(C(C)C)C(=O)C=C(COC(Cn2cncn2)c2ccc(F)cc2F)C1=O,6.522878745280337,Active
C=CCc1cc(Oc2ccccc2)ccc1OCCSC#N,4.221848749616356,Inactive
O=C(Nc1cccnc1)c1ccc(CNS(=O)(=O)c2ccc(N3CCNCC3)cc2)cc1,4.161150909262744,Inactive
O=[N+]([O-])c1nccn1CCCN(Cc1cccc(C(F)(F)F)c1)Cc1cccc(C(F)(F)F)c1,5.095825631715837,Active
CC(C)(CO)NCC1=C(O)C(=O)c2ccccc2C1=O,3.431798275933005,Inactive
O=S(=O)(c1ccc(-c2ccc3nccc(NCCC4CCOCC4)c3c2)cc1)N1CCOCC1,5.327902142064283,Active
COc1ncc(-c2ccc3nccc(-c4ccncc4)c3c2)cc1NS(=O)(=O)C1CC1,5.8554896181331,Active
O=C(O)[C@H]1CCCN1C(=O)CCS,4.739928612014925,Inactive
CCCCCCCC[C@@H]1CCCc2[nH]c(C)c(OC)c(=O)c21,6.309803919971486,Active
O=[N+]([O-])c1ccc([C@@H]2C[C@H]3Cc4ccccc4N2O3)o1,3.971428747307463,Inactive
O=c1c2nc([N+](=O)[O-])cn2ccn1Cc1ccc(OC(F)(F)F)cc1,6.823908740944319,Active
O=C1C(O)=C(C(Sc2ccc(F)cc2)c2ccccc2)C(=O)c2ccccc21,4.600326278518962,Inactive
C=CCc1ccc(OCCCC)c(OC)c1,3.641988967667906,Inactive
CC(=O)C(=C/C=C/c1ccc(Br)cc1)C(C)=O,5.019996628416254,Active
CC1(C)CCC2=C(O1)c1ccccc1C(=O)C2=O,6.045757490560675,Active
c1cc(-c2ccc3ncnc(Nc4nccnn4)c3c2)cc(N2CCOCC2)c1,5.050609993355087,Active
COC(=O)[C@@H](N)Cc1ccc(O)cc1,2.7585780482880047,Inactive
CC(C)(C)OC(=O)N1CCN(C(c2ccc(Cl)cc2)c2cncnc2)CC1,6.886056647693163,Active
Cc1cccc([Se]C2CC3=C(OC2(C)C)c2ccccc2C(=O)C3=O)c1,2.775259809939456,Inactive
CCCCCCCCC1(C)SC(O)=C(CC)C1=O,3.7825160557860937,Inactive
COc1ccc(/C=C(\C)C(=O)/C=C/c2ccc(F)cc2)cc1,4.714442690992226,Inactive
COC(=O)c1ccc(N)c(C#CC2(O)CN3CCC2CC3)c1,4.347753658996677,Inactive
CC(C)Nc1nc(NNC(=O)c2cc3c([nH]c4ccccc43)c(-c3ccccc3)n2)nc(NC(C)C)n1,4.442492798094342,Inactive
O=C(NC(c1ccc(C(F)(F)F)cc1)c1cnccn1)C1CCCCC1,5.804100347590766,Active
CC(C)(C)OC(=O)N1CCN(C(c2ccc(Cl)cc2)c2cccnc2)CC1,7.568636235841013,Active
c1cc(COc2ccc(C3=NCCN3)cc2)ccc1COc1ccc(C2=NCCN2)cc1,5.721246399047171,Active
CN1CCN(S(=O)(=O)Nc2ccc(CN3CCN(C(=O)c4cccc(Cl)c4)CC3)cc2)CC1,4.800000052738446,Inactive
CNc1cc(Cn2c(C(=O)c3cc(C)cc(Cl)c3)c(C(C)C)c(=O)[nH]c2=O)ccn1,4.788587489861347,Inactive
COC(=O)c1ccc(NCc2cncn2Cc2cccc(F)c2)cc1-c1ccccc1,6.823908740944319,Active
O/N=C(\c1ccc(Cl)cc1)c1ccccc1Cl,4.333950261519484,Inactive
Nc1cc(/C=C/c2ccccc2)nc2ccccc12,6.301029995663981,Active
OC1(Cc2ccccc2)c2ccccc2C2=NCCCN21,3.7910214827237465,Inactive
CC(C)=CCC/C(C)=C/CC/C(C)=C\Cn1cc(C(C)(C)O)nn1,4.197910742118268,Inactive
N=C1NC[C@H](CCCCN2CCNC2=N)N1,5.318758762624412,Active
CC(C)S(=O)(=O)N1CCN(C(c2ccc(Cl)cc2)c2cccnc2)CC1,7.552841968657781,Active
O=S(=O)(Nc1ccc2[nH]ncc2c1)c1ccc(F)cc1,4.184422251675732,Inactive
COc1ccc(-c2cccc3c2OC(CN)C3)cc1F,4.63519319331682,Inactive
O=C(CN1C(=O)N(Cc2ccccc2)C2(CCCCc3ccccc32)C1=O)NO,6.305394801066432,Active
CC(C)NC(=N)c1ccc(OCc2ccccc2COc2ccc(C(=N)NC(C)C)cc2)cc1,4.931814138253839,Inactive
C=C(c1nc(-c2ccccc2)no1)C(O)c1cccnc1,5.657577319177793,Active
COC(=O)c1ccc(NCc2cncn2Cc2cccc(N)c2)cc1-c1ccccc1,6.886056647693163,Active
O=c1[nH]c(-c2ccc(Cl)cc2)nc2ccccc12,4.675408914239074,Inactive
COc1ccc(/C(=N/c2ccccc2)Nc2ccc(O)cc2)cc1,5.600326278518962,Active
O=[N+]([O-])c1cn2c(n1)OC[C@H](OCc1ccc(-c3ccc(C(F)(F)F)cc3Cl)cn1)C2,6.173925197299173,Active
COc1ccc(C(=O)/C=C/c2cc(OC)c(OC)c(OC)c2)c(O)c1,4.5139948136377575,Inactive
NCCNc1nc(-c2ccc(F)cc2)nc2ccccc12,4.6020599913279625,Inactive
COc1ccc(NS(=O)(=O)c2cccc(NC(=O)c3cc(F)cc(F)c3)c2)cc1,6.299997602857746,Active
Cc1cc(O)c(C(=O)Nc2ccccc2)c(=O)n1Cc1cccc(Cl)c1Cl,4.259637310505756,Inactive
Cc1ccccc1C(=O)Nc1cc(Cl)ccn1,3.774690718274137,Inactive
COCc1ccccc1Sc1ccc(N2CCCC2=O)cc1C#N,5.200000237109354,Active
O=[N+]([O-])c1cn2c(n1)[S+]([O-])CC(OCc1ccc(OC(F)(F)F)cc1)C2,5.275724130399211,Active
Cc1cc(C)c(Oc2nc(N)nc(Nc3cccc(C#N)c3)n2)c(C)c1,5.345823458122039,Active
CC(C)=CCCC1(C)C=Cc2c(ccc(C(=O)/C=C/c3cc(C=O)ccc3O)c2O)O1,4.97061622231479,Inactive
CN(C)CCCN(C)c1c(N)c(=O)c1=O,4.402304814074488,Inactive
CNc1nc(C#N)nc2c1ncn2[C@@H]1O[C@H](C)[C@@H](O)[C@H]1O,4.346787486224656,Inactive
c1ccc(-c2ccc(Cn3cncc3CNc3ccc(-c4ccc[nH]4)c(-c4ccccc4)c3)cc2)cc1,7.0,Active
CC1(C)OC2=C(C(=O)C(=O)c3ccccc32)C1Sc1ccccc1,4.490797477668897,Inactive
CCCCCCCCCCCCC/C=C1/CCC[C@@H](NCc2ccccc2)[C@@H]1NCCCCCC,4.809668301829708,Inactive
O=S1(=O)CCCN1C1CCN(C(c2ccc(Cl)cc2)c2cccnc2)CC1,7.769551078621726,Active
c1ccc2c(CNc3ccc4nccnc4c3)ccnc2c1,4.468521082957745,Inactive
CN(C)CC(=O)O/N=C(\N)c1ccc(-c2cccc(-c3ccc(/C(N)=N\OC(=O)CN(C)C)cn3)c2)nc1,4.140861702705469,Inactive
O=C(Nc1c(O)cccc1-c1nc2c(C(=O)O)cccc2o1)c1ccccc1O,6.070581074285707,Active
[O-][n+]1onc2ccc(/C=C/[S+]([O-])c3ccc(F)cc3)cc21,5.271646217978772,Active
Nc1ncnc2c1ccn2[C@@H]1O[C@H](CO)[C@@H](O)[C@H]1O,6.468521082957745,Active
COc1cc(OCC=C(C)C)ccc1C(=O)/C=C/c1ccccc1,4.823908740944319,Inactive
CC1(COc2ccc(Oc3ccccc3)cc2)Cn2cc([N+](=O)[O-])nc2[S+]1[O-],4.314258261397736,Inactive
CC1=C(C(=O)Nc2ccccc2)S(=O)(=O)CCO1,4.186265601155779,Inactive
O=S(=O)(/C=C\c1ccc2no[n+]([O-])c2c1)c1ccc(F)cc1,5.552841968657781,Active
Cc1cc2cc(NS(=O)(=O)c3ccc(Cl)cc3)ccc2[nH]1,4.739928612014925,Inactive
COc1ccc(C(=O)Nc2c(O)c3ccccc3n(C)c2=O)cc1,4.958607314841775,Inactive
O=C(C(c1ccc(Cl)cc1)c1cccnc1)N1CCN(c2ccc(C(F)(F)F)cc2)CC1,8.154901959985743,Active
CCCn1c(NC(=O)Cc2ccc(Cl)cc2)nc2c(Br)cccc21,5.0,Active
O=C(Nc1nc2cc(F)ccc2n1C1CCOCC1)c1cccnc1,5.070581074285707,Active
COc1cccc(-c2csc(Nc3ccc(Cl)cn3)n2)n1,4.167491087293763,Inactive
CCOC1CC[C@H]2CC3=C(O[C@H]2O1)c1ccccc1C(=O)C3=O,3.480303232840147,Inactive
N=C(N/N=C/c1ccc(O)cc1)SCc1ccc2no[n+]([O-])c2c1,5.167491087293763,Active
Cc1nnc(SCC(=O)N2c3ccccc3CC2C)n1-c1ccccc1,4.431484288914204,Inactive
O=[N+]([O-])c1ncn(CCCCNS(=O)(=O)c2ccc(C(F)(F)F)cc2)n1,5.108462542327436,Active
CC1(COc2ccc(-c3ccc(F)cc3)cc2)CCn2cc([N+](=O)[O-])nc2O1,6.455931955649724,Active
Clc1ccc(C(c2c[nH]cc2-c2ccc(Cl)cc2-c2cccs2)n2ccnc2)c(Cl)c1,5.555955204081924,Active
OC(c1ccccc1)(c1cncnc1)c1ccccc1Cl,5.600326278518962,Active
O=C(NCCCn1cnc([N+](=O)[O-])n1)c1ccc2ccccc2n1,4.700274846024363,Inactive
c1cc(-c2ccc3ncnc(Nc4ncco4)c3c2)cc(N2CCOCC2)c1,7.221848749616356,Active
Cc1cc(C(=O)Nc2nc3ccc(C#N)cc3n2CC(F)(F)F)[nH]n1,4.443697499232712,Inactive
Oc1cc(C2=NCCN2)cc2cc(-c3ccc(C4=NCCN4)cc3)oc12,5.130768280269024,Active
O=c1cc(Oc2ccccc2C(F)(F)F)c2cccc([N+](=O)[O-])c2[nH]1,5.0,Active
O=C(C1CC1)N1CCC(NC(c2ccc(C(F)(F)F)cc2)c2cnccn2)CC1,6.255707016877324,Active
N=C(N)c1ccc(-c2cc(Cl)cc(-c3cccc(C(=N)N)c3)c2)cc1,4.33161408331,Inactive
COc1ccc(CN(CCc2ccc(Br)cc2)Cc2ccc(C(C)(C)C)cc2)cc1O,4.320572103387881,Inactive
N#CC1(NC(=O)[C@H](Cc2c[nH]c3ccccc23)N[C@H](c2ccccc2)C(F)(F)F)CC1,4.939302159646388,Inactive
CC(C)CC(NC(=O)OCc1ccccc1)C(=O)N[C@@H](CCCNC(=N)N)C(=O)c1nc2ccccc2s1,4.434152181326482,Inactive
CCCCCCCCCCCC[N+](C)(C)CCCN(C)c1c(O)c(=O)c1=O,4.480172006224281,Inactive
CC(=O)N1N=C(c2ccc(C)cc2)OC1c1ccc([N+](=O)[O-])s1,4.940436582098732,Inactive
O=C1c2ccccc2C(=O)N1Nc1nc(-c2cccc([N+](=O)[O-])c2)cs1,4.172953982995266,Inactive
COC(=O)c1c(C(F)(F)F)[n+]([O-])c2ccc(C(F)(F)F)cc2[n+]1[O-],5.301029995663981,Active
O=C(N/N=C/c1ccccc1O)c1ccc2ccccc2c1,4.031517051446065,Inactive
COC(=O)/C(C#N)=C/c1ccc(/C=C/c2ccccn2)cc1,4.522878745280337,Inactive
Cc1nc2c(-c3cccs3)c(C)nn2c(NCCO)c1C,4.499999953328896,Inactive
Cc1ccc(S/C=C\c2ccc3no[n+]([O-])c3c2)cc1,5.381951903287908,Active
COc1ccc(C2CCC3=C(O2)c2ccccc2C(=O)C3=O)cc1,3.915781313260761,Inactive
O=C(Nc1cccc(S(=O)(=O)N2CCOCC2)c1)c1ccc([N+](=O)[O-])o1,6.045757490560675,Active
CCCCCCCCCCCCCCCCNCC(P(=O)(O)O)P(=O)(O)O,5.659754238432068,Active
O=C(O)C1CCCCC1C(=O)Nc1ccc([Se][Se]c2ccc(NC(=O)C3CCCCC3C(=O)O)cc2)cc1,5.692503962086787,Active
C=C1C(=O)O[C@@H](/C=C(\C)C=O)[C@@H]1[C@H](/C=C(/C)C(C)=O)OC(=O)/C(C)=C\C,4.94692155651658,Inactive
COc1ccc(C(=O)/C=C/c2ccccc2O)c(OC)c1OC,5.031517051446065,Active
CC(=O)Nc1cnc2[nH]c(=O)n(CCC3CCCCC3)c(=O)c2c1,5.638272163982407,Active
O=[N+]([O-])c1cn2c(n1)OC(COc1ccc(-c3ccc(OC(F)(F)F)cc3)cn1)C2,5.0,Active
CC1(C)C=Cc2c(ccc(C(=O)/C=C/c3ccc(OCCN4CCCCC4)cc3)c2O)O1,4.752026733638194,Inactive
CCCC[C@@]12CC[C@H]3[C@H](C)CC[C@H]4CC(=O)O[C@H](O1)[C@]43OO2,3.58838029403677,Inactive
CN(Cc1ccc(C(N)=O)cc1)C(c1ccc(F)cc1)c1cccnc1,6.699991797446187,Active
COCCn1c(NC(=O)c2ccc(C(F)(F)F)nc2)nc2ccc(C#N)cc21,4.1938200260161125,Inactive
CCN1C(=O)C2(OCC=C2c2nc(-c3ccccc3)no2)c2ccccc21,4.931443104927637,Inactive
O=c1ccn(C2CC(F)C(CO[Si](c3ccccc3)(c3ccccc3)c3ccccc3)O2)c(=O)[nH]1,4.075720713938118,Inactive
COc1ccc(CC(=O)Nc2nnc(S(N)(=O)=O)s2)cc1,5.302770657240282,Active
O=[N+]([O-])c1cn2c(n1)[S+]([O-])CC(Oc1ccc(C(F)(F)F)cn1)C2,4.568636235841013,Inactive
COc1ccc(CN(CCc2ccccc2)Cc2ccccc2)cc1O,4.426896216836009,Inactive
CCOc1cc(Cl)c(C(C)NC(=O)c2cccc(OC)c2)cc1OCC,4.727905554408268,Inactive
Cc1cc(Nc2ccc(C#N)c(Cl)c2C)[nH]n1,4.455489572917927,Inactive
c1ccc(-c2ccc(C(c3ccccc3)n3ccnc3)cc2)cc1,5.261219441515631,Active
COc1cc(C(=O)Nc2c(OS(=O)(=O)c3cccs3)c3ccccc3n(C)c2=O)cc(OC)c1OC,4.853871964321762,Inactive
O=C1C=C(Br)C(=O)c2ccccc21,5.863279432843593,Active
CC(=O)OC[C@@]1(C)CCC[C@]2(C)c3cc(O)c(C(C)C)cc3C(=O)C[C@@H]12,4.586700235918748,Inactive
COC(=O)C(N)Cc1c[nH]c2ccccc12,4.739928612014925,Inactive
O=[N+]([O-])c1cc(C(F)(F)F)cc([N+](=O)[O-])c1Nc1ccccc1O,5.958607314841775,Active
CC1=C(C(=O)Nc2ccc(C(=O)NC(CCC(=O)O)C(=O)O)cc2)C(c2ccccc2)NC(=O)N1,5.235077015350112,Active
O=C(Cn1cnc([N+](=O)[O-])n1)N1CCN(C(c2ccccc2)c2ccc(Cl)cc2)CC1,7.136677139879544,Active
CC(C)=CCC/C(C)=C/CC/C(C)=C/CNCCN,4.774690718274137,Inactive
COc1ccccc1C(=O)c1cnc(NC2CCN(C(=O)Cc3ccc(F)cc3F)CC2)nc1,5.200000237109354,Active
C[C@@H]1CC[C@H]2C(C)(C=O)O[C@@H]3O[C@@]4(C)CC[C@@H]1[C@]32OO4,5.274905478918531,Active
COc1ccc(OC)c(/C=C2\Oc3cc(OCCCN4CCCC4)ccc3C2=O)c1,5.356547323513812,Active
Cc1c(-c2ccccn2)coc1C(=O)Nc1ccc2c(c1)B(O)OC2,6.301029995663981,Active
O=[N+]([O-])c1cccc(-c2cc(Cn3ccnc3[N+](=O)[O-])on2)c1,4.454692883534176,Inactive
O=C(N/N=C/c1ccc([N+](=O)[O-])s1)c1ccc(Cl)cc1,5.8996294548824375,Active
O=C(NC1CCN(C(c2cncnc2)c2ccc(Cl)cc2F)CC1)c1ccccc1,7.657577319177793,Active
CN(C)c1ccc(-c2nc3ccccn3c2NC2CCCC2)cc1,5.102372908709558,Active
O=[N+]([O-])c1ccc2nc(N3CCCCC3)sc2c1,5.221848749616356,Active
Cc1nnsc1C(=O)N/N=C/c1ccc([N+](=O)[O-])o1,4.744486287180466,Inactive
CC(C)(C)C(=O)N1CCN(C(c2cncnc2)c2ccc(Cl)cc2F)CC1,7.09285746899686,Active
COc1ccc(/C=C2\CCC/C(=C\c3c(Cl)cccc3Cl)C2=O)cc1,5.2839966563652006,Active
Cn1nc2c(c1C(=O)NCc1ccccc1)CN(Cc1c[nH]c3ccccc13)CC2,4.774690718274137,Inactive
Cn1nc([N+](=O)[O-])nc1Oc1ccc(C(=O)c2ccccc2)cc1,6.599997654072044,Active
C=CCc1ccc(OC(=O)Cc2ccccc2)c(OC)c1,4.671212799645465,Inactive
O=C(Nc1nc2ccc(Cl)cc2s1)C1CCOC1,5.356547323513812,Active
Nc1ncnc2c1c(Br)nn2[C@@H]1O[C@H](CO)[C@@H](F)[C@H]1O,5.97469413473523,Active
COc1ccc(CN2CCN(Cc3ccc(OC)cc3)C2c2ccc(Cl)c(Cl)c2)cc1,4.795880017344075,Inactive
O=C(N[C@@H](Cc1ccccc1)C(=O)Nc1cnoc1)OCc1ccccc1,4.811071516239147,Inactive
c1ccc(OCCCCOc2cccc(-c3cc4cc(C5=NCCN5)ccc4o3)c2)cc1,4.920818753952375,Inactive
COc1ccccc1CN1CCCC(C(=O)N(C)Cc2ccccc2)C1,4.966576244513051,Inactive
CC(C)=CCC/C(C)=C/Cn1cc(COc2ccccc2O)nn1,4.284832642151542,Inactive
CC1(CNC(=O)OCc2ccc(OC(F)(F)F)cc2)CCn2cc([N+](=O)[O-])nc2O1,6.795880017344075,Active
O=[N+]([O-])c1nccn1CCCNCc1cc(C(F)(F)F)cc(C(F)(F)F)c1,4.611188586526477,Inactive
COc1ccc(OC2=CC(=O)c3cccc(OC)c3C2=O)cc1,4.648590248074561,Inactive
Fc1ccc(C(c2c[nH]c3ccccc23)c2c[nH]c3ccccc23)cc1,4.441291429466834,Inactive
CC(C)CC(Nc1cccnc1)c1ccc(Cl)cc1,6.1938200260161125,Active
Cn1ccnc1C(=O)N1CCC(NC(c2ccc(C(F)(F)F)cc2)c2cccnc2)CC1,7.088842391260023,Active
CNCCCNc1c2ccc(Cl)cc2nc2ccc(OC)cc12,5.454074670644157,Active
COc1cc2c(N3CCCCC3)nc(NCc3ccccc3)nc2cc1OC1CCCC1,5.125518182300533,Active
CCCN(CCC)c1c([N+](=O)[O-])cc(S(=O)(=O)Nc2ccc(OC)cc2)cc1[N+](=O)[O-],4.494850021680094,Inactive
COc1ccc(-c2cc(-c3ccc(C(F)(F)F)cc3)nc3cccnc23)cc1,5.645891560852599,Active
O=[N+]([O-])c1cn2c(n1)S(=O)(=O)CC(OCc1ccc(OCc3ccccc3)cc1)C2,6.455931955649724,Active
Cc1ccc2c(c1)[n+]([O-])c(C#N)c(-c1cccs1)[n+]2[O-],4.8297382846050425,Inactive
Cc1ccnc(Nc2nc(-c3ccccn3)cs2)c1,6.154901959985743,Active
COC(=O)CCCCCNCC1CCN(C(=O)Nc2ccc(COC(C)=O)cc2)C1,4.3872161432802645,Inactive
N#Cc1cnc2cc(C3CCCN(C(=O)c4cc(C(F)(F)F)no4)C3)[nH]c2c1,4.406352466816792,Inactive
CCN(CC)c1ccc2nc3ccc(N4CCSCC4)cc3[o+]c2c1,5.997833938243493,Active
N=C(N)c1cccc(-c2cc3ccc(C(=N)N)cc3o2)c1,4.853871964321762,Inactive
CC(C)Oc1ccc(C(O)(c2ccc(OC(C)C)cc2)c2cccnc2)cc1,7.795880017344075,Active
O=C1C=C(Br)C(=O)C(Cl)=C1Cl,4.8124792791635365,Inactive
O=C(Nc1ccc(-c2cc3ncccc3[nH]2)cc1)c1ccccc1,4.598334482564948,Inactive
Cc1cc(C)c2c(c1Br)CC/C2=N\NC(N)=S,5.2441251443275085,Active
O=[N+]([O-])c1cn2c(n1)OC(COc1ccc(-c3ccc(F)cc3)cc1)CC2,7.200659450546418,Active
C[C@H]1O[C@@H](n2cnc3c(N)nc(NN)nc32)[C@H](O)[C@@H]1O,4.136677139879544,Inactive
OC1(C#Cc2ccc3cc[nH]c3c2)CN2CCC1CC2,4.581698708680254,Inactive
OC[C@H]1O[C@@H](n2ccc3c(Nc4ccccc4)ncnc32)[C@H](O)[C@@H]1O,5.102922996790579,Active
CCN(CC)CCNc1ncnc2c1[nH]c1ccc(Br)cc12,4.765777154551144,Inactive
O=C(CCN1CCN(c2ccc(F)cc2)CC1)c1ccc(Br)cc1,4.305394801066432,Inactive
CCC(C(=O)Nc1ccncc1)c1ccccc1,6.187086643357144,Active
COc1ccc2ncc(F)c(NC(=O)[C@]3(O)CC[C@@H](NCc4ccc5c(c4)OCCO5)CC3)c2n1,4.588587390776056,Inactive
COc1cc(OCC=C(C)C)ccc1C(=O)/C=C/c1ccc(Br)cc1,4.795880017344075,Inactive
O=S(=O)(Cc1ccccc1)NC1CCN(C(c2ccc(C(F)(F)F)cc2)c2cnccn2)CC1,6.508638306165727,Active
c1ccc(Cn2cncc2CNc2cccc(-c3cccnc3)c2)cc1,6.221848749616356,Active
O=[N+]([O-])c1cn2c(n1)SC(COCc1ccc(Oc3ccccc3)cc1)C2,6.2076083105017466,Active
CCOc1ccc(/C=C/c2nc(=O)c3ccccc3o2)cc1,4.748964004972185,Inactive
CN1/C(=C/c2cc[n+](C)c3ccc(Cl)cc23)Sc2ccccc21,7.508638306165727,Active
c1cc(-c2ncc(-c3ccn[nH]3)s2)ccn1,5.0,Active
CC/C(=N\Nc1nc(-c2ccccc2)cs1)c1cccc(Br)c1,4.739999966255497,Inactive
Cc1ccncc1-c1ccc2[nH]c(=O)nc(-c3ccccc3)c2c1,5.048662481204082,Active
Cc1cc(C(=O)NC2CCN(C(c3ccc(C#N)cc3)c3cccnc3)CC2)on1,6.706637445288554,Active
N#Cc1ccc(/C=N/NC(=O)/C(=C/c2cnn(-c3ccccc3)c2)c2ccc(F)cc2)cc1,4.285237921673421,Inactive
Cc1ccsc1C(O)(c1ccc(Cl)cc1)c1cccnc1,7.698970004336019,Active
COC(=O)c1cn(Cc2ccccc2)nn1,4.035740369803151,Inactive
O=C(c1c(F)cccc1F)N1CCC(N(c2ccc(C(F)(F)F)cc2)c2cccnc2)CC1,8.698970004336019,Active
O=c1cc(-c2ccc(O)cc2)oc2cc(O)cc(O)c12,3.167491087293764,Inactive
CCCCCCCCCCC1=CC(=O)c2ccccc2C1=O,5.031517051446065,Active
C=C[C@]1(C)C=C2CC[C@@H]3C(C)(C)CCC[C@@]3(C)[C@@H]2CC1,3.267043630424375,Inactive
O=[N+]([O-])c1cccc2ccc(C(Cl)(Cl)Cl)nc12,4.853871964321762,Inactive
O=C1C(=O)c2ccccc2C2=C1CC(Cn1cc(C3CCCCC3)nn1)O2,3.670602120638957,Inactive
Cc1ccc(OC2=CC(=O)c3ccccc3C2=O)c(C)c1,6.292429823902063,Active
Oc1ccc(Cc2nc3ccccc3c3cc[nH]c23)cc1,3.9211808169011513,Inactive
NC1CCc2nc(-c3ccncc3)nc(Nc3cccc(F)c3)c2C1,5.201180571774974,Active
Cn1c2ccccc2c2nnc(Sc3nc(N4CCCCC4)nc(N4CCCCC4)n3)nc21,5.396855627379818,Active
COc1ccc(-c2cnc(NC(=O)c3ccc(F)cc3)n2-c2ccccc2)cc1,5.214670164989233,Active
CCCCCCOC(=O)C1=C(C)NC(=O)NC1c1ccccc1F,4.735674105167487,Inactive
O=[N+]([O-])c1ccc(/C=N/N=C/c2ccccc2)o1,5.302334837352325,Active
CCCNc1nc2ccc(N)cc2s1,4.008773924307505,Inactive
O=C(Nc1ccc(NC2=NCCN2)cc1)c1ccc(NC2=NCCN2)cc1,5.366531544420414,Active
OC[C@H](O)/C=N/Nc1nc(Nc2ccccc2)nc(N2CCCCC2)n1,5.443697499232712,Active
O=c1[nH]c(=O)n([C@@H]2O[C@H](CO)[C@@H](O)[C@H]2O)cc1-c1cc(-c2ccc(F)cc2)on1,5.832682665251824,Active
OC/C=C/c1cc(-c2ccc(F)cc2)c2cc(Cl)c(F)cc2n1,5.844663962534939,Active
Cc1cc(C(=O)NC2CCN(C(c3ccc(C(F)(F)F)cc3)c3cccnc3)CC2)n(C(C)(C)C)n1,7.8696662315049934,Active
O=C1C(N2CCN(Cc3ccccc3)CC2)=Cc2cccc3cccc1c23,4.578396073130169,Inactive
COC(=O)C1=NN(c2ccccc2)C2C3N(c4ccccc4)N=C(C(=O)OC)N3c3[nH]c(-c4ccccc4)cc3N12,4.488651484509787,Inactive
CN(C)c1c([N+](=O)[O-])cc(C(F)(F)F)cc1[N+](=O)[O-],5.136677139879544,Active
CN(C)C(=O)N1CCN(C(c2cncnc2)c2ccc(Cl)cc2F)CC1,6.318758762624412,Active
O=C(O)CC(C(=O)O)N1CSC(=S)N(CCCCCCN2CN(C(CC(=O)O)C(=O)O)CSC2=S)C1,4.519418213170831,Inactive
CCCCCCCCCCCCCCCCCCCCC/C=C1/C[C@H](CO)OC1=O,5.6777807052660805,Active
CC1(Oc2cncc(Cl)c2)CCN(Cc2cc3ccccc3[nH]2)C1,4.499999953328896,Inactive
CC(C)CC(=O)c1sc(NC2CCCCC2)nc1N,4.300000029139088,Inactive
O=C(O[C@H](Cn1ccnc1)c1ccc(Cl)cc1)c1ccc(-c2ccccc2)cc1,6.251811972993799,Active
COc1ccc(S(=O)(=O)N2c3ccccc3CCC2C)cc1,4.798876102792621,Inactive
Cc1ccc(C)c(-c2csc(Nc3ccc(C)c(C)c3)n2)c1,4.713780952567649,Inactive
N=C(N)c1ccc(-c2cc3ccc(C(=N)N)cc3o2)cc1,5.508638306165727,Active
COc1ccc(CN(CCc2ccccc2)Cc2ccc(C(C)(C)C)cc2)cc1O,4.730954290342377,Inactive
COc1ccc(/C(COc2ccccc2)=N\NC(N)=S)cc1,4.723538195826756,Inactive
O[C@@H]1Cc2ccc3ccccc3c2N[C@H](c2ccc(Cl)cc2Cl)C1,6.0,Active
O=C(NCc1ccc(Cl)cc1)c1ncc2cccnc2c1O,6.299997602857746,Active
Cc1ccsc1[C@@H]1C[C@H](O)Cc2cc(F)ccc2N1,4.204119982655925,Inactive
c1ccc(Nc2n[n+](-c3ccccc3)c(-c3ccc4c(c3)OCO4)s2)cc1,3.9466910188759,Inactive
COc1ccc(/C=C(\C)C(=O)/C=C/c2ccc(/C=C/C(=O)/C(C)=C/c3ccc(OC)cc3)cc2)cc1,4.117475462045119,Inactive
NC(=O)c1ccsc1NC(=O)c1ccc([N+](=O)[O-])s1,7.0,Active
OC(c1ccc(C(F)(F)F)cc1)(c1ccc(C(F)(F)F)cc1)c1cc2ccccc2[nH]1,5.400116927926312,Active
O=S(=O)(c1ccccc1)n1cnc2ccccc21,4.635449004646028,Inactive
Cc1c(C(=O)Nc2ccc3c(c2)B(O)OC3)nnn1-c1ccccn1,5.7447274948966935,Active
N=C1CCN(S(=O)(=O)c2ccc(NC(=O)c3ccc([N+](=O)[O-])o3)cc2)CC1,4.978810700930062,Inactive
C[C@@H]1CC[C@H]2CC(=O)N(CCc3ccccc3)[C@@H]3O[C@@]4(C)CC[C@@H]1[C@@]23OO4,4.490797477668897,Inactive
CCCn1c(NC(=O)CCc2ccccc2)nc2ccccc21,5.301029995663981,Active
O=C1CCCN1c1ccc(Sc2c(Cl)cccc2CO)c(C(F)(F)F)c1,5.899998417198648,Active
CC1(C)OC2=C(C(=O)C(=O)c3ccccc32)C1Sc1ccc(F)cc1,3.7833064008302455,Inactive
COc1ccc2c(c1OC)Cn1cccc1C2(C)CC#N,3.7668261446190567,Inactive
CCCCC1(CCCC)C[C@@H](COCc2cn(CC(O)(Cn3cncn3)c3ccc(F)cc3F)nn2)[C@@](C)(OC)OO1,4.920818753952375,Inactive
Clc1ccc(CNc2nc(NCc3ccccc3)nc3ccccc23)cc1,6.086186147616283,Active
Cn1cncc1CN1CCC2(CC1)COC(Cc1ccccc1)C2,6.499996931948306,Active
Cn1c(CN2CCN(c3ncc(C(F)(F)F)cc3Cl)CC2)nc2ccncc21,6.0,Active
N#Cc1nc(C=Cc2ccccc2)oc1NCc1cccnc1,4.499999953328896,Inactive
O=S(=O)(Nc1cccc2cccnc12)c1cnc(Cl)c(Br)c1,5.647817481888637,Active
COc1cccc(Nc2nc(-c3ccncc3)nc3c2CNCC3)c1,4.779930895563635,Inactive
COc1nc(N[C@H]2CC[C@H](NS(=O)(=O)CC3CCCO3)CC2)nc2[nH]nc(N3CCOCC3)c12,5.288587610228555,Active
CC(=O)NC1CCN(C(c2ccc(C(F)(F)F)cc2)c2cnccn2)CC1,5.841637507904751,Active
O=[N+]([O-])c1ccccc1[C@@H]1C[C@@H]2Cc3ccc4ccccc4c3N1O2,5.853871964321762,Active
Cc1ccc(C(=O)N/N=C/c2ccc([N+](=O)[O-])s2)cc1N,5.649751981665837,Active
COc1c(CO)[nH]c2ccc3c(c2c1=O)[C@@H]1CCC[C@@]3(c2ccccc2)O1,4.832682665251824,Inactive
COc1ccc(OC)c2c(=O)c(Cc3ccccc3)c(C)[nH]c12,6.650004100737144,Active
CC(C)(C)c1ccc(/C=N/Nc2ncnc3sc4c(c23)CCCC4)cc1,4.950781977329818,Inactive
COc1cc(Br)c([C@H]2Oc3ccc(Br)cc3[C@@H]2CO)cc1OC,4.943095148663527,Inactive
CCOc1ccc(C2N(C)c3ccccc3N2C)cc1,5.508845696267052,Active
O=C1CN(/N=C/c2ccc([N+](=O)[O-])o2)C(=O)N1,5.361510743045363,Active
CCC[C@H]1CC[C@@H](n2c(=O)[nH]c3ccc(NC(C)=O)cc3c2=O)CC1,7.698970004336019,Active
O=C(Nc1ccc(C(F)(F)F)cc1)NC1(C(=O)NCc2ccco2)CCCCC1,5.100000128334196,Active
O=[N+]([O-])c1cn2c(n1)OC[C@H](OCc1ccc(-c3ccc(OC(F)(F)F)cc3)nc1)C2,5.3872161432802645,Active
CC1(COc2ccc(C(F)(F)F)cn2)CCn2cc([N+](=O)[O-])nc2O1,6.6777807052660805,Active
O=C(N/N=C/c1ccc([N+](=O)[O-])o1)c1ccc([N+](=O)[O-])c(O)c1,5.00436480540245,Active
CCNC(=O)N1CCN(C(c2cncnc2)c2ccc(Cl)cc2F)CC1,6.537602002101044,Active
O=c1c(-c2ccccc2)coc2cc(O)ccc12,3.94692155651658,Inactive
CCN(CC)CCNc1ccnc2cc(Cl)ccc12,5.197253632702421,Active
COc1cc(/C=C/C(=O)O)ccc1O,3.810818602819263,Inactive
O=S(=O)(Nc1ccc2nccnc2c1)c1ccc(Cl)cc1,4.335358024443875,Inactive
COC(=O)C1(C(=O)OC)Cc2cc3c(cc2C1)C(=O)C(Br)=CC3=O,3.825358807339552,Inactive
COc1cc(C(C)C)c(S(C)(=O)=O)cc1C(=O)N1CCN(c2ccccc2Cl)CC1,4.847128196899122,Inactive
CC1(COc2ccc(-c3ccc(OC(F)(F)F)cc3)nc2)CCn2cc([N+](=O)[O-])nc2O1,6.6020599913279625,Active
Clc1ccc(-n2cc(C3=NCCN3)cn2)cc1Cl,3.527243550682788,Inactive
Cn1ncc2c1C(=O)C1=C(CC(C)(C)O1)C2=O,5.596879478824183,Active
CCC/C=C/CCCOC(=O)c1ccccc1,4.111259039317107,Inactive
COC(=O)c1ccc(C2OC(C)(C)C3CC(=O)C(C)C2C3)cc1,5.309803919971486,Active
CC(=O)C1=NN(c2ccccc2)C2C3N(c4ccccc4)N=C(C(C)=O)N3c3ccccc3N12,4.595679532778269,Inactive
O=C(CCN1CCN(c2ccc([N+](=O)[O-])cc2)CC1)c1ccc(Br)cc1,4.401209493236885,Inactive
Cc1cc(Nc2cccc(F)c2)nc(NCc2ccccc2)n1,6.036712843912673,Active
O=[N+]([O-])c1c(CS(=O)(=O)c2ccccc2)nc2c(-c3ccc(CO)cc3)cc(Cl)cn12,5.823908740944319,Active
CN1CC(=O)N(CC(=O)NO)C(=O)C12C1CC3CC(C1)CC2C3,5.441291429466834,Active
COc1ccc(/C(COc2ccc(Br)cc2)=N\NC(=S)Nc2ccccc2)cc1,4.991399828238082,Inactive
Clc1ccc2c(c1)C[C@@H]1C[C@@H](c3ccc(Br)s3)N2O1,4.714442690992226,Inactive
CC1(C)CCc2c(ccc(CNCc3ccccc3)c2O)O1,4.2839966563652006,Inactive
CCCCCCCCCCCCC/C=C1/CCC[C@H](NCCCC)[C@H]1OC(C)=O,5.040958607678906,Active
CCN(CCNC(=O)[C@@H](N)[C@@H](C)O)Cc1cc(Nc2ccnc3cc(Cl)ccc23)ccc1O,4.815308569182401,Inactive
O=C(NCCc1nc2ncc(Cl)cc2[nH]1)c1ccccc1,4.1938200260161125,Inactive
CCOc1ccc(Nc2c3ccccc3nc3ccccc23)cc1,5.902482399929053,Active
CN(Cc1ccccc1)C(=O)C1CCCN(Cc2ccc([N+](=O)[O-])cc2)C1,5.117475462045119,Active
COc1cccc(NC(=O)c2nnn(Cc3ccc(-n4cccn4)cc3)c2N)c1,6.699991797446187,Active
COc1ccc(CN(CCc2c[nH]c3ccccc23)Cc2ccc(Br)cc2)cc1O,5.005243055412372,Active
FC(F)(F)c1ccc(-c2ccc(CN3C4=NCCN4c4ccccc43)cc2)cc1,5.173601217812382,Active
O=C1/C(=C/c2ccccc2Cl)CCC/C1=C\c1ccccc1Cl,4.494850021680094,Inactive
CNc1nc(Nc2ccc(F)cc2)nc(Oc2c(C)cc(C)cc2C)n1,4.619788758288394,Inactive
CSc1ccc(OCc2ncc([N+](=O)[O-])n2C)cc1,5.920818753952375,Active
Clc1ccc(Nc2nc(-c3ccccn3)cs2)nc1,7.045757490560675,Active
CC(C)(C)C(=O)Nc1nc2ccc(Cl)cc2s1,6.022276394711152,Active
N#Cc1cc(C(F)(F)F)ccc1N1CCC(N(c2ccc(C(F)(F)F)cc2)c2cccnc2)CC1,8.154901959985743,Active
Cc1nc([N+](=O)[O-])cn1CCCNC(=O)c1sc2ccccc2c1Cl,4.492144128304169,Inactive
O=C(N/N=C/c1ccc([N+](=O)[O-])s1)c1ncccn1,5.075204004202088,Active
CS(=O)(=O)N1CCN(C(c2ccc(C#N)cc2)c2cccnc2)CC1,6.437707135543525,Active
CS(=O)(=O)c1ccccc1S(=O)(=O)N(Cc1ccccc1)Cc1ccccc1,4.489999942195333,Inactive
CCCc1ccc(OCC(O)Cn2cc(COc3ccc(Cl)cc3)nn2)c(OC)c1,4.694218848745018,Inactive
CC(C)(C)OC(=O)NC1CCN(C(c2cnccn2)c2ccc(F)cc2F)CC1,6.585026652029182,Active
Cc1ccc(N)cc1C#CC1(O)CN2CCC1CC2,4.54515513999149,Inactive
O=c1c2nc([N+](=O)[O-])cn2ccn1Cc1ccc(-c2ccccc2)cc1,5.332547047110047,Active
N=C(N)c1ccc(COc2ccc(C(=N)N)cc2Cl)cc1,5.539102157243452,Active
COc1cc2c(c(OC(C)=O)c1OC)C(=O)[C@]1(OC)C=C[C@H]2N(c2ccccc2)O1,4.623423042943488,Inactive
Cc1ccc(-c2nn([C@@H]3O[C@H](CO)[C@@H](O)[C@H]3O)c3ncnc(N)c23)cc1,5.752026733638194,Active
C=CCN1C(=O)CS\C1=N/N=C/C=C/c1cccs1,4.698970004336019,Inactive
Fc1ccc(N2CCC(NC(c3cccnc3)c3ccc(Cl)cc3F)CC2)cc1F,7.853871964321762,Active
Cc1ccc(S(=O)(=O)Nc2ccc(CNC3CN(C(=O)c4cccc(Cl)c4)C3)cc2)cc1,4.900000142057633,Inactive
CC(C)(O)c1cc2c(Cl)nccc2[nH]1,4.149966742310231,Inactive
CCCCCCCCCCCCC/C=C1/CCC[C@H](O)[C@H]1NCCCCCC,6.0,Active
CS/C(=C/[N+](=O)[O-])Nc1ccc(Br)cc1,4.481486060122113,Inactive
Cc1ccc(-c2cc(-c3ccc4c(c3)OCO4)no2)cc1,5.7594507517174005,Active
O[C@@H]1Cc2ccccc2N[C@H](c2ccccc2Cl)C1,4.303381540767775,Inactive
Clc1cccc(-n2cc(C3=NCCN3)cn2)c1,4.221848749616356,Inactive
NC(=S)N/N=C/c1cc2c(cc1Br)OCO2,3.6940041172291953,Inactive
O=[N+]([O-])c1ccc(/C=N/N=C/c2ccc([N+](=O)[O-])o2)cc1,6.211124884224583,Active
O=[N+]([O-])c1nccn1CCCCNc1ccnc2cc(Cl)ccc12,4.408267761048164,Inactive
Cc1ccc([C@@H]2C[C@H](O)Cc3cc(Cl)ccc3N2)o1,3.716133651526532,Inactive
N#C[Se]Cc1ccc2ccccc2c1,5.127261172527331,Active
CCOC1O[C@@H]2O[C@]3(C)CC[C@H]4[C@H](C)CC[C@@H]([C@H]1C)C24OO3,4.348721986001856,Inactive
CC1(COc2ccccc2)CCn2cc([N+](=O)[O-])nc2O1,6.229147988357855,Active
COc1ccc(O)c2c1C(=O)C=C(C)C2=O,5.120904120499927,Active
O=C1CSC(c2ccccc2)N1CCCNc1ccnc2cc(Cl)ccc12,5.179798540514359,Active
Cc1ccncc1C(O)(c1ccc(Cl)cc1)c1cncnc1,6.596879478824183,Active
CCCn1c(NC(=O)Cc2ccc(F)cc2)nc2cccnc21,5.886056647693163,Active
O=C(C1CCCCC1)N1CCN(c2nnc(-c3ccccc3)c3ccccc23)CC1,4.455489572917927,Inactive
Nc1ccc(S(=O)(=O)Nc2ncccn2)cc1,4.604324214730064,Inactive
O=C(Cn1cnc([N+](=O)[O-])n1)c1ccc(-c2ccccc2)cc1,6.72584215073632,Active
COc1ccc2nc(Cl)c(SC)nc2c1,4.412289034981089,Inactive
CCc1cccc(CC)c1-n1c(SCC(=O)NC(=O)NCc2ccco2)nnc1-c1cccnc1,4.900000142057633,Inactive
CC(C)c1cc(C(=O)N2CCC(O)(c3cc4ncccc4[nH]3)CC2)on1,4.337784714286838,Inactive
COC1=CC(c2ccc[nH]2)=N/C1=C\Nc1ccc(Oc2ccc(C)cc2)cc1,6.54515513999149,Active
O=C1C=C(Oc2ccc(F)cc2)C(=O)c2cc3ccccc3cc21,5.669586226650809,Active
Fc1ccc(NCc2cncn2Cc2ccc(F)cc2F)cc1,6.450996737974212,Active
NS(=O)(=O)c1nnc(NC(=O)Cc2ccccc2Br)s1,5.513569521145566,Active
Cc1ccccc1-c1nc(=O)[nH]c2ccc(-c3cc[nH]n3)cc12,5.277366077466188,Active
O=C(c1ccccn1)N1CCCC(c2cc3ncccc3[nH]2)C1,4.1938200260161125,Inactive
O=C(Nc1ccc(F)c(-c2nc3ncc(-c4cccnc4F)cc3[nH]2)c1)N1CCCC1,7.017728766960431,Active
c1ccc(-c2ccc(CN3C4=NCCN4c4ccccc43)cc2)cc1,5.470441326978837,Active
COP(=O)(OC)C(Nc1ccccc1)c1ccccc1,4.869833064796229,Inactive
CC(C)c1ccc(NC(=O)OC(Cn2ccnc2)c2ccc(F)cc2)cc1,4.823908740944319,Inactive
COc1cc(Nc2nc(CO)cc(N(C)C)n2)ccc1F,5.100000128334196,Active
N=C(Nc1ccc(NC(=O)c2ccc(NC(=N)c3ccccn3)c(F)c2)cc1F)c1ccccn1,6.275724130399211,Active
COc1ccc(C2=CC(=O)c3ccccc3C2=O)cc1,3.518270803039984,Inactive
CC(C)CC(=O)N1CCN(C(c2ccc(Cl)cc2)c2cncnc2)CC1,6.366531544420414,Active
CCn1ncc2nc(-c3ccccn3)nc(N3CCC(c4ccccn4)C3)c21,5.920818753952375,Active
C=CCOc1cc(OC)c(C(=O)/C=C/c2ccc(Cl)cc2)c(OCC=C)c1,5.0655015487564325,Active
COc1ccc(/C=C(\C)C(=O)/C=C/c2ccccc2F)cc1,4.492144128304169,Inactive
C=CCc1ccc(OCCCCCCC)c(OC)c1,4.29073003902417,Inactive
O=[N+]([O-])c1cn2c(n1)OC[C@H](OCc1ccc(-c3ccc(OC(F)(F)F)cc3Cl)nc1)C2,6.823908740944319,Active
CC1(C)CCc2cc(CNCCc3ccccc3)c3c(c2O1)CCC(C)(C)O3,4.920818753952375,Inactive
Cc1ncnc2c1c(-c1cccc(Cl)n1)cn2[C@@H]1O[C@H](CO)[C@@H](O)[C@H]1O,4.847711655616943,Inactive
Oc1ncnc2[nH]ncc12,5.455311977697322,Active
CCc1nn(CCCN2CCN(c3cccc(Cl)c3)CC2)c(=O)n1CCOc1ccccc1,5.096910013008056,Active
CCC(C)C(=O)c1c(O)c(CC=C(C)C)c(O)c(Cc2c(O)c(C)c(C)oc2=O)c1O,5.318758762624412,Active
C=C(C(=O)Oc1ccccc1C(=O)OC)C(O)c1ccccc1[N+](=O)[O-],5.116338564846382,Active
Nc1ncnn2c([C@@H]3O[C@H](CO)[C@@H](O)[C@H]3O)cc(-c3ccc(Cl)c(F)c3)c12,5.610833915635467,Active
FC(F)(F)c1ccc(N2CCC(NC(c3ccc(Cl)cc3)c3cccnc3)CC2)nc1,7.488116639021126,Active
COc1cc(CC(=O)c2ccccc2C(=O)N2CCCCC2)cc(OC)c1OC,3.7859513205880586,Inactive
O=C(Nc1ccnc(Cl)c1)OCCN1CCOCC1,3.756218083906205,Inactive
C[C@H]1O[C@@H](n2cnc3c(N)nc(F)nc32)[C@H](O)[C@@H]1O,6.055517327849832,Active
COc1cc2c(cc1C(C)NCCCCc1ccccc1)C=CC(C)(C)O2,4.144480844332199,Inactive
Clc1ccc2nc(-c3ccccc3)c(-c3ccccc3)nc2c1,4.55129368009492,Inactive
N=C(N)c1ccc(-c2cc3ccc(C(=N)N)cc3o2)c(O)c1,4.537602002101044,Inactive
Cc1nc(C(=O)NC2CCN(C(c3ccc(C#N)cc3)c3cccnc3)CC2)co1,6.941194513324093,Active
COc1ccc(-c2cnc(NC(=O)c3ccc(F)cc3)[nH]2)cc1,4.42021640338319,Inactive
O=C(Nc1ccn2cc(-c3ccc(F)c(F)c3)nc2c1)N1CCCC1,5.649751981665837,Active
COc1cccc(C(=O)NCCc2csc(-c3ccccc3)n2)c1,5.494850021680094,Active
COc1ccc(C(=O)c2cc3cccc(OC)c3oc2=S)cc1,3.0222763947111524,Inactive
COC(=O)c1ccc(NCc2cncn2Cc2ccc(F)cc2F)cc1-c1ccccc1,7.67778070526608,Active
O=[N+]([O-])c1cn2c(n1)OC(COc1ccc(OC(F)(F)F)cc1)C2,8.301029995663981,Active
Nc1ccc2nc(Nc3ccccc3)sc2c1,4.200659450546418,Inactive
CSCCNC(=O)c1sc(SC(C)C)c(C#N)c1-c1ccc(Cl)cc1,4.886056647693163,Inactive
CCCCCOc1cc(C)c(C)cc1S(=O)(=O)NC1CCCC1,4.920000156997057,Inactive
CCCCC(CC)COC(=O)c1ccc([N+](=O)[O-])cc1,4.939302159646388,Inactive
CN(Cc1ccccc1)Cc1nnnn1C1CCN(Cc2ccc(-n3ccnc3)cc2)CC1,6.499996931948306,Active
O=C(NCCc1csc(-c2ccccc2)n1)C1CCCCC1,6.494850021680094,Active
N=C(N)c1ccc2oc(-c3ccc(OCCCCOc4ccccc4)cc3)cc2c1,6.214670164989233,Active
C=CCc1ccc(OCCCc2cn(Cc3ccc(Cl)cc3)nn2)c(OC)c1,3.0877779434675845,Inactive
COc1cc(C(Nc2ccccc2)P(=O)(OC)OC)cc(OC)c1O,4.869833064796229,Inactive
O=C(c1ccc(O)cc1O)N1CCN(c2cnccn2)CC1,4.6595558851598815,Inactive
O=c1cc(NCCCNC2CCOc3c(I)cc(Cl)cc32)[nH]c2ccccc12,4.70000006855703,Inactive
Nc1ncnc2c1c(-c1ccc(Cl)c(F)c1)cn2[C@@H]1O[C@H](CO)C[C@H]1O,7.1487416512809245,Active
Cc1cc2cc(NS(=O)(=O)c3cccc4ccccc34)ccc2[nH]1,4.924453038607469,Inactive
COc1ccc(N2CCN(CC(=O)Nc3ncc([N+](=O)[O-])s3)CC2)cc1,4.166215625343521,Inactive
CC1(COc2ncc(-c3ccc(F)nc3)cn2)CCn2cc([N+](=O)[O-])nc2O1,5.537602002101044,Active
CC(C)c1n[nH]c2c(NCc3ccccc3)ncnc12,4.163675884293248,Inactive
CC(C)Oc1cccc(C(O)(c2ccc(Cl)cc2)c2cccnc2)c1,7.086186147616283,Active
CC(C)[C@H](NC(=O)OCc1ccccc1)C(=O)N[C@H](C=O)Cc1ccccc1,4.584192272364457,Inactive
CCCCCCCC(=O)/C=C/c1ccc(O)cc1,4.082494490447453,Inactive
O=S(=O)(Nc1ccc([Se][Se]c2ccc(NS(=O)(=O)c3cccs3)cc2)cc1)c1cccs1,5.812479279163537,Active
CC(C)Oc1cc(NC(=N)c2ncccn2)ccc1-c1ccc(-c2ccccc2)o1,6.356547323513812,Active
CC1(COCc2ccc(OC(F)(F)F)cc2)Cn2cc([N+](=O)[O-])nc2S1(=O)=O,6.013228265733755,Active
CC1(c2ccc(NC(c3ccc(F)cc3)c3nnnn3C(C)(C)C)cc2)NC(=O)c2ccccc2N1,5.434152181326482,Active
O=C(Cn1cnc([N+](=O)[O-])n1)NC1CCN(Cc2ccccc2)CC1,3.876148359032914,Inactive
NCCCCNCCCN(Cc1ccc(-c2ccccc2)cc1)Cc1ccc(-c2ccccc2)cc1,5.259637310505756,Active
C=C(C(=O)Oc1ccccc1C(=O)OC)C(O)c1ccncc1,4.622875957653544,Inactive
COc1ccc2c3c([nH]c2c1)[C@H](C=C(C)C)N1C(=O)[C@@H]2CCCN2C(=O)[C@@H]1C3,5.017728766960431,Active
CN(C(=O)Cn1cnc([N+](=O)[O-])n1)c1ccc(C(F)(F)F)cc1,5.812197361281581,Active
N=C(N)Nc1ccc(-c2ccc(-c3ccc(NC(=N)N)cc3Cl)o2)c(Cl)c1,5.207608310501746,Active
c1cc2oc(CCCCc3cc4cc(C5=NCCN5)ccc4o3)cc2cc1C1=NCCN1,5.705533773838407,Active
CCCCCCCCCCCCC/C=C1/CCC[C@H](O)[C@H]1NCCN,5.958607314841775,Active
C/C(=N\N=C1/NC(=O)C(C(C)C)S1)c1ccc(Cl)c(Cl)c1,4.772113295386326,Inactive
O=C(Cn1cnc([N+](=O)[O-])n1)Nc1ccc(Oc2ccccc2)cc1,6.567832730557412,Active
CN1CCN(CCCN2c3ccccc3Sc3ccc(C(F)(F)F)cc32)CC1,4.994390554639719,Inactive
CCSC(=O)OC/C=C(\C)CCC=C(C)C,3.5257837359237447,Inactive
CC1(CNc2ccc(Cl)cc2)CCn2cc([N+](=O)[O-])nc2O1,6.537602002101044,Active
Cc1cc(C)c(Oc2ncnc(Nc3ccc(F)cc3)n2)c(C)c1,4.966576244513051,Inactive
CN1CCC(n2c(NC(=O)c3ccnn3C)nc3ccc(C#N)cc32)CC1,4.468521082957745,Inactive
N#Cc1ccc(N(c2cccnc2)C2CCN(c3ccc(C(F)(F)F)cc3)CC2)cc1,8.522878745280337,Active
Cc1cc2cc(NS(=O)(=O)c3ccc([N+](=O)[O-])cc3)ccc2[nH]1,4.453457336521869,Inactive
CCCCOc1ccccc1C(=O)/C=C/c1cc(OC)cc(OC)c1,5.142667503568732,Active
CCCN(CCC)CC1=C(O)C(=O)c2ccccc2C1=O,3.686976889676762,Inactive
COc1ccc(C2CC(c3ccccc3Cl)=NN2C(=O)CNC(=O)C2CCC2)cc1,5.800000874803203,Active
COc1ccc2oc(-c3csc4ccccc34)c(O)c(=O)c2c1,5.468521082957745,Active
CC(C)(F)CN1CCC(N(c2ccc(C(F)(F)F)cc2)c2cccnc2)CC1,7.823908740944319,Active
CCC(C)NC(=O)c1ccc([N+](=O)[O-])o1,4.638272163982407,Inactive
Cc1cccc(Sc2cc(Cl)cn3c([N+](=O)[O-])c(CS(=O)(=O)c4ccccc4)nc23)c1,5.853871964321762,Active
CS/C(=C/[N+](=O)[O-])Nc1ccc2c(c1)OCCO2,4.208309350979882,Inactive
O=C(N/N=C/c1c(-c2ccccc2)no[n+]1[O-])c1ccco1,5.090443970758825,Active
Cc1n[nH]c(C)c1C(=O)N1CCC(NC(c2ccc(C(F)(F)F)cc2)c2cccnc2)CC1,7.576754126063192,Active
COc1ccc(CNCC2CCN(CC(C)O)CC2)c2ccccc12,5.152547960690766,Active
N=C(N)N/N=C/c1ccc(OCc2ccc3no[n+]([O-])c3c2)cc1,4.417936637088292,Inactive
COc1ccc(CN(C)Cc2ccncc2)cc1-c1ccc(S(=O)(=O)NC2CCC2)s1,4.70000006855703,Inactive
COC(=O)[C@@H]1CCCN1C(=O)CCS,5.238824186844268,Active
Cc1cn([C@@H]2O[C@H](CO)[C@@H](F)[C@H]2O)c2ncnc(N)c12,4.882728704344236,Inactive
CNc1nc(NC)c2ncn([C@@H]3O[C@H](C)[C@@H](O)[C@H]3O)c2n1,3.962573502059376,Inactive
CC(C)(C)/[N+]([O-])=C/c1ccc([N+](=O)[O-])o1,5.624336386039115,Active
Cc1nc(-c2ccccn2)nc(NCCc2ccccc2Cl)c1Cl,5.920818753952375,Active
CCCCCc1cn(C/C=C/c2ccccc2)nn1,4.128427064454121,Inactive
CCNC(=O)c1noc(-c2cc(C(C)C)c(O)cc2O)c1NC(=O)CCN1CCOCC1,4.777283528852417,Inactive
O=c1[nH]c2c([N+](=O)[O-])cc(Cl)cc2cc1Cl,5.207608310501746,Active
COC(=O)c1cc2c([nH]c3ccccc32)c(C)n1,5.045757490560675,Active
CC1(COc2ccc(-c3ccc(OC(F)(F)F)cc3)cc2)Cn2cc([N+](=O)[O-])nc2S1,7.070581074285707,Active
Cc1ccccc1OCC(=O)NCCc1nc2ccccc2[nH]1,5.552841968657781,Active
O=C(N/N=C/c1ccc2no[n+]([O-])c2c1)c1cnn(-c2ccccc2)c1,5.853871964321762,Active
COc1ccc2nc(Cl)c(NCc3ccccc3)nc2c1,4.606424796730413,Inactive
O=C(N/N=C/c1ccc([N+](=O)[O-])o1)c1ccc(OCc2ccc(F)cc2)cc1,6.263603497723357,Active
COCCn1c(-c2ccccc2)cnc1NCc1ccccc1OC,4.849999859991125,Inactive
COc1ccc(-c2cc(-c3ccc(C4NC(=O)c5ccccc5N4)cc3)nc(N)n2)cc1,5.1004530689091325,Active
Cc1[nH]nc(-c2nc3ccccc3[nH]2)c1C(=O)NC1CCCNC1,5.200000237109354,Active
COc1ccc(C2C3CCCCC3(O)CCN2CC(=O)Nc2ccc(Cl)cc2Cl)cc1,5.800000874803203,Active
N=C(N)c1ccc2oc(-c3cccc(OCCCOc4ccccc4)c3)cc2c1,5.468521082957745,Active
CC[C@H](C)C(=O)O[C@H]1C[C@@H](C)C=C2C=C[C@H](C)[C@H](CC[C@@H]3C[C@@H](O)CC(=O)O3)[C@H]21,4.596879478824183,Inactive
O=C(CCn1cnc([N+](=O)[O-])n1)Nc1ccc(Oc2ccc(F)cc2)cc1,5.9299621333922445,Active
C1=C(c2cc3ccccc3o2)C2CCN1CC2,4.212539525481585,Inactive
O=C(N/N=C/c1ccncc1)c1nc2ccccc2[nH]1,3.7657358756212105,Inactive
OCCN1CCN(CCCN2c3ccccc3Sc3ccc(C(F)(F)F)cc32)CC1,4.330776126069194,Inactive
CCCCCCCn1cnc2c3ccccc3c3c(c21)CCC(C)(C)O3,4.00436480540245,Inactive
N[C@@H](Cc1ccc(O)cc1)C(=O)N1CCN(c2cnccn2)CC1,5.481486060122113,Active
N#C/C(=N\Nc1ccccc1)C1=COC(c2cc3ccccc3oc2=O)=CC1C#N,4.847711655616943,Inactive
CC(C)c1ccc2c(c1)CC[C@H]1[C@](C)(CNC(=O)/C=C\C(=O)O)CCC[C@]21C,5.721246399047171,Active
c1ccc(C(c2ccn(-c3ccccc3)c2)n2ccnc2)cc1,4.837734385701978,Inactive
CCC1(C)CC(CCNCc2ccccc2O)(c2ccc(C)cc2)CCO1,5.364492126384054,Active
Cc1ccc2nc(NC(=O)Cn3cnc([N+](=O)[O-])n3)sc2c1,5.744968836654449,Active
COc1ccc2nc(NC(=O)c3ccc(F)cc3)n(C)c2c1,4.356547323513812,Inactive
O=C(OCc1cn(-c2ccc([N+](=O)[O-])cc2)nn1)[C@@H]1CCCN1,3.7227117550789735,Inactive
CCCCCCCCC1CC2=C(O1)c1ccccc1C(=O)C2=O,4.684029654543083,Inactive
CC1(COc2ccc(-c3ccc(F)nc3)cn2)CCn2cc([N+](=O)[O-])nc2O1,6.086186147616283,Active
O=C(NCCO)c1ccc(CBr)c([N+](=O)[O-])c1,4.636388020107856,Inactive
CS(=O)(=O)N1CCC(C(=O)NC(c2ccc(Cl)cc2)c2cccnc2)CC1,5.215382707367125,Active
COc1ccc(OC)c2c1Cn1cccc1C2(C)CC#N,4.027565723042635,Inactive
CCCCN1C(=O)C[C@@H]2CC[C@@H](C)[C@@H]3CC[C@@]4(C)OO[C@@]23[C@H]1O4,4.351639989019068,Inactive
Nc1c(CS(=O)(=O)c2ccccc2)nc2c(Sc3ccc(Cl)cc3)cc(Cl)cn12,4.5003129173815966,Inactive
Cc1c(/C=N/NC(=O)c2ccccc2Nc2ccccc2)no[n+]1[O-],5.244887733604929,Active
O=C(CCn1cnc([N+](=O)[O-])n1)Nc1ccc(Oc2ccccc2)cc1,7.102372908709558,Active
Clc1nc(NCCCCOc2nc(Cl)nc(Nc3ccccc3)n2)nc(Nc2ccccc2)n1,4.986320302708807,Inactive
CCOc1ccc(NC(=O)c2ccc(NC(=O)NC3CCCCC3)cc2)cc1,5.200000237109354,Active
COC(=O)CCCNCCc1ccc(NC(=O)c2ccc(COC(C)=O)cc2)cc1,3.85078088734462,Inactive
N/C(=N\O)c1cccc(-c2cccc(-c3cccc(/C(N)=N\O)c3)c2)c1,4.950781977329818,Inactive
N=C1NCCN1CCCC[C@H]1CNC(=N)N1CCCCC1CCCCC1,5.2839966563652006,Active
Cc1nc(-c2ccc(S(=O)(=O)Nc3ccc(Br)cc3Cl)s2)cs1,4.176525770829699,Inactive
OC[C@H]1O[C@@H](SSCc2ccccc2)[C@H](O)[C@@H](O)[C@H]1O,4.292855811657555,Inactive
C[N+]1(CCOP(=O)([O-])OCCCCC=C2CCCCCCCCCCCCCC2)CCCCC1,5.537602002101044,Active
Clc1c2nc3ccccc3c-2[nH]c2ccccc12,5.173925197299174,Active
COc1cc(-c2noc(CC#N)n2)ccc1OC(F)F,4.447128066056759,Inactive
CCC(=O)CCCCCC(Oc1ccc2ccccc2c1)c1ncc(Cc2ccc3ccccc3c2)[nH]1,4.806875401645539,Inactive
C[N+](C)(C)CCOP(=O)([O-])OCCCCC=C1CCCCCCCCCCCCCC1,5.522878745280337,Active
C/C(=N/Nc1nc(-c2ccc(Cl)cc2)cs1)c1ccccn1,5.638272163982407,Active
COC(=O)CCCNCC1CCN(C(=O)Nc2ccc(COC(C)=O)cc2)C1,4.096910013008056,Inactive
c1ccc(-c2nc(-c3cccc4ccccc34)c[nH]2)cc1,4.449771646944906,Inactive
COc1cc2nc(NCc3ccc(F)cc3)nc(N3CCCCC3)c2cc1OC,4.86359655186601,Inactive
C/C(=N\Nc1nc(-c2ccc(-c3ccccc3)cc2)cs1)c1ccc(Cl)c(Cl)c1Cl,5.064492734175287,Active
COc1cc(/C(N)=N/O)cc(OC)c1OCc1ccc(/C(N)=N/O)cc1,4.467245621007502,Inactive
NCCCN1CCN(CCCN2C(=O)c3ccccc3C2=O)CC1,5.301029995663981,Active
COc1ccc(CN(CCCc2ccccc2)CCc2ccc(Br)cc2)cc1O,4.543482142194737,Inactive
CC(C)(C)/N=C(\S)NCCOc1ccc(Oc2ccccc2)cc1,4.3979400086720375,Inactive
O=C1/C(=C/c2ccc(Br)cc2)CCC/C1=C\c1ccc(Br)cc1,5.376750709602099,Active
O=C(c1ccc(Cl)cc1)c1ccc(OC(=O)N2CCOCC2)cc1,5.300000202445418,Active
CN1CCN(c2ccc(-c3cc(Cn4ccnc4[N+](=O)[O-])on3)cc2)CC1,6.3979400086720375,Active
CC(=O)Nc1ccc2[nH]c(=O)n(C(CC3CCCCC3)C(N)=O)c(=O)c2c1,3.769551078621726,Inactive
Cc1cccc2nc(-c3ccc(C(C)(C)C)cc3)c(NC3CCCCC3)n12,4.87942606879415,Inactive
CN(C)c1ccc(C(=O)N/N=C/c2ccc([N+](=O)[O-])o2)cc1,4.032615851087439,Inactive
C[C@@H]1CC[C@@H]([C@@H](C)CO)[C@@]23C=C[C@@](C)(CC[C@@H]12)OO3,3.881404634776238,Inactive
COc1ccc(-c2cc(-c3cc(OC)c(OC)c(OC)c3)on2)cc1OC,6.3979400086720375,Active
COc1ccc2c(c1)OC(O)(C(F)(F)C(F)(F)F)CC2=O,4.595193299388892,Inactive
FC(F)(F)c1ccc(N(c2cccnc2)C2CCN(Cc3cccc(C(F)(F)F)c3)CC2)cc1,7.42021640338319,Active
O=c1ccn(C2CC(O)C(CNC(c3ccccc3)(c3ccccc3)c3ccccc3)O2)c(=O)[nH]1,4.356547323513812,Inactive
CCC(C)Sc1sc(C(=O)N[C@@H](CCSC)C(=O)OC)c(-c2ccc(Cl)cc2)c1C#N,4.853871964321762,Inactive
N=C(N)c1ccc2oc(Cc3cc4cc(C(=N)N)ccc4o3)cc2c1,5.42021640338319,Active
CN1CCN(c2ccc(-c3cc(-c4ccc(C5NC(=O)c6ccccc6N5)cc4)nc(N)n3)cc2)CC1,5.920818753952375,Active
COc1ccc(C(=O)OCC2CCN(Cc3ccc4c(c3)OCO4)CC2)cc1OC,4.364516253185088,Inactive
Fc1cccc(NC(=S)Nn2c(S)nnc2-c2cnccn2)c1,3.5416643740080525,Inactive
OC(c1ccc(Cl)cc1)(c1ccc(C(F)(F)F)cc1)c1cncnc1,6.705533773838407,Active
COC12CCCCC1C1CCCCC1(O)OO2,5.096910013008056,Active
CCCCCCCCCCC1(C)SC(O)=C(CCCC)C1=O,4.113509274827518,Inactive
O=C(c1ccccc1)N1CCCC(c2cn3ncccc3n2)C1,4.1938200260161125,Inactive
CC(C)Oc1ccc(NC(=N)c2ccccn2)cc1-c1cc(Cl)cc(-c2ccccc2)c1,5.525783735923745,Active
O=C(CCc1nc2ncc(Cl)cc2[nH]1)Nc1cccc(F)c1,4.1938200260161125,Inactive
COc1cc(OC)cc(C(=O)CCn2cnc3ccccc32)c1,4.954677021213342,Inactive
O=C(Nc1ccc(F)c(-c2nc3ncc(-c4cccnc4F)cc3[nH]2)c1)N1CC[C@@H](F)C1,6.275724130399211,Active
COc1ccccc1-c1n[nH]c2nc(NC3(C)CCN(C(=O)Cc4ccc(F)cc4F)CC3)ncc12,5.40000018605658,Active
CN(C)C(=O)C1CCN(C(c2ccc(C(F)(F)F)cc2)c2cnccn2)CC1,5.995678626217358,Active
CN(Cc1ccccc1)C(=O)C1CCCN(Cc2ccc(Br)cc2)C1,5.521433504406157,Active
CCc1ccc(CN2CCC3(CC2)CC(N2CCN(C)CC2)CO3)cc1,5.089052128864716,Active
Cc1cc(N(C)C)nc(NC2CCN(C(=O)Cc3ccc(F)cc3F)CC2)n1,5.499999678657065,Active
O=C(/C=C/c1ccc(O)cc1)c1ccc(Br)cc1,7.522878745280337,Active
Cc1c(-c2ccc(NC(=N)c3ccccn3)cc2)oc(-c2ccc(NC(=N)c3ccccn3)cc2)c1C,6.958607314841775,Active
O=C(c1cncnc1)N1CCCC(c2cc3ncccc3[nH]2)C1,4.1938200260161125,Inactive
Cc1ccc2c(c1)N(C)/C(=C/C=C/c1oc3ccc(C)cc3[n+]1C)S2,8.0,Active
CC(C)=CCC[C@@H](C)[C@@H]1CC[C@]2(C)C3=C(C(=O)C[C@@]12C)[C@@]1(C)CC[C@H](O)C(C)(C)[C@@H]1C[C@H]3O,5.309803919971486,Active
Cc1cc(Sc2c([N+](=O)[O-])cc([N+](=O)[O-])cc2C(F)(F)F)c(Cl)cc1Cl,6.207303710732516,Active
COc1ccc(CCNC(=O)/C=C/C=C/c2ccc3c(c2)OCO3)cc1OC,4.180456064458132,Inactive
CCOC(=O)c1cnc2c(c(C)nn2C)c1Nc1ccc(OC)cc1,4.494171966145164,Inactive
Cn1c([N+](=O)[O-])cnc1-c1nnc(N/N=C/c2ccccc2[N+](=O)[O-])s1,3.1389437554231265,Inactive
O=C(CCCCCCC(=O)Nc1ccccc1)NOCc1ccccc1,6.356547323513812,Active
CN(C)Cc1ccc(-c2ccc(S(=O)(=O)NCC3CCCO3)c(F)c2)cc1,5.700000503883016,Active
COc1cccc2cc(C(=O)c3ccc(Cl)cc3)c(=S)oc12,4.318758762624412,Inactive
COc1ccc(C(O)(c2cncnc2)C2CC2)cc1,4.6790233226571765,Inactive
CNC(=S)N/N=C/c1ccc([N+](=O)[O-])o1,5.301029995663981,Active
C/C(=C\c1ccc([N+](=O)[O-])cc1)C(=O)/C=C/c1ccc(N(C)C)cc1,4.853871964321762,Inactive
COC(=O)c1ccc(-n2cc(C(O)c3cccnc3-c3ccccc3)nn2)cc1,4.018407882785919,Inactive
O=C(Nc1ccc(C(F)(F)F)cc1)Nc1cccc([N+](=O)[O-])c1,5.947127222505795,Active
COc1cc(C(=O)/C=C/c2ccc([N+](=O)[O-])cc2)c(C(C)=O)c2c(OC)cccc12,4.732828271596986,Inactive
C[C@]12CC[C@H](O)C[C@@H]1CC[C@@H]1[C@@H]2CC[C@@]2(C)[C@H]1CC[C@@H]2[C@@](C)(O)c1ccncc1,6.0,Active
C[N+](C)(C)CCOP(=O)([O-])OCCCCCCCCCCCC1CCCCC1,5.075720713938118,Active
O=C(CN1C(=O)N(Cc2ccccc2)C2(CCc3ccccc32)C1=O)NO,5.769551078621726,Active
Fc1ccc(NCc2cncn2Cc2ccc(-c3ccccc3)cc2F)cc1F,7.337242168318426,Active
O=C(Nc1ccc(-c2nccc3c2[nH]c2ccccc23)cc1)c1cccs1,4.823041019413092,Inactive
COc1ccc(-n2c[n+](-c3ccc(OC)cc3)c(Cc3ccccc3)c2-c2ccc(C)cc2)cc1,6.356547323513812,Active
C/C(=N\N=C1/NC(=O)CS1)c1ccncc1,3.1936402381763327,Inactive
Clc1ccc2[nH]c3c[n+](CCOCC[n+]4ccc5c(c4)[nH]c4ccc(Cl)cc45)ccc3c2c1,4.291579099865287,Inactive
O=S(=O)(Nc1nccc2ccccc12)c1ccc(Cl)cc1,4.08196966321512,Inactive
Nc1ncnc2c1c(-c1ccc(F)c(F)c1)cn2[C@@H]1O[C@H](CO)C[C@H]1O,6.481486060122113,Active
CC1(C)OC2=C(C(=O)C(=O)c3ccccc32)C1Nc1ccccc1[N+](=O)[O-],4.254925208417943,Inactive
Cc1cc2c(cc1C)[n+]1nc(C)c(C)cc1c1cccn21,6.292429823902063,Active
O=[N+]([O-])c1cn2c(n1)OC[C@H](OCc1ccc(-c3ccc(OC(F)(F)F)cc3)cn1)C2,6.619788758288394,Active
C=C1C(=O)[C@@]23CC[C@H](C(=C)C)[C@@](C)(CCC(=O)OC)[C@@H]2CC[C@H]1C3,4.782516055786093,Inactive
COc1cc2c(c3oc4cccc(O)c4c(=O)c13)[C@@H]1C=CO[C@@H]1O2,6.886056647693163,Active
C[N+]1(CCOP(=O)([O-])OCCCCCCCCCCC=C2CCCCC2)CCOCC1,5.0835460514500745,Active
CCCCCCCCOC(=O)c1ccc(O)cc1,3.908684840302777,Inactive
c1ccc2cc3c(NCCc4c[nH]cn4)nnc(NCCc4c[nH]cn4)c3cc2c1,4.454692883534176,Inactive
N=C(NOC(=O)Nc1cccc(Cl)c1)c1ccc2nonc2c1,5.295849483160201,Active
CSC[C@H]1O[C@@H](n2cnc3c(N)nc(Cl)nc32)[C@H](OC(C)=O)[C@@H]1OC(C)=O,3.7931741239681513,Inactive
CSC[C@H]1O[C@@H](n2cnc3c(/N=C/N(C)C)nc(F)nc32)[C@H](O)[C@@H]1O,3.9430951486635273,Inactive
O=[N+]([O-])c1cn2c(n1)OC[C@H](OCc1ccc(-c3ccc(OC(F)(F)F)cc3Cl)cc1)C2,6.392544976785332,Active
C=CC1=C(C)[C@@H]2C[C@@H](O)[C@H]3[C@](C)(COC(C)=O)CCC[C@]3(C)[C@H]2CC1,4.939302159646388,Inactive
O=[N+]([O-])c1ccc2nc(Nc3ccccc3)sc2c1,4.443697499232712,Inactive
CC(=O)C(C)N1CCC(NC(c2ccc(Cl)cc2)c2cccnc2)CC1,7.373659632624958,Active
COc1ccc2nc3cc(Cl)ccc3c(Nc3sc4c(c3C#N)CCCC4)c2c1,4.960585880823863,Inactive
C=CCC1(CCC)C(=O)SC(C)(CCCCCCCCCC)C1=O,4.327902142064283,Inactive
C=C(c1nc(-c2ccccc2)no1)C(O)c1ccc(Cl)cc1,5.1598939055432425,Active
C=CCc1ccc(OC(=O)CCCCCCC)c(OC)c1,4.216132137202626,Inactive
O=C(Nc1ccccc1F)c1cccnc1,2.826813731587726,Inactive
Nc1ncnc2c1c(Cl)cn2[C@@H]1O[C@H](CO)[C@@H](F)[C@H]1O,7.1487416512809245,Active
CN1CCN(c2ccc(S(=O)(=O)NCc3ccc(C(=O)Nc4cnccn4)cc3)cc2)CC1,4.769551078621726,Inactive
CC(=O)NC[C@H]1O[C@@H](n2cnc3c(N)nc(F)nc32)[C@H](OC(C)=O)[C@@H]1OC(C)=O,3.9746941347352296,Inactive
Clc1ccc2nc(-c3cccs3)c(CCCN3CCCC3)cc2c1,4.453457336521869,Inactive
COc1ccc(CNc2ccnc3cc(Cl)ccc23)cc1,5.226945306635737,Active
CC1Cn2c(nc([N+](=O)[O-])c2C#COC2CCCC2)O1,5.675717544702307,Active
COc1cc2c(N3CCCCC3)nc(NCc3ccccc3)nc2cc1O,4.9484616094846725,Inactive
CC1(C)CCc2cc(CNCCCCc3ccccc3)c(O)cc2O1,3.860120913598764,Inactive
Cc1ccc(S(=O)(=O)NC(Cc2ccccc2)Cn2cnc([N+](=O)[O-])n2)cc1,6.4698003017969175,Active
N=C(N)c1cccc2oc(Cc3cc4c(C(=N)N)cccc4o3)cc12,4.681936665037238,Inactive
Cc1cc(C#N)cc(C)c1Oc1nc(Nc2ccc(C#N)cc2)nc(N)c1Br,4.380384994257193,Inactive
CN(C)S(=O)(=O)c1ccccc1N1CCC(N(c2ccc(C#N)cc2)c2cccnc2)CC1,8.0,Active
O=C1C=C([Se]c2ccccc2)C(=O)c2ccccc21,5.94692155651658,Active
O=S(=O)(c1cccc(CSc2nnc(-c3ccc4c(c3)OCO4)o2)c1)N1CCOCC1,6.299997602857746,Active
NNc1ncnc2sc3c(c12)CCCC3,4.671620396561262,Inactive
N#CC1(NC(=O)[C@H](Cc2ccccc2)NC(=O)OCc2ccccc2)CC1,6.0,Active
O=[N+]([O-])c1ncn(CCCNS(=O)(=O)c2cc(Cl)sc2Cl)n1,6.2580609222708015,Active
CCN(CC)C(=O)N1CCC(NC(c2ccc(OC(C)C)cc2)c2cccnc2)CC1,8.154901959985743,Active
COC(=O)[C@@H](N)CCSC,2.717944629316293,Inactive
CCCCCCC(=O)Nc1ccc2nccnc2c1,3.93218548883816,Inactive
CC(=O)OCC1=C2[C@@H](OC(C)=O)C[C@@](C)(OC(C)=O)C(=O)CC[C@@]3(C)O[C@@H]3[C@H]2OC1=O,4.336299074610352,Inactive
Cc1cccc(CC2(C)CC(S(=O)(=O)c3ccc(F)cc3)=C(c3ccc(/C(N)=N/O)cc3)O2)c1,5.211124884224583,Active
CC1(C)CCc2c(ccc(CNCCc3ccccc3)c2O)O1,3.85078088734462,Inactive
C=C(C#N)C(O)c1ccc([N+](=O)[O-])cc1,4.568636235841013,Inactive
C=C(C(=O)Oc1ccccc1C(=O)OC)C(O)c1cccnc1,4.506541949004811,Inactive
O=C(N/N=C/c1c(-c2ccccc2)no[n+]1[O-])c1cccc([N+](=O)[O-])c1,4.815308569182401,Inactive
O=C(NCCn1ccc(-c2ccc(F)c(F)c2)n1)N1CCCCC1,6.924453038607469,Active
N#Cc1c(-c2ccccc2)[n+]([O-])c2cc(Cl)c(Cl)cc2[n+]1[O-],4.815308569182401,Inactive
CC(C)(C)OC(=O)NCCCCNCCCNC(=O)C(=O)c1c[nH]c2ccccc12,4.055517327849831,Inactive
N#Cc1c(-c2ccc(OC(F)(F)F)cc2)[n+]([O-])c2cc(F)c(F)cc2[n+]1[O-],5.00436480540245,Active
CCCCCc1cn(C2C3=C(OC2(C)C)C(=O)c2ccccc2C3=O)nn1,5.778585762157661,Active
CCCn1c(NC(=O)Cc2ccc(OC(C)=O)cc2)nc2ccccc21,4.494850021680094,Inactive
COc1cc([C@H]2Oc3ccccc3[C@@H]2C)cc(I)c1O,4.872895201635193,Inactive
O=C(Nc1cc(Cl)cc(Cl)c1)c1cc(Cl)ccc1O,5.416801226031377,Active
COc1cc(/C=C/c2ccc(C(C)(C)C)cc2)oc(=O)c1,4.698970004336019,Inactive
CC1(COc2cccc(-c3ccc(F)cc3)n2)CCn2cc([N+](=O)[O-])nc2O1,6.455931955649724,Active
CC(C)[C@](C)(NCc1ccn2nccc2n1)c1cn(C(CCS(C)(=O)=O)C(=O)COc2c(F)c(F)cc(F)c2F)nn1,5.6307841425898575,Active
O=C(c1ccccc1)N1CCC(NC(c2ccc(C(F)(F)F)cc2)c2cncs2)CC1,7.481486060122112,Active
CC1(c2cccc([Te][Te]c3cccc(C4(C)OCCO4)c3)c2)OCCO1,6.045757490560675,Active
CO/N=C(\C)c1ccc(-n2ccnc2)c(NC(=O)c2cnc(-c3ccccn3)s2)c1,8.375047895336879,Active
O=C(CCCc1ccccc1)N[C@@H](Cc1c[nH]c2ccccc12)C(=O)Nc1ccncc1,6.522878745280337,Active
COc1ccc(S(=O)(=O)N2CCN(c3cnccn3)CC2)cc1,3.9125735429637145,Inactive
CCOc1ccc(NCc2ccc(C(=O)N(C)c3ccccc3)cc2)cc1,4.413412695328245,Inactive
COCCN(C(=O)Cc1cccs1)C(C(=O)NCc1ccc(OC)cc1)c1ccc(C(C)C)cc1,4.7887125572057885,Inactive
CCCCCCCCCCCCCCCCC1(CC)SC(O)=C(C)C1=O,4.309803919971486,Inactive
C=CCc1ccc(OCc2cn(Cc3ccc(Cl)cc3)nn2)c(OC)c1,2.749579997691106,Inactive
Cc1nc(-c2ccccn2)nc(N(C)C)c1Cl,5.958607314841775,Active
COc1cc2c(cc1OCc1ccccc1)Cn1cccc1C2(C)CC#N,4.605198222837289,Inactive
O=C(Nc1ccccc1)N1CCN(C(c2cccnc2)c2ccc(Cl)cc2F)CC1,8.214670164989233,Active
O=C(N[C@@H](Cc1ccccc1)C(=O)N[C@H]1Cc2cc(F)ccc2OC1O)OCc1ccccc1,5.455931955649724,Active
c1cc(OCCCOc2cccc(-c3nc4ccccc4[nH]3)c2)cc(-c2nc3ccccc3[nH]2)c1,5.407823242604133,Active
OC[C@H]1O[C@@H](n2cnc3c(NC4CCCC4)nc(NC4CCCCC4)nc32)[C@H](O)[C@@H]1O,5.976747540366288,Active
CC(O)CNCc1nc2ccc(Cl)cc2c(-c2ccccc2)c1C(=O)O,4.297569463554475,Inactive
COC1=CC(=O)C[C@@H](C)[C@]12Oc1c(Cl)c(OC)cc(OC)c1C2=O,4.058936011780098,Inactive
CC(C)NC(=N)c1ccc2cc(-c3ccc(OCCCCOc4ccccc4)cc3)oc2c1,5.346787486224656,Active
Cn1c([N+](=O)[O-])cnc1-c1nnc(N/N=C\c2ccc(O)cc2)s1,5.3872161432802645,Active
OC[C@@H]1CC2CCN1C[C@@H]2C#Cc1ccc(OCc2ccccc2)cc1,5.468521082957745,Active
O=C(c1ccc(-c2cccc([N+](=O)[O-])c2)o1)N1CCc2c([nH]c3ccccc23)C1,4.175874166083451,Inactive
O=C1CCCN1c1ccc(Sc2ccccc2CO)c(OC(F)(F)F)c1,5.59999938302362,Active
CC1SC(N/N=C/CCSc2ccc(Cl)cc2)NC1=O,4.493494967595128,Inactive
CC1(COc2ccc(-c3ccc(C(F)(F)F)cc3)cc2)Cn2cc([N+](=O)[O-])nc2O1,7.221848749616356,Active
COc1ccc2nc3cc(Cl)ccc3c(NCCN)c2c1,5.596022036330645,Active
CC1(C)CCc2cc(C(O)CNCc3ccccc3)c(O)cc2O1,4.318758762624412,Inactive
COC(=O)CCC[n+]1ccc2c(c1)[nH]c1ccc(Br)cc12,4.189767482004916,Inactive
Nc1ncnc2c1c(N)nn2[C@@H]1O[C@H](CO)[C@@H](O)[C@H]1O,5.166215625343521,Active
NCCCCc1cn(-c2ccc(-c3nc(CCc4ccccc4)cs3)c(OCCN3CCNC3=O)c2)nn1,4.640164517660112,Inactive
O=C(Nc1ccc(Cl)cc1)N1CCC(NC(c2ccc(Cl)cc2)c2cccnc2)CC1,7.602059991327962,Active
N#Cc1ccc(C(NC2CCN(C(=O)c3ccccc3)CC2)c2cccnc2)cc1,6.363512103646634,Active
[O-][n+]1onc2cc(/C=C/Sc3ccccc3)ccc21,5.327902142064283,Active
O=C1/C(=C/c2ccncc2)CCC/C1=C\c1ccncc1,5.920818753952375,Active
CSC[C@H]1O[C@@H](n2cnc3c(N)nc(C#N)nc32)[C@H](O)[C@@H]1O,3.575118363368933,Inactive
CC(C)(OCc1ccncc1)c1ncc(-c2ccc3ccccc3c2)[nH]1,6.407823242604133,Active
CCCC(=O)Nc1cc2c(cc1OC)NC(=O)CC2c1ccc(CC)o1,5.19699653556921,Active
C(/C=C/c1ccc2c(c1)OCO2)=C\CN1CCCCC1,5.0,Active
O=C(CC[Se]c1ccnc2cc(Cl)ccc12)Nc1ccc([N+](=O)[O-])cc1,5.246416941107094,Active
Cc1ccsc1[C@@H]1C[C@H]2Cc3cc(OC(F)(F)F)ccc3N1O2,4.943095148663527,Inactive
N#Cc1ccc(-c2nc3cc(Cl)ccc3c3c2CCCN3)cc1,4.404503778174426,Inactive
Cc1nc(C)c(C(=O)NC2CCN(C(c3ccc(C(F)(F)F)cc3)c3cccnc3)CC2)s1,7.744727494896693,Active
Nc1ccc2c(=O)c3cc([N+](=O)[O-])ccc3[nH]c2c1,3.5543957967264026,Inactive
NCC(=O)N(Cc1cccnc1)c1cc(F)cc(-c2nc3ccccc3s2)c1,7.309803919971486,Active
O=C(Nc1ccc(Cl)cc1)N1CCN(C(c2cncnc2)c2ccc(Cl)cc2F)CC1,8.0,Active
O=[N+]([O-])c1c(CS(=O)(=O)c2ccc(Br)cc2)nc2ccc(Br)cn12,4.614393726401688,Inactive
Ic1cc(Oc2ccccc2)ccc1OCCOC1CCCCO1,4.346787486224656,Inactive
CC(=O)Nc1ccc(-c2cnc(N)c(-c3nc4ccc(F)cc4[nH]3)c2)cc1,6.147126757574895,Active
C/C(=N\NC(=S)Nc1ccccc1)c1ccccn1,4.197499932235607,Inactive
N#Cc1ccc(-n2ccnc2)c(NC(=O)c2cnc(-c3ccccc3)nc2)c1,7.075720713938118,Active
O=C1CSC(N/N=C\CSc2ccc(Cl)cc2)=N1,4.19962664510865,Inactive
COc1ccc(Nc2cc(C)nc(NCc3ccccc3)n2)cc1,5.980946052948288,Active
Nc1ccccc1Cn1cncc1CNc1ccc(F)c(-c2ccccc2)c1,6.63339028960757,Active
Nc1ncc(C(O)(c2ccc(Cl)cc2)c2cccnc2)s1,6.585026652029182,Active
O=C(Nc1cc(-c2ccccn2)n[nH]1)N1CCC(Oc2ccccc2)CC1,6.211831628858833,Active
CC(C)C1=CC2=C(O)C(O)=C3C(C)(C)CCC[C@]3(C)C2=C(O)C1=O,4.590066876668706,Inactive
O=C(O)Cc1ccc(Sc2cc(Cl)cn3c([N+](=O)[O-])c(CS(=O)(=O)c4ccccc4)nc23)cc1,4.18309616062434,Inactive
Cn1c([N+](=O)[O-])cnc1-c1nnc(N/N=C/c2ccc([N+](=O)[O-])cc2)s1,4.657577319177793,Inactive
O=C(N/N=C/c1ccc([N+](=O)[O-])s1)c1cccc(O)c1,5.560667306169737,Active
O=C(Nc1ncc([N+](=O)[O-])s1)c1ccccc1O,4.757707095017069,Inactive
Clc1ccc(C(c2c[nH]cc2-c2ccc(-c3ccccc3)cc2)n2ccnc2)c(Cl)c1,4.910448117113546,Inactive
O=C(Nc1ccc(N2CCN(C(=O)c3ccco3)CC2)cc1)O[C@@H](Cn1ccnc1)c1ccc(F)cc1,5.764471553092451,Active
Fc1ccc([C@@H]2CCNC[C@H]2COc2ccc3c(c2)OCO3)cc1,4.842845560093719,Inactive
NC(=S)N/N=C(\COc1ccc(F)c(Cl)c1)c1ccc(Br)cc1,5.207608310501746,Active
OC[C@H]1O[C@@H](n2ccc3c(NC4CCCCC4)ncnc32)[C@H](O)[C@@H]1O,4.714442690992226,Inactive
Cc1cc(C(=O)Nc2nc3ccc(C#N)cc3n2CC(F)(F)F)nn1C,4.1938200260161125,Inactive
CC(C)Oc1cc(NC(=N)c2ccccn2)ccc1-c1ccc(-c2ccc(F)cc2)o1,5.958607314841775,Active
C[C@@H]1CC[C@H]2[C@@H](CCc3ccccc3)C(=O)O[C@@H]3O[C@@]4(C)CCC1[C@]32OO4,4.394694953858891,Inactive
CCCN(CCC)c1ccc(S(=O)(=O)N([N+](=O)[O-])[N+](=O)[O-])cc1,4.187086643357144,Inactive
C=CCNC(=S)N/N=C/c1ccc2ccccc2c1,5.267606240177032,Active
O=[N+]([O-])c1cn2c(n1)OC[C@H](OCc1ccc(-c3ccc(OC(F)F)cc3)nc1)C2,5.721246399047171,Active
C(=N\Nc1nnc(-c2ccccn2)s1)/c1ccccn1,5.022276394711152,Active
O=C(NC1CCN(C(c2ccc(Cl)cc2)c2cncnc2)CC1)c1ccccc1,7.1249387366083,Active
COc1ccc(Nc2nc(N[C@H]3CC[C@H](O)CC3)ncc2Br)c(C(N)=O)c1,6.088586685753257,Active
Cc1nc(-c2ccc3c(c2)OCO3)sc1C(=O)NCc1ccc2c(c1)OCO2,6.0999990348465305,Active
CCCN(CCC)c1ccc2nc3ccc(N4CCCC4)cc3[o+]c2c1,7.795880017344075,Active
C(=C\c1cc(-c2c[nH]c3ccccc23)c2ccccc2n1)/c1ccccc1,5.823908740944319,Active
NC(=O)CCc1sc(CCC(=O)CSCCCc2ccccc2)nc1CCc1ccccc1,4.380906669373258,Inactive
O=C(c1ccccn1)N1CCN(c2cnccn2)CC1,4.188424994129407,Inactive
CC(=O)Nc1ccc2[nH]c(=O)n([C@H]3CC[C@H](OC(C)C)CC3)c(=O)c2c1,5.508638306165727,Active
Cn1c2c3ccccc3nc-2c(-c2c3nc4ccccc4c-3n(C)c3ccccc23)c2ccccc21,5.049148541111453,Active
Oc1ccc(C#CC2(O)CN3CCC2CC3)cc1,4.043831569524636,Inactive
CC1(COc2ccccc2)Cn2cc([N+](=O)[O-])nc2O1,6.522878745280337,Active
CC(=O)Nc1ccc2[nH]c(=O)n([C@H]3CC[C@H](C(C)(C)F)CC3)c(=O)c2c1,5.585026652029182,Active
CC(=O)OC1(C)c2ccccc2-c2c1c(-n1ccnc1)nc1ccc(Br)cc21,4.675511766692344,Inactive
CC(=O)NC[C@]1(C)CCC[C@]2(C)c3ccc(C(C)C)cc3CC[C@@H]12,5.619788758288394,Active
OC/C=C/c1cc(-c2ccc(F)cc2)c2cc(Cl)ccc2n1,5.804100347590766,Active
CCCCCCCC(=O)c1c(O)cc(C)oc1=O,4.590066876668706,Inactive
O=C1CC[C@H](C(=O)N[C@@H](CCCCCS)C(=O)Nc2cccc(C(F)(F)F)c2)N1,4.718966632752273,Inactive
O=[N+]([O-])c1cn2c(n1)OC(COc1ccc(-c3ccc(F)nc3F)cn1)CC2,6.537602002101044,Active
O=S(=O)(/C=C/c1ccc2no[n+]([O-])c2c1)c1ccc(Cl)cc1,5.318758762624412,Active
Nc1c(C(=O)Nc2ccccc2)nnn1Cc1ccc(CN2CCOCC2)cc1,5.899998417198648,Active
O=C(c1ccc2cc(O)ccc2c1)N1CCN(c2cnccn2)CC1,5.481486060122113,Active
Brc1ccc(-n2cc(C3=NCCN3)cn2)cc1,4.522878745280337,Inactive
CCCCN(CCCC)c1c([N+](=O)[O-])cc(S(=O)(=O)Nc2ccccc2)cc1[N+](=O)[O-],5.585013289327626,Active
CC(C)N1CCN(c2ccc(OCC3COC(Cn4cncn4)(c4ccc(Cl)cc4Cl)O3)cc2)CC1,6.3979400086720375,Active
CCCn1c(NC(=O)Cc2ccc(Cl)cc2)nc2ccc(Br)cc21,6.3979400086720375,Active
O=C(Nc1ccc(F)cc1F)[C@H](NS(=O)(=O)c1cccc2nsnc12)c1ccccc1,4.2580609222708015,Inactive
CC(C)(C)OC(=O)N[C@@H](Cc1ccc(O)cc1)C(=O)N1CCN(c2cnccn2)CC1,5.537602002101044,Active
COc1ccc(/C=N/NC(=O)/C(=C/c2cnn(-c3ccccc3)c2)c2ccccc2)cc1,2.8205112248825683,Inactive
O=C(/C=C/c1ccccc1)c1ccc(O)cc1O,6.3979400086720375,Active
COc1cccc(C(=O)[C@H]2C[C@@H]2CN(Cc2ccccn2)Cc2ccccn2)c1,5.700000503883016,Active
O=C(Cn1cnc([N+](=O)[O-])n1)Nc1cccc(-c2ccccc2)c1,6.745935547085662,Active
C/C(=N\Nc1nc(-c2ccc(C)cc2)cs1)c1ccccn1,5.769551078621726,Active
COc1cc(N[C@H](C)CCCN)c2ncccc2c1,4.415838455057133,Inactive
Clc1ccc(C2N(Cc3ccccc3)CCN2Cc2ccccc2)cc1,4.628932137728263,Inactive
C/C=C/c1ccc(Oc2cc(/C=C/C)cc(OC)c2O)c(OC)c1,4.575118363368933,Inactive
CC1(C)OO[C@]23CCCC[C@H]2C(C)(C)C(=O)O[C@@H]3O1,3.691435586438761,Inactive
NCCN(CCN)CCNCc1c2ccccc2cc2ccccc12,4.528708288941061,Inactive
O=C(O)c1ccc(/C=C/C(=O)c2c(O)c3ccccc3[nH]c2=O)cc1,4.735182176990463,Inactive
O=C(Cn1ccnc1[N+](=O)[O-])N1CCN(c2ncccn2)CC1,3.8765730649955783,Inactive
CN1/C(=C/C=C/c2oc3ccc(Cl)cc3[n+]2C)Sc2ccc(Cl)cc21,7.070581074285707,Active
Clc1nnc(NCCCn2ccnc2)c2cc3ccccc3cc12,4.328827157284917,Inactive
COc1ccc(Cn2nc(C(=O)Nc3ccc(F)c(C(=O)NC4CC4)c3)ccc2=O)cc1F,6.900008766455316,Active
O=C(CCc1ccccc1)N/N=C/c1ccccc1O,4.7447274948966935,Inactive
C/C(COc1ccccc1)=N\Nc1nc(-c2cccnc2)cs1,4.785156151952302,Inactive
C=C(C(=O)OC)C(O)c1cccc([N+](=O)[O-])c1,3.3452653007638538,Inactive
O=C(CCN1CCN(c2ccc(C(F)(F)F)cc2)CC1)c1ccc(C(F)(F)F)cc1,4.459670525209126,Inactive
COc1cc2c(N3CCCCC3)nc(NCc3ccc(F)cc3)nc2cc1O,4.913996294381618,Inactive
c1ccc2cc(CCCNCCCNCCCNCCCc3ccc4ccccc4c3)ccc2c1,5.812479279163537,Active
COCCCNc1cc(-n2nc(C)c3c2CNCC3=O)ccc1C(N)=O,5.4089353929735005,Active
Nc1ncnc2c1c(C1=CCCCC1)cn2[C@@H]1O[C@H](CO)C[C@H]1O,4.497572880015567,Inactive
CCCCC/C=C\C/C=C/CCCCCCCC1=C(O)C(=O)c2ccccc2C1=O,5.107905397309519,Active
COC(=O)[C@]1(C)CCC[C@]2(C)c3ccc(O)cc3CC[C@@H]12,4.406713932979542,Inactive
Fc1cc(Cl)ccc1C(NC1CCN(c2ccc(F)c(C(F)(F)F)c2)CC1)c1cccnc1,7.59176003468815,Active
CCCCCCCCCCC1(C)SC(O)=C(C)C1=O,4.167491087293763,Inactive
COc1ccccc1-c1n[nH]c2nc(NC3CCN(c4ccc(Cl)nn4)CC3)ncc12,6.799998134593398,Active
CCCc1ccc(OCC(Cn2cc(-c3ccccc3)nn2)OC)c(OC)c1,3.703554205793604,Inactive
Cc1ccc(N2CCN(C(=O)Cn3cnc([N+](=O)[O-])n3)CC2)cc1,5.876148359032914,Active
O=[N+]([O-])c1cn2c(n1)OC[C@H](OCc1cccc(-c3ccc(OC(F)(F)F)cc3F)n1)C2,6.346787486224656,Active
CC(=O)Nc1ccc2[nH]c(=O)n(Cc3ccccc3)c(=O)c2c1,4.769551078621726,Inactive
CCCn1c(NC(=O)Cc2cccc(OC)c2)nc2ccccc21,5.3979400086720375,Active
c1cc(-c2cc3cc(C4=NCCN4)ccc3o2)ccc1C1=NCCN1,4.6777807052660805,Inactive
O=C(Cn1cnc([N+](=O)[O-])n1)N1CCN(C(=O)C2CC2)CC1,4.514562518923698,Inactive
COc1ccc(C(=O)/C=C/c2ccc(F)cc2F)c(OC)c1,4.568636235841013,Inactive
CC(C)c1ccc2c(c1)C(=O)C[C@H]1[C@](C)(C(=O)N[C@@H](CC3CCCCC3)C(=O)O)CCC[C@]21C,5.501689446210399,Active
CC(C)=CCC/C(C)=C/CC/C(C)=C\Cn1cc(C(C)O)nn1,4.2225731776106885,Inactive
CC1S/C(=N/N=C/CCSc2ccccc2)NC1=S,5.2839966563652006,Active
OC(c1ccc(Cl)cc1)(c1ccc(C(F)(F)F)cc1)c1ccc2ncccc2c1,5.546681659952962,Active
Cc1ccc2c(c1)=[N+]([O-])C(C)(C)[N+]=2[O-],4.886056647693163,Inactive
Cn1ccnc1S(=O)(=O)NCCCn1cnc([N+](=O)[O-])n1,3.651364186571956,Inactive
COc1cc(C(=N)NC(C)C)cc2cc(-c3ccc(C(=N)NC(C)C)cc3)oc12,4.823908740944319,Inactive
c1cc(C2=NCCN2)ccc1OCCCCCOc1ccc(C2=NCCN2)cc1,2.7649999992814265,Inactive
O=[N+]([O-])c1ccc(/C=N/N=C/c2ccc(F)cc2)s1,5.698970004336019,Active
c1ccc2c(NCCc3c[nH]c4ccccc34)c3ccccc3nc2c1,5.72258104605675,Active
c1ccc2c(c1)cnc1[nH]ccc12,4.518557371497695,Inactive
Fc1ccc2c(c1)C[C@@H]1C[C@@H](c3ccc(Br)s3)N2O1,4.350178536775434,Inactive
CC1(C)CCc2c(c3ccccc3c3nc[nH]c23)O1,4.048176964684088,Inactive
C=C(c1nc(-c2ccccc2)no1)C(O)c1ccc(Cl)c(F)c1,4.568314655313988,Inactive
CCCCCCCNCC(P(=O)(O)O)P(=O)(O)O,5.0,Active
O=C(NCCc1csc(-c2ccccc2)n1)c1cccnc1,5.6020599913279625,Active
N#Cc1ccc(-c2c[nH]cc2C(c2ccc(Cl)cc2Cl)n2ccnc2)cc1,4.998266287190999,Inactive
COc1nn(CCOCCN)c2ccc([N+](=O)[O-])cc12,4.576754126063192,Inactive
Cc1ncnc2c1c(-c1ccc[nH]1)cn2[C@@H]1O[C@H](CO)[C@@H](O)[C@H]1O,6.167491087293763,Active
Cc1n[nH]c2c1[C@@H](c1ccc(OCc3cccc(F)c3)cc1)S[C@@H](C)C(=O)N2,4.582528306796707,Inactive
C=C(C#N)C(O)c1cccc([N+](=O)[O-])c1,4.903089986991944,Inactive
NC(=S)N/N=C(\COc1ccc(F)cc1)c1ccc(Br)cc1,5.057991946977687,Active
O=C(NCc1ccccc1)Nc1[nH]nc(-c2ccccn2)c1C1CC1,6.886056647693163,Active
CC1(C)OC2=C(CC1[Se]c1cccc3ccccc13)C(=O)C(=O)c1ccccc12,4.2441251443275085,Inactive
Cc1c(/C=N/NC(=O)c2ccccc2)[n+]([O-])c2ccccc2[n+]1[O-],4.228412519118745,Inactive
CC1(C)CCc2c(ccc(CNCCCCc3ccccc3)c2O)O1,4.7447274948966935,Inactive
O=C(O)CCC(=O)OC12CCCCC1C1CCCCC1(O)OO2,4.886056647693163,Inactive
COC(=O)c1c([N+](=O)[O-])noc1-c1ccc(Cl)c(Cl)c1,5.954677021213342,Active
C[C@]12CC[C@H](OS(C)(=O)=O)C[C@@H]1CC[C@@H]1[C@@H]2CC[C@]2(C)C(=O)[C@H](Br)C[C@@H]12,5.619788758288394,Active
O=CCCc1sc(CCC(=O)CSCCCc2ccccc2)nc1CCc1ccccc1,5.086186147616283,Active
O=[N+]([O-])c1ncn(CCCN2CCN(Cc3ccc(Cl)c(Cl)c3)CC2)n1,4.621602099051862,Inactive
O=C(NCCc1c[nH]cn1)c1ccc(-c2ccccc2)cc1,6.514988785421427,Active
CSc1nccc(-c2c(-c3ccccc3)nc3c(N(C)C)nccn23)n1,4.901702463505302,Inactive
COC(=O)c1ccc(NCc2cncn2Cc2ccccc2[N+](=O)[O-])cc1-c1ccccc1,7.0,Active
Cc1cc(C)c(-n2nnnc2SCc2ccc(C(F)(F)F)cc2)c(C)c1,4.494850021680094,Inactive
C[C@H]1[C@H](N2CCS(=O)(=O)CC2)O[C@@H]2O[C@@]3(C)CC[C@H]4[C@H](C)CC[C@@H]1[C@@]24OO3,4.632644078973981,Inactive
O=C(/C=C/c1ccc(C(F)(F)F)cc1)c1c(O)c2ccccc2[nH]c1=O,5.508638306165727,Active
O=C1CCCN1c1ccc(Sc2ccccc2CO)c(Cl)c1,6.699991797446187,Active
CC(=O)N1CCn2c1c(C(=S)Nc1ccccc1)c1ccccc1c2=O,4.366531544420414,Inactive
COc1ccc(NC(=O)CN2CCc3c([nH]c4ccccc34)C2c2ccccc2)cc1,5.189767482004916,Active
COP(=O)(OC)C(Nc1cc(C)on1)c1ccccc1,4.5214369672331065,Inactive
CC1(C)OC2=C(C(=O)C(=O)c3ccccc32)C1O,3.673050005834001,Inactive
O=C(CN(Cc1ccccn1)Cc1ccccn1)NC1Cc2ccccc2C1,5.300000202445418,Active
C/C(COc1ccccc1)=N\N=C1\SC(C)C(=O)N1c1ccccc1,4.517126416391246,Inactive
O=C(CSc1nnc2ccc(-c3ccc(F)cc3)nn12)N1CCCCC1,5.200000237109354,Active
O=[N+]([O-])c1cn2c(n1)OC(COc1ncc(Cl)cn1)CC2,4.4089353929735005,Inactive
CN1CCN(c2ccc(-c3ccc4c(Nc5cnccn5)ccnc4c3)cc2)CC1,5.214670164989233,Active
CC/C(=N\Nc1nc(-c2cccc([N+](=O)[O-])c2)cs1)c1cccc(Br)c1,4.639999934172963,Inactive
Nc1ccc(-c2ccc(C(=O)N[C@@H](Cc3c[nH]c4ccccc34)C(=O)Nc3ccncc3)c(F)c2)cc1,6.698970004336019,Active
O=C(Cn1cnc([N+](=O)[O-])n1)N1CCN(c2ccccn2)CC1,4.732359017654084,Inactive
COc1ccc2nc3ccc(COC(=O)c4ccc(Cl)cc4)cc3c(N)c2c1,5.522878745280337,Active
C=CCNC(=S)N/N=C/c1ccc(Cl)cc1,4.958607314841775,Inactive
COc1ccc(Nc2cc(/C=C/c3ccc(OCc4ccccc4)cc3)nc(N)n2)cc1,6.301029995663981,Active
CCc1ccc(-n2cc(COC(=O)c3c(C)nc4ccc(Cl)cc4c3-c3ccccc3)nn2)cc1,5.022276394711152,Active
O=C(NC1CCN(C(c2cncnc2)c2ccc(Cl)cc2F)CC1)c1cccc(F)c1,7.392544976785332,Active
O=c1ccc2cc(Br)cc([N+](=O)[O-])c2[nH]1,4.935542010773082,Inactive
O=[N+]([O-])c1cn2c(n1)OC(COc1ccc(-c3ccc(F)cn3)cn1)CC2,6.468521082957745,Active
CC(=O)O[C@H](COP(=O)(OCc1ccccc1)OCc1ccccc1)C[S+]([O-])CC(=O)OCc1ccccc1,4.568636235841013,Inactive
FC(F)(F)c1ccc(N(c2cccnc2)C2CCN(c3ccc(C(F)(F)F)cn3)CC2)cc1,7.769551078621726,Active
OCCCNc1nc(Nc2ccc(F)cc2)c2cnn(-c3ccccc3)c2n1,4.8297382846050425,Inactive
C/C(=N\Nc1nc(-c2ccc(Br)cc2)c(C)s1)c1ccccn1,5.738737131207507,Active
CCSC(=O)SCCOc1ccc(Oc2ccccc2)cc1,4.423658649794207,Inactive
Cc1cccc(-n2ncc3c(O)nc(-n4nc(C)cc4NC(=O)c4cc5ccccc5o4)nc32)c1,6.631434214639667,Active
N=C(N)c1ccc(OCCCCCOc2ccc(C(=N)N)cc2[N+](=O)[O-])c([N+](=O)[O-])c1,4.943095148663527,Inactive
CC1(COc2ccc(-c3ccc(F)nc3F)cn2)CCn2cc([N+](=O)[O-])nc2O1,6.698970004336019,Active
O=[N+]([O-])c1ncn(CCCN2CCN(c3ncccn3)CC2)n1,5.775208043507319,Active
CC(C)c1n[nH]c2c(Nc3cccc(F)c3)ncnc12,4.634512015109101,Inactive
C=CCc1ccc(OC(=O)CCCCCCCCCCCCCCC)c(OC)c1,4.58661640337686,Inactive
COc1ccc(C2=NCCN2)cc1-c1cn(-c2cccc(C3=NCCN3)c2)nn1,5.309803919971486,Active
O=S(=O)(CCC(F)(F)F)N[C@H]1CC[C@H](Nc2ncc3c(N4CCOCC4)n[nH]c3n2)CC1,5.499999678657065,Active
COc1cc2c(N3CCCCC3)nc(NCc3ccc(C(C)(C)C)cc3)nc2cc1OC1CCCC1,5.30715308072277,Active
COC(=O)[C@H](CCSC)NC(=O)c1sc(SC(C)C)c(C#N)c1-c1ccc(Cl)cc1,4.823908740944319,Inactive
CCc1ccc(NC(=S)N/N=C\c2c[nH]c3c(C)cc(Br)cc23)cc1,5.360513510731414,Active
c1ccc(-c2c[nH]c3c4ccccc4nc-3c2)nc1,4.302770657240282,Inactive
O=C(CCN1CCN(c2ccc(C(F)(F)F)cc2)CC1)c1ccc(F)c(Cl)c1,4.537602002101044,Inactive
Cc1ccc(-c2cc(Cn3ccnc3[N+](=O)[O-])on2)cc1,5.031517051446065,Active
COc1ccc2nc3ccc(CBr)cc3c(Cl)c2c1,5.221848749616356,Active
CCOC(=O)c1cnc2ccc(OC)cc2c1NCc1ccccc1,4.996566612143879,Inactive
N=C(N)c1ccc(-c2cc(-c3ccccc3)on2)cc1,5.5951662833800615,Active
O=[N+]([O-])c1cn2c(n1)SCC(OCc1ccc(OC(F)(F)F)cc1)C2,5.958607314841775,Active
COc1ccc(C(C(=O)NC(C)(C)C)N(CC(=O)NCc2ccncc2)C(=O)c2cc3ccccc3[nH]2)cc1,5.853871964321762,Active
N#C[Se]Cc1cccc(C#N)c1,6.045757490560675,Active
CC1(COc2ccc(-c3ccc(F)cc3)cn2)Cn2cc([N+](=O)[O-])nc2O1,6.698970004336019,Active
CC1(OCc2ccc(OC(F)(F)F)cc2)COc2nc([N+](=O)[O-])cn2C1,4.301029995663981,Inactive
OC[C@H]1O[C@@H](n2cnc3c(N4CCCCC4)nc(NC4CCCC4)nc32)[C@H](O)[C@@H]1O,4.913284336055118,Inactive
N#Cc1cn([C@@H]2O[C@H](CO)[C@@H](O)[C@H]2O)c2nccc(N)c12,5.3979400086720375,Active
O=S(=O)(c1ccc(C(F)(F)F)cc1)N1CCN(C(c2ccc(Cl)cc2)c2cccnc2)CC1,7.259637310505756,Active
O=C(Nc1ccc(F)c(-c2nc3ncc(-c4ccc(F)cc4F)cc3[nH]2)c1)N1CCCC1,7.568636235841013,Active
Cc1n[nH]c(-c2ncc3c(-c4ccccc4)ccnc3c2O)n1,5.899998417198648,Active
C[C@@]1(COc2ccc(OC(F)(F)F)cc2)Cn2cc([N+](=O)[O-])nc2O1,5.795880017344075,Active
Nc1ncnc2c1c(-c1cc(F)c(Cl)c(F)c1)nn2[C@@H]1O[C@H](CO)[C@@H](O)[C@H]1O,5.876148359032914,Active
Cn1cc2nccc-2c2ccccc21,3.7718563924022575,Inactive
O=C(Cc1ccc2c(c1)CCC2)Nc1nnc(-c2ccccn2)[nH]1,5.0,Active
[O-][n+]1cncc(C(O)(c2ccc(Cl)cc2)c2ccccc2Cl)c1,4.837734385701978,Inactive
COc1cc2c(N3CCCCC3)nc(NCC3CCCCC3)nc2cc1OC1CCCC1,5.360513510731414,Active
CC(C)Oc1ccc(C(c2cccnc2)N2CCC(NC(=O)C3CC3)CC2)cc1,6.42021640338319,Active
Cc1c(/C=N/NC(=O)c2ccncc2)no[n+]1[O-],4.596879478824183,Inactive
COc1cccc(C(=O)CCC(=O)c2ccccc2)c1,4.7371558499661965,Inactive
O=C(c1ccccc1)N1CCC(c2cc3ncccc3[nH]2)CC1,4.1938200260161125,Inactive
Cc1nnc(Cc2cccc(Oc3cc(C)c(Cl)c(C)c3)c2)s1,5.657577319177793,Active
OC[C@H]1O[C@@H](n2cc(I)c3c(Cl)ccnc32)[C@H](O)[C@@H]1O,5.669586226650809,Active
CN1CCC(N(Cc2ccco2)S(=O)(=O)c2cc(Br)ccc2Br)CC1,4.80446411779319,Inactive
O=C1CCCN1c1ccc(Sc2ccccc2CO)c(F)c1,5.300000202445418,Active
CCOC(=O)c1ccc2nc(-c3ccccc3)cc(O)c2c1,4.789736606693437,Inactive
CC1(COc2ccc(OC(F)(F)F)cc2)CCn2cc([N+](=O)[O-])nc2S1,5.958607314841775,Active
O=C(CN1CCN(S(=O)(=O)c2cccc([N+](=O)[O-])c2)CC1)Nc1ccc(Oc2ccccc2)cc1,5.40000018605658,Active
COc1ccccc1C(=O)c1cnc(NC2CCN(C(=O)Nc3ccccc3)CC2)nc1N,6.0,Active
c1ccc2c(c1)nnn2C[Se][Se]Cn1nnc2ccccc21,6.346787486224656,Active
N#Cc1cnc(Nc2cccc(CCN3CCOCC3)c2)nc1Nc1ccccc1C(N)=O,5.888587929243487,Active
COc1ccnc(-c2nc3ccccn3c2Nc2ccc(F)cc2)c1,5.54515513999149,Active
CCCCCCCCCCCCCCC(C)Nc1c(NCC[N+](C)(C)C)c(=O)c1=O,4.787812395596042,Inactive
COC(=O)N[C@H](C(=O)OC)[C@H](O)[C@@H](C)c1c(C)nc2n(C)c3ncn(Cc4ccccc4)c3c(=O)n12,4.275724130399211,Inactive
Nc1ccnc2c1c(F)cn2[C@@H]1O[C@H](CO)[C@@H](O)[C@H]1O,5.055517327849832,Active
c1ccc2c(CCOc3nccnc3-c3ccncc3)c[nH]c2c1,4.70000006855703,Inactive
C[C@@H](c1ncncc1F)[C@](O)(Cn1cncn1)c1ccc(F)cc1F,5.214670164989233,Active
Cc1cccc(-c2cnc(N)c(C(=O)NC3CCCC3)n2)c1,4.769551078621726,Inactive
COC(=O)CCCNC[C@@H](C)[C@H]1CC[C@H]2[C@@H]3CC=C4C[C@@H](OC(C)=O)CC[C@]4(C)[C@H]3CC[C@]12C,4.716698771296451,Inactive
O=C(NCc1cccc(Br)c1)c1c([N+](=O)[O-])noc1-c1ccc(Cl)cc1Cl,5.268008550981071,Active
CNCCNC(=O)CN1C(=O)Cc2c([nH]c3ccc(Br)cc23)-c2ccc(Cl)cc21,4.899629454882437,Inactive
O=C(Nc1ccc(N2CCN(C(=O)c3ccco3)CC2)cc1)O[C@H](Cn1ccnc1)c1ccc(F)cc1,6.886056647693163,Active
COc1cc2c(cc1C(C)NC/C=C/c1ccccc1)C=CC(C)(C)O2,4.204815410317576,Inactive
CC(C)C(NC(=O)OCc1ccccc1)C(=O)N[C@@H](CCCNC(=N)N)C(=O)c1nc2ccccc2s1,5.136677139879544,Active
CCOC(=O)c1cnc2c(c(C)nn2C)c1Nc1cccc(C)c1,4.659754238432068,Inactive
O=C(Nc1ccc([N+](=O)[O-])cc1Cl)c1ccccc1O,5.485452247339714,Active
CC1=CC(=O)c2c(O)cccc2C1=O,5.860120913598763,Active
FC(F)(F)c1ccc(C(NCC2CCCCC2)c2cnccn2)cc1,6.4089353929735005,Active
OC1(Cc2ccc(Cl)cc2)c2cc(Cl)c(Cl)cc2C2=NCCN21,5.307593765166369,Active
O=[N+]([O-])c1c(CSc2ccccc2)nc2c(Sc3ccc(Cl)cc3)cc(Cl)cn12,5.130768280269024,Active
COc1cc2c(cc1C(C)NCCc1ccccc1)CCC(C)(C)O2,5.761953896871205,Active
CC(=O)N(CCO)c1ccc(Oc2ccccc2)cc1,3.557520230935552,Inactive
CC(C)OC(=O)/C=C/c1cc(O)c2c(c1)[C@H](C(=O)OC(C)C)[C@@H](c1ccc(O)c(O)c1)O2,6.271646217978772,Active
O=C(N[C@@H](Cc1c[nH]c2ccccc12)C(=O)Nc1ccncc1)c1ccc(Nc2ccccc2)cc1F,6.327902142064283,Active
CNC(=S)N/N=C/C=C/c1ccc([N+](=O)[O-])o1,5.346787486224656,Active
Cc1ncnc2c1c(-c1ccc(S(C)(=O)=O)cc1)cn2[C@@H]1O[C@H](CO)[C@@H](O)[C@H]1O,5.173925197299174,Active
CCOC(=O)c1cc(C2=NCCN2)ccc1OCCCCCOc1ccc(C2=NCCN2)cc1C(=O)OCC,4.866461091629782,Inactive
C=C1C(=O)[C@@]23CC[C@H](C(=C)C)[C@@](C)(CCC(=O)O)[C@@H]2CC[C@H]1C3,4.651695136951839,Inactive
Cn1c(-c2ccc(OCC(=O)Nc3ccc(F)cc3)cc2)nc2ccccc2c1=O,5.010327752376127,Active
c1ccc(Nc2nc(-c3ccccn3)cs2)nc1,5.6777807052660805,Active
C=C(C(=O)OC)C(O)c1ccc2ccccc2c1,3.731960550065759,Inactive
O=c1cc(-c2ccc(Cl)cc2)c2cccc([N+](=O)[O-])c2[nH]1,5.376750709602099,Active
Cc1ccc(S(=O)(=O)Cc2cn3cc(Cl)ccc3n2)cc1,4.474955192963154,Inactive
CCN(CC)c1ccc2nc3ccc(N4CCCC4)cc3[o+]c2c1,7.251811972993799,Active
CCCCOC(c1ccc(Cl)cc1)c1cccnc1,6.906578314837765,Active
O=[N+]([O-])c1c(CS(=O)(=O)c2ccccc2)nc2c(Sc3ccccc3Cl)cc(Cl)cn12,5.853871964321762,Active
CC(=O)Nc1ccc2[nH]c(=O)n(-c3ccc(C(C)(C)C)cc3)c(=O)c2c1,5.366531544420414,Active
O=C(Nc1ccc(CN2CCOCC2)cc1)c1ccc(-c2ccc(Br)cc2)o1,4.957146203030679,Inactive
COc1c(I)ccc2c1C(=O)C=CC2=O,5.8696662315049934,Active
Cc1c(/C=N/NC(=O)c2ccc3c(c2)OCO3)no[n+]1[O-],5.481486060122113,Active
Cc1ccc([Te]Cc2ncc(-c3ccc(S(C)(=O)=O)cc3)[se]2)cc1,5.211831628858833,Active
CCCCC(=O)c1ccc(OC2CCN(C(=O)OC(C)(C)C)CC2)c(OC)c1,5.42021640338319,Active
CC(N)C(=O)N1CCC(Oc2cccc(C(F)(F)F)c2)CC1,4.674683365458589,Inactive
CNc1nc(C)nc(N2CCc3cc(C(=O)NCc4ccc(-c5cc[nH]n5)cc4Cl)ccc32)n1,4.70000006855703,Inactive
COc1cccc(NC(=O)c2nnn(Cc3ccc([S+](C)[O-])cc3)c2N)c1,4.399999967876858,Inactive
COc1ccc(C(=O)N/N=C/c2ccc([N+](=O)[O-])o2)cc1,5.046240308266771,Active
C[C@@H](Cc1cccc(C(F)(F)F)c1)NCCOC(=O)c1ccccc1,4.132473588800257,Inactive
CCCN1CCN(Cc2ccc(S(=O)(=O)Nc3cccc(C)c3)cc2)CC1,6.0999990348465305,Active
CCCN(CCC(C)[C@H]1CC=C(C)CC1)S(=O)(=O)c1ccc(C)cc1,3.708298229270019,Inactive
Cc1c(Nc2cc(C3CC3)n[nH]2)ccc(C#N)c1Cl,4.888587425205524,Inactive
O=C(/C=C/c1ccc([N+](=O)[O-])s1)c1ccc(-n2ccnc2)cc1,4.5036239459876,Inactive
N=C(N)c1ccc(-c2ccc(-c3ccc(C(=N)N)cc3)nn2)cc1,6.142667503568732,Active
CC1(COc2ccc(Cl)cn2)CCn2cc([N+](=O)[O-])nc2O1,6.823908740944319,Active
CS/C(S)=N/CCOc1ccc(Oc2ccccc2)cc1,4.341035157335565,Inactive
COc1ccc(/C=C/C(=O)/C(C)=C/c2ccc([N+](=O)[O-])cc2)cc1,4.809668301829708,Inactive
COc1cc(Nc2nccc(Nc3onc(C)c3C)n2)cc(S(=O)(=O)C2CCOCC2)c1,4.399999967876858,Inactive
O=c1c(O)c(-c2ccc(O)c(O)c2)oc2cc(O)cc(O)c12,3.112945621949043,Inactive
COc1cccc(C(O)CCC(O)c2ccccc2)c1,3.71410885137926,Inactive
COC(=O)c1ccc(NCc2cncn2Cc2ccc(-c3ccccc3)cc2)cc1,7.096910013008056,Active
CN1/C(=C/c2cc[n+](C)c3cccc(-c4ccccc4)c23)Sc2ccccc21,7.376750709602099,Active
NC(=O)c1cc(F)ccc1Nc1nc(N[C@H]2CC[C@H](O)CC2)ncc1Br,6.147126757574895,Active
CC1(C)OC[C@H](CSCC(=O)OCc2ccccc2)O1,3.6675615400843946,Inactive
CN(C)c1ccc(-c2nc(C(=O)NCCCl)cc3c2[nH]c2ccccc23)cc1,4.774690718274137,Inactive
O=C(Cn1cnc([N+](=O)[O-])n1)Nc1ccc(-c2ccc(Cl)cc2)cc1,6.769551078621726,Active
COc1ccc(OC)c(S(=O)(=O)N(Cc2ccc(F)cc2)c2ccc(F)cc2)c1,4.939999856829448,Inactive
COc1cc(NC(=O)c2nnn(Cc3ccc(CN4CCOCC4)cc3)c2N)cc(OC)c1,7.100015437450609,Active
O=C1C=C(n2cc(-c3ccc([N+](=O)[O-])cc3)nn2)C(=O)c2ccccc21,2.697734025497027,Inactive
OC(c1ccc(Cl)cc1)(c1cccnc1)c1ccc(Cl)cc1Cl,7.823908740944319,Active
CSc1nc2ccc(Cl)cc2nc1NC1CCCCC1,4.281498311132726,Inactive
O=C(C1CC1)N1CCN(CCCn2cnc([N+](=O)[O-])n2)CC1,5.327902142064283,Active
COc1ccc(-c2nc3ccccn3c2NC2CCCC2)nc1,5.279014255846261,Active
Cn1c2ccccc2c2nnc(SCCCCCNc3ccnc4cc(Cl)ccc34)nc21,4.822752163744377,Inactive
O=C(Nc1cc(Cl)nc(Cl)c1)OC(Cn1ccnc1)c1ccc(Cl)cc1,7.443697499232712,Active
O=C(NCCn1ccc(-c2ccccc2)n1)N1CCCCCC1,6.200659450546418,Active
COc1ccc(/C=C2\CCC/C(=C\c3ccc(N(C)C)cc3)C2=O)cc1,4.040958607678906,Inactive
CCCCCCNc1c(N(C)CCCN(C)C)c(=O)c1=O,4.763210900590707,Inactive
Cc1ccc([S+]([O-])/C=C/c2ccc3no[n+]([O-])c3c2)cc1,5.275724130399211,Active
OC(c1ccc(C(F)(F)F)cc1)(c1cccnc1)c1ccccc1F,7.657577319177793,Active
Nc1ncnc2c1c(-c1ccc(Cl)cc1)cn2[C@@H]1O[C@H](CO)[C@@H](F)[C@H]1O,4.896196279044043,Inactive
O=C1CS/C(=N/N=C/CSc2ccc(Br)cc2)N1,4.367542707815276,Inactive
Nc1cccc(S(=O)(=O)[N-][N+](=O)[O-])c1,4.779630367548606,Inactive
CCCc1cc(=O)[nH]c(-n2nc(C3CC3)cc2N)n1,4.452485395540391,Inactive
C/C=C/C=C/C=C1C(=O)CC(C)(C)CC1=O,4.33913452199613,Inactive
CCC(C)Nc1nc(-c2ccccn2)nc2ccccc12,5.6777807052660805,Active
O=C(/C=C/c1nc(CCc2ccccc2)c(CCCO)s1)CSCCCc1ccccc1,5.346787486224656,Active
CO[C@H]1O[C@@H](OC(C)=O)c2ccc([C@@]3(C)CCCC(C)(C)C3)c([C@@H](C)C(=O)O)c21,4.920818753952375,Inactive
CCCCCCCN1CCN(CCCC[C@H]2CNC(=N)N2)C1=N,5.0,Active
O=[N+]([O-])c1ncn(CCCNS(=O)(=O)c2ccc(C(F)(F)F)cc2)n1,6.444905551421681,Active
COc1ccc(/C=C(\C)C(=O)/C=C/c2ccc(N(C)C)cc2)cc1,4.671620396561262,Inactive
COc1cc2c(N3CCCCC3)nc(NC(=O)c3ccc(F)cc3)nc2cc1OC1CCCC1,5.265200170411153,Active
COc1ccc(OC)c2[nH]c(C(=O)N3CCCC(c4cc5ncccc5[nH]4)C3)cc12,5.922043742746646,Active
COc1cc(Nc2nc(C)cc(N3CCCC(C#N)C3)n2)ccc1F,5.100000128334196,Active
COc1cc(-c2ccc(OC(F)(F)F)cc2)ccc1CO[C@@H]1COc2nc([N+](=O)[O-])cn2C1,6.638272163982407,Active
CC1(Cc2ccccc2)CC(S(=O)(=O)c2ccc([N+](=O)[O-])cc2)=C(c2ccc(/C(N)=N/O)cc2)O1,4.7121982700697735,Inactive
COC(=O)c1c(C(F)(F)F)[n+]([O-])c2ccccc2[n+]1[O-],5.585026652029182,Active
O=C(Nc1ccc(Sc2ccc([N+](=O)[O-])cc2)cc1)O[C@H](Cn1ccnc1)c1ccc(Cl)cc1,8.823908740944319,Active
CC(C)Oc1ccc(C(=O)Nc2ccc(N3CCOCC3)c(Cl)c2)cc1,5.899998417198648,Active
NS(=O)(=O)c1ccc(NC(=[Se])NC(=O)c2ccc3c(c2)OCO3)cc1,5.277366077466188,Active
Nc1c(C(=O)NC23CC4CC(CC(C4)C2)C3)nnn1Cc1ccc(CN2CCOCC2)cc1,5.499999678657065,Active
CCCCC(CC)CNC(=O)c1ccc(F)cc1,4.436518914605589,Inactive
CC1(C)C=Cc2c(ccc3c2OCC2c4cc5c(cc4OC32)OCO5)O1,5.033858267260968,Active
O=[N+]([O-])c1cn2c(n1)OC(CN1CCC(Oc3ccc(F)cc3)CC1)CC2,5.619788758288394,Active
O=C1C2=C(C(=O)c3ccccc31)[C@H]1Oc3ccccc3[C@H]1CO2,5.798602875679548,Active
Cc1cc(Br)c(Nc2nc(N)nc(Nc3ccc(C#N)cc3)n2)c(Br)c1,5.177178354696896,Active
CC(=O)OC[C@H]1O[C@@H](n2cc(C3SCC(=O)N3c3ccc(C)cc3)c(=O)[nH]c2=O)C[C@@H]1OC(C)=O,4.0,Inactive
O=C(Nc1ccc(F)cc1[N+](=O)[O-])c1ccccc1O,5.126679398184601,Active
NC(=S)N/N=C(/COc1ccccc1)c1ccc(Cl)cc1,4.645891560852599,Inactive
COc1ccc(OC)c(S(=O)(=O)N(Cc2ccccc2)Cc2ccccc2)c1,6.429994423238211,Active
Cn1nccc1C(=O)Nc1nc2ccc(C#N)cc2n1CCF,5.075720713938118,Active
COc1ccc(/C=C2\CCCCC2=O)cc1,4.261219441515631,Inactive
Cc1ccc(C)c(NC2C3=C(OC2(C)C)c2ccccc2C(=O)C3=O)c1,2.7554507571021056,Inactive
C=CCc1ccc(OCc2cn(Cc3ccc(F)cc3)nn2)c(OC)c1,4.226213555018807,Inactive
Cc1oncc1C(=O)Nc1ccc(C(F)(F)F)cc1,3.817870785947002,Inactive
CC1(COc2ccc(-c3ccc(OC(F)(F)F)cc3)cc2)Cn2cc([N+](=O)[O-])nc2O1,5.275724130399211,Active
Cc1ccc(S(=O)(=O)Nc2ccc(CN3CCN(C(=O)c4cccc(Cl)c4)CC3)cc2)cc1,6.799998134593398,Active
Cc1cc(C(=O)NC2CCN(C(c3cncnc3)c3ccc(Cl)cc3F)CC2)no1,7.119186407719209,Active
CC(=O)Nc1cnc2[nH]c(=O)n([C@H]3CC[C@@H](C(C)(C)C)CC3)c(=O)c2c1,7.0,Active
COc1ccc(CN2CCN(Cc3ccc(OC)cc3)C2c2cccc(Cl)c2)cc1,4.853871964321762,Inactive
Cc1sc(NC(=O)c2ccccc2)c(C(c2cccs2)N2CCN(c3ccccc3)CC2)c1C,4.896223295052873,Inactive
C=C1C(=O)[C@@]23CC[C@H](C(C)(O)CO)[C@@](C)(CCC(=O)O)[C@@H]2CC[C@H]1C3,4.370590400897281,Inactive
COC1=C(C(C)C)C(=O)C=C(Cn2cncn2)C1=O,5.008773924307505,Active
Nc1nc2ccc(Nc3ccccc3C(=O)O)cc2s1,5.698970004336019,Active
Cc1cc2c(cc1C)[n+]([O-])c(-c1ccco1)c(C#N)[n+]2[O-],4.696803942579511,Inactive
COC(=O)C1=C(N)Oc2cc(O)c3c(C)cc(=O)oc3c2C1c1ccc(Cl)cc1,4.415329615535652,Inactive
C=CCn1c(-c2ccc(Cl)cc2)cs\c1=N/N=C/C=C/c1ccco1,5.886056647693163,Active
O=Cc1ccccc1Oc1ccnc2cc(Cl)ccc12,3.946076849451425,Inactive
OC(COc1ccc(-c2cc(-c3ccccc3F)c3cc(Cl)ccc3n2)cc1)CN1CCCC1,5.619788758288394,Active
COC(=O)C1=C(N)Oc2cc(O)c3c(C)cc(=O)oc3c2C1c1ccc(Br)cc1,4.478731124401615,Inactive
Cc1nc2ccccn2c1C(=O)N/N=C/c1no[n+]([O-])c1C,4.899629454882437,Inactive
CCCCCCCC[C@H]1CCCc2c1c(=O)c(OC)c(C)n2OC,7.0,Active
CCN(CC)c1ccc2nc3c4ccccc4/c(=N\c4ccncc4)cc-3oc2c1,4.94692155651658,Inactive
CCc1c2nc3ccccc3c-2[nH]c2ccccc12,5.2441251443275085,Active
N[C@@H](Cc1ccccc1)C(=O)OCc1cn(-c2ccc([N+](=O)[O-])cc2)nn1,3.766420143320984,Inactive
CCN(CC)C(=O)NC1CCN(C(c2ccc(C#N)cc2)c2cccnc2)CC1,7.552841968657781,Active
CSc1ccc(-c2c[nH]cc2C(c2ccc(Cl)cc2Cl)n2ccnc2)cc1,7.366531544420414,Active
O=[N+]([O-])c1c(CCl)nc2ccccn12,4.82102305270683,Inactive
Cc1cc(C)c(CCCCN(CCCCc2c(C)cc(C)c(O)c2C)Cc2ccccc2)c(C)c1O,5.096910013008056,Active
CCCCNc1nc2ccc(OC)cc2nc1SC,4.453457336521869,Inactive
CC(C)=CCC1=C(OC2(CC=C(C)C)C(=O)C(=O)c3ccccc3C2=O)C(=O)c2ccccc2C1=O,3.6320852612062473,Inactive
Cc1nc(CCN)cc(N2CCOc3ccc(Cl)cc3C2)n1,4.8529598187309535,Inactive
COc1cc(C(=N)N)ccc1-c1cn(-c2ccc(C(=N)N)cc2)nn1,4.886056647693163,Inactive
O=S(=O)(c1ccc(-c2ccc3nccc(N[C@@H]4CCCC[C@H]4O)c3c2)cc1)N1CCOCC1,6.481486060122113,Active
CCCNC(=O)c1c([N+](=O)[O-])noc1-c1ccc([N+](=O)[O-])cc1,4.914174466479257,Inactive
O=C1C(O)=Cc2cccc3ccc(-c4ccccc4)c1c23,4.455931955649724,Inactive
CC1CCCC(CCN2C(=N)NC[C@@H]2CCCCN2CCNC2=N)C1,5.7447274948966935,Active
C/C(COc1ccccc1)=N\N=C1/NC(=O)C(C(C)C)S1,4.838631997765025,Inactive
CSCC[C@@H](C(=O)N(C)[C@H](C(=O)N(C)[C@H](C(=O)NCCc1ccccc1)C(C)C)C(C)C)N(C)C(=O)[C@@H](N)C(C)C,4.201349354554731,Inactive
COC(=O)[C@@H](NC(=O)c1cc(C)on1)c1ccccc1,4.249491605148654,Inactive
O=C(O)[C@H]1C[C@@H]1c1ccc(-c2ccc(CN(CCc3ccccn3)C(=O)C3CCC3)cc2)cc1,4.499999953328896,Inactive
CC[C@H](C)[C@@H]1NC(=O)[C@@H](Cc2c[nH]c3ccccc23)n2c1nc1ccc(Br)cc1c2=O,5.107905397309519,Active
Clc1ccc2c(NCCCCCNCCC34CC5CC(CC(C5)C3)C4)ccnc2c1,6.136677139879544,Active
O=[N+]([O-])c1ccc(C(c2nnnn2C2CCCCC2)N2CCc3c([nH]c4ccccc34)C2)cc1,4.508638306165727,Inactive
Cc1ccc2c(/C=C3\Sc4ccccc4N3C)cc[n+](C)c2c1,7.431798275933005,Active
CC(C(=O)Nc1cccc(/N=C/c2c(O)ccc3ccccc23)c1)c1ccccc1,4.97469413473523,Inactive
Cc1ccc(S(=O)(=O)Nc2ccc(CN3C[C@@H]4CN(C(=O)c5cccc(Cl)c5)C[C@@H]4C3)cc2)cc1,5.200000237109354,Active
C=CCOCC(COP(=O)([O-])OCC[N+](C)(C)C)OCc1cccc2ccccc12,4.573488738635425,Inactive
Cc1ccc(Oc2c(F)cccc2OC[C@@H](N)CC(C)C)cc1,5.018955797265125,Active
N#Cc1c(-c2ccco2)[n+]([O-])c2ccc(Cl)cc2[n+]1[O-],4.723538195826756,Inactive
c1ccc(CCNc2nc(-c3ccccn3)nc3ccccc23)nc1,5.468521082957745,Active
CCC(=O)N(CCCN/C(=N/C(=O)OC(C)(C)C)NC(=O)OC(C)(C)C)C1CCN(CCc2ccccc2)CC1,4.508078287413849,Inactive
O=C(N/N=C/c1ccc(Cl)cc1)/C(=C/c1cnn(-c2ccccc2)c1)c1ccccc1,2.0679988287091624,Inactive
O=[N+]([O-])c1cnc2c(Sc3ccc(Cl)cc3)cc(Cl)cn12,5.6020599913279625,Active
Cc1c(C(=O)N/N=C/c2ccc([N+](=O)[O-])s2)no[n+]1[O-],4.301029995663981,Inactive
O=C(CSc1ccc(F)cc1)N[C@@H](Cc1c[nH]cn1)C(=O)NCCc1ccccc1,6.299997602857746,Active
Cc1cc(Br)cc2c(/C=N/NC(=S)Nc3ccccc3)c[nH]c12,5.251811972993799,Active
COc1c(O)c(OC)c2oc(-c3ccc(O)cc3)c(OC)c(=O)c2c1O,4.56336036830734,Inactive
O=C(c1cccc(Cl)c1Cl)N1CCn2c1nc(-c1ccncc1)cc2=O,6.499996931948306,Active
Cc1ccc(-c2ccn(CCNC(=O)N3CCCCC3)n2)cc1,5.0,Active
O=C(Cc1ccccc1)N[C@@H](Cc1c[nH]c2ccccc12)C(=O)Nc1ccncc1,6.045757490560675,Active
COc1cc([C@@H]2[C@@H](c3ccccc3)[C@@H](c3ccccc3)[C@@H]2c2cc(OC)cc(=O)o2)oc(=O)c1,4.769551078621726,Inactive
CC(C)=CCC/C(C)=C/CC/C(C)=C/Cn1cc(C(C)(C)O)nn1,4.316052869248487,Inactive
O=C(Nc1ccc(F)c(-c2nc3ncc(-c4cccnc4F)cn3n2)c1)N1CC[C@@H](F)C1,6.236572006437063,Active
O=C(NC1CCCC1)c1cccc(C(O)(c2ccc(Cl)cc2)c2cccnc2)c1,6.823908740944319,Active
COc1ccccc1-c1cn([C@@H]2O[C@H](CO)[C@@H](O)[C@H]2O)c2ncnc(C)c12,4.675717544702307,Inactive
COc1ccc(Nc2c(-c3ccccn3)nc3ccc(C)cn23)cc1,5.636388020107856,Active
Cc1cc(C)c(C)c(S(=O)(=O)N2CCc3ccccc3C2)c1C,6.119186407719209,Active
c1cc(Nc2ccc(NC3=NCCS3)cc2)ccc1NC1=NCCS1,4.522878745280337,Inactive
O[C@@H]1Cc2ccccc2N[C@H](c2ccc(F)cc2)C1,4.578889870206566,Inactive
COC1=CC(=O)N(C(=O)/C=C/[C@H](C)NC(=O)[C@H](CC(C)C)NC(=O)[C@H](Cc2ccccc2)NC(=O)[C@H](C(C)C)N(C)C)[C@H]1Cc1c[nH]c2ccccc12,7.251811972993799,Active
COc1ccc(OCc2ccc(C(=O)N3CCCC(C)C3)cc2)cc1,4.454692883534176,Inactive
COCCN(Cc1ccc(F)cc1)S(=O)(=O)c1ccccc1OC(F)(F)F,5.079999880484295,Active
Cc1cc(C)n(CC(=O)N2CCCC(C(=O)c3cccc(OC(C)C)c3)C2)n1,4.782516055786093,Inactive
O=C(/C=C/c1ccc(O)c(O)c1)N1CCN(c2cnccn2)CC1,3.97798426018228,Inactive
Clc1ccc(C(c2c[nH]cc2-c2cccc3ccccc23)n2ccnc2)c(Cl)c1,7.017728766960431,Active
CC(C)=CCC[C@H](C)c1ccc(C)cc1OC(=O)c1ccncc1,6.221848749616356,Active
CC1(C)C=Cc2cc(CNCCCc3ccccc3)c(O)cc2O1,4.552841968657781,Inactive
N=C(Nc1ccc(Oc2ccc(NC(=N)c3ccccn3)cc2)cc1)c1ccccn1,6.173925197299173,Active
COC(c1ccc(Cl)cc1)(c1ccc2c(c1)c(-c1ccccc1F)cc(=O)n2C)c1cncn1C,9.096910013008056,Active
C=C1CC[C@H]2C(C)(C)CCC[C@]2(C)[C@H]1CCC/C(C)=C/C[n+]1cn(C)c2nc[nH]/c(=N\O)c21,5.623423042943488,Active
CNc1nc(NC)nc(N/N=C/c2ccc([N+](=O)[O-])o2)n1,5.503070351926785,Active
Clc1ccc(-c2csc(N/N=C/CSc3ccccc3)n2)cc1,5.167491087293763,Active
O=C1Nc2ccc(Cl)cc2[C@@](C#CC2CC2)(C(F)(F)F)O1,5.067526235322847,Active
N/C(=N\O)c1ccc(C2=C(S(=O)(=O)c3ccc(F)cc3)CC3(CCCCC3)O2)cc1,4.305394801066432,Inactive
CC(C)(C)C1CCN(S(=O)(=O)c2ccc(NC(=O)c3ccc([N+](=O)[O-])s3)cc2)CC1,7.0,Active
O[C@]1(C#Cc2cccc(OCc3ccccc3)c2)CN2CCC1CC2,5.017728766960431,Active
COc1cc(/C=N/NC(=O)c2ccc3ccccc3c2)cc([N+](=O)[O-])c1O,4.031517051446065,Inactive
CCC(=O)CCCCCC(Oc1ccc2ccccc2c1)c1ncc[nH]1,4.505845405981558,Inactive
Cc1ccc(CN2Cc3c(cnn3C)C(COCC3CC3)C2)s1,4.876538092738055,Inactive
BrC1=NOC(c2nc(-c3cccs3)no2)C1,4.581698708680254,Inactive
CC(=O)N(Cc1c[nH]cn1)c1ccc(-c2nc3ccccc3s2)cc1,7.8696662315049934,Active
O=C(Nc1ccc2c(c1)B(O)OC2)c1cn(-c2ccccn2)nn1,5.769551078621726,Active
COc1ccc(C)cc1-c1csc(NC(=O)C(C)n2ccnc2)n1,7.0,Active
COc1ccc(CN(CCc2ccccc2)CCc2ccccc2)cc1O,4.682981898951889,Inactive
Cc1cc(C(=O)NCCCn2cnc([N+](=O)[O-])n2)c(C)o1,5.052076380168273,Active
COC(=O)[C@@H]1CCCN1C(=O)C(C)C,5.153662887870195,Active
N=C(N)NCCCCc1nccc2c3ccc(Br)cc3n(O)c12,3.995678626217357,Inactive
COc1nc2ccc(Br)cc2cc1C(c1ccccc1)n1cnc([N+](=O)[O-])c1,4.294136287716081,Inactive
CCN(CC)C(=O)NCCc1csc(-c2ccccc2)n1,6.0,Active
Cc1cc(C)cc(C#CC2(O)CN3CCC2CC3)c1,4.723538195826756,Inactive
Cn1c2nc(SCCNc3ccnc4cc(Cl)ccc34)nnc2c2cccc(C(F)(F)F)c21,5.189767482004916,Active
CCCc1ccc(OCc2ccc(C(=O)N3CCOCC3)cc2)cc1,4.393618634889395,Inactive
CSc1ccc(CC2(O)c3cc(Cl)c(Cl)cc3C3=NCCN32)cc1,5.6777807052660805,Active
C=CCc1ccc(OC(=O)CCCC)c(OC)c1,4.065829918694706,Inactive
CCCCCCCCCC(=O)c1c(O)cc(C)oc1=O,4.756961951313706,Inactive
CCn1cc(C(NC2CCN(c3ccc(OC(F)(F)F)cc3)CC2)c2cccnc2)cn1,6.987162775294828,Active
COc1ccc(C(=O)N2CCOCC2)cc1S(=O)(=O)N(Cc1ccccc1)Cc1ccccc1,6.339998279897117,Active
CC[n+]1ccc2c(c1)[nH]c1ccc(Cl)cc12,3.999132278468773,Inactive
CC(C)=C(Cl)c1ccc2cccc([N+](=O)[O-])c2n1,4.552841968657781,Inactive
N#Cc1ccc(C(c2cccnc2)N2CCC(NC(=O)c3c(F)cccc3C(F)(F)F)CC2)cc1,8.348625056086957,Active
N#Cc1c(/N=C/c2cc3cc(Br)ccc3[nH]2)sc2c1CCCC2,4.961181212626344,Inactive
Cc1oncc1C(=O)N1CCC(NC(c2ccc(C(F)(F)F)cc2)c2cccnc2)CC1,7.158015195409886,Active
COc1ccc(-c2ccc(O)c3c2C[C@@H](C)N[C@H]3C)c2cc(C)cc(OC)c12,4.835052627378158,Inactive
O=C(CNc1ccc(Cl)cc1Cl)NCCNc1cc(/C=C/c2ccccc2)nc2ccccc12,5.075720713938118,Active
CCOC(=O)c1c(C(F)(F)F)[n+]([O-])c2cc(C)c(C)cc2[n+]1[O-],5.119186407719209,Active
Nc1nc(Nc2cccc(F)c2)nc2ccccc12,4.695536616479898,Inactive
Nc1nccc(N2CCC(c3cc(Cc4ccccc4)n[nH]3)CC2)n1,4.37003926811823,Inactive
O=C(c1cc2c([nH]c3ccccc32)c(-c2ccccc2)n1)N1CCN(c2ccccn2)CC1,5.1249387366083,Active
CC(C)CNC(c1ccc(C(F)(F)F)cc1)c1cnccn1,6.096910013008056,Active
COC(=O)C1(C(=O)OC)Cc2cc3c(cc2C1)C(=O)C(c1ccccc1)=CC3=O,3.4333268623938835,Inactive
NC(=S)N/N=C/CSc1cccc(Cl)c1,5.438898616350944,Active
CC(C)NC(=N)c1ccc(-c2cc3ccc(C(=N)NC(C)C)cc3o2)c(O)c1,4.4089353929735005,Inactive
C=CCC(=O)O[C@H]1CC[C@@]2(C)[C@@H](CC[C@@H]3[C@@H]2CC[C@]2(C)C(=O)[C@H](Br)C[C@@H]32)C1,4.777283528852417,Inactive
O=C(N[C@@H](Cc1c[nH]c2ccccc12)C(=O)Nc1ccncc1)c1ccc(-c2ccccc2F)cc1F,6.552841968657781,Active
CC(Nc1nc(-c2ccccn2)nc2ccccc12)c1ccccn1,5.568636235841013,Active
O=C(Nc1nc(-c2ccccn2)cs1)c1ccc(S(=O)(=O)N2CCCCC2)cc1,6.199998172182031,Active
CC(C)=CCC/C(C)=C/COC1CCCCO1,4.167491087293763,Inactive
CCCCCCCCCCCCCCCCOP(=O)([O-])O[C@@H]1CCC[C@H]1[N+](C)(C)C,5.481486060122113,Active
O=C(Cn1cnc([N+](=O)[O-])n1)Nc1nc2ccc(Cl)cc2s1,5.235077015350112,Active
COc1cc(/C=C/c2ccco2)oc(=O)c1,3.619788758288394,Inactive
O=C(Nc1ccc2nc(-c3ccc(F)c(F)c3)cn2c1)N1CC[C@H](F)C1,5.002613615602686,Active
FC(F)(F)c1ccc(N(c2cccnc2)C2CCN(c3ncccn3)CC2)cc1,7.769551078621726,Active
COc1ccc(Cn2c(C)cc(O)c(C(=O)Nc3ccc(C)cc3)c2=O)cc1,4.259637310505756,Inactive
CCCCCCCCCCCCCCCC(=O)c1c(O)cc(C)oc1=O,4.178486471595227,Inactive
COc1ccc(CN2CCN(Cc3ccc(OC)cc3)C2/C=C/c2ccccc2)cc1,5.0,Active
O=[N+]([O-])c1cn2c(n1)S(=O)(=O)CC(OCc1ccc(OC(F)(F)F)cc1)C2,5.795880017344075,Active
CCCc1ccc(OCC(O)Cn2cc(COc3ccc([N+](=O)[O-])cc3)nn2)c(OC)c1,5.104853810624008,Active
COC(=O)OCc1ccc2nc3ccc(OC)cc3c(N)c2c1,6.0,Active
Clc1ccc(-c2csc(N/N=C/c3ccccn3)n2)cc1,5.548053227386447,Active
CC(C)(C)OC(=O)NCCNC1CCN(CCc2ccccc2)CC1,4.255863547598753,Inactive
CCC(=O)Nc1ccc(-c2nc3ccc(Cl)cc3[nH]2)cc1,5.800000874803203,Active
NP(=O)(OCc1ccc([N+](=O)[O-])cc1Cl)N(CCCl)CCCl,8.096910013008056,Active
O=C1C(=O)c2ccccc2C2=C1CC(Cn1cc(C3=CCCCC3)nn1)O2,4.257274868695302,Inactive
Cc1ncsc1C(=O)N1CCC(NC(c2ccc(C(F)(F)F)cc2)c2cccnc2)CC1,7.236572006437063,Active
NCCNCc1nccn1-c1ccc(-c2nc(CCc3ccc(-c4ccccc4)cc3)cs2)c(OCCN2CCNC2=O)c1,5.275724130399211,Active
Fc1ccc2c(c1)C[C@H]1C[C@@H](c3ccc(Cl)cc3)N2O1,4.422795526988937,Inactive
COC(=O)c1c([N+](=O)[O-])noc1-c1ccccc1Cl,5.015022873584507,Active
O=[N+]([O-])c1cn2c(n1)OCC(Oc1ccc(OC(F)(F)F)cc1)C2,6.4089353929735005,Active
COc1ccc(CNc2nc(NCc3ccccc3)c3ccccc3n2)cc1,6.142667503568732,Active
Clc1ccc(Nc2nc(-c3ncccn3)cs2)nc1,5.812479279163537,Active
CC1(CNc2ccc(F)cc2)CCn2cc([N+](=O)[O-])nc2O1,6.031517051446065,Active
CN1/C(=C/C=C/c2oc3ccccc3[n+]2C)Oc2ccccc21,6.675717544702307,Active
c1cc2oc(CCCCCc3cc4cc(C5=NCCN5)ccc4o3)cc2cc1C1=NCCN1,5.73754891026957,Active
COc1ccc(-c2csc(N/N=C(\C)COc3ccccc3)n2)cc1,4.786482243003695,Inactive
CC1Cn2c(nc([N+](=O)[O-])c2C#Cc2ccccc2)O1,5.681936665037238,Active
O=C(CCn1cnc2ccccc21)C12CC3CC(CC(C3)C1)C2,4.605548319173784,Inactive
COc1ccc(CN(CCc2ccc(Br)cc2)Cc2ccccc2)cc1O,4.929592678259881,Inactive
OC(c1ccc(Cl)cc1)(c1cccnc1)c1cccc(C(F)(F)F)c1,7.164309428507575,Active
C/C(=N\NC(N)=S)C(C)Oc1ccccc1-c1ccccc1,5.657577319177793,Active
C=C(c1nc(-c2ccccc2)no1)C(O)c1ccccc1[N+](=O)[O-],4.2335871528876,Inactive
O=[N+]([O-])c1cn2c(n1)OC[C@H](Oc1cc(C(F)(F)F)ccn1)C2,5.619788758288394,Active
CCCn1c(NC(=O)Cc2ccc(Cl)cc2)nc2cc(Br)ccc21,6.102372908709558,Active
Clc1ccccc1/C=N/Nc1ncnc2sc3c(c12)CCCC3,4.671620396561262,Inactive
COc1cc(/C=C/C(=O)c2c(O)c3ccccc3[nH]c2=O)ccc1O,4.939302159646388,Inactive
COc1ccc2cc3c4ccccc4nc-3n(C)c2c1,6.0,Active
NC(=S)N/N=C(/C=C/c1ccccc1)c1ccccc1,4.96738123914928,Inactive
CC(C)(C)NC(=O)[C@@H]1CC2CCCCC2CN1C[C@@H](O)[C@H](Cc1ccccc1)NC(=O)[C@H](CC(N)=O)NC(=O)c1ccc2ccccc2n1,4.76598918241282,Inactive
COc1ccc(OC/C(=N\NC(N)=S)c2ccc(Br)cc2)cc1,5.271646217978772,Active
N=C(N)c1ccc(-c2ccc(-c3ccc(C(=N)N)nc3)cn2)cc1,6.292429823902063,Active
CCCCCCCCCCCCCCCCCCOP(=O)([O-])OCC[N+]1(C)CCSCC1,5.745935547085662,Active
COc1ccc(CN2Cc3c(C(=O)NCc4cccc5ccccc45)nn(CCO)c3C2)c2ccccc12,5.818156412055227,Active
CC1(C)[C@H]2CC[C@@]3(CCc4c(O)c(C=O)c(O)c(C=O)c4O3)[C@@H]1C2,5.196771358753931,Active
O=C(Cc1ccccc1)NC(c1ccc(Cl)cc1)c1c(O)ccc2ccccc12,5.437835658131491,Active
COc1ccc(C(O)CCC(O)c2ccccc2)cc1,4.167022110957876,Inactive
O=C(Nc1ccc(F)c(-c2nc3ncc(-c4ccccc4F)cc3[nH]2)c1)N1CCCC1,7.958607314841775,Active
O=C(Nc1nc(-c2ccccn2)cs1)c1ccccc1Br,6.585026652029182,Active
O=C(Nc1ccn2cc(-c3ccccc3)nc2c1)N1CCCC1,5.350665141287858,Active
COc1cc2c(cc1C(C)OC/C=C/c1ccccc1)C=CC(C)(C)O2,4.638272163982407,Inactive
C[C@@H]1CC[C@H]2[C@@H](CCCc3cccc(Cl)c3)CO[C@@H]3O[C@@]4(C)CC[C@@H]1[C@]32OO4,5.414539270491499,Active
N=C(N)NCCCCc1nccc2c1[nH]c1ccccc12,3.958607314841775,Inactive
O=C(NCCN1CCOCC1)c1cccc(C(O)(c2ccc(Cl)cc2)c2cccnc2)c1,6.301029995663981,Active
O=S(=O)(NC(c1ccc(C(F)(F)F)cc1)c1cnccn1)c1ccccc1,5.437707135543525,Active
O=C(/C=C/c1ccc2no[n+]([O-])c2c1)c1ccc([N+](=O)[O-])cc1,5.619788758288394,Active
CC1(COCc2ccc(Oc3ccccc3)cc2)Cn2cc([N+](=O)[O-])nc2O1,5.136677139879544,Active
COCCCNc1cc(-n2nc(C)c3c2CN(S(C)(=O)=O)CC3=O)ccc1C(N)=O,5.269217724333611,Active
CC(=O)Nc1cccc(Nc2ncnc3[nH]cnc23)c1,4.603707176281186,Inactive
CC1(COc2ccc(C(F)(F)F)nc2)CCn2cc([N+](=O)[O-])nc2O1,7.045757490560675,Active
N=C(N)c1ccc(-c2ccc(-c3ccc(C(=N)N)cn3)cn2)cc1,5.167491087293763,Active
O=S(=O)(NC1CCN(C(c2ccc(C(F)(F)F)cc2)c2cnccn2)CC1)c1ccc(Cl)cc1,6.154901959985743,Active
CCc1ccc(OCc2ccccc2NC(=O)c2ccc3nccnc3c2)cc1,4.735182176990463,Inactive
COc1ccc2[nH]cc(C(c3ccc(O)cc3)c3c[nH]c4ccc(OC)cc34)c2c1,4.207783464560141,Inactive
CN(C)CCN1C2CCC1CC(=NOC(c1ccccc1)c1ccc(Cl)cc1)C2,5.161150909262744,Active
COc1ccc(CN(Cc2ccc(OC)c(O)c2)c2ccc(OC)cc2)cc1,4.147764060588113,Inactive
CC(C)CC(=O)c1c(O)c(C=O)c(O)c2c1O[C@]1(C)C[C@@H]3[C@H](C[C@@H]1C2)C3(C)C,5.795439160845457,Active
CC(C)(C)OC(=O)NCCCNC1CCN(CCc2ccccc2)CC1,4.256725476488066,Inactive
Fc1ccc(F)c(COC(CCn2ccnc2)c2ccco2)c1,5.271646217978772,Active
NCCCCNCCCN(Cc1ccccc1)Cc1ccccc1,4.581698708680254,Inactive
Fc1ccc(C[n+]2ccc3c(c2)[nH]c2ccc(Br)cc23)cc1,4.785156151952302,Inactive
OC(c1ccc(Cl)cc1)(c1cncnc1)c1cscn1,6.600326278518962,Active
NC(=O)c1ccccc1N1CCC(NC(c2cccnc2)c2ccc(Cl)cc2F)CC1,7.119186407719209,Active
COC(=O)c1c([N+](=O)[O-])noc1-c1ccccc1F,5.024108863598207,Active
O=C(c1ccc(C(F)(F)F)cc1)N1CCC(NC(c2cnccn2)c2ccc(F)cc2F)CC1,6.537602002101044,Active
Cc1cc(Br)c2nc(CS(=O)(=O)c3ccccc3)c([N+](=O)[O-])n2c1,5.251811972993799,Active
CC(C)=CCC/C(C)=C/CC/C(C)=C/CN1CCNCC1,4.886056647693163,Inactive
C=CCSc1nc(-c2ccc(OC)cc2)n[nH]1,3.82739706879014,Inactive
O=c1nc(-c2ccccc2)c2cc(-c3ccncc3)ccc2[nH]1,4.960982678002588,Inactive
Fc1ccc(C(c2nnnn2C2CCCCC2)N2CCc3c([nH]c4ccccc34)C2)cc1,4.838631997765025,Inactive
CC(=O)Nc1ccc2[nH]c(=O)n(CCCC(C)C)c(=O)c2c1,5.3979400086720375,Active
Cc1ccc(/C(COc2ccc(Br)cc2)=N\NC(N)=S)cc1,5.236572006437063,Active
c1cc2cc(Cc3cc4ccc(C5=NCCN5)cc4o3)oc2cc1C1=NCCN1,4.954677021213342,Inactive
OC/C=C/c1ccc2cc(F)ccc2n1,4.747146969020107,Inactive
COc1ccc(N2CCN(CCC(=O)c3ccc(F)cc3)CC2)cc1,4.610833915635467,Inactive
O=C(CCN1CCN(c2cccc(C(F)(F)F)c2)CC1)c1ccsc1,4.694648630553377,Inactive
C=CCOc1c(OC)cc(CCC)cc1Oc1ccc(CCC)cc1OC,5.026872146400302,Active
COc1ccc(-c2cc(=O)oc3cc(OC)c(OC)cc23)cc1OC,5.958607314841775,Active
CC(C)OC(=O)c1c(NC(=S)Nc2ccccc2)sc2c1CCCC2,5.056505484093897,Active
C[C@]12CCCC[C@@H]1CC[C@@H]1[C@@H]2CC[C@]2(C)C(=O)[C@H](Br)C[C@@H]12,5.455931955649724,Active
Cc1nn(-c2ccc3c(N)ncnc3c2)c2c1C(=O)CC(C)(C)C2,5.726998727936262,Active
CC(C)c1cc2c(cc1[N+](=O)[O-])[C@@]1(C)CCC[C@@](C)(CNC(=O)c3ccccc3)[C@@H]1CC2=O,5.267606240177032,Active
Fc1ccc(C2(Cn3cncn3)Cn3ccnc3O2)c(F)c1,5.237621570688036,Active
Cc1ncnc2c1c(-c1cc3ccccc3[nH]1)cn2[C@@H]1O[C@H](CO)[C@@H](O)[C@H]1O,6.2076083105017466,Active
COc1cc2nc(N3CCN(C(=O)C4COc5ccccc5O4)CC3)nc(N)c2cc1OC,4.920818753952375,Inactive
CCOc1ccc(C#CC2(O)CN3CCC2CC3)cc1,4.978810700930062,Inactive
c1ccc(CSCCOc2ccc(Oc3ccccc3)cc2)cc1,4.221848749616356,Inactive
COC(=O)[C@@H](N)Cc1ccccc1,2.7330630888408267,Inactive
CCN1/C(=C/C=C/c2oc3ccc(Cl)cc3[n+]2C)Sc2ccc(F)cc21,6.069050968832477,Active
N=C(Nc1ccc(NC(=O)c2ccc(NC(=N)c3ccccn3)cc2F)c(F)c1)c1ccccn1,6.327902142064283,Active
Cc1ccc(C2=CC(=O)c3ccccc3C2=O)cc1,3.7328282715969854,Inactive
Cc1ccc(S(=O)(=O)n2c3ccccc3c3c(-c4ccccc4)c4c(cc32)C(=O)C=CC4=O)cc1,3.912218582190458,Inactive
CC(C)NC(=N)c1ccc(-c2cc3cc(C(=N)NC(C)C)ccc3o2)c(O)c1,5.7447274948966935,Active
O=[N+]([O-])c1ncn(CCCNS(=O)(=O)Cc2ccccc2)n1,4.100288905428855,Inactive
CCCn1c(-c2ccc(OC)cc2)cnc1NC(=O)c1ccc(F)cc1,4.7447274948966935,Inactive
Cc1ccc(C(O)(c2ccc(OC(C)C)cc2)c2cccnc2)c(F)c1,8.508638306165727,Active
c1cc(-c2ccc(C3=NCCN3)cc2)cc(-c2ccc(C3=NCCN3)cc2)c1,4.723538195826756,Inactive
CC(=O)OCC(CCn1cnc2cnc(N)nc21)COC(C)=O,3.684134569263221,Inactive
NC(=S)N/N=C(/COc1ccc(Br)cc1)c1ccccc1,4.9083330424043154,Inactive
CC(C)(C)OC(=O)NCCCCNCCCNC(=O)C(=O)c1c[nH]c2cc(Br)ccc12,4.552841968657781,Inactive
CCCCC1(CCCC)C[C@@H](CNCCCn2ccnc2)[C@](C)(OC)OO1,5.116338564846382,Active
Cc1ccc(-c2c(Cl)nc(C#N)n2S(=O)(=O)N(C)C)cc1,4.326389369305105,Inactive
Cc1cc(-c2ccc(OCCn3c([N+](=O)[O-])cnc3C)cc2)nc2ccccc12,5.023650020996727,Active
CC(=O)c1c(O)c(CC=C(C)CCC=C(C)C)c(O)c2c1OC1(C2)OC(C)=C(C)C1=O,5.552841968657781,Active
N#CSCCOc1ccc(Oc2cccc(Br)c2)cc1,5.537602002101044,Active
O=[N+]([O-])c1nccn1CCCN(Cc1ccc(C(F)(F)F)cc1)Cc1ccc(C(F)(F)F)cc1,5.187755303199631,Active
NC(=O)c1cccc(C(O)(c2ccc(C(F)(F)F)cc2)c2cccnc2)c1,7.154901959985743,Active
NCc1ccc(-c2nc3ccc(Cl)cc3c3c2CCCCN3)cc1,5.318758762624412,Active
O=C(Nc1ccc(S(=O)(=O)N2CCC(Cl)CC2)cc1)c1ccc([N+](=O)[O-])o1,5.102372908709558,Active
O=C1c2cccc3cccc(c23)C(=O)N1CCNCCCCNCCCNCCN1C(=O)c2cccc3cccc(c23)C1=O,6.0,Active
CC1(C)OC2=C(CC1O)C(=O)C(=O)c1ccccc12,5.425968732272281,Active
O=[N+]([O-])c1ccc2c(c1)c(OCc1ccccc1)nn2CCCCCN1CCc2ccccc2C1,4.889410289700751,Inactive
Nc1ccc2cccc3c2c1C(=O)C=C3,4.581698708680254,Inactive
COC(=O)c1ccc2c(c1)[C@H]1COC3=C(C(=O)c4ccccc4C3=O)[C@H]1O2,5.782516055786093,Active
Clc1ccc(-c2c[nH]cc2C(c2ccc(Cl)cc2Cl)n2ccnc2)cc1,7.455931955649724,Active
c1ccc(-c2ccc(Cn3cncc3CNc3ccccc3-c3ccccc3)cc2)cc1,7.096910013008056,Active
O[C@@H]1Cc2cc(Cl)ccc2N[C@H](c2ccc(Br)cc2)C1,4.565271458220242,Inactive
COc1cc2c(cc1OC)C(C)(Cc1cc(C(F)(F)F)cc(C(F)(F)F)c1)c1cccn1C2,3.95334878302908,Inactive
C/C(=N\Nc1nc(-c2ccc(Br)cc2)cs1)c1ccccn1,5.750801642608887,Active
O=[N+]([O-])c1ncn(Cc2cn(-c3ccc(F)cc3)nn2)n1,5.327902142064283,Active
COc1ccc(CN(C)C[C@H]2Oc3c(NC(=O)c4ccncc4)cccc3C(=O)N([C@@H](C)CO)C[C@@H]2C)cc1,6.896196279044043,Active
N=C(N)c1ccc(OCCOc2ccc(C(=N)N)cc2[N+](=O)[O-])c([N+](=O)[O-])c1,1.300999999980005,Inactive
O=c1ccc2cc(-n3cc(C(O)c4ccccc4Br)nn3)ccc2o1,4.089322245257295,Inactive
NC(=O)c1cccc(N2CCC(NC(c3cccnc3)c3ccc(Cl)cc3F)CC2)c1,7.14569395819892,Active
CSc1nc2ccc(Br)cc2nc1Cl,4.320572103387881,Inactive
O=[N+]([O-])c1cn2c(n1)OC[C@@H](OCC#Cc1ccc(-c3ccc(C(F)(F)F)cc3)cn1)C2,6.431798275933005,Active
C[C@@H](CCCN=C=S)[C@H]1CC[C@H]2[C@@H]3[C@H](O)C[C@@H]4C[C@H](O)CC[C@]4(C)[C@H]3C[C@H](O)[C@]12C,6.301029995663981,Active
O=C(Nc1ccc(N2CCCCC2)c(Cl)c1)c1ccc(Br)o1,4.827567259177699,Inactive
Cc1ccsc1[C@@H]1C[C@H]2Cc3cc(F)ccc3N1O2,3.854648183441539,Inactive
O=C(Nc1ccc([Se][Se]c2ccc(NC(=O)c3ccco3)cc2)cc1)c1ccco1,5.6020599913279625,Active
O=C(Oc1ccccc1)N1CCN(C(c2ccc(Cl)cc2)c2cccnc2)CC1,8.096910013008056,Active
O=C(N/N=C/c1ccc([N+](=O)[O-])o1)c1ncccn1,4.7559704109699785,Inactive
CCC1(CC)CC(S(=O)(=O)c2ccc(F)cc2)=C(c2ccc(/C(N)=N/O)cc2)O1,4.519993057042849,Inactive
FC(F)(F)c1cc(C2CCCN(Cc3c[nH]c4ccccc34)C2)nc2ncnn12,4.800000052738446,Inactive
CN(C)CCNc1ccc2cccc3c2c1C(=O)C=C3,5.978810700930062,Active
COc1ccc(CN2CCc3c(c(C(=O)NCc4cccc5ccccc45)nn3CCNC(C)=O)C2)c2ccccc12,5.141462802430361,Active
CC(C)(C)c1ccc(-c2nccc3[nH]c(C(C)(C)O)cc23)cc1,4.769551078621726,Inactive
CN(C)C(=O)N1CCN(C(c2ccc(Cl)cc2)c2cccnc2)CC1,6.920818753952375,Active
CC1=NN(c2ccccc2)C(=O)/C1=C(\C)c1cn([C@H]2C[C@H](O)[C@@H](CO)O2)c(=O)[nH]c1=O,5.522878745280337,Active
O=[N+]([O-])c1cn2c(n1)OC[C@H](OCc1ccc(-c3ccc(OC(F)(F)F)cc3)c[n+]1[O-])C2,5.795880017344075,Active
CN(C)c1ccc(/C=C/C(=O)c2ccc(O)cc2)cc1,4.102372908709558,Inactive
Clc1ccc2[nH]c(CNCCCN3CCOCC3)cc2c1,4.410050398674292,Inactive
CO/N=C(\C)c1ccc(-n2ccnc2)c(NC(=O)c2cnn(-c3ccccn3)c2)c1,8.197226274708024,Active
O=C(Nc1ccc(F)c(-c2nc3ncc(-c4ccc(F)nc4)cc3[nH]2)c1)N1CCCC1,6.795880017344075,Active
O=[N+]([O-])c1cn2c(n1)OC(COc1ncc(-c3ccc(F)nc3)cn1)CC2,6.275724130399211,Active
CCCN(CCC)c1c([N+](=O)[O-])cc(S(=O)(=O)NC)cc1[N+](=O)[O-],4.0,Inactive
CCC(C)C(=O)c1c(O)c(CC=C(C)CCC=C(C)C)c(O)c(Cc2c(O)c(C)c(C)oc2=O)c1O,5.356547323513812,Active
O=C(Cc1ccccc1)N1CCN(C(c2ccc(Cl)cc2)c2cncnc2)CC1,6.301029995663981,Active
CC1(C)CCC[C@@]2(C)c3cc4c(cc3CC[C@H]12)C(=O)C=CC4=O,6.154901959985743,Active
Cc1nn(-c2ccc(Cl)cc2)cc1C#N,3.655214877367339,Inactive
Cc1nc(Sc2nccn2-c2cc(Cl)ccc2Cl)c(C(=O)O)cc1C#N,4.677000090783407,Inactive
O=c1c2nc([N+](=O)[O-])cn2ccn1Cc1ccc2ncccc2c1,6.267606240177032,Active
O=C(N/N=C/c1ccc([N+](=O)[O-])s1)c1cccc(Cl)c1,5.562249437179612,Active
CN[C@H](C(=O)N[C@H](C(=O)N(C)[C@H](C(=O)N(C)[C@H](C(=O)N(C)[C@@H](CCSC)C(=O)NCCc1ccccc1)C(C)C)C(C)C)C(C)C)C(C)C,4.275724130399211,Inactive
O=P(O)(O)C(O)(Cn1ccnc1)P(=O)(O)O,4.455931955649724,Inactive
O=[N+]([O-])c1cn2c(n1)OC(COc1ccc(-c3ccc(OC(F)(F)F)cc3)cn1)CC2,7.301029995663981,Active
COc1ccc(-c2cn(CCCCCCN3C(=O)CN(/N=C/c4ccc([N+](=O)[O-])o4)C3=O)nn2)cc1,6.638272163982407,Active
O=C1C(CCCCc2ccccc2)=C(CCCCc2ccccc2)C(=O)c2ccccc21,4.600326278518962,Inactive
O=[N+]([O-])c1cn2c(n1)O[C@@H](COc1ccc(-c3ccc(F)cc3)nc1)C2,7.221848749616356,Active
CN(C)c1ccc(/C=N/NC(N)=[Se])cc1,4.581698708680254,Inactive
Cc1nc(C2(O)CCCNCC2)sc1CCOc1ccc(Cl)cc1,4.910261046808533,Inactive
N#Cc1ccnc(N2CCC(NC(c3ccc(C(F)(F)F)cc3)c3cccnc3)CC2)n1,7.508638306165727,Active
C[C@@H]1CC[C@H]2CC(=O)O[C@@H]3O[C@@]4(CCCc5ccc(Cl)cc5)CCC1[C@@]23OO4,4.954677021213342,Inactive
CCOC(=O)c1cn(C2=CC(=O)c3ccccc3C2=O)nn1,4.170053304058364,Inactive
NC1=NS(=O)(=O)N(Cc2ccc(Cl)cc2)c2nc(-c3ccccc3F)[nH]c21,5.154901959985743,Active
O=[N+]([O-])c1cn2c(n1)OC[C@H](OCc1cccnc1-c1ccc(OC(F)(F)F)cc1)C2,5.721246399047171,Active
O=[N+]([O-])c1ncn(Cc2cn(-c3ccc(F)c(F)c3)nn2)n1,5.327902142064283,Active
OC(c1ccccc1)(c1ccc(Cl)cc1)c1cncnc1,6.335123080168789,Active
Cc1ncnc2c1c(-c1ccccc1Cl)cn2[C@@H]1O[C@H](CO)[C@@H](O)[C@H]1O,4.690369832574101,Inactive
COC1=CC(=O)c2ccccc2C12CO2,5.94692155651658,Active
CC(O)(c1ccncc1)[C@H]1CC[C@H]2[C@@H]3CCC4C[C@@H](O)CC[C@]4(C)[C@H]3CC[C@]12C,4.94692155651658,Inactive
O=[N+]([O-])c1ncn(CC(O)(Cn2cncn2)c2ccc(F)cc2F)n1,5.930331903088404,Active
O=C(Nc1ccn2cc(-c3cccc(F)c3)nc2c1)N1CC[C@H](F)C1,6.1487416512809245,Active
COc1ccc2c(c1)[n+]([O-])c(C#N)c(NC(=O)c1ccccc1OC(C)=O)[n+]2[O-],4.372634143407267,Inactive
CC/C(=N\N=c1/scc(-c2ccc(OC)cc2)n1C)c1cccc(Br)c1,4.115998075231213,Inactive
C[C@@H]1C[C@H]2O[C@@H]2/C=C\C=C\C(=O)Cc2c(Cl)c(O)cc(O)c2C(=O)O1,6.341988603342887,Active
CN(CCc1cc2ncccc2[nH]1)C(=O)c1ccccc1,4.441292389234706,Inactive
N=c1n(CCN2CCCCC2)c2ccccc2n1CC(=O)c1ccc(Cl)c(Cl)c1,5.348403168043355,Active
N#Cc1ccc(C(O)(c2ccc(Cl)cc2)c2cccnc2)c(F)c1,7.585026652029182,Active
CCN(CC)CCCNc1c([N+](=O)[O-])cnc2cc(Cl)ccc12,5.06198090252379,Active
CC1=N[C@H](C)Cc2c(-c3ccc(C(F)(F)F)cc3)ccc(O)c21,4.716925025264528,Inactive
O=[N+]([O-])c1cn2c(n1)OC[C@@H](OCc1ccc(-c3ccc(C(F)(F)F)cc3Cl)cn1)C2,5.318758762624412,Active
C[C@H](c1ccc2c(c1)CCCC2)N(C)c1ncc2c(N)nc(N)nc2n1,6.327902142064283,Active
Cc1nc2cc(C(=O)NN)ccc2[nH]1,3.4056074496245734,Inactive
OC1(Cc2ccc(Cl)cc2)c2ccccc2C2=NCCN21,5.158015195409886,Active
CC(C)NC(=N)c1ccc2cc(CCCCCc3cc4ccc(C(=N)NC(C)C)cc4o3)oc2c1,5.091514981121351,Active
COC(=O)[C@H](C)c1c([C@@]2(C)CCCC(C)(C)C2)ccc2c1C(=O)OC2,4.610833915635467,Inactive
Cc1ncsc1C(=O)N1CCN(C(c2ccc(C#N)cc2)c2cccnc2)CC1,6.289882634888183,Active
c1ccc(Nc2ccc(OCCOC3CCCCO3)cc2)cc1,4.503070351926785,Inactive
CC1=C2[C@H](O)[C@@H]3C(C)(C)OC4=C(C(C)C)C(=O)[C@]5(CC[C@H]6C(C)(C)CCC[C@]67C[C@]25[C@@]43O7)CC1=O,5.42021640338319,Active
C=CCOc1ccc(C(=O)/C=C/c2ccc(OC)cc2OC)cc1,6.187086643357144,Active
O=C(c1ccccc1)N1CCC(NC(c2cnccn2)c2ccc(F)cc2F)CC1,6.167491087293763,Active
O=C(NC(c1ccc(Cl)cc1)c1cccnc1)c1ccc(C(F)(F)F)cc1,6.6020599913279625,Active
COc1ccc(CNC(=O)c2c([N+](=O)[O-])noc2-c2ccc(Cl)cc2)cc1,5.218963061378868,Active
Brc1ccc2[nH]c3c[n+](CCCc4ccccc4)ccc3c2c1,4.899629454882437,Inactive
CC(C)(C)NC(=O)N1CCC(NC(c2cccnc2)c2ccc(Cl)cc2F)CC1,7.0996328713435295,Active
COc1ccc(-n2cc(Cn3cnc([N+](=O)[O-])n3)nn2)cc1OC,5.950781977329818,Active
Fc1ccccc1[C@@H]1C[C@@H]2Cc3ccccc3N1O2,4.23225063265442,Inactive
CC1=C[C@@H](O)[C@H](O)CC1=O,4.325138859262188,Inactive
COC(=O)c1c(C(F)(F)F)[n+]([O-])c2ccc(C)cc2[n+]1[O-],4.863279432843593,Inactive
CCCNc1ccnc2cc(Cl)ccc12,3.90274269030658,Inactive
CCCCCCCCCCCC(=O)NCCCCN,5.0,Active
Cn1nccc1C(=O)Nc1nc2cc(C(F)(F)F)cnc2n1CC(C)(C)C,6.2441251443275085,Active
C=C(C)C(=O)O[C@H]1C[C@@]2(C)OC(=CC2=O)/C(CO)=C\[C@H]2OC(=O)C(=C)[C@H]12,6.346787486224656,Active
Oc1ccc(Br)cc1CN1CCN(Cc2ccc(Cl)cc2)CC1,5.081858481276254,Active
O=C(C1CC1)N1CCN(C(c2ccc(Cl)cc2)c2cncnc2)CC1,6.301029995663981,Active
CCCC[C@H]1C(=O)O[C@@H]2O[C@@]3(CCCCc4ccccc4)CC[C@H]4[C@H](C)CC[C@@H]1[C@@]24OO3,5.301029995663981,Active
CC(C)c1ccc2c(c1)CC[C@H]1[C@](C)(C(=O)N[C@@H](CC3CCCCC3)C(=O)O)CCC[C@]21C,5.474955192963154,Active
CCOC(=O)c1c(C(F)(F)F)[n+]([O-])c2ccccc2[n+]1[O-],5.3979400086720375,Active
Cc1cc(C)c(Nc2nc(N)nc(Nc3ccc(C#N)cc3)n2)c(Br)c1,4.674074044228534,Inactive
CC(C)c1cc2c(cc1O)[C@@]1(C)CCC[C@@](C)(CO)[C@@H]1[C@@H](O)C2=O,4.728158393463501,Inactive
CC1=CC[C@@H](C(C)(C)NC(=S)N/N=C/c2cccc([N+](=O)[O-])c2)CC1,5.619788758288394,Active
COc1cc2c(N3CCCCC3)nc(NCc3ccc(F)cc3)nc2cc1OC1CCCC1,4.991399828238082,Inactive
COc1cc2nc(N3CCN(C(=O)c4ccco4)CC3)nc(N)c2cc1OC,4.920818753952375,Inactive
N=C(Nc1ccc(-c2ccc(-c3ccc(NC(=N)c4ccccn4)cc3F)o2)c(F)c1)c1ccccn1,5.853871964321762,Active
c1ccc(-c2nc3ccccn3c2NCC2CC2)nc1,5.447331783887806,Active
CC(C)c1ccc(S(=O)(=O)N2CCN(C(c3cncnc3)c3ccc(Cl)cc3F)CC2)cc1,7.744727494896693,Active
NCCCCCNCc1ccc(OC2=CC(=O)c3cc4ccccc4cc3C2=O)cc1,4.758702612890007,Inactive
O=C(c1ccc(-c2ccc(-c3ccccc3)cc2)o1)N1CCc2c([nH]c3ccccc23)C1,4.100453068909133,Inactive
CCOC(=O)N1CC2(CCNCC2)c2cc(Cl)ccc21,4.6660265504885645,Inactive
CCCCCCCCCCCCCC(=O)c1c(O)cc(C)oc1=O,5.585026652029182,Active
OC(CNCC1CCCO1)Cn1c2ccc(Cl)cc2c2cc(Cl)ccc21,4.715605364859398,Inactive
COc1ccc(C(=O)N2CCOCC2)cc1S(=O)(=O)N(Cc1ccc(F)cc1)CC(C)C,5.159999981744464,Active
CC1(OCC2CO2)c2ccccc2-c2c1c(C(F)(F)F)nc1ccc(Br)cc21,5.07727454200674,Active
Nc1ncnc2c1ncn2[C@@H]1O[C@H](CO)[C@@H](F)[C@H]1O,4.560667306169737,Inactive
CC(C)(C)CC(C)(C)NCC(O)COc1ccc2c(c1)CCC2,4.803598847325178,Inactive
O=S(=O)(c1cc(C(F)(F)F)ccc1Cl)N1CCN(c2ccccn2)CC1,4.356547323513812,Inactive
Cc1ccc(S(=O)(=O)Oc2c(N)c(=O)n(C)c3ccccc23)cc1,4.522878745280337,Inactive
c1ccc(-c2nc3ccccc3nc2-c2ccc(OCCN3CCCCC3)cc2)cc1,4.680893940690224,Inactive
CCCCCNC(c1ccc(C2NC(=O)c3ccccc3N2)cc1)c1nnnn1C(C)(C)C,5.718966632752273,Active
Cc1nocc1C(=O)NC1CCN(C(c2ccc(C#N)cc2)c2cccnc2)CC1,7.259637310505756,Active
COc1ccc(-c2nc(NCCN(C)C)c3ccccc3n2)cc1O,5.187086643357144,Active
O=C(NCCc1n[nH]c(-c2ccc(F)cc2)n1)c1cccc(F)c1,5.197226274708024,Active
CC(C)(O)c1cn(C2C3=C(OC2(C)C)c2ccccc2C(=O)C3=O)nn1,3.8184422261372135,Inactive
NC(=S)N/N=C/c1cc2c(cc1I)OCO2,4.6701954778359305,Inactive
COc1cc(-c2ccccc2)ccc1Cn1cncc1CNc1ccc(Cl)c(-c2ccccc2)c1,7.454692883534176,Active
Cn1c2nc3ccccc3c-2cc2cc(F)ccc21,5.221848749616356,Active
COc1ccc(/C=C2\CCC/C(=C\c3ccccc3Cl)C2=O)cc1,4.575118363368933,Inactive
COC(=O)c1cc2c([nH]c3ccccc32)c(C2Nc3ccccc3C(=O)N2Cc2ccc(OC)cc2)n1,4.692503962086787,Inactive
CN(C)c1ccc(Nc2nc3ccc(Nc4ccccc4C(=O)O)cc3s2)cc1,4.167491087293763,Inactive
COc1cccc(/C=N/Nc2ncnc3sc4c(c23)CCCC4)c1,4.772113295386326,Inactive
CC1(C)OC2=C(C(=O)C(=O)c3ccccc32)[C@H](n2cc(-c3ccc(Br)cc3)nn2)[C@H]1Br,3.356942316248547,Inactive
O=C(NCCCn1cnc2ccccc21)c1ccc(NC(=O)c2ccco2)cc1,5.159637295757744,Active
C=CCOc1cc(OC)c(C(=O)/C=C/c2ccc(OC)cc2OC)c(OCC=C)c1,3.871277715661573,Inactive
Nc1c(C2=NCCN2)cnn1-c1ccc(Cl)cc1,4.0885760346237054,Inactive
CN[C@@H](CC(C)C)C(=O)N(C)[C@@H](Cc1ccccc1)C(=O)NCCc1ccccc1,4.333482019445119,Inactive
N#Cc1cc(-c2ccnc(Nc3cccc(CN4CCOCC4)c3)n2)ccc1NCCN,5.555489914729862,Active
O=[N+]([O-])c1c(CS(=O)(=O)c2ccccc2)nc2c(-c3ccc(F)cc3)cc(Cl)cn12,5.886056647693163,Active
CCN(Cc1c[nH]cn1)c1ccc(-c2nc3ccccc3s2)cc1,7.814457845145625,Active
O=C(N[C@@H]1C(O)O[C@H](CO)[C@@H](O)[C@@H]1O)c1ccoc1,4.170503250279817,Inactive
CCCN(CCC)c1ccc2nc3ccc(N4CCSCC4)cc3[o+]c2c1,5.931814138253839,Active
CC(=O)Nc1ccc(S(=O)(=O)N2CCN(c3ccc(OCCN(C)C)cc3)CC2)cc1,3.728623128105925,Inactive
Nc1ncnc2c1c(-c1ccc([N+](=O)[O-])cc1)nn2[C@@H]1O[C@H](CO)[C@@H](O)[C@H]1O,4.987162775294828,Inactive
COC(=O)c1c([N+](=O)[O-])noc1-c1cccc([N+](=O)[O-])c1,5.603800652904264,Active
Cn1c(-c2ccc(C#N)cc2)cnc1NC(=O)c1ncc[nH]1,4.853871964321762,Inactive
COc1ccccc1NC(=O)c1ccc(Nc2nc(C)cc(N(C)C)n2)cc1,6.0999990348465305,Active
O=[N+]([O-])c1ccc(Oc2ccc(-c3cc(N4CCOCC4)[nH]n3)cc2)cc1,4.651695136951839,Inactive
COC1=CC(=O)N(C(=O)/C=C/[C@H](C)NC(=O)[C@H](CC2CCCCC2)NC(=O)[C@H](CC(C)C)NC(=O)[C@H](C(C)C)N(C)C)[C@H]1Cc1c[nH]c2ccccc12,7.236572006437063,Active
N/C(S)=N/N=C/c1ccc([N+](=O)[O-])cc1,5.632644078973981,Active
Cc1cccc(Sc2ccc(N3CCCC3=O)cc2C(F)(F)F)c1CO,6.499996931948306,Active
CC(C)NC(=N)c1ccc(OCCCCCOc2ccc(C(=N)NC(C)C)cc2)cc1,4.749579997691106,Inactive
Cc1nc(-c2ccccn2)nc(NCCc2ccc(S(C)(=O)=O)cc2)c1Cl,5.35261702988538,Active
CCOC(=O)Cc1ccc(C#CC2(O)CN3CCC2CC3)cc1,4.761953896871205,Inactive
COc1cc(-c2nc(-c3ccccc3)c(-c3ccccc3)[nH]2)cc(OC)c1O,4.547973004346418,Inactive
N#Cc1ccc(C(c2cccnc2)N2CCC(NC(=O)c3ccno3)CC2)cc1,6.65856547542186,Active
CSc1cc(/C=C/c2ccc(OCc3ccccc3)cc2)nc(N)n1,5.698970004336019,Active
C=CCNC(=S)N/N=C/C=C/C=C/c1cccs1,6.221848749616356,Active
CC(C)C(=O)N1CCN(C(c2ccc(Cl)cc2)c2cncnc2)CC1,6.279840696594043,Active
O=C1COCC(=O)N1c1ccc([Se][Se]c2ccc(N3C(=O)COCC3=O)cc2)cc1,4.982966660701219,Inactive
CCCCP(=O)(O)CNC(=O)[C@H](CC(C)C)NC(=O)CCC(N)C(=O)O,5.008773924307505,Active
O=C(N/N=C/c1ccc2no[n+]([O-])c2c1)c1ccncc1,4.709965388637482,Inactive
Nc1cc(-c2ccccc2)ccc1Cn1cncc1CNc1ccc(Cl)cc1,8.67778070526608,Active
C[N+](C)(C)CC#CCOP(=O)([O-])OCCCCCCCCCCC=C1C2CC3CC(C2)CC1C3,5.2839966563652006,Active
COc1ccc(CNC(=O)c2c([N+](=O)[O-])noc2-c2ccc(Cl)cc2Cl)cc1,5.564633493387339,Active
COc1c(-c2ccc(O)c3c(OC)cc(C)cc23)c(O)cc2c1[C@@H](C)N[C@H](C)C2,3.9913998282380825,Inactive
Cc1cccc(C)c1Nc1nc(Cl)nc(Nc2ccc(C#N)cc2)n1,4.527389802403955,Inactive
O=c1cc(Sc2ccc(Br)cc2)c2cccc([N+](=O)[O-])c2[nH]1,5.376750709602099,Active
O=[N+]([O-])c1cn2c(n1)OC[C@@H](OCc1ccc(-c3ccc(F)cc3F)cn1)C2,5.107905397309519,Active
O=[N+]([O-])c1cn2c(n1)OC(COc1ccc(-c3ccc(OC(F)(F)F)cc3)cc1)C2,5.853871964321762,Active
CCn1nccc1CN(C)C(=O)C=Cc1ccc(Cl)cc1,4.800000052738446,Inactive
O=C(N/N=C/c1cccs1)c1nc2ccccc2[nH]1,4.037630664329979,Inactive
C=CCc1ccc(OCCCCC)c(OC)c1,4.060006776504839,Inactive
COC(=O)[C@]1(C)CCC[C@]2(C)C3=C(CC[C@@H]12)C(=O)C(C(C)C)=CC3=O,4.847711655616943,Inactive
Nc1ncnc2c1c(I)cn2[C@@H]1O[C@H](CO)[C@@H](O)[C@H]1O,6.096910013008056,Active
Cc1nc(C)c(C(=O)Nc2ccc(F)c(-c3nc4ncc(-c5ncccc5C)cn4n3)c2)o1,7.397940008672037,Active
COc1cc(OC)c2c(c1-c1ccc(O)c3c(OC)cc(C)cc13)C[C@H](C)N[C@H]2C,4.488116639021126,Inactive
CCCCCCCC[C@H]1CC[C@@H](O)c2[nH]c(C)c(OC)c(=O)c21,5.187086643357144,Active
CS(=O)(=O)N1CCN(C(c2ccc(C(F)(F)F)cc2)c2cncnc2)CC1,6.114214871216527,Active
OC(C#CC(O)c1ccccc1)c1ccccc1,4.728927799066367,Inactive
Cc1ccn2c(NC3CCCC3)c(-c3ccccn3)nc2c1,5.72584215073632,Active
COc1ccc(OC)c(NC2=CC(=O)C3=C(OC(C)(C)C3)C2=O)c1,4.9083330424043154,Inactive
c1ccc(-c2c[nH]c3c4ccccc4nc-3c2-c2ccccc2)cc1,3.982132281036494,Inactive
CCC(=O)CCCCCC(Oc1ccc2ccccc2c1)c1ncc(Cc2scnc2C)[nH]1,5.721246399047171,Active
CC1(C)OC2=C(C(=O)c3ccccc3C2=O)C1N=[N+]=[N-],3.746419710437817,Inactive
Cc1cc(NC(=O)c2ccc([N+](=O)[O-])s2)ccc1Br,6.488584592791225,Active
CC(C)c1ccc(CNCC(O)c2ccccc2)cc1,4.976498149941675,Inactive
CCOC(=O)CCCN(CCc1ccc(Br)cc1)Cc1ccc(OC)c(O)c1,4.423083044034793,Inactive
CC(C)C[C@H](N)C(=O)N1CC2(CCNCC2)c2cc(Cl)ccc21,5.04138714793888,Active
Cc1ccc(-c2cn([C@@H]3O[C@H](CO)C[C@H]3O)c3ncnc(N)c23)cc1,6.337242168318426,Active
C[N+](C)(C)CCNc1c(NCc2cccc(CNc3c(NCC[N+](C)(C)C)c(=O)c3=O)c2)c(=O)c1=O,4.089375595110798,Inactive
OC(c1ccc(Cl)cc1)(c1ccc(Br)cc1)c1cccnc1,7.508638306165727,Active
O=S(=O)(CCC(F)(F)F)N[C@H]1CC[C@H](Nc2ncc3c(N4CCCCC4)n[nH]c3n2)CC1,5.800000874803203,Active
O=C(c1ccccc1)N1CCC(NC(c2ccc(Cl)cc2)c2cccnc2)CC1,7.075720713938118,Active
CC(NC(=O)c1ncc2ccccc2c1O)c1ccc(F)cc1,6.799998134593398,Active
O=S(=O)(Cc1ccccc1)N1CCN(C(c2ccc(Cl)cc2)c2cccnc2)CC1,7.494850021680094,Active
CCCCCCCCCn1cnc2c3c(c4ccccc4c21)OC(C)(C)CC3,3.710857164067667,Inactive
O=[N+]([O-])c1ccc2c(c1)c(OCc1ccccc1)nn2CCCCCCN1CCCCC1,5.130768280269024,Active
CC(C)(F)C[C@H](N[C@@H](c1ccc(-c2ccc(S(C)(=O)=O)cc2)cc1)C(F)(F)F)C(=O)NC1(C#N)CC1,5.59999938302362,Active
S=C(N/N=C/C=C/C=C/c1cccs1)Nc1ccccc1,5.769551078621726,Active
COc1cccc2oc3c(Cl)c(O)c([C@H]4CCC[C@@H](C)O4)c(O)c3c(=O)c12,5.102372908709558,Active
O=C(Nc1ccccc1)N1CCC(NC(c2ccc(Cl)cc2)c2cccnc2)CC1,7.107905397309519,Active
O=C(/C=C/c1ccc(F)cc1)c1ccccc1Cl,4.130181792020672,Inactive
OC[C@H]1c2cc(Br)ccc2O[C@@H]1c1ccc(O)cc1,4.72584215073632,Inactive
O=C(OCc1cn(-c2ccc(F)cc2)nn1)[C@@H]1CCCN1,3.914709421769935,Inactive
C=CCOc1cc(OC)c(C(=O)/C=C/c2ccc(OC)cc2)c(OCC=C)c1,4.669586226650809,Inactive
Cc1ccc2c(c1)[n+]([O-])c(C#N)c(-c1ccc(F)cc1)[n+]2[O-],4.7594507517174005,Inactive
O=C(NC1CC1)c1cccc(NC(=O)c2ccc(=O)n(Cc3ccccc3)n2)c1,5.0,Active
Cc1ccncc1C(O)(c1ccc(Cl)cc1)c1ccc(C(F)(F)F)cc1,7.376750709602099,Active
O=[N+]([O-])c1nccn1Cc1cc(-c2ccc(Cl)c(Cl)c2)no1,5.657577319177793,Active
C#CCOc1ccc(C(=O)/C=C/c2cccnc2)c(O)c1,4.756961951313706,Inactive
Nc1ncnc2c1c(-c1cc(Cl)cc(Cl)c1)cn2[C@@H]1O[C@H](CO)C[C@H]1O,6.259637310505756,Active
O=S(=O)(NCCSCc1ccco1)c1cc(S(=O)(=O)c2ccccc2)cs1,4.266802734893431,Inactive
Cc1ccccc1-c1cc(=O)n(C)c2ccc([C@](N)(c3ccc(Cl)cc3)c3cncn3C)cc12,7.638272163982407,Active
CCCNc1c([N+](=O)[O-])cc(S(N)(=O)=O)cc1[N+](=O)[O-],4.173962600091251,Inactive
Cc1ccnc(NC(=O)c2ccccc2C)c1,3.761953896871205,Inactive
O=[N+]([O-])c1cn2c(n1)OC(COc1cccc(C(F)(F)F)n1)CC2,6.275724130399211,Active
COC(=O)[C@]1(C)CCC[C@]2(C)c3cc(OC(C)=O)c(C(C)C)cc3CC[C@@H]12,5.886056647693163,Active
CCOC(=O)c1cnc2c(c(C)nn2-c2ccccc2)c1Nc1ccc(O)cc1,6.259637310505756,Active
CCCCC(=O)Nc1nc2ccccc2n1CCC,4.886056647693163,Inactive
Cc1cc(NCc2cncn2Cc2ccc(F)cc2F)ccc1F,6.565431095965801,Active
CCCCCCOc1ccc(C#CC2(O)CN3CCC2CC3)cc1,5.327902142064283,Active
Cc1ccc2c(c1)[n+]([O-])c(C#N)c(-c1ccc(Cl)cc1)[n+]2[O-],4.7594507517174005,Inactive
Nc1nc2c(ccn2[C@@H]2O[C@H](CO)[C@@H](O)[C@H]2O)c(=S)[nH]1,4.1487416512809245,Inactive
C#Cc1cn([C@@H]2O[C@H](CO)[C@@H](F)[C@H]2O)c2ncnc(N)c12,7.397940008672037,Active
CC1(COCc2ccc(-c3ccc(F)cc3)cc2)Cn2cc([N+](=O)[O-])nc2S1,6.823908740944319,Active
OC[C@H]1c2ccccc2O[C@@H]1c1ccc(O)c(Br)c1,4.3585258894959,Inactive
C=C(C)C(=O)O[C@H]1C[C@@]2(C)OC(=CC2=O)/C(C)=C\[C@H]2OC(=O)C(=C)[C@H]12,3.289036881004724,Inactive
COc1cc(-c2ccc(C(=N)N)cc2)cc(-c2ccc(C(=N)N)cc2)c1,4.228412519118745,Inactive
CC1(COC2CCN(c3ccc(F)cc3)CC2)CCn2cc([N+](=O)[O-])nc2O1,6.455931955649724,Active
CN(C)CCCN1c2ccccc2Sc2ccc(C(F)(F)F)cc21,4.823619307756729,Inactive
O=[N+]([O-])c1ncn(CCCCNc2ccnc3cc(Cl)ccc23)n1,4.190507623062659,Inactive
CNCCOCCn1nc(OCc2ccccc2)c2cc([N+](=O)[O-])ccc21,5.040958607678906,Active
N#Cc1c(-c2ccc(Cl)cc2)[n+]([O-])c2cc(F)c(F)cc2[n+]1[O-],4.94692155651658,Inactive
O=C1CCCN1c1ccc(Sc2cccc(F)c2CO)c(C(F)(F)F)c1,7.700057099977233,Active
O=[N+]([O-])c1ncn(CCNS(=O)(=O)c2ccc(C(F)(F)F)cc2)n1,4.489723155582645,Inactive
COc1c(CNC2CCSc3ccc(F)cc32)c(C)nn1C,5.043173420534031,Active
COc1ccc(C(c2c[nH]c3ccccc23)c2c[nH]c3ccccc23)cc1,4.142878670271278,Inactive
CCCCCCCCc1ccc(OC)c2[nH]c(C)c(OC)c(=O)c12,5.958607314841775,Active
COc1cc2c(N3CCCCC3)nc(NCc3ccc(Cl)cc3)nc2cc1OC1CCCC1,5.089909454405932,Active
COc1cc2ccc(=O)oc2cc1OC,5.2839966563652006,Active
CSc1ccc(N2CCC(NC(c3ccc(Cl)cc3)c3cccnc3)CC2)cc1,8.154901959985743,Active
CCCCNc1nc(NCCCC)c2ccccc2n1,5.6777807052660805,Active
COC(=O)c1c([N+](=O)[O-])noc1-c1ccc([N+](=O)[O-])cc1,6.173925197299173,Active
COc1ccc(/C=N/NC(=O)CN2CCc3sccc3C2)cc1OC,3.2083023349706106,Inactive
CC[C@H](C)[C@H]1O[C@]2(CC[C@@H]1C)C[C@@H]1C[C@@H](C/C=C(\C)[C@@H](O)[C@@H](C)/C=C/C=C3\CO[C@@H]4[C@H](O)C(C)=C[C@@H](C(=O)O1)[C@]34O)O2,4.695724949522872,Inactive
COC(c1ccc(Cl)cc1)(c1ccc2c(c1)c(-c1cc(C)cc(C)c1)cc(=O)n2C)c1cncn1C,8.853871964321762,Active
O=C1CCC2(Oc3cccc4cccc(c34)O2)c2cccc(O)c21,5.405607449624573,Active
C=CCn1c(-c2ccc(Cl)cc2)cs/c1=N\N=C\c1ccc2c(c1)[n+]([O-])c(C)c(C)[n+]2[O-],4.823908740944319,Inactive
CCCC(c1ccc(Oc2ccccn2)c(OC)c1)c1cnc2ccccc2c1,5.721246399047171,Active
OCC#Cc1ccc2ccccc2n1,4.971022294791222,Inactive
O=C1/C(=C/c2ccc3c(c2)OCO3)CCC/C1=C\c1ccc2c(c1)OCO2,4.657577319177793,Inactive
O=C(COc1ccccc1Br)NCCc1nc2ccccc2[nH]1,5.795880017344075,Active
O=C(c1ccccc1)N1C=C(c2cc3ncccc3[nH]2)CCC1,4.457247625276439,Inactive
CN1C2CCC1CC(=NOC(CCCc1ccccc1)c1ccc(Cl)cc1)C2,5.366531544420414,Active
CC(C)NC(=N)c1ccc2cc(-c3ccc(OCCCCCCOc4ccccc4)cc3)oc2c1,5.585026652029182,Active
O=C(NCc1cccc(Cl)c1Cl)c1c([N+](=O)[O-])noc1-c1ccc(Cl)cc1Cl,5.610833915635467,Active
CCCNc1nc2ccc([N+](=O)[O-])cc2s1,6.0,Active
O=C(Nc1ccc(-c2nccc3c2[nH]c2ccccc23)cc1)c1ccccc1,5.014124642691606,Active
COC(=O)c1c(NCc2ccc(C(C)(C)C)cc2)noc1-c1ccc([N+](=O)[O-])cc1,4.538651566352017,Inactive
CCOc1cccc2sc(N(Cc3cccnc3)C(=O)C3CCCCC3)nc12,4.720622606076284,Inactive
Clc1ccc2[nH]c(CNCc3ccccc3)cc2c1,4.6020599913279625,Inactive
CCCCCCCCc1c(O)cc(C)oc1=O,4.3979400086720375,Inactive
N=C(N)c1ccc(OCCOc2ccc(C(=N)N)cc2N)c(N)c1,1.6460000000424748,Inactive
Fc1ccc2scc(C#CCNCCCCNc3ccnc4ccccc34)c2c1,5.991399828238082,Active
COc1ccc(/C=C(\C)C(=O)/C=C/c2ccc(OC)c(OC)c2)cc1,4.417936637088292,Inactive
COc1ccc(N/C(=N\C(=O)c2ccccc2)NCc2ccccc2)cc1,4.633577042774027,Inactive
Cc1c(CNC(=O)c2ccc(Cn3cc(Cl)c([N+](=O)[O-])n3)cc2)cnn1C,6.0,Active
CC(C)C(CO)N1CCC(NC(c2ccc(Cl)cc2)c2cccnc2)CC1,7.207608310501746,Active
CCOc1ccc(NC(=O)C=Cc2ccc(CC)o2)cc1,4.647128176548404,Inactive
N#C/C=C/c1cn([C@H]2C[C@H](O)[C@@H](CO)O2)c(=O)[nH]c1=O,4.036212172654444,Inactive
C[C@@H](Nc1ccnc2cc(Cl)ccc12)c1ccccc1,5.492819022739759,Active
Cc1c(C(=O)N/N=C/c2ccccc2)no[n+]1[O-],3.819874124835946,Inactive
N/C(=N\O)c1ccc(S(=O)(=O)C2=C(c3ccccc3)OC(c3ccccc3)(c3ccccc3)C2)cc1,4.7544873321858505,Inactive
C/C(COc1ccccc1)=N\NC1SC(C(C)C)C(=O)N1c1ccccc1,5.259637310505756,Active
Cc1ccc([Se]Cc2cn(-c3ccccc3)nn2)cc1,5.130768280269024,Active
CN(C)c1ccc2nc3ccc(N4CCCC4)cc3[o+]c2c1,5.767003889607846,Active
CCOC(=O)Cc1ccc(C#C[C@H]2CN3CCC2C[C@H]3CO)cc1,4.301029995663981,Inactive
Oc1ccc(-c2cc(-c3c[nH]c4ccccc34)nc(-c3c[nH]c4ccccc34)c2)cc1O,3.54148301495117,Inactive
CC(O)(Cn1cncn1)c1ccc(-n2ccnc2)cc1,3.803547458296611,Inactive
CCCCNc1nc2ccc(OC)cc2nc1S(C)(=O)=O,5.113509274827518,Active
CC[C@H](CO)Nc1nc(NCc2cc(C)ccc2O)c2ncn(C(C)C)c2n1,5.657577319177793,Active
O=C(NC1CCN(C(c2ccc(C(F)(F)F)cc2)c2cnccn2)CC1)C1CCCCC1,6.6020599913279625,Active
O=S(=O)(C1CCCCC1)N1CCN(C(c2ccc(Cl)cc2)c2cccnc2)CC1,8.0,Active
Clc1cccc2c(NCCCCn3cncn3)ccnc12,4.313363730737707,Inactive
COc1cc(/C=C/C=C/c2ccccc2)oc(=O)c1,3.657577319177794,Inactive
O=C(CCCNC(=O)c1ccc(Cl)cc1)Nc1nc(-c2ccccn2)cs1,4.75548958591696,Inactive
c1cc2oc(CCc3cc4ccc(C5=NCCN5)cc4o3)cc2cc1C1=NCCN1,5.444905551421681,Active
Cc1ncsc1C(=O)N1CCN(C(c2cccnc2)c2ccc(C(F)(F)F)cc2F)CC1,7.232844133917819,Active
CCC[C@H]1C(=O)O[C@@H]2O[C@@]3(C)CC[C@H]4[C@H](C)CC[C@@H]1[C@@]24OO3,4.769551078621726,Inactive
CCCc1ccc(OCC(Cn2cc(-c3ccccc3)nn2)OCc2ccccc2)c(OC)c1,3.474695990041761,Inactive
COc1ccc(N(Cc2ccc(C(C)(C)C)cc2)Cc2ccc(OC)c(O)c2)cc1,4.210066919068249,Inactive
C=CCOC(=O)/C=C/c1cc(O)c2c(c1)[C@H](C(=O)OCC=C)[C@@H](c1ccc(O)c(O)c1)O2,5.199282921717615,Active
O=C(CC12CC3CC(C1)CC(c1ccccc1)(C3)C2)N/N=C/c1ccc([N+](=O)[O-])o1,7.040958607678906,Active
NCc1ccc(-c2nc3ccc(Cl)cc3c3c2CCCN3Cc2ccccc2)cc1,4.507239610973162,Inactive
Clc1ccc(CN2CCN(Cc3ccc(Cl)cc3)C2c2ccco2)cc1,5.366531544420414,Active
C[C@@H](Oc1cc(-n2cnc3ccc(CC(O)CO)cc32)sc1C(N)=O)c1ccccc1Cl,4.447128066056759,Inactive
CCN(Cc1ccncc1)Cc1ccc(NC(=O)c2cc(-c3ccc(F)cc3)n[nH]2)cc1,5.300000202445418,Active
C=CCc1ccc(OCc2cn(Cc3ccc(Br)cc3)nn2)c(OC)c1,3.003050751504619,Inactive
NCCN(CCN)CCNCc1ccc2c(c1)Cc1ccccc1-2,4.786482243003695,Inactive
C=C1C(=O)O[C@H]2/C=C(/C)[C@@H](O)C[C@@H](O)/C(C)=C\[C@H](OC(=O)/C(C)=C\C)[C@@H]12,4.583359492661719,Inactive
COC(=O)C1Nc2ccc([N+](=O)[O-])cc2C(=O)N1Cc1ccccc1,3.6648631746283753,Inactive
COc1cc(/C=C/C(=O)c2ccccc2N(C)C)cc(OC)c1,5.136677139879544,Active
CC(C)(C)Nc1nc(-c2ccccn2)nc2ccccc12,5.899998417198648,Active
CC(=O)O[C@@H]1O[C@@]2(C)CC[C@H]3[C@H](C)CCC[C@@]13OO2,3.8297382846050425,Inactive
CN1/C(=C/c2cc[n+](C)c3c(-c4ccccc4)cccc23)Sc2ccccc21,7.619788758288394,Active
NCC(Cc1ccccc1)NC(=O)c1cnc(-c2c[nH]c3ncccc23)s1,4.900000142057633,Inactive
CC(=O)N(CCSC#N)c1ccc(Oc2ccccc2)cc1,4.841637507904751,Inactive
N#C[Se]Cc1ccc(C(F)(F)F)cc1,5.172630726946175,Active
CCN(CC)S(=O)(=O)c1ccc(-c2csc(Nc3ccc(C)c(C)c3)n2)cc1,4.789736606693437,Inactive
Clc1ccc(C(ON=C2CC3CCC(C2)N3)c2ccccc2)cc1,5.698970004336019,Active
C#CCN1C(=O)CN(/N=C/c2ccc([N+](=O)[O-])o2)C1=O,5.767003889607846,Active
COc1cc([C@@H]2O[C@@H](c3cc(OC)c(OC)c(OC)c3)[C@H](C)[C@H]2C)cc(OC)c1OC,5.431798275933005,Active
O=c1cc(Oc2ccc(C(F)(F)F)cc2)c2cccc([N+](=O)[O-])c2[nH]1,5.075720713938118,Active
CCCCn1nnnc1CSc1nc(C)cc(C)c1C#N,5.499999678657065,Active
C/C(=N\Nc1nc(C)c(C)s1)c1ccc(Cl)c(Cl)c1,4.978810700930062,Inactive
C=CCn1c(-c2ccccc2)cs/c1=N\N=C\c1ccc([N+](=O)[O-])s1,4.809668301829708,Inactive
CCc1nc(N)nc(N)c1-c1ccc(Cl)cc1,5.243363891754152,Active
COc1cc(/C=C/C(=O)c2ccc(-c3ccccc3)cc2)cc(OC)c1OC,5.481486060122113,Active
CCCn1c(NC(=O)Cc2ccc(Cl)cc2)nc2ccc(Cl)cc21,6.301029995663981,Active
O=C(c1cccc(C(F)(F)F)n1)N1CCCC(c2cc3ncccc3[nH]2)C1,4.830928648882382,Inactive
CCc1ccc(NC(=O)C[Se]C(=O)c2ccc(Cl)cc2)cc1,5.130000141365475,Active
COc1cccc2c(-c3ccc(O)c4c3C[C@@H](C)N[C@H]4C)c(C)cc(OC)c12,3.641303900426189,Inactive
C[N+](C)(C)CCOP(=O)([O-])OCCCCCCCCCCCC1C2CC3CC(C2)CC1C3,5.224025668870631,Active
COC(=O)[C@H]1CCCN1C(=O)CCSCc1ccccc1,4.4698003017969175,Inactive
CCOC(=O)/C=C/C(=O)[C@H](CCc1ccccc1)NC(=O)[C@H](Cc1ccccc1)NC(=O)OCc1ccccc1,4.695940533782401,Inactive
COc1cc2oc(=O)cc(-c3ccc(O)cc3)c2c(OC)c1OC,4.129596094720973,Inactive
COC(=O)[C@@H]1CCCN1C(=O)[C@H](C)CSCc1ccccc1,5.400116927926312,Active
OC(c1cncnc1)(c1ccccc1F)c1ccccc1Cl,5.578396073130169,Active
COc1ccc(Nc2ncnc3c(NN)ncnc23)cc1,6.142667503568732,Active
CCOC(=O)c1cc2c(n1CC)C(=O)C(Oc1ccc(C)cc1)=CC2=O,7.698970004336019,Active
CC1(COc2ccc(OC(F)(F)F)cc2)Cn2nc([N+](=O)[O-])nc2[S+]1[O-],5.920818753952375,Active
CC1(C)S/C(=N/N=C/c2ccccn2)N(c2ccccc2)C1=O,4.586867949565128,Inactive
N=C(Nc1ccccn1)c1ccc(C(=N)Nc2ccccn2)cc1,5.292429823902063,Active
COc1ccc(/C(=N/c2ccccc2)Nc2cccc(O)c2)cc1,5.576754126063192,Active
COc1ccc(CNCCCNCc2ccc(OC)cc2)cc1,5.906578314837765,Active
OC(c1ccc(Cl)cc1)(c1cccnc1)c1cnc(OCC2CC2)nc1,7.602059991327962,Active
Cn1c(SCC(=O)N2CCN(c3ccccc3F)CC2)nnc1-c1cccnc1,3.700000003258169,Inactive
O=C(NCc1cccc(Cl)c1)Nc1cc(-c2ccccn2)n[nH]1,6.346787486224656,Active
O=C1CCC(=O)C1=C/C=C/c1ccccc1,5.665546248849069,Active
NC1=NS(=O)(=O)Nc2nc(CCc3ccccc3)[nH]c21,4.838631997765025,Inactive
COc1ccc(CN(CCc2c[nH]c3ccccc23)Cc2ccccc2)cc1O,5.031050319018657,Active
CC1Cc2ccccc2N1C(=O)CSc1nnnn1-c1ccccc1,3.961483516875338,Inactive
CCCCCCCC/C=C/CCCCCCCC1=C(O)C(=O)c2ccccc2C1=O,4.97469413473523,Inactive
Cc1ccc(C(=O)CCN2CCN(c3ccc(C(F)(F)F)cc3)CC2)cc1,4.7544873321858505,Inactive
Cc1ccc(S(=O)(=O)Cc2nc3ccc(I)cn3c2[N+](=O)[O-])cc1,4.406713932979542,Inactive
COc1cc(/C=C/C(=O)N2CCC=CC2=O)cc(OC)c1OC,4.6777807052660805,Inactive
O=[N+]([O-])c1cn2c(n1)OC[C@H](Oc1ccc(OC(F)(F)F)cc1)C2,5.329754146925876,Active
COc1ccc(CN(Cc2ccc(Br)cc2)c2cc(OC)c(OC)c(OC)c2)cc1O,4.346305204684918,Inactive
CC1(COc2ccc(-c3ccc(OC(F)(F)F)cc3)cn2)CCn2cc([N+](=O)[O-])nc2O1,6.585026652029182,Active
CCCn1c(NC(=O)Cc2cccc(F)c2)nc2ccccc21,5.698970004336019,Active
CO[C@@]1(C)OOC(c2ccc(F)cc2)(c2ccc(F)cc2)C[C@H]1CNCCCn1ccnc1,4.920818753952375,Inactive
CN(C)c1nc(N)nc(N/N=C/c2ccc([N+](=O)[O-])o2)n1,6.537602002101044,Active
CCCCNc1c(NCCN(C)C)c(=O)c1=O,5.00436480540245,Active
COc1ccc(N/C(=C\C(=O)/C=C/c2cc(OC)c(OC)c(OC)c2)SC)cc1,5.585026652029182,Active
O=C(Nc1ccn2cc(-c3cccs3)nc2c1)N1CC[C@H](F)C1,5.571865205971212,Active
NC(=O)N/N=C/c1ccc([N+](=O)[O-])o1,5.106238237942057,Active
O=C(Nc1ccc(-c2nccc3c2[nH]c2ccccc23)cc1)c1ccc2ccccc2c1,5.053547734986927,Active
C/C(=N\NC(N)=S)C(C)Oc1ccc(C(C)C)cc1,5.229147988357856,Active
N=C(N)c1ccc(-c2cc3cc(C(=N)N)cc(O)c3o2)c(O)c1,4.853871964321762,Inactive
O=C(CCc1nc(CCc2ccccc2)c(CCCO)s1)CSCCCc1ccccc1,4.787812395596042,Inactive
C[N+](C)(C)C1CCCCC1OP(=O)([O-])OCCCCCCCCCCC=C1CCCCC1,4.579417206668902,Inactive
N#CSCCOc1ccc(Oc2ccccc2)cc1,5.657577319177793,Active
CC1(CNCc2ccc(OC(F)(F)F)cc2)CCn2cc([N+](=O)[O-])nc2O1,6.886056647693163,Active
COc1ccc(/C=C/C(=O)c2ccccc2OC)c(OC)c1,4.795880017344075,Inactive
CC(C)Oc1ncc(C(O)(c2ccc(Cl)cc2)c2cccnc2)cn1,7.221848749616356,Active
O=C(N/N=C/c1ccc([N+](=O)[O-])o1)c1ccc(Cl)cc1,5.106238237942057,Active
CCC(C)C(=O)c1c(O)c(CC=C(C)C)c(O)c2c1OC1(C2)OC(C)=C(C)C1=O,5.769551078621726,Active
CN(C)C(=O)NC1CCN(C(c2ccc(Cl)cc2)c2cccnc2)CC1,7.494850021680094,Active
Oc1cccc(C2N(Cc3ccc(Cl)cc3)CCN2Cc2ccc(Cl)cc2)c1,5.337242168318426,Active
Cc1ccc(O)c(C2=CC(=O)c3ccccc3C2=O)c1,4.0034883278458215,Inactive
Cc1ccccc1NS(=O)(=O)c1ccc2[nH]cc(C(=O)NC3CCCCC3)c(=O)c2c1,4.888587425205524,Inactive
O=CC1(NC(=O)[C@H](Cc2ccccc2)NC(=O)OCc2ccccc2)CC1,7.0,Active
O=C(CCN1CCN(c2ccc(C(F)(F)F)cc2)CC1)c1ccc(Br)cc1,4.54515513999149,Inactive
C(/C=C/c1sc(Nc2ccccc2)n[n+]1-c1ccccc1)=C\c1ccc2c(c1)OCO2,5.173925197299174,Active
COc1ccc(OC2=CC(=O)c3c(O)cccc3C2=O)cc1,5.675717544702307,Active
CCC(=O)O[C@]1(C(=O)CCl)[C@@H](C)C[C@H]2[C@@H]3CCC4=CC(=O)C=C[C@]4(C)[C@@]3(F)[C@@H](O)C[C@@]21C,4.6020599913279625,Inactive
c1ccc2c(c1)CCN(c1ccncn1)C2,5.508638306165727,Active
CCCn1ncc(CN2CCCC(C(=O)c3cccc(OC(C)C)c3)C2)c1C,7.455931955649724,Active
CC(C)(C)CC(C)(C)NCC(O)COc1ccc(Cl)cc1Cl,5.197253632702421,Active
CCOc1ccc(-c2c(-c3ccccc3)ncn2C2CCNC2)cn1,4.373518792100657,Inactive
O=C(COc1ccccc1)Nc1ccccc1C(=O)Nc1nccs1,5.100000128334196,Active
FC(F)(F)c1ccc(C(c2cccnc2)N2CCC(Oc3ccccc3Cl)CC2)cc1,7.387216143280264,Active
Cc1csc(C(=O)OCC2(C)O[C@@H]3O[C@@]4(C)CC[C@H]5[C@H](C)CC[C@@H]2[C@@]35OO4)c1,5.2186036948032095,Active
CCNC(=O)SCCOc1ccc(Oc2ccccc2)cc1,4.9051796196452,Inactive
CC1=CC[C@H](C(C)CCN2CCNCC2)CC1,4.716698771296451,Inactive
O=C(Nc1nc(-c2ccccn2)cs1)c1ccccc1-n1cnnn1,5.474280939683097,Active
FC(F)(F)c1ccc(N(c2cccnc2)C2CCN(c3cccc(C(F)(F)F)c3)CC2)cc1,6.6777807052660805,Active
C=CCOc1cc(OC)c(C(=O)/C=C/c2ccc([N+](=O)[O-])cc2)c(OCC=C)c1,5.3872161432802645,Active
OC[C@H]1CC2CCN1C[C@@H]2C#Cc1cnc2ccccc2c1,4.471083299722345,Inactive
C=CCc1ccc(OCC(O)Cn2cc(COc3ccc(C(C)C)cc3)nn2)c(OC)c1,3.082862247243556,Inactive
Cn1c2nc3ccccc3c-2cc2ccccc21,4.305394801066432,Inactive
NCCCCC(N)C(=O)NCC1CCC(CNCCCN2CCN(CCCNCC3CCCCC3)CC2)CC1,5.301029995663981,Active
O=C1c2cnc(N3CCCC3)nc2CN1c1ccc2c(c1)OCO2,5.200000237109354,Active
c1ccc([Te][Te]c2ccccc2)cc1,5.853871964321762,Active
c1ccc(CNc2cccc3ccncc23)cc1,5.200000237109354,Active
COc1ccccc1-n1cc(C(=O)Nc2ccc3c(c2)B(O)OC3)c(C)n1,5.657577319177793,Active
O=c1c2nc([N+](=O)[O-])cn2ccn1Cc1ccc(-c2cccc(OC(F)(F)F)c2)nc1,7.055517327849832,Active
COc1cc2c(N3CCCCC3)nc(NC3CCCCC3)nc2cc1OC1CCCC1,5.484126156288321,Active
COc1ccc(C(=N)NC(C)C)cc1-c1cc2ccc(C(=N)NC(C)C)cc2o1,4.267606240177032,Inactive
CCCCC(=O)Oc1c(-c2csc3ccccc23)oc2ccc(OC)cc2c1=O,5.619788758288394,Active
O=[N+]([O-])c1ncn(Cc2cn(-c3ccc4c(c3)OCO4)nn2)n1,4.8598063214213685,Inactive
C[C@@H]1CC[C@H]2CC(=O)O[C@@H]3O[C@@]4(C)CCC1[C@@]23OO4,3.615646585862494,Inactive
O=C(NCCn1ccc(-c2ccc(F)cc2)n1)N1CC[C@H](F)C1,6.886056647693163,Active
COC(=O)C1(C(=O)OC)Cc2cc3c(cc2C1)C(=O)C(I)=CC3=O,4.289882634888183,Inactive
CCCCCCCN1CCN(CCCC[C@H]2CNC(=N)N2CCc2cccc(C(F)(F)F)c2)C1=N,5.6020599913279625,Active
CCCCCCCC(O)/C=C/c1ccc(O)cc1,3.90274269030658,Inactive
CCCCC(=O)c1ccc(OC2CCOCC2)c(OC)c1,5.2839966563652006,Active
O=C(Cn1cnc([N+](=O)[O-])n1)Nc1ccc(Cc2ccccc2)cc1,7.167491087293763,Active
COc1ccc(SC2C3=C(OC2(C)C)c2ccccc2C(=O)C3=O)cc1,3.800244822746525,Inactive
C#CCCCCCC(=O)N(C)[C@H](C(=O)N(C)[C@H](C(=O)N(C)[C@H](C(=O)N(C)[C@@H](C)C(=O)N(C)[C@@H](Cc1ccccc1)C(=O)N(C)C)C(C)C)C(C)C)C(C)C,5.229147988357856,Active
Cc1ccc(CO)c(Sc2ccc(N3CCCC3=O)cc2C(F)(F)F)c1,4.800000052738446,Inactive
CC(C)(C)n1nnnc1C(c1cccc([N+](=O)[O-])c1)N1CCc2c([nH]c3ccccc23)C1,5.358030402297941,Active
COc1ccc(C(=O)/C=C/c2ccc([N+](C)(C)C)cc2)c(OC)c1OC,4.6777807052660805,Inactive
COc1ccc(/C=C/C(=O)/C(C)=C/c2ccccc2)cc1,4.690369832574101,Inactive
COc1ccc2c(c1)[n+]1nc(C)c(C)cc1c1cccn21,6.086186147616283,Active
COc1ccc2c(c1)[n+]([O-])c(C#N)c(-c1ccc(Cl)cc1)[n+]2[O-],4.844663962534939,Inactive
Cc1ccc(C)c(-n2nnnc2Sc2nc([N+](=O)[O-])nn2C)c1,6.299997602857746,Active
CCc1ccc(-c2cc(C3CCOCC3)[nH]n2)cc1,4.82102305270683,Inactive
CC1(C)OC(=O)C(=CNc2ccc3c(c2)OCO3)C(=O)O1,4.698970004336019,Inactive
CN1/C(=C/C=C/c2oc3ccccc3[n+]2C)Sc2ccc(Cl)cc21,6.920818753952375,Active
CC1(COC(=O)N2CCN(c3ccc(F)cc3)CC2)CCn2cc([N+](=O)[O-])nc2O1,6.142667503568732,Active
COc1ccc(OC2=CC(=O)c3ccccc3C2=O)cc1,5.274088367704952,Active
COc1cc(O)c2c(=O)cc(-c3ccc(OC)c(OC)c3)oc2c1,3.6629402736794754,Inactive
O=C(C[Se]CC(=O)Nc1ccc([N+](=O)[O-])cc1)Nc1ccc([N+](=O)[O-])cc1,4.96617430604669,Inactive
C[n+]1c2ccccc2cc2[n-]c3ccccc3c21,6.657577319177793,Active
CCN1CCN(Cc2ccc(NC(=O)c3cc4ccc5cccnc5c4[nH]3)cc2)CC1,5.197253632702421,Active
COc1ccc(CN2CCC(NC(c3cccnc3)c3ccc(Cl)cc3F)CC2)cc1,6.431798275933005,Active
CCC(=O)N(CCCCCCCNC(=N)N)C1CCN(CCc2ccccc2)CC1,4.492819022739759,Inactive
Clc1ccc2c(NCCCN3CCOCC3)ccnc2c1,4.169411331314856,Inactive
Cn1c2nc3ccccc3c-2cc2c(C(F)(F)F)cccc21,4.787812395596042,Inactive
FC(F)(F)c1ccc(N(c2cccnc2)C2CCN(c3ccc(Cl)cc3)CC2)cc1,7.657577319177793,Active
O=C1C=C(Oc2ccc(F)cc2)C(=O)c2c(O)cccc21,5.876148359032914,Active
O=S(=O)(c1ccccc1OC(F)(F)F)N(Cc1ccccc1)Cc1ccccc1,5.95999928552668,Active
NCCCNCc1nc2ccc(Cl)cc2c(-c2ccccc2)c1C(=O)O,4.913640169325252,Inactive
C=C(c1nc(-c2ccccc2)no1)C(O)c1ccccc1,5.008330992620052,Active
COc1ccc2nc3c(c(-c4ccccc4)c2c1)C(=O)N(C(C(N)=O)c1ccc(F)cc1)C3,5.057991946977687,Active
c1csc([C@@H]2C[C@H]3Cc4ccccc4N2O3)c1,3.702239488900866,Inactive
N#Cc1ccnc(N2CCC(NC(c3ccc(Cl)cc3)c3cccnc3)CC2)n1,7.221848749616356,Active
C#CCCC/C=C(\C)C(=O)N(C)[C@H](C(=O)N(C)[C@H](C(=O)N(C)[C@H](C(=O)N(C)[C@@H](Cc1ccccc1)C(N)=O)C(C)C)C(C)C)C(C)C,5.292429823902063,Active
O=S(=O)(Nc1cccc2cccnc12)c1ccc(-c2ccccc2)cc1,5.202732459169283,Active
CCCCC#Cc1nc2cc(OC)ccc2n2cccc12,5.154901959985743,Active
C=CCc1ccc(Oc2cc(CC=C)cc(OC)c2O)c(OC)c1,4.573488738635425,Inactive
CCCN1CCN(c2ncc(-c3ccc4c(Nc5cnccn5)ccnc4c3)cn2)CC1,5.119186407719209,Active
c1ccc(C(OCc2ccncc2)c2ncc(-c3ccc4ccccc4c3)[nH]2)cc1,6.357535479757878,Active
Cc1ccc2nc(NC(C)C)nc(NCc3ccco3)c2c1,5.327902142064283,Active
N#CCn1c2ccc([N+](=O)[O-])cc2c(=O)n1Cc1ccccc1,5.120330794367947,Active
CCCn1c(CCNC(=O)Cc2ccc(Cl)cc2)nc2ccccc21,4.481486060122113,Inactive
COc1ccc(C(O)C#CC(O)c2ccccc2)cc1,4.854901841974626,Inactive
CN1C2CCC1CC(=NOC(c1ccc(Cl)cc1)c1cscn1)C2,6.096910013008056,Active
COc1cc2c(cc1C(C)NCCCc1ccccc1)C=CC(C)(C)O2,4.866461091629782,Inactive
Cc1nc2ccccn2c1C(=O)NN,4.525783735923745,Inactive
Cc1ccc(C(O)(c2ccc(Cl)cc2)c2cccnc2)s1,7.619788758288394,Active
C=C(C(=O)OCCO)C(O)c1cccc([N+](=O)[O-])c1,4.189969213594161,Inactive
CCCCCCN(CCCCCC)c1c([N+](=O)[O-])cc(S(N)(=O)=O)cc1[N+](=O)[O-],4.9210001097592295,Inactive
CC(C)(C)c1cc2ncnc(NNC(=O)c3cccs3)c2s1,5.318758762624412,Active
COc1cc2c(N3CCCCC3)nc(Nc3ccc(Cl)cc3)nc2cc1OC1CCCC1,4.644740094472621,Inactive
CC(=O)Nc1ccc2[nH]c(=O)n(C3CCC(C(C)(C)C)C3)c(=O)c2c1,7.698970004336019,Active
CC(=O)Nc1ccc2[nH]c(=O)n([C@H]3CC[C@H](OC(C)(C)C)CC3)c(=O)c2c1,5.455931955649724,Active
CC1Cn2c(nc([N+](=O)[O-])c2Br)O1,5.173277479831008,Active
Clc1ccc(CN2CCN(Cc3ccc(Cl)c(Cl)c3)C2c2ccccc2)cc1Cl,5.1938200260161125,Active
O=C(Nc1nc2cc(F)ccc2n1C1CCNCC1)c1cccnc1,5.036212172654444,Active
CCCCNc1c(N(C)CCCN(C)C)c(=O)c1=O,4.7447274948966935,Inactive
OC(c1ccc(C(F)(F)F)cc1)(c1cncc(F)c1)c1ccc(Cl)cc1F,6.7121982700697735,Active
CC(C)SC1NN=C(/C=C/C=C/c2ccc3c(c2)OCO3)N1C1CCCCC1,5.469160221383479,Active
CSc1ccc(C[Se][Se]Cc2ccc(SC)cc2)cc1,5.769551078621726,Active
CC1=CC[C@@H](C(C)(C)NC(=S)N/N=C/c2ccc([N+](=O)[O-])cc2)CC1,5.105130343254747,Active
CN1CCN(c2cc(/C=C/CO)nc3cc(F)c(Cl)cc23)CC1,5.230622673923861,Active
COc1cc(CC/C=C/C(=O)CCc2ccccc2)ccc1O,4.669586226650809,Inactive
O=C(C(c1ccc(Cl)cc1)c1cncnc1)N1CCN(c2ccc(C(F)(F)F)cc2)CC1,6.928117992693875,Active
CC(C)CC(=O)N1CCN(C(c2ccc(Cl)cc2)c2cccnc2)CC1,7.259637310505756,Active
O=[N+]([O-])c1c(CS(=O)(=O)c2ccccc2)nc2c(-c3cccc(CO)c3)cc(Cl)cn12,5.8696662315049934,Active
Cc1ccsc1[C@@H]1C[C@H](O)Cc2ccccc2N1,3.8057632512761703,Inactive
CC(C)NC(=N)c1ccc2cc(-c3cccc(OCCCCCOc4ccccc4)c3)oc2c1,5.050609993355087,Active
CC1(COc2ccc(Cl)cc2)CCn2cc([N+](=O)[O-])nc2O1,6.886056647693163,Active
COc1cc(OC)c2ccc(=O)oc2c1OC,4.238824186844268,Inactive
COc1ccccc1N1C(=N)SC(=Cc2ccc(OCc3ccccc3F)cc2)C1=O,4.786758047792717,Inactive
CC(C)(C)C1=CC(=O)C(I)=CC1=O,4.893809102736585,Inactive
O=[N+]([O-])c1ccc(S(=O)(=O)Nc2ncccn2)cc1,4.054531414868181,Inactive
COc1cc2oc(=O)ccc2c(OC/C=C(\C)C/C=C/C(C)(C)OO)c1OC,4.581698708680254,Inactive
COc1ccccc1Sc1cc(Cl)cn2c([N+](=O)[O-])c(CS(=O)(=O)c3ccccc3)nc12,5.638272163982407,Active
CCCCCN1C(=O)c2ccccc2NC1c1nc(C(=O)OC)cc2c1[nH]c1ccccc12,5.00436480540245,Active
COc1ccc(OC2=CC(=O)c3c(OC)cccc3C2=O)cc1,5.510041520575165,Active
O=[N+]([O-])c1cn2c(n1)SC(COCc1ccc(OC(F)(F)F)cc1)C2,6.060480747381382,Active
COc1ccc(/C(COc2ccc(Br)cc2)=N\NC(N)=S)cc1,5.1249387366083,Active
O=[N+]([O-])c1c(CS(=O)(=O)c2ccccc2)nc2c(-c3ccc(O)cc3)cc(Cl)cn12,5.522878745280337,Active
Oc1ccc(C2=NCCN2)cc1-c1cn(-c2ccc(C3=NCCN3)cc2)nn1,4.366531544420414,Inactive
CC(=O)Nc1ccc2[nH]c(=O)n(CCC3=CCCCC3)c(=O)c2c1,5.6777807052660805,Active
FC(F)(F)c1ccc(C(NC2CN(c3ncccn3)C2)c2cccnc2)cc1,6.939302159646388,Active
N#Cc1c(-c2ccc(Cl)cc2)[n+]([O-])c2ccc(Cl)cc2[n+]1[O-],4.815308569182401,Inactive
O=C1CSC(N/N=C\CSc2ccc(Br)cc2)=N1,4.367542707815276,Inactive
CCN(CC)S(=O)(=O)c1ccc(C(=O)Nc2cc(C)nn2-c2nc(C)c(C)c(=O)[nH]2)cc1,5.16304326294045,Active
O=C1c2ccccc2C(=O)N1Nc1nc(-c2ccc([N+](=O)[O-])cc2)cs1,4.308918507877031,Inactive
C[C@H]1CN([C@@H](C)CO)C(=O)c2cccc(NC(=O)c3ccncc3)c2O[C@@H]1CN(C)Cc1ccc(F)c(F)c1,7.301029995663981,Active
CC(C)NC(=N)c1ccc(-c2cc3cc(C(=N)NC(C)C)cc(O)c3o2)cc1,4.698970004336019,Inactive
COc1ccc(CC2(O)c3ccccc3C3=NCCN32)cc1,3.8642314854321778,Inactive
N#Cc1ccc2nc(NC(=O)c3ccnn3C3CC3)n(CC(F)(F)F)c2c1,6.00436480540245,Active
Oc1ccc(Nc2ccnc3cc(Cl)ccc23)cc1CN1CCN(c2nccs2)CC1,4.752026733638194,Inactive
[O-][s+]1nc(NCCCN(Cc2ccc(F)cc2)c2ccccn2)c(NCc2ccncc2)n1,4.600000074606178,Inactive
C=CCOc1cc(OC)c(C(=O)/C=C/c2ccc(C(F)(F)F)cc2)c(OCC=C)c1,3.894149325614857,Inactive
NCCCCNCCCN(Cc1ccc2ccccc2c1)Cc1ccc2ccccc2c1,5.164309428507575,Active
CC(=O)Nc1nc(-c2cc(C)ccc2C)c(C)s1,6.699991797446187,Active
Cc1cc(C2CCCCC2)n(O)c(=O)c1,5.603800652904264,Active
COc1ccc2ncc(=O)n(CCN3CC[C@H](NCc4ncc(Cl)c5[nH]ncc45)[C@H](O)C3)c2n1,5.499999678657065,Active
N#CCCc1cc2cc(Cl)ccc2nc1-c1cccs1,4.286509456906058,Inactive
CSC(=CC(=O)/C=C/c1cccc([N+](=O)[O-])c1)SC,5.29073003902417,Active
CC1(C)CC2=C(O1)C1(CO1)c1ccccc1C2=O,4.713768145971447,Inactive
CC1(Cc2ccccc2)CC(S(=O)(=O)c2ccc(F)cc2)=C(c2ccc(/C(N)=N/O)cc2)O1,5.145693958198919,Active
O=C(NCCCn1cnc([N+](=O)[O-])n1)c1cnc2ccccc2n1,6.09312646527793,Active
Cn1nc(C(F)(F)F)cc1C(=O)Nc1nc2ccc(C#N)cc2n1CC(F)(F)F,6.638272163982407,Active
CCCCCCCCCCCCCCCCCCOP(=O)([O-])OC1CC[N+](C)(C)CC1,5.519993057042849,Active
O=C(Nc1nc2cc(Cl)ccc2s1)C1CC1,6.494850021680094,Active
NC(=S)N/N=C1\CCc2cc(F)ccc21,5.080921907623926,Active
CC(=O)Nc1nc2ccc(N)cc2s1,3.9172146296835497,Inactive
O=C(O)CCCCN1CSC(=S)N(CCCCCCN2CN(CCCCC(=O)O)CSC2=S)C1,5.189095719331299,Active
Cc1cc(=O)[nH]c(-n2nc(C3CC3)cc2N)n1,4.6773550984815,Inactive
Fc1ccc(C(c2c[nH]c3ccccc23)c2c[nH]c3ccccc23)cc1Br,4.486982274668382,Inactive
CCOC(=O)N1CCC(NC(c2ccc(Cl)cc2)c2cccnc2)CC1,7.154901959985743,Active
O=[N+]([O-])c1cn2c(n1)OC(COCc1ccc(OCc3ccccc3)cc1)CC2,7.301029995663981,Active
O=[N+]([O-])c1ccccc1/C=C\c1ccc2c(c1)no[n+]2[O-],4.720105019988361,Inactive
O=[N+]([O-])c1nccn1CCCNc1ccnc2cc(Cl)ccc12,5.982757915452354,Active
O=C(CCN1CCN(c2ccc(F)cc2)CC1)c1ccc(OC(F)(F)F)cc1,4.279014255846261,Inactive
N#CCC(=O)N/N=C/c1ccc([N+](=O)[O-])o1,4.296192934725672,Inactive
CN(C)C(=O)CCCn1c2ccc([N+](=O)[O-])cc2c(=O)n1Cc1ccccc1,5.657577319177793,Active
COc1ccc(-c2cn([C@H]3C4=C(OC(C)(C)[C@@H]3Br)c3ccccc3C(=O)C4=O)nn2)cc1,3.974284616098659,Inactive
O=C(Nc1cccc(Cl)c1)Nc1ccccc1-n1ccnc1,6.336299074610352,Active
Cc1ccc(C(=O)CCN2CCN(c3ccc(F)cc3)CC2)cc1,4.361510743045363,Inactive
O=C(Nc1ccc(F)c(C(=O)NC2CC2)c1)c1ccc(=O)n(CC2CCCCC2)n1,5.100000128334196,Active
CCn1nc2cc(N/C(C)=C3\C(=O)C=C(C)OC3=O)ccc2c1Cl,5.62616885492617,Active
CC(C)c1ccc(NC(=O)N2CCC(NC(c3ccc(Cl)cc3)c3cccnc3)CC2)cc1,8.301029995663981,Active
CC(C)(O)c1cc(C(=O)N2CCCC(c3cc4ncccc4[nH]3)C2)on1,4.1938200260161125,Inactive
Cc1cn([C@H]2C[C@H](N=[N+]=[N-])[C@@H](CO)O2)c(=O)[nH]c1=O,3.807822973887248,Inactive
O=[N+]([O-])c1cn2c(n1)OC[C@H](OCc1ccc(-c3ccc(F)cc3)nc1)C2,5.721246399047171,Active
COc1ccc(-c2cc(=O)oc3cc(OC)c(OC)c(OC)c23)cc1O,4.856985199745905,Inactive
N=C(N)c1ccc(-c2cn(-c3cccc(C(=N)N)c3)nn2)cc1,4.769551078621726,Inactive
N=C(N)c1ccc(OCCCCCOc2ccc(/C(N)=N\O)cc2)cc1,4.254925208417943,Inactive
COc1ccc2nc(NC(C)C)nc(NCc3ccco3)c2c1,6.130768280269024,Active
Clc1cccc([C@@H]2C[C@@H]3Cc4ccc5ccccc5c4N2O3)c1,4.891096872332686,Inactive
CC(=O)CCC[C@H](C)[C@@H]1CC[C@]2(C)C3=C(C(=O)C[C@@]12C)[C@@]1(C)CC[C@H](O)C(C)(C)[C@@H]1CC3=O,5.431798275933005,Active
O=[N+]([O-])c1nccn1Cc1cc(-c2ccc(N3CCNCC3)cc2)no1,5.6020599913279625,Active
O=C(Nc1ccc2c(c1)B(O)OC2)c1ccccc1C(F)(F)F,5.85078088734462,Active
COc1ccc(C(O)C#CC(O)c2ccccc2)cc1OC,5.046861759979604,Active
CC(=O)Nc1ccc(OC/C(=N\NC(N)=S)c2ccc(Br)cc2)cc1,4.531652669587842,Inactive
Nc1nc(-c2ccccn2)nc(N)c1Cc1c(F)cccc1Cl,5.800000874803203,Active
CC(C)=CCc1c(O)c(Cc2c(O)c(C)c(C)oc2=O)c(O)c(C(=O)C(C)C)c1O,5.236572006437063,Active
CC(C)(C)OC(=O)N1CCC(CN(c2ccc(C(F)(F)F)cc2)c2cccnc2)CC1,7.552841968657781,Active
COC(=O)c1cn(-c2c([N+](=O)[O-])ncn2C)nn1,4.504455662453552,Inactive
O=C1C=C(O)C(=O)c2ccccc21,4.050366076200738,Inactive
O=C(O)[C@@H]1CCCN1C(=O)CCS,4.681936665037238,Inactive
O=C(c1ccc(Nc2nc(NCc3ccccc3)c3ccccc3n2)cc1)N1CCOCC1,6.096910013008056,Active
O=C(N[C@H]1C(O)O[C@H](CO)[C@@H](O)[C@@H]1O)c1ccccc1,4.793713955587568,Inactive
O=[N+]([O-])c1cn2c(n1)OC[C@H](OCc1ccc(-c3ccc(OC(F)(F)F)cc3F)nc1)C2,6.318758762624412,Active
O=[N+]([O-])c1ncn(Cc2cn(-c3ccc(OC(F)(F)F)cc3)nn2)n1,5.327902142064283,Active
COc1ccc([C@H]2Oc3ccccc3[C@@H]2C)cc1,4.000434511774018,Inactive
COc1cc([C@H]2Oc3ccc(Cl)cc3[C@@H]2C)cc(Cl)c1O,4.872895201635193,Inactive
CC(C)OC(=O)c1c(/N=C2\SCC(=O)N2c2ccccc2)sc2c1CCCC2,5.157390760389438,Active
Clc1ccccc1C(c1ccccc1)(c1ccccc1)n1ccnc1,5.073143291050307,Active
c1ccc2cc3c(Nc4ccc(N5CCOCC5)cc4)ccnc3cc2c1,5.89010099656129,Active
CC[C@H](C)[C@H]1O[C@]2(CC[C@@H]1C)C[C@@H](O)C[C@@H](CCO)O2,4.263603497723357,Inactive
O=c1c2cc([N+](=O)[O-])ccc2n(CCCBr)n1Cc1ccccc1,5.537602002101044,Active
CN(C)c1ccc(/C=C/c2ccc3ccccc3n2)cc1,4.769551078621726,Inactive
COc1cccc(-c2cnnn2CC(=O)NCc2ccccc2)c1,4.2580609222708015,Inactive
O=C(NCCc1csc(-c2ccc(F)cc2F)n1)c1cc(F)cc(F)c1,6.886056647693163,Active
C=C1C(=O)[C@@]23CC[C@H](C(=C)C)[C@@](C)(CCC(=O)OC(C)C)[C@@H]2CC[C@H]1C3,5.3872161432802645,Active
CC1(COc2ccc(OC(F)(F)F)cc2)Cn2cc([N+](=O)[O-])nc2S1,6.42021640338319,Active
CC(=O)N1C=C(c2cc3ncccc3[nH]2)CCC1,4.1938200260161125,Inactive
Cc1cncc(N2CCC(N(c3ccc(C(F)(F)F)cc3)c3cccnc3)CC2)c1,8.045757490560675,Active
NCCNc1cc(/C=C/c2ccccc2)nc2ccccc12,5.619788758288394,Active
CC1(C)CCc2c(c3ccccc3c3nc(-c4ccc(Br)cc4)[nH]c23)O1,4.425968732272281,Inactive
COc1ccc(-c2nc3ccc(C)cn3c2NC2CCCC2)cc1OC,4.790484985457369,Inactive
O=C1c2ccccc2C(=O)N1Nc1nc(-c2ccc(Cl)c(Cl)c2)cs1,4.102098125731772,Inactive
O=C(O[C@@H](Cn1ccnc1)c1ccc(F)cc1)c1ccc(-c2ccccc2)cc1,5.7447274948966935,Active
CN1CCC(N(C)c2nc(N3CCC[C@H]3CC#N)c3sccc3n2)CC1,4.721246399047171,Inactive
CC(C)Oc1cc(NC(=N)N)ccc1-c1ccc(-c2ccc(NC(=N)N)cc2OC(C)C)o1,4.455931955649724,Inactive
C=CCc1ccc(OCc2cn(Cc3ccccc3)nn2)c(OC)c1,4.519993057042849,Inactive
O=C(NCCc1csc(-c2ccccc2)n1)OCC1CC1,5.494850021680094,Active
COc1cc(C=O)ccc1Oc1ccnc2cc(Cl)ccc12,4.880084589742009,Inactive
O=C(c1ccc(Nc2nc(NCCN3CCOCC3)c3ccccc3n2)cc1)N1CCOCC1,4.823908740944319,Inactive
OC/C=C/c1ccc2c(F)c(Cl)ccc2n1,5.3872161432802645,Active
Fc1ccc(NCc2cncn2Cc2cccc3cc[nH]c23)cc1-c1ccccc1,6.47755576649368,Active
c1ccc2c(c1)Nc1ccccc1S2,5.221848749616356,Active
C[C@H]1O[C@@H](n2cnc3c(N)nc(N)nc32)[C@H](O)[C@@H]1O,4.292429823902063,Inactive
O=C(NCCNc1noc(-c2ccc([N+](=O)[O-])cc2)n1)c1ccc(Cl)cc1,5.788587089490118,Active
O=C(C1CC1)N(Cc1cccnc1)c1cc(F)cc(-c2nc3ccccc3s2)c1,7.698970004336019,Active
Fc1ccc(-n2ccc(C(c3ccccc3)n3ccnc3)c2)cc1,5.211831628858833,Active
N#C[C@@]1(c2cc(Br)c3c(N)ncnn23)O[C@H](CO)[C@@H](O)[C@H]1O,4.488116639021126,Inactive
c1ccc2cc(CC3CN4CCC3CC4)ccc2c1,4.5951662833800615,Inactive
CC1(C)C=Cc2c(ccc(C(=O)/C=C/c3ccc([N+](=O)[O-])cc3)c2O)O1,5.2839966563652006,Active
CCC(=O)N1CC(=O)c2c(C)nn(-c3ccc(C(N)=O)c(NCCCOC)c3)c2C1,5.302334837352325,Active
CC1(C)OC2=C(C(=O)C(=O)c3ccccc32)[C@H](N=[N+]=[N-])[C@H]1Br,4.6307841425898575,Inactive
CCCCn1c(NC(=O)Cc2ccc(Cl)cc2)nc2ccccc21,5.795880017344075,Active
CS(=O)(=O)N1CCN(c2ncc(-c3ccc4c(Nc5cnccn5)ccnc4c3)cn2)CC1,4.346787486224656,Inactive
NS(=O)(=O)c1ccc(CCNC(=O)Cc2ccc(Br)cc2)cc1,5.264800451577687,Active
CC(=O)N(Cc1cnc[nH]1)c1cc(F)cc(-c2nc3ccccc3s2)c1,6.292429823902063,Active
CCOC(=O)c1sc(N=[N+]=[N-])c(C#N)c1-c1ccc(Cl)cc1,5.337242168318426,Active
FC(F)(F)c1ccc(NC(=S)Nn2c(S)nnc2-c2cnccn2)cc1,3.539252458155803,Inactive
Cc1ccc(CNC(CN2CCN(C)CC2)c2ccccc2)cc1C,5.339632634184872,Active
OC1CCCCC1C1(NC(=S)Nc2ccccc2)CCCCC1,5.364492126384054,Active
CCc1ccc(OC(C)/C(C)=N/NC(N)=S)cc1,4.935542010773082,Inactive
C=C(c1nc(-c2ccccc2)no1)C(O)c1ccc(Br)cc1,4.437707135543525,Inactive
O=C(O)c1ccccc1Nc1ccc2nc(N3CCCCC3)sc2c1,4.823908740944319,Inactive
CCOC(=O)c1cnc2c(c(C)nn2C)c1Nc1ccc(C)cc1,4.486915639534856,Inactive
Cc1onc(-c2ccccc2)c1CNS(=O)(=O)c1cnn(-c2ccccc2)c1C,4.804100347590766,Inactive
NCCCNCCN(CCNCCCN)CCNCCCN,3.894149325614857,Inactive
COc1ccc(CN(CCc2ccc(Br)cc2)Cc2ccc(F)cc2)cc1O,4.249800272170818,Inactive
CC(C)CCC[C@H]1C(=O)O[C@@H]2O[C@@]3(C)CC[C@H]4[C@H](C)CC[C@@H]1[C@@]24OO3,5.045757490560675,Active
Cc1cn(C)/c(=N/C=c2\s/c(=C\c3sc4ccc(F)cc4[n+]3C)n(C)c2=O)s1,6.928117992693875,Active
C=C(C(=O)OCCO)C(O)c1cccnc1,3.4897633947366096,Inactive
COc1ccc2cc(C(=O)N3CCCC(c4cc5ncccc5[nH]4)C3)[nH]c2c1,5.3947434509876535,Active
NC(=S)N/N=C/c1cc2c(cc1NC(=O)CCl)OCO2,3.591251393815756,Inactive
CC(C)(C)NC(=O)C(C)(C)N1Cc2nc3ccc(Br)cc3c(-c3ccccc3)c2C1=O,4.986741334716483,Inactive
CC(C)NC(=N)c1ccc(-c2cn(-c3ccc(C(=N)NC(C)C)cc3)nn2)cc1,4.6020599913279625,Inactive
Clc1ccc(-c2cc(-c3c[nH]c4ccccc34)nc(-c3c[nH]c4ccccc34)c2)cc1,3.779290595120434,Inactive
CC(C)CC(=O)c1c(O)c(C=O)c2c(c1O)CC[C@@]1(O2)[C@@H]2CC[C@@H](C2)C1(C)C,6.031257953010807,Active
COc1ccc(C(ON=C2CC3CCC(C2)N3C)c2ccccc2)cc1,6.522878745280337,Active
COC1=C(C(C)C)C(=O)C=C(CN(C)C(=O)C2CCCCC2)C1=O,5.958607314841775,Active
Cc1ccc2oc(/C=C/C=C3\Oc4ccc(Cl)cc4N3C)[n+](C)c2c1,5.864231485432177,Active
CCCCN(C(=O)c1ccc(NC(=O)C(C)C)cc1)c1ccccc1,5.499999678657065,Active
CCCC[C@H]1CN(CCCC[C@H]2CNC(=N)N2CCc2cccc(C(F)(F)F)c2)C(=N)N1,5.455931955649724,Active
O=S(=O)(c1ccc(C(F)(F)F)cc1)n1cnc2ccccc21,4.82102305270683,Inactive
CCn1c(-c2ccc(OCC(=O)Nc3ccccc3)cc2)nc2ccccc2c1=O,5.229884705212898,Active
CCCC[N+](CCCC)(CCCC)CCCC,3.850165303284215,Inactive
COc1ccn2c(Nc3cc(F)cc(F)c3)c(-c3ccccn3)nc2c1,5.718966632752273,Active
COc1cc(OC)c(OC)cc1/C=C/C(=O)c1ccc(O)cc1,4.795880017344075,Inactive
c1ccc(-c2csc(Nc3ccc4c(c3)OCCO4)n2)nc1,5.764471553092451,Active
Clc1ccc(COC(CCn2ccnc2)c2cccs2)c(Cl)c1,5.279014255846261,Active
Cc1ccc(S(=O)(=O)Cc2nc3ccc(Br)cn3c2[N+](=O)[O-])cc1,4.355561410532162,Inactive
O=C(N[C@@H](Cc1c[nH]c2ccccc12)C(=O)Nc1ccncc1)C1CCC(F)(F)CC1,5.494850021680094,Active
Oc1ccc(Nc2ccnc3cc(Cl)ccc23)cc1CN1CCN(c2cccs2)CC1,5.039053804266168,Active
O=C1OC[C@H]([C@H](O)c2ccc3c(c2)OCO3)[C@H]1C(=O)c1ccc2c(c1)OCO2,4.43533393574791,Inactive
COc1cc([C@H]2Oc3ccccc3[C@@H]2C)ccc1O,4.229147988357856,Inactive
CN1CCN(CC(NCc2ccc(F)cc2)c2ccccc2)CC1,4.864997815644953,Inactive
O=C(Nc1cccc(-c2nc3ccccc3[nH]2)c1)C1CCCCC1,5.055517327849832,Active
O=[N+]([O-])c1cn2c(n1)OC[C@H](OCC#Cc1ccc(C(F)(F)F)cn1)C2,6.356547323513812,Active
C[C@H](N)C12CC3CC(CC(C3)C1)C2,3.3693687559795,Inactive
Oc1cccc(Nc2nc(NCc3ccccc3)c3ccccc3n2)c1,6.031517051446065,Active
O=c1ccn(C2C=CC(CO[Si](c3ccccc3)(c3ccccc3)c3ccccc3)O2)c(=O)[nH]1,4.886056647693163,Inactive
CCCOCc1ccccc1CNC(=O)Nc1cnc2c(c1)c(C)nn2C,4.161780778092374,Inactive
COc1cc(CC(=O)NCCCOCCOCCOCCCNC(=O)Cc2ccc(O)c(OC)c2)ccc1O,3.823908740944319,Inactive
C=CCn1cc(C(c2ccc(Cl)cc2)n2ccnc2)cc1-c1ccc(Cl)cc1,5.665546248849069,Active
S=C(N/N=C/C=C/c1ccco1)Nc1ccccc1,4.958607314841775,Inactive
O=C(Nc1ccn2cc(-c3ccc(F)c(F)c3)nc2c1)N1CC[C@H](F)C1,6.4089353929735005,Active
C=CCc1ccc(Oc2cc(CC=C)cc(OC)c2OCCN2CCOCC2)c(OC)c1,5.017728766960431,Active
N=C(N)c1ccc(-c2ccc(-c3ccc(C(=N)N)cc3)c(F)c2)cc1,6.468521082957745,Active
C=CCOc1ccccc1C(=O)/C=C/c1ccc2c(c1)OCO2,4.723538195826756,Inactive
NNC(=O)c1ccncc1,3.417005381076119,Inactive
CN1C2CCC1CC(=NOC(c1ccccc1)c1ccccc1Cl)C2,5.167491087293763,Active
C#CCOc1ccc(C(=O)/C=C/c2cccnc2)c(OC)c1,5.022276394711152,Active
CC(C)(C)OC(=O)N1CCC(NC(c2ccc(C(F)(F)F)cc2)c2cncs2)CC1,8.154901959985743,Active
COc1ccc(/C=C(\C)C(=O)/C=C/c2ccccc2)cc1,4.346787486224656,Inactive
CC(C)CNC(c1ccc(Cl)cc1)c1cccnc1,6.698970004336019,Active
CCCCNc1nc2ccc(OC)cc2nc1NCc1ccccc1,4.4156687756324695,Inactive
OCC(O)COc1ccc(Oc2ccccc2)cc1,3.5686362358410126,Inactive
Cc1ccc([C@@H]2C[C@H]3Cc4cc(OC(F)(F)F)ccc4N2O3)o1,4.966576244513051,Inactive
COC(=O)C1(C(=O)OC)Cc2cc3c(cc2C1)C(=O)C(c1ccccc1OC)=CC3=O,3.9913998282380825,Inactive
CCC(c1ccccc1)c1nn2c(-c3cccs3)nnc2s1,5.388228911609659,Active
Cc1nc(C)c(C(=O)N2CCCC(c3cc4ncccc4[nH]3)C2)s1,4.1938200260161125,Inactive
CCCN(CCC)c1ccc(S(=O)(=O)Nc2ccccc2)cc1,4.366531544420414,Inactive
N#Cc1ccc(C(c2cccnc2)N2CCC(NC(=O)c3cc(F)ccc3F)CC2)cc1,7.809668301829708,Active
COc1cc(OC)c2c(-c3ccc(OC)c(OC)c3)cc(=O)oc2c1,5.031517051446065,Active
CCC(=O)N1CCN(C(c2ccc(Cl)cc2)c2cncnc2)CC1,6.070581074285707,Active
O=C1c2ccccc2C(=O)N1Nc1nc(-c2ccc(Cl)cc2)cs1,4.2335871528876,Inactive
O=C(CCN1CCN(c2ccc(Cl)cc2)CC1)c1ccc(Br)cc1,4.578396073130169,Inactive
CC(C)(C)n1nnnc1C(c1ccc(Br)cc1)N1CCc2c([nH]c3ccccc23)C1,5.572676213642753,Active
Oc1cc2cc(c1O)Oc1ccc(cc1)CCc1cccc(O)c1Oc1cccc(c1)CC2,4.851089006890644,Inactive
C=Cc1nc(-c2ccc(OC)cc2)no1,4.806875401645539,Inactive
C[S+]([O-])C[C@H]1O[C@@H](n2cnc3c(N)nc(F)nc32)[C@H](O)[C@@H]1O,4.481486060122113,Inactive
CCCCCCCCCn1cnc2c3ccccc3c3c(c21)CCC(C)(C)O3,3.530472520812986,Inactive
N#Cc1cccc(CNc2ccc(-c3cnn(CC4CC4)c(=O)c3C#N)cc2)c1,5.300000202445418,Active
CC(C)NC(=O)N1CC(=O)N(c2cc(Cl)cc(Cl)c2)C1=O,4.309396406199719,Inactive
CC(C)(C)n1nnnc1C(c1ccc([N+](=O)[O-])cc1)N1CCc2c([nH]c3ccccc23)C1,5.660548558693559,Active
O=C(N/N=C/c1ccc([N+](=O)[O-])o1)c1ccc(Br)cc1,5.42712839779952,Active
COc1ccc(-c2nc3ccccc3nc2-c2ccccc2)cc1,4.892790030352131,Inactive
N=C(N)c1ccc2oc(-c3ccc(OCCCCCOc4ccccc4)cc3)cc2c1,5.292429823902063,Active
N#Cc1cc(N2CCCC2=O)ccc1Sc1ccccc1C(=O)O,6.0999990348465305,Active
CS(=O)(=O)N(Cc1cnc[nH]1)c1cc(F)cc(-c2nc3ccccc3s2)c1,7.154901959985743,Active
COc1ccc(CCN(C)CCCC(C#N)(c2ccc(OC)c(OC)c2)C(C)C)cc1OC,4.718966632752273,Inactive
COC(=O)c1ccc(NCc2cncn2Cc2cccc([N+](=O)[O-])c2)cc1-c1ccccc1,7.522878745280337,Active
CSCCC(=O)N1CCC[C@H]1C(=O)O,4.453457336521869,Inactive
CCCCCCOCCC12CC3CC(C1)CC(CCOP(=O)([O-])OCC[N+](C)(C)C)(C3)C2,4.767003889607846,Inactive
COC(=O)[C@@H](NC(=O)c1cc(CSc2nc3ccccc3s2)on1)c1ccccc1,5.219682687859849,Active
Cc1ccc2[nH]c(-c3cn(C4CCNCC4)nn3)nc2c1C,4.650873092931263,Inactive
O=C(NCCc1csc(-c2ccccc2)n1)c1ccccc1,4.6898493105894685,Inactive
C=CCc1ccc(OC(=O)COc2ccccc2)c(OC)c1,4.744365733541413,Inactive
CCN(CC)CCn1nc(OCc2ccccc2)c2cc([N+](=O)[O-])ccc21,4.94692155651658,Inactive
O=[N+]([O-])c1cn2c(n1)OC(COc1cnc(-c3ccc(F)cc3)cn1)CC2,5.327902142064283,Active
O=[N+]([O-])c1ncn(CCCNCc2cc(C(F)(F)F)cc(C(F)(F)F)c2)n1,4.955852379121277,Inactive
CSc1ccc(/C=N/NC(=O)/C(=C/c2cnn(-c3ccccc3)c2)c2ccccc2)cc1,3.3582702317435027,Inactive
Cc1nc2c(c(NCc3cc4ccccc4s3)n1)CCNCC2,5.191427828101461,Active
Clc1nnc(NCCc2c[nH]cn2)c2cc3ccccc3cc12,4.145390361904205,Inactive
Oc1cccc2c1[C@@H](O)CCC21Oc2cccc3cccc(c23)O1,5.075720713938118,Active
C/C(COc1ccccc1)=N\Nc1nc(-c2ccc(Cl)cc2Cl)cs1,4.528708288941061,Inactive
O=C(CC1(O)C(=O)N(Cc2cccs2)c2ccc(Br)cc21)c1cccnc1,4.70000006855703,Inactive
O=[N+]([O-])c1ccc(O/N=C/c2cc(Br)c(O)c(Br)c2)c([N+](=O)[O-])c1,4.622329560665677,Inactive
C#CCOc1ccc(C(=O)/C=C/c2cccnc2)c(OCC#C)c1,5.3979400086720375,Active
O=[N+]([O-])c1ccc(C2=NCCNC(c3ccccc3)=C2)cc1,4.70000006855703,Inactive
Cc1n[nH]c(-c2ncc3c(N4CCOCC4)ccnc3c2O)n1,5.0,Active
COc1cc(C)cc2c(-c3c(O)cc(O)c4c3C[C@@H](C)N[C@H]4C)ccc(O)c12,3.625251653989896,Inactive
CCC[C@H](C)OC(=O)/C=C/c1ccc(O)c(O)c1,5.698970004336019,Active
Cc1cc(C)c(Oc2ncnc(Nc3ccccc3)n2)c(C)c1,4.619788758288394,Inactive
C=CC(C)(C)c1cc(OC(C)=O)c(OC(C)=O)cc1-c1coc2cc(OC(C)=O)cc(OC(C)=O)c2c1=O,4.369572124974976,Inactive
S=C(N/N=C/c1cccs1)Nc1ccccc1,5.327902142064283,Active
OCCCNc1nc(NCCN2CCOCC2)c2ccccc2n1,4.455931955649724,Inactive
O=C(Nc1ncc([N+](=O)[O-])s1)c1ccc(-c2ccccc2)cc1,3.98296666070122,Inactive
c1cc(-c2ccc3ncnc(Nc4nccs4)c3c2)cc(N2CCOCC2)c1,5.657577319177793,Active
COc1ccc2c(c1)=[N+]([O-])C(C)(C)[N+]=2[O-],4.6020599913279625,Inactive
CC1=C(C)C(=O)C(I)=CC1=O,4.996970529446382,Inactive
COc1ccc(NC(=O)COc2ccc(-c3nc4ccccc4c(=O)n3C)cc2)cc1,4.695294101787234,Inactive
OC(c1ccc(Cl)cc1)(c1cccnc1)c1cnc(Cl)nc1,6.492819022739759,Active
COc1cccc2c1CC/C2=N\NC(N)=S,5.207608310501746,Active
COc1cc(C(=N)N)ccc1-c1cc2cc(C(=N)N)ccc2o1,5.698970004336019,Active
COc1cc(/C=N/Nc2ncnc3sc4c(c23)CCCC4)ccc1O,5.142667503568732,Active
Clc1ccc2[nH]c3c[n+](C/C=C\C[n+]4ccc5c(c4)[nH]c4ccc(Cl)cc45)ccc3c2c1,5.017728766960431,Active
C=C1C(=O)[C@@]23CC[C@H](C(=C)C)[C@@](C)(CCC(=O)NC4CCCCC4)[C@@H]2CC[C@H]1C3,5.552841968657781,Active
COc1cccc2c1cc1c3ccccc3nc-1n2C,5.3979400086720375,Active
O=[N+]([O-])c1cn2c(n1)OC[C@H](OCc1ccc(C(F)(F)F)cc1)C2,6.22548303427145,Active
Fc1ccc(-n2ccc(C(c3ccc(Cl)cc3)n3ccnc3)c2)cc1,4.981715691573469,Inactive
CCCNc1nc(NCCC)nc(Nc2ccc(C3(C)NC(=O)c4ccccc4N3)cc2)n1,5.052321260063064,Active
COCc1cnc2c(c1SCc1c(F)cccc1Cl)c(=O)n(C)c(=O)n2C,5.488587268262161,Active
CC[C@H]1CC[C@@H](n2c(=O)[nH]c3ncc(N)cc3c2=O)CC1,5.920818753952375,Active
CCN(CC)CCCNc1nc2ccc(N)cc2s1,4.187086643357144,Inactive
Cc1nc(C(F)(F)F)nc(NCCCn2ccnc2[N+](=O)[O-])c1C,5.368556230986828,Active
Cn1c([N+](=O)[O-])cnc1-c1nnc(N/N=C\c2ccc(O)c(O)c2)s1,5.619788758288394,Active
CC(=O)Oc1cccc2c1C(=O)C(Br)=CC2=O,6.070581074285707,Active
CC(=O)Nc1ccc2[nH]c(=O)n(C3CCC(C)CC3)c(=O)c2c1,5.853871964321762,Active
O=C(c1ccccc1)c1ccc(OCCOC2CCCCO2)cc1,3.571865205971211,Inactive
O=[N+]([O-])c1cn2c(n1)OC[C@H](OCC#Cc1ccc(-c3ccc(OC(F)(F)F)cc3)cn1)C2,6.173925197299173,Active
O=C(Nc1ccc(F)cc1[N+](=O)[O-])c1cc(Cl)ccc1O,5.411168274405793,Active
Cc1nc(C(=O)NC2CCN(C(c3ccc(C#N)cc3)c3cccnc3)CC2)cs1,7.187086643357144,Active
CC1(C)Oc2c(c(=O)[nH]c3ccccc23)[C@H]2[C@@H](Cl)[C@](C)(O)CC[C@@H]21,5.091514981121351,Active
O=C(CCN1CCN(c2ccc(F)cc2)CC1)c1ccc(F)c(F)c1,4.424812155072339,Inactive
COc1ccc(/C=C/c2ccc3c(c2)no[n+]3[O-])cc1,5.096910013008056,Active
C#CC(=O)NC[C@]1(C)CCC[C@]2(C)c3ccc(C(C)C)cc3CC[C@@H]12,5.3872161432802645,Active
O=C(/C=C/c1ccccc1)N/N=C/c1ccc2c(c1)OCO2,4.214670164989233,Inactive
Nc1cc(-c2ccccc2)ccc1Cn1cncc1CNc1ccc(F)c(-c2c(F)cccc2F)c1,9.397940008672036,Active
Nc1cc(-c2ccc3ncnc(N4CCOCC4)c3c2)cnc1N,5.40000018605658,Active
CCCn1c(NC(=O)Cc2ccc(C(F)(F)F)cc2)nc2ccccc21,6.0,Active
C[C@]12CC[C@H](O)C[C@@H]1CC[C@@H]1[C@@H]2CC[C@@]2(C)[C@H]1CC[C@@H]2[C@@](C)(O)C1CCCCN1,6.0,Active
O=C(c1ccccc1)N1CCC(CN(c2ccc(C(F)(F)F)cc2)c2cccnc2)CC1,7.366531544420414,Active
Cc1cccc(C(O)(c2ccc(Cl)cc2)c2cncnc2)c1,6.4834646261042,Active
Cc1cc(Nc2cc(C3CC3)[nH]n2)nc(N2CCC[C@H]2C(N)=O)n1,6.788585754922025,Active
CC(C)(C)c1cc(/C=N/Nc2nnc(-c3ccccc3)s2)cc(C(C)(C)C)c1O,3.8677403104689554,Inactive
O=c1cc(C#CCOc2ccccc2)c2cccc([N+](=O)[O-])c2[nH]1,5.853871964321762,Active
COc1ccc2nc(SC)c(NCCC(C)C)nc2c1,4.567030709125595,Inactive
O=C(CC(=O)c1ccc(Oc2ccccc2)cc1)CN1CCOCC1,5.2839966563652006,Active
C=C(c1nc(-c2ccccc2)no1)C1(O)C(=O)N(c2ccccc2)c2ccccc21,4.789681480173768,Inactive
CC(C)=Cc1ccc2cc([N+](=O)[O-])ccc2n1,4.4723700991286615,Inactive
CC(C)c1nn(-c2nc(N)nc(-c3ccccn3)n2)c(N)c1C1CCCCC1,5.788587089490118,Active
O=C(c1ccc(Cl)cc1)N1CCN(C(=O)C(c2ccc(Cl)cc2)c2cccnc2)CC1,7.657577319177793,Active
Cc1cc(C)c(Oc2nc(N)nc(Nc3ccc(C#N)cc3)n2)c(C)c1,5.132532512140949,Active
O=C(O)CCCCCN1CSC(=S)N(CCCCCCN2CN(CCCCCC(=O)O)CSC2=S)C1,5.17134010346468,Active
C=CCO[C@@]1(C(F)(F)F)O[C@@H]2O[C@@]3(C)C[C@H]4[C@H](C)CC[C@@H]([C@H]1C)[C@@]24OO3,5.795880017344075,Active
CN1CCN(CC(=O)NCCNc2cc(/C=C/c3ccccc3)nc3ccccc23)CC1,5.455931955649724,Active
O=[N+]([O-])c1ccc(-n2ccc(C(c3ccccc3)n3ccnc3)c2)cc1,4.507658746745026,Inactive
Nc1c(C2=NCCN2)cnn1-c1cccc(Br)c1,4.322849478726567,Inactive
C/C(CSc1ccccc1)=N/NC1=NC(=O)C(C)S1,4.079354998593212,Inactive
COc1ccc(Nc2cc(/C=C/c3ccc(OC4CCCCO4)cc3)nc(N)n2)cc1,5.568636235841013,Active
N=C(N)c1ccc(-c2ccc(-c3ccc(C(=N)N)nc3)cc2)cc1,7.075720713938118,Active
CC1(C)OC2=C(C(=O)C(=O)c3ccccc32)C1Nc1ccc(Cl)c(Cl)c1,4.3585258894959,Inactive
C=CCn1c(-c2ccccc2)cs/c1=N/N=C/c1ccc([N+](=O)[O-])s1,4.698970004336019,Inactive
C=CCOc1ccc(Oc2ccccc2)cc1NC(C)=O,4.013228265733755,Inactive
Nc1c(C(=O)Nc2cccc(F)c2)nnn1Cc1ccc(CN2CCOCC2)cc1,6.900008766455316,Active
COC(=O)/C=C/c1ccc2c(c1)[C@H](C(=O)OC)[C@@H](c1ccc(O)cc1)O2,5.105683937315561,Active
Cc1ccc2c(c1)[n+]([O-])c(C#N)c(-c1ccc(OC(F)(F)F)cc1)[n+]2[O-],4.97061622231479,Inactive
O=[N+]([O-])c1ccc(-n2nc(-c3ccc(Oc4ccccc4)cc3)cc2N2CCOCC2)cc1,5.318758762624412,Active
N=C(N)c1ccc(NCCCCCNc2ccc(C(=N)N)cc2)cc1,3.253000003683597,Inactive
CC1(C)OC(=O)C(=CNc2ccc3ncsc3c2)C(=O)O1,4.3979400086720375,Inactive
Cc1nn(-c2ccccc2)c2nc(-c3ccccc3)cc(C(=O)N/N=C/c3ccc(O)c(O)c3)c12,4.640354207325457,Inactive
O=C(NCCCCNCCCNC(=O)c1cc(Br)c(Br)o1)c1cc(Br)c(Br)o1,4.7447274948966935,Inactive
FC(F)(F)c1ccc(CN2C3=NCCN3c3ccccc32)cc1,4.872895201635193,Inactive
COc1cccc2c(NCc3ccco3)nc(NC(C)C)nc12,5.494850021680094,Active
[O-][n+]1onc2ccc(/C=C/Sc3ccc(Cl)cc3)cc21,5.838631997765025,Active
COc1cc(/C=C/c2ccc3c(c2)OCO3)oc(=O)c1,3.744727494896694,Inactive
COc1ccc2nc3ccc(CBr)cc3c(N)c2c1,5.3979400086720375,Active
COc1ccc(N(Cc2ccc(Br)cc2)Cc2ccc(OC)c(O)c2)cc1,4.589054141312226,Inactive
O=C(NCCCn1cnc([N+](=O)[O-])n1)c1ccnc(Cl)c1,4.8696662315049934,Inactive
CCc1ccc(NC(=S)N/N=C/c2c[nH]c3c(C)cc(Br)cc23)cc1,4.909741947068683,Inactive
COc1cc2c(N3CCCCC3)nc(NCc3ccc([N+](=O)[O-])cc3)nc2cc1OC1CCCC1,5.016373712875465,Active
Cc1cc2cc(CNc3ccc4c(c3)OCO4)c(=O)n(CCO)c2cc1C,6.599997654072044,Active
O=C(/C=C/c1ccccc1)N/N=C/c1ccccc1O,5.204119982655925,Active
Cc1ncnc2c1c(-c1cccc3c1N=CC3)cn2[C@@H]1O[C@H](CO)[C@@H](O)[C@H]1O,5.6777807052660805,Active
O=C1C(O)=C(CNC2CCCC2)C(=O)c2ccccc21,3.4421320384319776,Inactive
Clc1ccc(Sc2cnccc2N2CCOCC2)cc1,5.047128161432165,Active
CC1(C)CCC(=Cc2ccc(Cl)cc2)CC1(O)Cn1ccnc1,5.281698896868809,Active
CO/C=C(/C(=O)OC)c1ccccc1Oc1cc(Oc2ccccc2C#N)ncn1,5.487315603782837,Active
Cc1cc(Nc2ncnc3ccc(-c4cccc(N5CCOCC5)c4)cc23)on1,5.568636235841013,Active
CO/N=C(\C)c1ccc(-n2ccnc2)c(NC(=O)c2cnc(-c3ccccc3)cn2)c1,8.596364810209453,Active
COc1cc(OC)c2c(c1)O/C(=C\c1ccccc1OC)C2=O,5.886056647693163,Active
O=C1CCCN1c1ccc(Sc2ccccc2CO)nc1,4.900000142057633,Inactive
CCC(=O)CCCCCC(O)c1ncc(Cc2ccncc2)[nH]1,4.238824186844268,Inactive
COc1ccc2ncc(=O)n(CCN3CCOC(CNCc4ccc(C(F)(F)F)cc4F)C3)c2n1,4.399999967876858,Inactive
N#Cc1cnc(N2CCC(NC(c3ccc(Cl)cc3)c3cccnc3)CC2)s1,7.769551078621726,Active
FC(F)(F)c1ccc(C(NC2CCN(c3ncccn3)CC2)c2cccnc2)cc1,7.978810700930062,Active
O=C(COc1cccc(-c2ccccc2)c1)Nc1ncc([N+](=O)[O-])s1,4.642065152999546,Inactive
NP(=O)(OCc1ccc([N+](=O)[O-])c(F)c1)N(CCCl)CCCl,5.494850021680094,Active
COCC(=O)Nc1ccnn1-c1ccc(Cl)cc1,4.864987313190287,Inactive
COc1ccc(-n2cc(-c3ccc(NC(=N)c4ccccn4)cc3OC(C)C)nn2)cc1,5.537602002101044,Active
CCCN(CCC)c1c([N+](=O)[O-])cc(S(=O)(=O)Nc2cc(Cl)cc(Cl)c2)cc1[N+](=O)[O-],5.431798275933005,Active
CN(C)c1ccc(N)cc1CN(CC1CCCO1)S(C)(=O)=O,5.0,Active
CCN(CC)c1ccc2nc3ccc(N4CCOCC4)cc3[o+]c2c1,4.787412921876106,Inactive
C[C@H]1[C@H](OC(=O)CCC(=O)O)O[C@@H]2O[C@@]3(C)CC[C@H]4[C@H](C)CC[C@@H]1[C@@]24OO3,4.950007143079858,Inactive
Cc1cc(C(=O)NC2CCN(C(c3cncnc3)c3ccc(Cl)cc3F)CC2)[nH]n1,6.763210900590707,Active
N#Cc1c(NC(=O)C2CCCCC2)[n+]([O-])c2ccc(Cl)cc2[n+]1[O-],5.6020599913279625,Active
COc1ccc(-c2nc(NCCCN3CCN(C)CC3)c3ccccc3n2)cc1,5.200659450546418,Active
COc1cc(OC)cc(N2C(=O)N(Cc3ccc(C(C)(C)C)cc3)c3ccccc3S2(=O)=O)c1,4.789736606693437,Inactive
Clc1ccc(Nc2nc(-c3cccnn3)c(Cl)s2)nc1,5.235077015350112,Active
NC(=O)c1cccc(C(O)(c2cncnc2)c2ccc(Cl)cc2F)c1,7.062983892535186,Active
COc1nc(C)nc(NC(=O)NS(=O)(=O)c2ccccc2Cl)n1,4.347077112432058,Inactive
O=C(CN1CCN(c2ccc(Cl)c(Cl)c2)CC1)N1CCN(c2ccc(Cl)c(Cl)c2)CC1,5.742081549685942,Active
CC(C)(C)OC(=O)NCc1cccc(CNC2CCN(CCc3ccccc3)CC2)c1,4.107293362194334,Inactive
COc1cc2c(cc1C(C)NCCCCc1ccccc1)CCC(C)(C)O2,6.2441251443275085,Active
CN(C)S(=O)(=O)c1cccc(C(=O)Nc2nc(-c3ccccn3)cs2)c1,5.847127891468657,Active
O=C(Nc1ccc(OC(F)(F)F)cc1)O[C@H]1COc2nc([N+](=O)[O-])cn2C1,5.455931955649724,Active
C/C(COc1ccccc1)=N\Nc1nc(-c2cccc([N+](=O)[O-])c2)cs1,5.4089353929735005,Active
COc1ccc(-n2ncc(-c3nnn[nH]3)c2N)cc1,4.651695136951839,Inactive
Cc1nc2c(Cl)cccc2c(O)c1CN1CCCCC1C,7.221848749616356,Active
N#Cc1ccc(-c2nc3ccc(Cl)cc3c3c2CCCO3)cc1,4.628932137728263,Inactive
CCOC(=O)c1cc2c(n1CC)C(=O)C(Oc1ccccc1)=CC2=O,6.657577319177793,Active
COC(=O)C1(C(=O)OC)Cc2cc3c(cc2C1)C(=O)C(c1ccc(C(F)(F)F)cc1)=CC3=O,3.4417715781966742,Inactive
Cn1ncc(C(=O)Nc2nc3ccc(C#N)cc3n2CC(F)(F)F)n1,4.1938200260161125,Inactive
c1cc2nc3ccc(N4CCOCC4)cc3[o+]c2cc1N1CCOCC1,5.149353764816934,Active
COc1ccc(S(=O)(=O)Nc2ccc(Cn3cc4c(n3)CN(C(=O)c3cccc(Cl)c3)C4)cc2)cc1,4.900000142057633,Inactive
CC(C)CO[C@H]1CC[C@@]2(C)[C@@H](CC[C@@H]3[C@@H]2CC[C@]2(C)C(=O)[C@H](Br)C[C@@H]32)C1,5.376750709602099,Active
CCCCCCCCCCCCCCCC#CC(=O)O,4.317854923626168,Inactive
CC1=C(/C=C/C(=O)/C=C/c2ccc(-n3cncn3)cc2)C(C)(C)CCC1,4.815308569182401,Inactive
NS(=O)(=O)c1cc([N+](=O)[O-])c(N2CCCC2)c([N+](=O)[O-])c1,4.012780770091995,Inactive
COc1ccc(/C(=N/c2ccccc2)Nc2cccc(Cl)c2)cc1,5.954677021213342,Active
NS(=O)(=O)c1cc(C(=O)N/N=C/c2ccc([N+](=O)[O-])s2)ccc1Cl,5.09366495819491,Active
CC(C)NC(=N)c1ccc2oc(-c3ccc(OCCCCCCOc4ccccc4)cc3)cc2c1,5.267606240177032,Active
Cc1cc2c3cccn3c3cc(Cl)ccc3[n+]2nc1C,6.619788758288394,Active
COc1cc(OC)c(-c2ccc(O)c3c(OC)cc(C)cc23)c2c1C(C)=N[C@@H](C)C2,4.36251027048749,Inactive
CC(C)(C)OC(=O)NC1CCC(NCCCN(Cc2ccc(F)cc2)Cc2ccc(F)cc2)CC1,5.167491087293763,Active
CC1S/C(=N/N=C/CCSc2ccccc2)NC1=O,5.0,Active
Cc1ccc(C(ON=C2CC3CCC(C2)N3C)c2ccccc2)cc1,6.522878745280337,Active
CC1(COCc2ccc(Oc3ccccc3)cc2)Cn2cc([N+](=O)[O-])nc2[S+]1[O-],6.54515513999149,Active
Clc1ccccc1C1(c2ccnc(C3CC3)n2)CCNCC1,4.621244271554931,Inactive
COc1cc2c(cc1OC)/C(=N/Nc1nc(-c3ccc(C)cc3)cs1)CC2,4.412906688366073,Inactive
CCCC(=O)OCc1ccc2nc3ccc(OC)cc3c(Cl)c2c1,5.522878745280337,Active
Cc1noc(C)c1C(=O)NC1CCN(C(c2ccc(C#N)cc2)c2cccnc2)CC1,7.288192770958809,Active
C=CCc1ccc(OCc2cn(Cc3ccc([N+](=O)[O-])cc3)nn2)c(OC)c1,3.8853890157678266,Inactive
CC1(COc2ccc(-c3ccc(F)cc3)nc2)CCn2cc([N+](=O)[O-])nc2O1,6.187086643357144,Active
C[C@@H]1CC[C@H]2C(C)(COC(=O)c3cc4ccccc4o3)O[C@@H]3O[C@@]4(C)CC[C@@H]1[C@]32OO4,4.924453038607469,Inactive
O=C1c2cccc3cccc(c23)C(=O)N1CCNCCCCCNCCN1C(=O)c2cccc3cccc(c23)C1=O,6.0,Active
CCCCCCCCCCCCCCCCNc1c(NCC[N+](C)(C)C)c(=O)c1=O,4.448550002027125,Inactive
O=S(=O)(Nc1ccc2[nH]ncc2c1)c1cccc2ccccc12,4.428291168191312,Inactive
COc1ccc(NC(=O)c2cc(F)c(N3CCCN(C)CC3)cc2F)cc1Cl,5.259637310505756,Active
O=C(O)c1cccc(-n2cc(Cn3cnc([N+](=O)[O-])n3)nn2)c1,5.327902142064283,Active
COc1cc(C(=O)Nc2c(O)c3ccccc3n(C)c2=O)cc(OC)c1OC,5.455931955649724,Active
C=Cn1c2ccc([N+](=O)[O-])cc2c(=O)n1Cc1ccccc1,5.79317412396815,Active
O=C(NCCc1cccnc1)c1ccc(-c2ccccc2F)o1,6.699991797446187,Active
CC(=O)C(C)N1CCC(N(c2ccc(C(F)(F)F)cc2)c2cccnc2)CC1,7.823908740944319,Active
COc1ccc(S(=O)(=O)Nc2ccc(CN3CCN(C(=O)c4cccc(Cl)c4)CC3)cc2)cc1,6.299997602857746,Active
N#Cc1ccccc1-c1nc(CCNC(=O)N2CCCCC2)cs1,6.102372908709558,Active
CC/C=C\C/C=C\C/C=C\CCCCCCCc1cc(O)cc(O)c1,4.6020599913279625,Inactive
CC1CCc2ccccc2N1S(=O)(=O)c1ccccc1,3.75915134151464,Inactive
CCC(N)C(=O)N1CCC(OCc2ccc(Cl)c(Cl)c2)CC1,4.67990338006904,Inactive
NC(CC(=O)N1CC(CO)C(c2ccc(Cl)cc2)C1)Cc1ccc(Cl)cc1,7.031517051446065,Active
COC(=O)CCCNCc1ccc(NC(=O)c2ccc(COC(C)=O)cc2)cc1,5.585026652029182,Active
O=C(Nc1ccc(OC(F)(F)F)cc1)N[C@@H]1COc2nc([N+](=O)[O-])cn2C1,5.0,Active
Cc1cc(Oc2cccc(CN3CCOCC3)c2)cc(C)c1Cl,5.431798275933005,Active
OC(c1ccc(Cl)cc1)(c1cccnc1)c1cccs1,7.886056647693163,Active
O=C(CN(Cc1ccccn1)Cc1ccccn1)NCc1ccc(-c2csnn2)cc1,5.300000202445418,Active
COc1cc2c(cc1C(C)OCCc1ccccc1)C=CC(C)(C)O2,4.197226274708024,Inactive
CCOC(=O)c1ccc(Nc2c(O)c(=O)c2=O)cc1,4.650722472532045,Inactive
C=Cc1nn([C@@H]2O[C@H](CO)[C@@H](O)[C@H]2O)c2ncnc(N)c12,4.896196279044043,Inactive
CN(C)c1ccc(/C=N/NC(N)=S)cc1,4.703334809738469,Inactive
Nc1ccccc1-c1cc[nH]c2c3ccccc3nc1-2,4.46344155742847,Inactive
C=C[C@H]1CC[C@H]2[C@@H]3CC=C4C[C@@H](O[C@@H]5OC[C@@H](OC(C)=O)[C@@H](O)[C@@H]5O)CC[C@]4(C)[C@H]3CC[C@]12C,3.995678626217357,Inactive
c1ccc(Nc2nc3ccccc3[nH]2)nc1,4.781699035112386,Inactive
CCCn1c(NC(=O)Cc2cccc(Br)c2)nc2ccccc21,6.0,Active
CCCC/C(=N\NC(N)=[Se])c1ccc(Cl)c(Cl)c1,5.920818753952375,Active
COc1ccc(/C=C2\CCC/C(=C\c3ccccc3)C2=O)cc1,4.928117992693875,Inactive
COc1ccc(-c2cn3c(C(=O)Nc4ccccc4Cl)c(-c4ccccc4)c4c3n2CCCC4)cc1,4.795880017344075,Inactive
O=C(N/N=C/c1ccc([N+](=O)[O-])s1)c1ccc([N+](=O)[O-])cc1,5.55129368009492,Active
Cc1ccccc1C(=O)CCn1ccnc1,4.669586226650809,Inactive
Cc1ccc(S(=O)(=O)n2c3ccc([N+](=O)[O-])cc3c(=O)n2Cc2ccccc2)cc1,4.541211118289155,Inactive
N#Cc1ccc(-c2ccn(CCNC(=O)N3CCCCC3)n2)cc1,4.3979400086720375,Inactive
O=C(Nc1ccn2cc(-c3ccc(F)c(F)c3)nc2c1)c1cccnc1,5.202732459169283,Active
CC(C)Nc1nc(NCc2ccco2)c2cc(Cl)ccc2n1,4.6020599913279625,Inactive
COc1cc2c(cc1C(C)NCc1ccccc1)CCC(C)(C)O2,5.431798275933005,Active
COc1ccc(-c2ccn(CCNC(=O)N3CCCCC3)n2)cc1,4.6020599913279625,Inactive
CCCCNc1nc2cc(Cl)ccc2nc1S(C)(=O)=O,5.100179497572904,Active
O=[N+]([O-])c1nccn1Cc1cc(-c2ccc(N3CCOCC3)cc2)no1,5.552841968657781,Active
CCCn1c(NC(=O)CCn2cc(Br)cn2)nc2ccccc21,5.0,Active
N#Cc1c(-c2ccccc2)[n+]([O-])c2ccccc2[n+]1[O-],4.176525770829699,Inactive
c1csc(C(c2c[nH]c3ccccc23)c2c[nH]c3ccccc23)c1,4.069025512692151,Inactive
COC1CC[C@H]2CC3=C(O[C@H]2O1)c1ccccc1C(=O)C3=O,3.055369298143722,Inactive
COc1cc2nc(N3CCN(C(=O)[C@@H]4Cc5ccccc5CN4)CC3)nc(N)c2cc1OC,4.844663962534939,Inactive
O=[N+]([O-])c1c(CCl)nc2ccc(Br)cn12,5.017728766960431,Active
COc1cc(C)cc(OC)c1Oc1nc(N)nc(Nc2ccc(C#N)cc2)n1,4.824488186636552,Inactive
CC(C)(C)OC(=O)NC1CCN(C(c2ccc(Cl)cc2)c2cncnc2)CC1,7.221848749616356,Active
[Se]=C=NCCCCc1ccccc1,5.346787486224656,Active
C=CCCCC(=O)N(C)[C@H](C(=O)N(C)[C@H](C(=O)N(C)[C@H](C(=O)N(C)[C@@H](C)C(=O)N(C)[C@@H](Cc1ccccc1)C(=O)N(C)C)C(C)C)C(C)C)C(C)C,5.173925197299174,Active
COC(=O)/C=C/c1cc(OC)c2c(c1)[C@H](C(=O)OC)[C@@H](c1ccc(O)c(OC)c1)O2,4.97469413473523,Inactive
Cc1ccc2[nH]c(-c3cccc(NC(=O)c4cccs4)c3)nc2c1,4.978810700930062,Inactive
C=CCN(C)Cc1ccc(N2CCC(N(C)S(=O)(=O)c3ccc(Cl)cc3)CC2)cc1,6.958607314841775,Active
C(=N\Nc1nc(-c2ccc3ccccc3c2)cs1)/c1ccccn1,5.2839966563652006,Active
C/C(=N\Nc1nc(-c2ccc(Cl)c(Cl)c2Cl)cs1)c1ccc(Cl)c(Cl)c1,5.221848749616356,Active
N#CSCCSc1ccc(Oc2ccccc2)cc1,6.060480747381382,Active
COc1ccc2c(c1)cc(C(=O)NC(Cn1ccnc1)c1ccccc1)n2C,4.878069866759649,Inactive
COc1ccc2nc3ccc(C)cc3c(N)c2c1,6.0,Active
OC(c1ccc(C(F)(F)F)cc1)(c1cncnc1)c1ccccc1Cl,6.6020599913279625,Active
COP(=O)(OC)C(Nc1ccccc1)c1ccccc1Br,4.648907383340079,Inactive
C[C@@H]1C[C@H](OC(=O)c2cc(O)ccc2O)[C@H](O)[C@H](O)[C@@H]1O,4.0,Inactive
CCCCCCCC1CC(O)=C(CCCCCC)C(=O)O1,5.318758762624412,Active
O=C1C=C(Oc2ccc(F)cc2F)C(=O)c2ccccc21,5.301029995663981,Active
N#Cc1cccc(N2CCC(NC(c3cccnc3)c3ccc(Cl)cc3F)CC2)c1,7.886056647693163,Active
COC(=O)Cn1c2ccc([N+](=O)[O-])cc2c(=O)n1Cc1ccccc1,4.582196277360119,Inactive
CC(C)(C)C(=O)N1CCN(C(c2ccc(C#N)cc2)c2cccnc2)CC1,6.5951662833800615,Active
CC(=O)Oc1ccccc1C(=O)Nc1c(C#N)[n+]([O-])c2cc(C)ccc2[n+]1[O-],4.72584215073632,Inactive
COc1ccc(C(Nc2ccccc2)P(=O)(OC)OC)cc1O,5.010497456132343,Active
OCCCc1cc2cc(Cl)ccc2nc1-c1cccs1,4.428291168191312,Inactive
COc1cc(OC)c2c(-c3cc(OC)c(O)c(OC)c3)cc(=O)oc2c1,4.718966632752273,Inactive
CCC1CN(C(=O)c2csc3nc(-c4ccc(Cl)cc4)cn23)CCN1,4.891840540915922,Inactive
COC(=O)[C@H](Cc1c[nH]c2ccccc12)N=C=S,5.1487416512809245,Active
CC(C)(C)NC(=O)c1ccc([N+](=O)[O-])o1,4.455931955649724,Inactive
CCN(CC)c1ccc2nc3c4ccccc4/c(=N\c4cccc(OC)c4)cc-3oc2c1,5.537602002101044,Active
NNc1nc(-c2ccccc2)nc2ccccc12,4.897223385116559,Inactive
O=c1cc(NCCCNCc2c[nH]c3ccc(Br)cc23)[nH]c2ccccc12,4.499999953328896,Inactive
Cc1cc(Br)cc(C)c1Oc1nc(Cl)nc(Nc2ccc(C#N)cc2)n1,5.043831569524636,Active
NCCN1CCNCc2cccc(n2)CNCC1,5.107905397309519,Active
C/C(=C\c1ccc(N(C)C)cc1)C(=O)/C=C/c1ccccc1,4.667561540084395,Inactive
O=c1cc(-c2ccccc2)c2ccc(O[C@@H]3O[C@H](CO)[C@@H](O)[C@H](O)[C@H]3O)cc2o1,4.03725194664136,Inactive
c1ccc(Oc2ccc(-c3cc(C4CCOCC4)[nH]n3)cc2)cc1,5.1938200260161125,Active
CCC(=O)CCCCCC(Oc1ccc2ccccc2c1)c1ncc(Cc2cccc(OC)c2)[nH]1,5.013228265733755,Active
COc1cccc([C@@H]2C[C@H](O)Cc3ccccc3N2)c1,4.52201102374911,Inactive
COc1ccccc1CNc1cc(C2CC2)nc(-c2nccn2C)n1,6.07428062609026,Active
COc1cc(OC)c2c(-c3ccc(O)cc3)cc(=O)oc2c1,4.632644078973981,Inactive
O=C(Cn1cncn1)Nc1ccc(Oc2ccc(Cl)cc2)cc1,4.537602002101044,Inactive
COc1ccc(C(=O)N2CCCC(c3cc4ncccc4[nH]3)C2)cc1OC,5.047709440020291,Active
CCCCN1C=CC=c2o/c(=C/C=c3\s/c(=C\c4sc5ccccc5[n+]4CC)n(CCC)c3=O)nc21,7.67778070526608,Active
N#Cc1cc(N2CCCC2=O)ccc1Oc1ccccc1CO,5.59999938302362,Active
COc1cc(/C=C\C(=O)N2CCC=CC2=O)cc(OC)c1OC,4.978810700930062,Inactive
O=[N+]([O-])c1cn2c(n1)OC(COc1ccc(C(F)(F)F)cn1)CC2,6.0,Active
Cc1cc2nc(NC(=O)C3CC3)sc2cc1C(F)(F)F,4.585026652029182,Inactive
c1cc(OCCCCCCOc2cccc(C3=NCCN3)c2)cc(C2=NCCN2)c1,4.6595558851598815,Inactive
Cc1ccc2oc(/C=C/C=C3\Sc4ccc(F)cc4N3C)[n+](C)c2c1,8.096910013008056,Active
c1ccc2c(c1)nc(-c1c[nH]c3ccccc13)c1[nH]ccc12,4.627087997029894,Inactive
CCCCCNc1ccc2nccnc2c1,4.334419008982047,Inactive
Fc1ccccc1CN1CCC(N(c2ccc(C(F)(F)F)cc2)c2cccnc2)CC1,7.67778070526608,Active
c1ccc(Oc2ccc(CN3C4=NCCN4c4ccccc43)cc2)cc1,5.139362583226245,Active
COc1cccc2c(Nc3ccc(C)c(Cl)c3)cc(C)nc12,5.1938200260161125,Active
C/C(=C\COc1cc(O)cc2oc(=O)ccc12)C/C=C/C(C)(C)OO,4.694648630553377,Inactive
Cc1nc2ccccc2c(-c2ccccc2)c1C(=O)OCc1cn(-c2ccc(C(C)(C)C)cc2)nn1,5.154901959985743,Active
CCCCCCCCc1cn(C/C=C(/C)CCC=C(C)C)nn1,4.468521082957745,Inactive
N#CSCCOc1ccc2oc3ccccc3c(=O)c2c1,4.267606240177032,Inactive
COc1ccc2[nH]c(C3CCCN(C(=O)c4ccc(F)cc4)C3)cc2n1,4.1938200260161125,Inactive
Fc1ccc(NCc2cncn2Cc2ccc(-c3ccccc3)cc2F)cc1,7.153662887870195,Active
CCCCCCCCCCCCCCCCOCCCOP(=O)([O-])OCC[N+](C)(C)C,5.809668301829708,Active
COC(=O)c1c(C(F)(F)F)[n+]([O-])c2ccc(Cl)cc2[n+]1[O-],5.7447274948966935,Active
Cc1ccc(-c2nc(CNC(C)CCO)[nH]c2-c2ccccn2)cc1,4.603060019109642,Inactive
O=[N+]([O-])c1ncn(CCCN(Cc2ccc(C(F)(F)F)cc2)Cc2ccc(C(F)(F)F)cc2)n1,6.838631997765025,Active
C=C1C(=O)[C@@]23CC[C@H](C(=C)C)[C@@](C)(CCC(=O)OC4CCCCC4)[C@@H]2CC[C@H]1C3,5.259637310505756,Active
Cc1cc(C(=O)NC2CCN(C(c3ccc(C#N)cc3)c3cccnc3)CC2)[nH]n1,6.628009088535085,Active
O=C(N[C@H](CO)c1ccccc1)c1ccc(-c2c[nH]c3nccc(C(F)(F)F)c23)s1,4.688587459015999,Inactive
Fc1cccc(C[n+]2ccc3c(c2)[nH]c2ccc(Br)cc23)c1,4.958607314841775,Inactive
NCCCCNc1nc(-c2ccc(Cl)cc2)nc2ccccc12,4.920818753952375,Inactive
COc1ccc(N2CCC(NC(c3cccnc3)c3ccc(Cl)cc3F)CC2)cc1F,8.136677139879543,Active
C=C(C(=O)OCCC)C(O)c1ccccc1[N+](=O)[O-],4.546987608878545,Inactive
Cc1c(/C=N/NC(=O)c2no[n+]([O-])c2C)no[n+]1[O-],4.089909454405932,Inactive
c1ccc(CNCCN2CCNCc3cccc(n3)CNCC2)nc1,5.0,Active
Cc1c(C(=O)Nc2ccc3c(c2)B(O)OC3)cnn1-c1ccccn1,5.920818753952375,Active
OC(c1ccc(Cl)cc1)(c1cccnc1)c1cncnc1,5.815308569182402,Active
Nc1ncnc2c([C@@H]3O[C@H](CO)[C@@H](O)[C@H]3O)cn(-c3ccc(Br)cc3)c12,6.337242168318426,Active
CC(C)(C)CC(=O)NCc1noc(COc2ccccc2)n1,5.59999938302362,Active
Cc1ccc([C@@H]2C[C@H](O)Cc3ccccc3N2)s1,4.114073660198569,Inactive
N#Cc1c(-c2ccco2)[n+]([O-])c2ccc(C(F)(F)F)cc2[n+]1[O-],4.903089986991944,Inactive
Cc1c([N+](=O)[O-])c(C(=O)Nc2sc3c(c2C#N)CCC(C)C3)nn1C,4.600000074606178,Inactive
CC(C)(C)CC(=O)/C=C/c1cc(O)c2c(c1)[C@H](C(=O)CC(C)(C)C)[C@@H](c1ccc(O)c(O)c1)O2,5.465973893943865,Active
CN(C)c1ccc2nc3ccc(N4CCCCC4)cc3[o+]c2c1,6.7594507517174005,Active
O=C(Nc1nc2ccc(Cl)cc2s1)C1COC1,5.356547323513812,Active
CNCCC=C1c2ccccc2CCc2ccccc21,4.640354207325457,Inactive
COc1ccc(CNc2nc(N3CCCCC3)c3cc(OC)c(O)cc3n2)cc1,4.910448117113546,Inactive
O=C1CSC(c2ccc3c(c2)OCO3)N1CCNc1ccnc2cc(Cl)ccc12,5.164943898279883,Active
O=C1C=Cc2cccc3ccc(N4CCN(Cc5ccccc5)CC4)c1c23,4.853871964321762,Inactive
COc1ccccc1NC(=O)c1c(NC(=O)C(F)(F)F)sc2c1CCCCC2,4.376750709602099,Inactive
COCCOC(=O)C1=C(C)NC(C)=C(C(=O)OC(C)C)C1c1cccc([N+](=O)[O-])c1,4.490663041982356,Inactive
COc1cc(Nc2nc(C)cc(N(C)C)n2)ccc1F,6.399996913372259,Active
CC(O)(Cn1cnc([N+](=O)[O-])n1)c1ccc(-n2ccnc2)cc1,5.482804102050026,Active
CC(C)(C)OC(=O)NCCCCNCCCN(Cc1ccccc1)Cc1ccccc1,5.045757490560675,Active
COc1ccccc1NC1=C(N2CCCCC2)C(=O)c2ccccc2C1=O,5.521894014053987,Active
O=C(NCCCN1CCC(N2CCCCC2)CC1)C1=Cc2cc(Br)ccc2OC1,5.3948997563634284,Active
Cc1cc(N2CCc3ccccc3C2)nc(Nc2ccc(S(=O)(=O)N3CCOCC3)cc2)n1,4.600000074606178,Inactive
COc1cc2nc(NC(=O)C3CC3)sc2cc1C(F)(F)F,4.698970004336019,Inactive
CCCn1c(NC(=O)Cc2ccc(Cl)nc2)nc2ccccc21,5.102372908709558,Active
Cn1c(-c2ccccc2)cnc1NC(=O)c1cc(-c2ccccn2)[nH]n1,6.167491087293763,Active
O=C(Nc1ccccc1OC(F)(F)F)N[C@H]1COc2nc([N+](=O)[O-])cn2C1,4.259637310505756,Inactive
C/C=C/C=C/c1nc2ccc(OC)cc2n2cccc12,5.267606240177032,Active
CC(C)(C)C(=O)NCCc1csc(-c2ccc(F)cc2)n1,5.499999678657065,Active
O=C(c1ccccc1)N1CCCC(c2cc3ncccn3n2)C1,4.1938200260161125,Inactive
C=CCn1c(C(=O)N2CCN(C/C=C/c3ccccc3)CC2)cs\c1=N/N=C/C=C/c1ccco1,6.154901959985743,Active
Cc1cccc(OCCSC#N)c1C,4.826813731587726,Inactive
Cc1ccc(OCCCCCCNCCO)c(C)c1,4.795880017344075,Inactive
COc1ccnc(-c2nc3ccccn3c2NC2CCCC2)c1,5.7544873321858505,Active
CN1CCN(C(=O)c2cc3c4ccccc4n4c(=O)c5ccccc5c(n2)c34)CC1,6.3979400086720375,Active
c1ccc(-c2cc[nH]c3c4ccccc4nc2-3)cc1,4.924453038607469,Inactive
COP(=O)(OC)C(C)(Nc1ccccc1)c1ccccc1,4.869833064796229,Inactive
COC(=O)c1c(NCCCNc2ccnc3cc(Cl)ccc23)noc1-c1ccc([N+](=O)[O-])cc1,5.4874490070957895,Active
O=C(c1ccccc1)N1CCN(C(c2cccnc2)c2ccc(Cl)cc2F)CC1,7.154901959985743,Active
N=C(N)c1ccc(COc2c(Br)cc(C(=N)N)cc2Br)cc1,5.388276691992658,Active
Cn1cnc([N+](=O)[O-])c1-n1cc(C2CC2)nn1,5.267606240177032,Active
FC(F)(F)c1ccc(N(c2cccnc2)C2CCN(c3ccccn3)CC2)cc1,7.619788758288394,Active
NC(=S)N/N=C/c1cc2c(cc1Cl)OCO2,3.612788199686269,Inactive
FC(F)(F)c1ccc(CN2CCC(N(c3ccc(C(F)(F)F)cc3)c3cccnc3)CC2)cc1,7.481486060122112,Active
O=[N+]([O-])c1ccc(/C=N/N=C/c2ccc(O)cc2)o1,5.730487055782084,Active
CCOC(=O)CN(CCc1ccc(Br)cc1)Cc1ccc(OC)c(O)c1,4.584192272364457,Inactive
OC(c1ccc(Cl)cc1)(c1ccc(C(F)(F)F)cc1)c1cccnc1,8.09151498112135,Active
Cc1nc2c(c(NCc3ccc(-c4ccccn4)s3)n1)CCNCC2,4.822657027867566,Inactive
Clc1ccc(C(c2cccnc2)c2ccccc2Cl)cc1,6.638272163982407,Active
CCC/C=C/c1nc2cc(OC)ccc2n2cccc12,6.0,Active
N#Cc1c(-c2ccc(Cl)cc2)[n+]([O-])c2ccc(C(F)(F)F)cc2[n+]1[O-],5.036212172654444,Active
Cn1cc(CN2CCCC(C(=O)c3ccc(C(C)(C)C)cc3)C2)cn1,5.787812395596042,Active
O=C1C=C(c2ccccc2F)C(=O)c2ccccc21,3.803547458296611,Inactive
CCC(C)NCC(O)(c1ccc(Cl)cc1)c1ccc(Cl)cc1,4.795880017344075,Inactive
CC(C)(C)C(=O)N1CCC(NC(c2ccc(C(F)(F)F)cc2)c2cncs2)CC1,7.468521082957745,Active
C/C(COc1ccccc1)=N\Nc1nc(-c2ccccn2)cs1,4.632644078973981,Inactive
NC(=S)N/N=C(/COc1ccccc1)c1ccccc1,4.709965388637482,Inactive
OC(COc1ccc(Oc2ccccc2)cc1)COC1CCCCO1,3.8477116556169433,Inactive
C/C(=N\NC(N)=S)C(C)Oc1cccc(-c2ccccc2)c1,5.657577319177793,Active
O=S(=O)(C1CCCCC1)N1CCC(NC(c2ccc(C(F)(F)F)cc2)c2cnccn2)CC1,6.2441251443275085,Active
Nc1ccc(S(=O)(=O)Nc2nc3ccccc3[nH]2)cc1,4.978810700930062,Inactive
CC[C@@]12CC[C@H]3[C@H](C)CC[C@H]4CC(=O)O[C@H](O1)[C@]43OO2,3.75190406890587,Inactive
CC1CS(=O)(=O)CCC1/N=N/c1ccc([N+](=O)[O-])o1,6.721246399047171,Active
NCCCC(O)(P(=O)(O)O)P(=O)(O)O,4.0835460514500745,Inactive
CCC(=O)N[C@@H]1C(=O)N[C@H](Cc2ccccc2)C(=O)N[C@H](C)C(=O)N2CCC[C@H]2C(=O)N[C@@H](Cc2c[nH]c3ccccc23)C(=O)O[C@@H]1C,4.004628093971838,Inactive
O=[N+]([O-])c1ccc(S(=O)(=O)Nc2ccc([Se][Se]c3ccc(NS(=O)(=O)c4ccc([N+](=O)[O-])cc4)cc3)cc2)cc1,5.42712839779952,Active
Cc1cc(NCCCCn2ccnc2[N+](=O)[O-])nc(N)n1,4.378615971518347,Inactive
O=S(=O)(NCC(c1cccnc1)N1CCN(c2ccccc2F)CC1)c1ccc(F)cc1,5.40000018605658,Active
COc1ccc(CNCCCCNCc2ccc(OC)cc2)cc1,5.0695604052333,Active
O=C(N/N=C/c1c(-c2ccccc2)no[n+]1[O-])c1ccc([N+](=O)[O-])cc1,5.537602002101044,Active
c1ccc(OCCCCCCOc2cccc(-c3cc4cc(C5=NCCN5)ccc4o3)c2)cc1,5.721246399047171,Active
COc1ccc2c(c1)c(CC(=O)Nc1ncc([N+](=O)[O-])s1)c(C)n2C(=O)c1ccc(Cl)cc1,6.055517327849832,Active
Fc1cc(Cl)ccc1C(NC1CCN(c2ccc(C(F)(F)F)cc2)CC1)c1cccnc1,7.968591535748375,Active
COc1ccc(-c2cnc(NC(=O)CCc3ccccc3)n2C)cc1,4.657577319177793,Inactive
C=CCc1ccc(OC(=O)[C@@H]2CCCN2)c(OC)c1,4.069942875079159,Inactive
C/C(COc1ccccc1)=N\Nc1nc(-c2cccs2)cs1,4.567030709125595,Inactive
CN(N=O)C1=C(NC2CCCCC2)C(=O)c2ccccc2C1=O,4.892209549592616,Inactive
N#Cc1ccc(C(c2ccn(-c3ccc(Cl)cc3)c2)n2ccnc2)cc1,5.4089353929735005,Active
COc1ccc(-c2coc3cc(O)ccc3c2=O)cc1O,4.0,Inactive
CCOC(=O)c1c(CCl)nc2ccc(Cl)cc2c1-c1ccccc1,4.503070351926785,Inactive
C=CCc1cc(C)c(O)c(C)c1CCCCNCc1ccccc1,3.73849922680172,Inactive
Cc1cccc(CCN2C(=N)NC[C@@H]2CCCCN2CCNC2=N)c1,6.045757490560675,Active
O[C@@H]1Cc2ccccc2N[C@H](c2ccccc2)C1,4.497299824689438,Inactive
Fc1cc(Cl)ccc1C(NC1CCN(c2nc3ccccc3s2)CC1)c1cccnc1,6.576754126063192,Active
O=C(Nc1ccc(S(=O)(=O)N2CCOCC2)cc1)c1ccc([N+](=O)[O-])o1,5.522878745280337,Active
Cn1cnc([N+](=O)[O-])c1-n1cc(-c2ccccc2)nn1,4.598599459218456,Inactive
COc1ccc(C(O)C#CC(O)c2ccccc2)c(OC)c1,4.421852313573713,Inactive
COC(=O)C1=C(C)NC(C)=C(C(=O)OCCN(C)Cc2ccccc2)C1c1cccc([N+](=O)[O-])c1,4.975104039892515,Inactive
O=C(Cn1cnc([N+](=O)[O-])n1)Nc1ccc(N2CCCCC2)cc1,6.2564902352715706,Active
O=C1c2ccccc2C(=O)N1Nc1nc(-c2ccc(Br)cc2)cs1,4.281498311132726,Inactive
COc1cc(Cc2cnc(N)nc2N)cc(OC)c1OC(=O)CNC(CC(C)C)C(=O)O,4.54500278269054,Inactive
O=C(N/N=C/c1ccc([N+](=O)[O-])o1)c1cccc(Cl)c1,5.106238237942057,Active
COc1nc(NC2CCCC2)c2ncn([C@@H]3O[C@H](CO)[C@@H](O)[C@H]3O)c2n1,4.682981898951889,Inactive
O=C(Nc1ccc(-c2nc3ccccc3c(=O)[nH]2)cc1)c1cccs1,5.499999678657065,Active
O=[N+]([O-])c1ncn(CCCCNc2nc(-c3ccccc3)nc3ccccc23)n1,5.060980223551334,Active
CC1(COCc2ccc(Oc3ccccc3)cc2)Cn2c([N+](=O)[O-])cnc2S1,4.721246399047171,Inactive
COc1cc(C)c(-c2ccc(F)c3c2OC(CN)C3)cc1C,5.061182174952983,Active
c1ccc(-c2nc(NCCn3ccnc3)c3ccccc3n2)nc1,4.309803919971486,Inactive
O=S(=O)(c1ccccc1C(F)(F)F)N1CCN(Cc2ccc(-n3ccnc3)cc2)CC1,6.599997654072044,Active
CC(C)=CCCC1(C)C=Cc2c(ccc(C(=O)/C=C/c3cccnc3)c2O)O1,5.267606240177032,Active
COc1ccc(-c2nc3ccccn3c2NC2CCCC2)c(F)c1,4.657577319177793,Inactive
CC(C)C[C@@H]1NC(=O)[C@@H](Cc2c[nH]c3ccccc23)n2c1nc1ccc(I)cc1c2=O,5.130768280269024,Active
Cn1c([N+](=O)[O-])cnc1-c1nnc(N/N=C/c2ccc(Cl)cc2)s1,4.4156687756324695,Inactive
COc1ccc(/C(=C\c2cnn(-c3ccccc3)c2)C(=O)N/N=C/c2ccc([N+](=O)[O-])cc2)cc1,3.0093865296925126,Inactive
O=[N+]([O-])c1cn2c(n1)O[C@H](COc1ccc(-c3ccc(OC(F)(F)F)cc3)nc1)CC2,6.886056647693163,Active
COc1cc(F)c2ncc(F)c(CCN3CC[C@H](NCc4cc5c(cn4)OCS5)[C@@H](O)C3)c2c1,6.599997654072044,Active
COc1ccccc1[C@]12CC[C@H](O[C@@H]1OC)c1c2ccc2[nH]c(C)c(OC)c(=O)c12,4.728158393463501,Inactive
O=C(c1ccc(F)cc1)N1CCC(c2cc3ncccc3[nH]2)C1,5.046348049849805,Active
O=C(Nc1ccc(Cl)c(C(F)(F)F)c1)c1cc(Cl)ccc1O,5.3979400086720375,Active
CC(C)CC(=O)N1CCC(NC(c2cnccn2)c2ccc(F)cc2F)CC1,6.259637310505756,Active
c1cc(OCCCCCOc2cccc(C3=NCCN3)n2)nc(C2=NCCN2)c1,4.619788758288394,Inactive
Cn1ccnc1S(=O)(=O)Nc1ccc([Se][Se]c2ccc(NS(=O)(=O)c3nccn3C)cc2)cc1,5.978810700930062,Active
FC(F)(F)c1ccc(-c2cc(-c3ccc(C(F)(F)F)cc3)c3ncccc3n2)cc1,5.023650020996727,Active
C[C@@H](COc1ccc(Oc2ccccc2)cc1)SC#N,4.6020599913279625,Inactive
COc1ccc(-c2c(C#N)[n+]([O-])c3cc(C)c(C)cc3[n+]2[O-])cc1,4.73754891026957,Inactive
C=C(c1nc(-c2ccccc2)no1)C1(O)C(=O)N(CC)c2c(Br)cccc21,4.983802646487561,Inactive
CCN(CC)c1ccc2nc3c4ccccc4/c(=N\c4ccc(OC)cc4)cc-3oc2c1,5.2839966563652006,Active
OC(c1ccc(Cl)cc1)(c1cccnc1)c1ccc(C(F)(F)F)cc1F,7.67778070526608,Active
C=CCc1ccc(OCCC)c(OC)c1,3.840462883602979,Inactive
c1ccc2[nH]c(-c3ccc4oc(-c5ccc(C6=NCCN6)cc5)cc4c3)nc2c1,5.2441251443275085,Active
COCCN(Cc1ccccc1)S(=O)(=O)c1cc(OC)ccc1OC,5.679999195735272,Active
NC(=S)NN1C(=O)c2ccccc2C1=O,4.2644011003018205,Inactive
CC(=O)c1ccc(S(=O)(=O)n2cnc3ccccc32)cc1,4.571865205971212,Inactive
CSCCNNC(=O)c1sc(SC(C)C)c(C#N)c1-c1ccc(Cl)cc1,4.853871964321762,Inactive
CN(C)CCOc1ccc(N2CCN(S(=O)(=O)c3ccc([N+](=O)[O-])cc3)CC2)cc1,5.769551078621726,Active
Cc1ccc(-c2ccc(Cn3ccn4cc([N+](=O)[O-])nc4c3=O)cn2)cc1,7.180456064458132,Active
COc1cccc(C(ON=C2CC3CCC(C2)N3C)c2ccccc2)c1,5.698970004336019,Active
c1cnc(Nc2ncnc3ccc(-c4ccnc(N5CCOCC5)n4)cc23)nc1,4.823908740944319,Inactive
C=CCc1ccc(OC(=O)CC)c(OC)c1,3.8901009965612894,Inactive
OCc1cc(O)ccc1O,5.070581074285707,Active
c1cc(C2=NCCN2)ccc1NCCCCCNc1ccc(C2=NCCN2)cc1,6.5951662833800615,Active
C=CCc1ccc(OCCCc2cn(Cc3ccc(F)c(F)c3)nn2)c(OC)c1,3.750801642608887,Inactive
O=C(Nc1ccccc1OC(F)(F)F)N[C@@H]1COc2nc([N+](=O)[O-])cn2C1,6.638272163982407,Active
Cn1c2nc3ccccc3c-2cc2c(Br)cccc21,4.79997073344623,Inactive
CCCCOP(=O)(N/N=C/c1ccncc1)OCCCC,4.0030507515046185,Inactive
Cc1ccc(-n2cc(Cn3cnc([N+](=O)[O-])n3)nn2)cc1,5.327902142064283,Active
COC(=O)N(OC)c1ccccc1COc1ccn(-c2ccc(Cl)cc2)n1,5.189767482004916,Active
O=C(N/N=C/c1ccc([N+](=O)[O-])o1)c1ccc2ccccc2c1,5.120330794367947,Active
CCCn1c(NC(=O)Cc2ccc(Cl)cc2)nc2cc(F)ccc21,6.036212172654444,Active
COc1ccc(/C=C(\C)C(=O)/C=C/c2ccc(Br)cc2)cc1,4.687188173787912,Inactive
CC1(COc2ccc(OC(F)(F)F)c(Cl)c2)CCn2cc([N+](=O)[O-])nc2O1,6.508638306165727,Active
COc1cc(Nc2nc(C(=O)N3CCCC3)cc(N(C)C)n2)ccc1F,4.499999953328896,Inactive
CN(C)c1ccc(/C=N/NC(=O)CN2CCc3sccc3C2)cc1,3.5626458721518253,Inactive
O=C(NCCNc1ccnc2cc(Cl)ccc12)Nc1ccc(Cl)cc1,4.301029995663981,Inactive
CC(C)(C)OC(=O)N1CCC(N(c2ccc(Cl)cc2)c2cccnc2)CC1,8.987584625237567,Active
CCC(=O)N1CCCCC1[C@](C)(O)[C@H]1CC[C@H]2[C@@H]3CC[C@H]4C[C@@H](O)CC[C@]4(C)[C@H]3CC[C@@]21C,4.187086643357144,Inactive
CC1(C)CCN(S(=O)(=O)c2ccc(NC(=O)c3ccc(C(F)(F)F)o3)cc2)CC1,4.97061622231479,Inactive
O=C1C(Cl)=C(Cl)C2(CO2)c2ccccc21,5.023191662661934,Active
O=C(NC1CCN(C(c2cccnc2)c2ccc(Cl)cc2F)CC1)C1CC1,7.42021640338319,Active
NC(=S)N/C=N/c1c(C(F)(F)F)nn(-c2ccccc2)c1-c1ccc(Cl)cc1,4.308034897232639,Inactive
O=C1C(Cl)=C(NCCCn2cnc([N+](=O)[O-])n2)C(=O)c2ccccc21,4.806875401645539,Inactive
COc1cccc(CO)c1Sc1ccc(N2CCCC2=O)cc1C(F)(F)F,4.70000006855703,Inactive
FC(F)(F)c1cc(CNCCCCn2cncn2)cc(C(F)(F)F)c1,3.908684840302777,Inactive
CCCC(=O)O/N=C1\c2ccccc2-c2c1c(-n1ccnc1)nc1ccc(Br)cc21,5.221125527997261,Active
C/C(=N\Nc1nc(-c2ccc(Cl)c(Cl)c2)c(C)s1)c1ccccn1,5.563837352959244,Active
COc1cc(O)ccc1/C=C/C(=O)c1ccc(O)cc1,4.167491087293763,Inactive
COc1cc(/C=C/C(=O)c2cc(OC)c(OC)c(OC)c2)ccc1OCC=C(C)C,4.756961951313706,Inactive
COc1ccc(CN2CCN(Cc3ccc(OC)cc3)C2c2ccccc2)cc1,5.958607314841775,Active
COc1ccc(-c2cccc(/C=N/NC(N)=S)c2)cc1OC,4.530177984021837,Inactive
NC(=O)c1ncc(N[C@@H]2CCCNC2)nc1Nc1cccc(Cl)c1,5.8554896181331,Active
COC(=O)[C@@H]1CCCN1C(=O)CC(C)C,4.847711655616943,Inactive
CCCCOc1ccc(C(=O)/C=C/c2c(OC)cccc2OC)cc1,3.98296666070122,Inactive
O=[N+]([O-])c1cn2c(n1)OC[C@@H](OCc1ccc(-c3ccccc3)cc1)C2,4.221848749616356,Inactive
[O-][n+]1onc2cc(/C=C/c3cccc(F)c3)ccc21,5.1249387366083,Active
O=S(=O)(Nc1cccc2cccnc12)c1ccc(Br)cc1,5.306273051076353,Active
O=C1CSC(c2ccco2)N1CCCNc1ccnc2cc(Cl)ccc12,5.145693958198919,Active
[N-]=[N+]=N[C@H]1C[C@H](n2cc(-c3cc(CO)on3)c(=O)[nH]c2=O)O[C@@H]1CO,6.309803919971486,Active
CN(c1ccc(F)cc1)c1c(-c2ccccn2)nc2ccccn12,5.4089353929735005,Active
O=C(C[Se]C(=O)c1ccccc1)Nc1ccc(Cl)cc1,5.149999867728904,Active
COc1ccc(C(=O)n2c(-c3ccccc3[N+](=O)[O-])nc3ccccc32)cc1,4.1938200260161125,Inactive
CC(C)(C)NC(=O)N1CCC(NC(c2ccc(C(F)(F)F)cc2)c2cccnc2)CC1,7.214670164989233,Active
CCCCn1cnc2c3c(c4ccccc4c21)OC(C)(C)CC3,3.9746941347352296,Inactive
COc1ccc(C2C(c3ccc(C)cc3)=NOC23SCc2ccccc2C3=O)cc1,4.911863911299449,Inactive
CCOC(=O)c1cnc2c(c(C)nn2C)c1Nc1ccc(F)cc1,4.408490191005345,Inactive
COCCCNc1cc(-n2nc(C)c3c2CN(C(=O)C2CCCC2)CC3=O)ccc1C(N)=O,5.64685345378602,Active
CC(C)[Si](OC[C@H]1O[C@@H](n2ccc(=O)[nH]c2=O)C[C@@H]1O)(C(C)C)C(C)C,4.236572006437063,Inactive
CN1CCN(c2ncc(Nc3ccc4c(Nc5cnccn5)ccnc4c3)cn2)CC1,4.327902142064283,Inactive
C=C(C(=O)OCCO)C(O)c1ccncc1,3.418334733282384,Inactive
COc1cc(Nc2nc(C)cc(N3CCCC3)n2)ccc1F,6.499996931948306,Active
COc1ccc(COc2ccc(C#CC3(O)CN4CCC3CC4)cc2)cc1OC,5.337242168318426,Active
C(=C1CN2CCC1CC2)c1ccc(C2OCCO2)cc1,4.413412695328245,Inactive
C[C@]12CC[C@H](O)C[C@@H]1CC[C@@H]1[C@@H]2CC[C@@]2(C)[C@H]1CC[C@@H]2[C@@](C)(O)c1ccncc1Cl,6.0,Active
Cc1cc2c(c(=O)[nH]1)C(=O)O/C2=C/c1ccccc1,6.0,Active
CCCCCCCCCCCNCC(P(=O)(O)O)P(=O)(O)O,5.290221398151775,Active
O=C(Nc1ncc([N+](=O)[O-])s1)C1CC1,4.399999967876858,Inactive
O=C(N/N=C/c1ccc([N+](=O)[O-])o1)c1cccc(O)c1,4.992679047077256,Inactive
CC(C)(C)c1cccc(CN2C3=NCCN3c3ccccc32)c1,4.903089986991944,Inactive
FC(F)c1cn(-c2cccc(Cl)c2)nn1,5.585026652029182,Active
CCc1ccc(-c2ncc3c(n2)N(C)CCN(CCN(C)C)C3=O)cc1,4.891422461731096,Inactive
O=C(CCc1nc2ncc(Cl)cc2[nH]1)Nc1ccccc1,4.1938200260161125,Inactive
COc1cc(O)cc(O)c1C(=O)/C=C/c1ccc2c(c1)OCO2,4.985059650207063,Inactive
N#C[Se]c1ccc(NC(=O)C2CCCCC2C(=O)O)cc1,4.974284616098659,Inactive
CC/C(=N\Nc1nc(-c2ccc3ccccc3c2)cs1)c1cccc(Br)c1,4.292600168866751,Inactive
Cc1ccc(Nc2nc(-c3ccccn3)cs2)nc1,6.522878745280337,Active
O=C(c1ccc(F)cc1)N1CCCC(c2cc3nc(C(F)(F)F)ccc3[nH]2)C1,4.1938200260161125,Inactive
O=C(c1cccc(C(=O)c2cccc(-c3nnn4ccccc34)n2)n1)c1cccc(-c2nnn3ccccc23)n1,4.161780778092374,Inactive
CCC(C(C)O)N1CCC(NC(c2ccc(Cl)cc2)c2cccnc2)CC1,6.638272163982407,Active
O=C(NCc1csc(-c2cccs2)n1)C1=Cc2ccccc2OC1,4.6020599913279625,Inactive
Cc1ccc(CN2CCN(Cc3ccc(C)cc3)C2c2ccc(Cl)cc2)cc1,5.045757490560675,Active
COc1cc(OC)cc(C(=O)Nc2ccc(Nc3nc(C)cc(N(C)C)n3)cc2)c1,6.799998134593398,Active
O=c1ncnc2n([C@H]3O[C@@H](CO)[C@H](O)[C@@H]3O)[nH]cc1-2,5.3979400086720375,Active
N=C(N)c1ccc(OCCCCOc2ccc(C(=N)N)cc2[N+](=O)[O-])c([N+](=O)[O-])c1,4.82102305270683,Inactive
CCCn1cnc2c3c(c4ccccc4c21)OC(C)(C)CC3,4.001304841688344,Inactive
COC(=O)[C@H]1CCCN1C(=O)CC(C)C,4.430626090384954,Inactive
CC(C)C(=O)N1CCC(NC(c2cnccn2)c2ccc(F)cc2F)CC1,6.070581074285707,Active
CCOC(=O)C1=C(C)NC(C)=C(C(=O)OCC)C1c1ccccc1/C=C/C(=O)OC(C)(C)C,4.474955192963154,Inactive
CC(=O)NC[C@H]1O[C@@H](n2cnc3c(N)nc(Cl)nc32)[C@H](OC(C)=O)[C@@H]1OC(C)=O,3.903089986991944,Inactive
CC(=O)c1c(O)c(Cc2c(O)c(C)c(C)oc2=O)c(O)c2c1OC(C)(C)C=C2,5.7447274948966935,Active
CC1(C)CCC[C@]2(C)O[C@@]3(/C=C/c4ccc(C(=O)NCc5ccccc5)cc4)C=C[C@@]12OO3,5.739928612014925,Active
COc1ccc(-n2cc(COC(=O)[C@@H]3CCCN3)nn2)cc1,3.985059650207064,Inactive
COc1ncc(-c2ccc3nccc(-c4ccncc4)c3c2)cc1NS(C)(=O)=O,5.547127652403668,Active
O=C(c1cccnc1)N1CCN(c2cnccn2)CC1,3.84863014975254,Inactive
CC(C)(C)OC(=O)N1CCN(C(c2cccnc2)c2ccc(C#N)cc2F)CC1,6.274088367704952,Active
O=C(Cn1ccnc1[N+](=O)[O-])NCC1=C/C=C\C=C/C=C\1,5.638272163982407,Active
CCOC(=O)CCN(CCc1ccc(Br)cc1)Cc1ccc(OC)c(O)c1,4.598427154323554,Inactive
COc1cc(C(=O)/C=C/c2cc(OC)c(OC)c(OC)c2)ccc1OCC=C(C)C,4.749579997691106,Inactive
COc1ccc(C(Nc2ccccc2)P(=O)(OC)OC)cc1,4.601028811660704,Inactive
COc1ccccc1N1CCN(C(c2ccc(OC(C)C)cc2)c2cccnc2)CC1,7.552841968657781,Active
COc1cc(/C=C/C(=O)c2ccccc2)cc(OC)c1OC,4.735182176990463,Inactive
Cc1ccc2nc(NS(=O)(=O)c3ccc(N)cc3)oc2c1,4.809668301829708,Inactive
COc1cc(/C=C/C(=O)/C=C(\Nc2ccc(Cl)cc2)SC)cc(OC)c1OC,5.795880017344075,Active
OC(c1cccnc1)(c1cccc(F)c1)c1ccccc1Cl,6.183758700008217,Active
Cc1nc(-c2ccccn2)nc(N2CCN(S(=O)(=O)c3ccccc3)CC2)c1Cl,4.2644011003018205,Inactive
N#Cc1ccc(Nc2nc(N)nc(Nc3ccc(F)cc3)n2)cc1,5.045757490560675,Active
COC(=O)c1c([N+](=O)[O-])noc1-c1ccc(C(F)(F)F)cc1,6.180456064458132,Active
O=C(NC(=[Se])Nc1ccc([Se][Se]c2ccc(NC(=[Se])NC(=O)c3cccs3)cc2)cc1)c1cccs1,5.341988603342887,Active
CC(C)[C@](C)(NCc1ccc2occc2c1)c1cn(C(CCS(C)(=O)=O)C(=O)COc2c(F)c(F)cc(F)c2F)nn1,8.522878745280337,Active
O=C1OC[C@H](Cc2ccc3c(c2)OCO3)[C@@H]1Cc1ccc2c(c1)OCO2,6.154901959985743,Active
COC(=O)[C@@H](N)C(C)C,2.6873995607387404,Inactive
CC(C)NC(=N)c1ccc2oc(CCc3cc4cc(C(=N)NC(C)C)ccc4o3)cc2c1,5.382999658879101,Active
CCOC(=O)/C(C#N)=C/c1cn([C@H]2C[C@H](O)[C@@H](CO)O2)c(=O)[nH]c1=O,5.721246399047171,Active
O=C(c1ccc(Cl)cc1)n1c(-c2ccccc2[N+](=O)[O-])nc2ccccc21,4.107905397309519,Inactive
CC(=O)Nc1ccc2[nH]c(=O)n(CCc3ccccc3)c(=O)c2c1,5.958607314841775,Active
CC(C)Oc1ccc(C(O)(c2cccnc2)c2cnc(Cl)nc2)cc1,6.525055664534612,Active
Cn1c([N+](=O)[O-])cnc1-c1nnc(N/N=C/c2ccc([N+](=O)[O-])cc2[N+](=O)[O-])s1,3.481222931073225,Inactive
CC1(COc2ccc(OC(F)(F)F)cc2)Cn2cc(S(C)(=O)=O)nc2O1,4.2441251443275085,Inactive
COc1ccc(C(c2c[nH]c3ccccc23)c2c[nH]c3ccccc23)cc1O,4.196747788569543,Inactive
CCC(c1ccc(F)cc1)n1cncc1-c1cnn(C)c1,6.499996931948306,Active
COc1cc2c(N3CCCCC3)nc(NCc3ccc(F)cc3)nc2cc1OC1CCNC1,5.33161408331,Active
CCCCCCCCCCC1(C)SC(O)=C(CCC)C1=O,4.251811972993799,Inactive
OCC1CCCCN1c1cc(-c2ccccn2)nc(Nc2ccccc2)n1,5.8554896181331,Active
CC1(C)CCc2c(c3ccccc3c3nc(-c4cccc5ccccc45)[nH]c23)O1,2.774509799928716,Inactive
COc1ccc(C(=O)N2CCOCC2)cc1S(=O)(=O)N(Cc1ccccc1)Cc1cnc(C(F)(F)F)nc1,5.349999603463148,Active
COc1cc(/C=N/NC(=O)/C=C/c2ccccc2)cc([N+](=O)[O-])c1O,4.3979400086720375,Inactive
CC/C(=C\c1ccc(Cl)cc1)C(=O)/C=C/c1ccc(C=O)cc1,4.15676722190199,Inactive
Cc1cc(C=O)cc(C)c1Oc1nc(Cl)nc(Nc2ccc(C#N)cc2)n1,4.623423042943488,Inactive
Cc1occc1C(=O)Nc1ccccc1C(=O)Nc1nccs1,4.499999953328896,Inactive
Fc1ccccc1-c1nc2ccccn2c1NC1CCCC1,4.586700235918748,Inactive
CNC1=C(c2cccc(C(F)(F)F)c2)C(=O)C(c2ccccc2)O1,4.255707016877324,Inactive
CC(C)COc1ccc(CN(Cc2ccncc2)S(=O)(=O)c2cccc(F)c2)cc1,3.700000003258169,Inactive
CN1/C(=C/C=C/c2oc3ccccc3[n+]2C)Sc2ccc(F)cc21,6.730487055782084,Active
Cc1ccc(/C=N/Nc2ncccn2)c(O)c1,4.267445420148568,Inactive
CC(C)(O)CN1CCC(NC(c2ccc(Cl)cc2)c2cccnc2)CC1,6.247951552180561,Active
COc1ccc(-c2cn([C@@H]3O[C@H](CO)C[C@H]3O)c3ncnc(N)c23)cc1Cl,5.481486060122113,Active
COc1cccc(/C=C/C(=O)c2c(O)cc(O)cc2OC)c1,4.920818753952375,Inactive
C=C1C(=O)O[C@@H]2/C=C(/C)[C@@H]3C[C@H](O)[C@@](CO)(C[C@H](OC(=O)/C(C)=C\C)[C@@H]12)O3,5.008773924307505,Active
CC1(COc2ccc(OCc3ccccc3)cc2)CCn2cc([N+](=O)[O-])nc2O1,6.920818753952375,Active
O=C1CCCN1c1ccc(Sc2ccccc2CO)c(C(F)(F)F)c1,7.50003813440381,Active
O=C(NCc1cccc2ccccc12)c1nn(CCO)c2c1CN(Cc1c[nH]c3ccccc13)CC2,5.282329496997738,Active
Cc1n[nH]c(-c2ncc3c(NCc4ccc(Cl)cc4)ccnc3c2O)n1,5.800000874803203,Active
COP(=O)(OC)C1(Nc2ccccc2)CCCCC1,4.787571335818948,Inactive
Clc1ccc(-n2cc(C[Se]c3ccccc3)nn2)cc1,4.939302159646388,Inactive
CN(C)c1ccc(-c2cc(Cn3ccnc3[N+](=O)[O-])on2)cc1,5.638272163982407,Active
COc1ccc(/C(=C\c2cnn(-c3ccccc3)c2)C(=O)N/N=C/c2ccc(O)cc2)cc1,2.848854321327376,Inactive
CS/C(=C/[N+](=O)[O-])Nc1ccc(N(C)C)cc1,4.476253533188435,Inactive
COc1cc(-c2nc(-c3ccc(Sc4ccccc4)cc3)c(-c3ccccc3)[nH]2)cc(OC)c1O,4.95356219910208,Inactive
COC(=O)[C@H](NC(=O)c1cc(COc2ccc3sc(C)nc3c2)on1)c1ccccc1,4.651695136951839,Inactive
NC(=S)N/N=C/C=C/c1ccccc1,5.136677139879544,Active
COc1ccc(-c2cc(=O)oc3ccccc23)cc1OC,4.578396073130169,Inactive
Cc1ccc(S(=O)(=O)Nc2ccc(CN3CCN(C(=O)c4cc(=O)c5ccccc5n4C)CC3)cc2)cc1,5.40000018605658,Active
O=C(C1CNCCO1)N1CCCC(c2ccccc2)(c2ccccc2)C1,4.850809379229259,Inactive
Oc1ccc(Nc2ccnc3cc(Cl)ccc23)cc1CN1CCN(c2ccccc2)CC1,5.014124642691606,Active
Nc1ncnc2c1c(C(F)F)nn2[C@@H]1O[C@H](CO)[C@@H](O)[C@H]1O,6.6020599913279625,Active
CC(C)NCc1nc2ccc(Cl)cc2c(-c2ccccc2)c1C(=O)O,4.047691990337875,Inactive
C=CCc1ccc(OCc2cn(Cc3ccccc3Br)nn2)c(OC)c1,3.7969671129852895,Inactive
OC/C=C/c1ccc2cc(Cl)c(F)cc2n1,4.843148098929989,Inactive
CCc1ccc(Nc2cc(C)c3ccc(O)cc3n2)cc1,5.364492126384054,Active
Nc1ccc2c(=O)c3cc(N)ccc3[nH]c2c1,3.570247719997592,Inactive
C#C[C@]1(OC(C)=O)CC[C@H]2[C@@H]3CCC4=CC(=O)CC[C@@H]4[C@H]3CC[C@@]21C,4.769551078621726,Inactive
O[C@@H](c1cc(C(F)(F)F)nc2c(C(F)(F)F)cccc12)[C@H]1CCCCN1,5.348721986001856,Active
CCC(=O)N(CCCCCCCCCNC(=N)N)C1CCN(CCc2ccccc2)CC1,4.828273546346769,Inactive
N#CSCCOc1ccccc1Cl,4.950781977329818,Inactive
O=c1c2ccccc2c(C(=S)NCc2ccc(Cl)cc2)c2n1CCN2,4.455931955649724,Inactive
COc1ccc(C(=N)N)cc1-n1cc(-c2ccc(C(=N)N)cc2)nn1,4.508638306165727,Inactive
CC1(C)C=Cc2c(ccc(C(=O)/C=C/c3ccc(O)cc3)c2O)O1,4.637894680706227,Inactive
CCOC(=O)c1c(CN2CCOCC2)nc2ccc(Cl)cc2c1-c1ccccc1,4.069050968832477,Inactive
O=C(Nc1ccc([N+](=O)[O-])cc1F)c1cc(Cl)ccc1O,5.400116927926312,Active
Cn1c([N+](=O)[O-])cnc1-c1nnc(N/N=C/c2cc(C(C)(C)C)c(O)c(C(C)(C)C)c2)s1,4.478861916295964,Inactive
OC1=C2C(=Nc3ccccc3SC2c2ccccc2)c2ccccc21,4.789736606693437,Inactive
CC(=O)CCC1=C(O)C(=O)c2ccccc2C1=O,4.453457336521869,Inactive
COc1ccc(/C=C/C(=O)c2c(O)c(OC)c(OC)c(OC)c2OC)cc1O,4.698970004336019,Inactive
CCOC(=O)c1cc2c(n1CC)C(=O)C(Oc1ccc(OC)cc1)=CC2=O,7.698970004336019,Active
COc1nc(N[C@H]2CC[C@H](NS(=O)(=O)CCC(C)C)CC2)nc2[nH]nc(N3CCOCC3)c12,6.699991797446187,Active
CCCC(=O)c1ccc(OC2CCN(C(=O)OC(C)(C)C)CC2)c(OC)c1,5.481486060122113,Active
CN(C)c1nc2ccc(Nc3ccccc3C(=O)O)cc2s1,4.096910013008056,Inactive
Fc1cc(Cl)ccc1C(c1cncnc1)N1CCN(c2ccccc2)CC1,7.107905397309519,Active
N=C(N)Nc1ccc(-c2ccc(-c3ccc(NC(=N)N)cc3)o2)cc1,4.962573502059376,Inactive
Nc1nccc(-c2csc(Nc3ccc(Cl)cc3)n2)n1,6.0,Active
O=C1OC[C@H]([C@H](O)c2ccc3c(c2)OCO3)[C@H]1Cc1ccc2c(c1)OCO2,4.100179497572904,Inactive
O=C1c2cccc3cccc(c23)C(=O)C1CCCCCCN=C=[Se],6.698970004336019,Active
c1ccc(-c2ccc(Cn3cncc3CNc3cccc(-c4ccccc4)c3)cc2)cc1,8.0,Active
CCCCCCCCCCCC(=O)c1c(O)cc(C)oc1=O,5.886056647693163,Active
COc1ccc(/C=C2\Oc3cc(OCCCN4CCCC4)ccc3C2=O)cc1OC,4.772113295386326,Inactive
O=C(c1cc2ccccc2o1)N1CCc2c([nH]c3ccccc23)C1,4.081707487244644,Inactive
O=[N+]([O-])c1cn2c(n1)OC[C@H](Oc1ncc(-c3ccc(F)cc3)cn1)C2,6.080921907623926,Active
O=C(Nc1ccc2cc3ccc(NC(=O)c4ccc(Cl)cc4)cc3nc2c1)c1ccc(Cl)cc1,6.809668301829708,Active
N#Cc1ccc(C(=O)N2CCN(S(=O)(=O)c3ccc(Cl)cc3)CC2)cc1,4.438898616350944,Inactive
COC(=O)N[C@H](C(=O)N[C@@H](Cc1ccccc1)[C@@H](O)CN(Cc1ccc(-c2ccccn2)cc1)NC(=O)[C@@H](NC(=O)OC)C(C)(C)C)C(C)(C)C,4.617982957425132,Inactive
CC1COC(Cn2cncn2)(c2ccc(Oc3ccc(Cl)cc3)cc2Cl)O1,4.349692476868063,Inactive
COc1cc(C(=O)C(=O)c2ccccc2C(=O)N2CCCCC2)cc(OC)c1OC,3.835647144215563,Inactive
Clc1ccc2[nH]c3nc4ccccc4c-3cc2c1,4.494850021680094,Inactive
O=c1cc(CO)c2cccc([N+](=O)[O-])c2[nH]1,4.6307841425898575,Inactive
Cc1nc(-c2ccccn2)nc(N2CCC(Cc3ccccc3)C2)c1Cl,6.013228265733755,Active
Cc1cc(O)c(C(=O)Nc2ccccc2)c(=O)n1Cc1ccc(F)cc1,4.256686260768874,Inactive
C[C@@H]1CC[C@H]2C(C)(C)C(=O)O[C@@H]3O[C@@]4(C)CCC1[C@]32OO4,3.995248844408999,Inactive
CCCC/C=C/C=C/c1nc2cc(OC)ccc2n2cccc12,4.91721462968355,Inactive
CC(C)N(C(=O)/C=C/C=C/c1ccc2c(c1)OCO2)C(C)C,4.946537395074545,Inactive
C=CC(C#CC#CC(O)CCCCCCCCC)OC(C)=O,6.187086643357144,Active
COCCCNc1cc(-n2nc(C)c3c2CN(Cc2ccccc2)CC3=O)ccc1C(N)=O,5.3655227298392685,Active
C[C@@H](NCc1cn(Cc2ccccc2)nn1)[C@H]1CC[C@H]2[C@@H]3CC=C4C[C@@H](O)CC[C@]4(C)[C@H]3CC[C@]12C,5.211831628858833,Active
C[C@H]1CN([C@@H](C)CO)C(=O)c2cccc(NC(=O)c3ccncc3)c2O[C@@H]1CN(C)Cc1cccc(Cl)c1,7.823908740944319,Active
Oc1ccccc1C1N(Cc2ccc(Cl)cc2)CCN1Cc1ccc(Cl)cc1,5.366531544420414,Active
CC1(C)OC2=C(C(=O)c3ccccc3C2=O)[C@@H](N=[N+]=[N-])[C@@H]1Br,3.605023280445436,Inactive
CC(C)(C)[Si](OCC1OC(n2ccc(=O)[nH]c2=O)CC1F)(c1ccccc1)c1ccccc1,4.494850021680094,Inactive
COc1ccc(C(=O)/C=C/c2cccc(F)c2)c(OC)c1OC,5.013228265733755,Active
COc1cc(O)cc(O)c1C(=O)/C=C/c1ccccc1F,4.928117992693875,Inactive
O=[N+]([O-])c1ccc([C@@H]2C[C@H]3Cc4cc(OC(F)(F)F)ccc4N2O3)o1,4.176525770829699,Inactive
O=C(NC(Cn1ccnc1)c1ccccc1)c1cccc(-n2cccn2)c1,6.555143613496457,Active
O=[N+]([O-])c1ncn(CCCNS(=O)(=O)c2cc(Cl)c(Cl)s2)n1,4.87942606879415,Inactive
C[N+](C)(C)CCOP(=O)([O-])OCC(COCc1ccccc1)OCc1cccc2ccccc12,4.860120913598763,Inactive
O=C(c1cc(C(F)(F)F)no1)N1CCCC(c2cc3ncc(-c4ccccc4)cc3[nH]2)C1,4.1938200260161125,Inactive
COc1ccc(C2=NOC3(SCc4ccccc4C3=O)C2c2ccc(OC)cc2)cc1,5.763210900590707,Active
CC(C)CS(=O)(=O)N[C@H]1CC[C@H](Nc2ncc3c(-c4ccccn4)n[nH]c3n2)CC1,7.100015437450609,Active
COc1ccc(-c2csc(N/N=C(\C)c3ccc(Cl)c(Cl)c3)n2)cc1,4.769999911123512,Inactive
CC(=O)c1c(C(F)(F)F)[n+]([O-])c2cc(F)c(N3CCOCC3)cc2[n+]1[O-],5.1938200260161125,Active
O=[N+]([O-])c1cnc2n1CC(COc1ccc(OC(F)(F)F)cc1)O2,4.318758762624412,Inactive
CCC1SC(N/N=C/CSc2ccccc2)=NC1=O,6.522878745280337,Active
CC(C)C(=O)Nc1nc2cc(F)c(C(F)(F)F)cc2s1,6.6020599913279625,Active
COc1ccc(S(=O)(=O)Nc2ccc(CN3CCN(C(=O)c4ccccc4)CC3)cc2)cc1,5.499999678657065,Active
c1cc2ccc1CNc1cc[n+](cc1)CCOCC[n+]1ccc(cc1)NC2,4.153230046462781,Inactive
CC1=C2C[C@@H]3C(C)(C)OC4=C(C(C)C)C(=O)[C@]5(CC[C@H]6C(C)(C)CCC[C@]67C[C@]25[C@@]43O7)CC1=O,4.809668301829708,Inactive
COc1ccc(/N=C(\Nc2ccc(OC)cc2)c2ccccc2)cc1,5.714442690992226,Active
COc1ccc(CN(CCc2ccc(Br)cc2)Cc2ccc(Cl)c(Cl)c2)cc1O,4.314616590198512,Inactive
CC(C)(C)NC(=O)C(c1ccc(Cl)cc1)N(CC(=O)NCCCN1CCOCC1)C(=O)c1cc2ccccc2[nH]1,5.6777807052660805,Active
COc1ccc(S(=O)(=O)N2c3ccccc3CC2C)cc1,5.024108863598207,Active
C/[N+]([O-])=C/c1ccc([N+](=O)[O-])o1,6.279840696594043,Active
Brc1ccc([C@@H]2C[C@H]3Cc4ccccc4N2O3)s1,4.442492798094342,Inactive
COc1cc(C2=NCCN2)cc2cc(CCCCCc3cc4cc(C5=NCCN5)cc(OC)c4o3)oc12,5.730487055782084,Active
Cn1c(-c2cccc(Br)c2)cnc1NC(=O)c1ccc(F)cc1,5.267606240177032,Active
CCOc1cccc(C(=O)Nc2ccc(-c3nc4ccccc4[nH]3)cc2)c1,4.789736606693437,Inactive
CCCCCCc1cc(/C=C/C(=O)c2ccc(O)cc2)c(OC)cc1O,5.013228265733755,Active
Cc1cc(Br)cc(C(=O)c2c(C(C)C)c(=O)[nH]c(=O)n2Cc2ccnc(N)c2)c1,6.499996931948306,Active
CN1CCN(CCCNc2nc(-c3ccc(F)cc3)nc3ccccc23)CC1,5.096910013008056,Active
O=C(Nc1ccc(CN2CCOCC2)cc1)c1ccc(-c2cc(Cl)ccc2Cl)o1,4.918521991386644,Inactive
Cc1ccc2nc(NC(=O)C3CC3)sc2c1,5.3448615651886175,Active
COc1ccccc1NC1=CC(=O)c2ccccc2C1=O,5.45717457304082,Active
O=c1c2nc([N+](=O)[O-])cn2ccn1CCOCc1ccccc1,5.823908740944319,Active
O=[N+]([O-])c1ccc(O)c(/C=N/Nc2ncccn2)c1,4.987795703969257,Inactive
[O-][n+]1onc2ccc(/C=C/[S+]([O-])c3ccc(Cl)cc3)cc21,5.214670164989233,Active
CCCCCCCCCCn1cc(COCC2CO2)[n+](C)n1,5.118615343229427,Active
CO/N=C(\C)c1ccc(-n2ccnc2)c(NC(=O)c2ccc(-c3ccccc3)nc2)c1,7.9576214018601235,Active
O=C(N[C@@H](Cc1c[nH]c2ccccc12)C(=O)Nc1ccncc1)c1cccc(F)c1,6.6020599913279625,Active
C[C@@H]1CC[C@H]2CC(O)O[C@@H]3O[C@@]4(C)CC[C@@H]1[C@@]23OO4,4.354577730650908,Inactive
CC(C)=CCOc1ccc(C(=O)/C=C/c2cccnc2)c(O)c1,5.070581074285707,Active
Cc1cc(Nc2cc(C3CC3)[nH]n2)nc(N2CCCC2)n1,7.047134938532212,Active
C=C(c1nc(-c2ccc(OC)cc2)no1)C(O)c1ccccc1[N+](=O)[O-],5.623423042943488,Active
Oc1ccc(Nc2ccnc3cc(Cl)ccc23)cc1CN1CCN(c2ccncn2)CC1,5.142064735280571,Active
CCC(CC)NC(=O)c1nc(-c2ccc(F)cc2)cnc1N,4.823908740944319,Inactive
O=P(O)(O)C(O)(Cc1ccccn1)P(=O)(O)O,3.9788107009300617,Inactive
CC(C)=C(Cl)c1ccc2cc([N+](=O)[O-])ccc2n1,4.928117992693875,Inactive
O=C(Nc1ccn2cc(-c3cccc(F)c3)nc2c1)N1CCCC1,5.530177984021837,Active
O=C1CN(/N=C/c2ccc([N+](=O)[O-])o2)C(=O)N1CCCCCn1cc(CSc2ccccc2)nn1,8.0,Active
CCCCCC(=O)OCC1(C)O[C@@H]2O[C@@]3(C)CC[C@H]4[C@H](C)CC[C@@H]1[C@@]24OO3,4.615736214277197,Inactive
COc1ccccc1CN(C)C(=O)CN1CC(n2nc(C)cc2C)C1,4.739460446824596,Inactive
CC(C)(C)N1CCC(NC(c2ccc(Cl)cc2)c2cccnc2)CC1,5.51427857351842,Active
CC1(C)CC(=O)c2cc(CNC(=O)CCCCCCCCBr)ccc2S1,5.142667503568732,Active
COCCCNc1cc(-n2nc(C)c3c2CN(C(=O)COC)CC3=O)ccc1C(N)=O,5.394694953858891,Active
Cc1cc(C(=O)N2CCC(NC(c3ccc(C(F)(F)F)cc3)c3cccnc3)CC2)n(C(C)(C)C)n1,7.323306390375134,Active
Nc1ccc2nc(Cl)sc2c1,4.267606240177032,Inactive
CCOc1ccc(NC(=O)NCCNc2ccnc3cc(Cl)ccc23)cc1,4.301029995663981,Inactive
Cc1ccc(C(O)(c2cccnc2)c2ccccc2Cl)cc1,7.154901959985743,Active
COc1ccc(OC)c(NC2=CC(=O)c3ccccc3C2=O)c1,4.632644078973981,Inactive
COc1cccc(-c2cnc(NC(=O)c3ncc[nH]3)n2C)c1,5.091514981121351,Active
O=C(Nc1ccc(F)c(F)c1)c1cc(Cl)ccc1O,5.450996737974212,Active
c1ccc(-c2ccc(CC3CN4CCC3CC4)cc2)cc1,5.327902142064283,Active
CCCC(O)c1ccc(OC)c(OC2CCOC2)c1,3.326979092871104,Inactive
COc1ccc(OC)c(S(=O)(=O)N(Cc2c(F)cccc2F)[C@@H]2CCN(C#N)C2)c1,5.0245953070191485,Active
CON(C)C(=O)Nc1ccc(Br)cc1,4.144057053767684,Inactive
Cc1ccc(-n2cc(COC(=O)c3c(C)nc4ccccc4c3-c3ccccc3)nn2)cc1,4.939302159646388,Inactive
N=C(N)c1ccc2oc(-c3cccc(OCCCCCCOc4ccccc4)c3)cc2c1,4.638272163982407,Inactive
O=C(Cn1cnc([N+](=O)[O-])n1)N1CCN(c2ccc(C(F)(F)F)cc2)CC1,5.726304412069908,Active
CCCCCn1cnc2c3ccccc3c3c(c21)CCC(C)(C)O3,3.90763030037088,Inactive
Clc1ccc2c(c1)C(N1CCNCC1)=Nc1ccccc1O2,4.746177561291927,Inactive
C=Cc1nc(-c2ccc([N+](=O)[O-])cc2)no1,4.912928794093465,Inactive
C=CCc1ccc(OCC=C(C)C)c(OC)c1,3.6997524388059153,Inactive
CC(C)c1ccc2c(c1)CC[C@H]1[C@](C)(C(=O)N[C@H](Cc3cccnc3)C(=O)O)CCC[C@]21C,4.080398976215889,Inactive
O=C1C(Br)=C(Br)C(=O)c2c(I)cccc21,5.647817481888637,Active
OC1(C#Cc2ccc(Cl)nc2)CN2CCC1CC2,4.787812395596042,Inactive
OC(c1cccnc1)(c1cccs1)c1ccc(Cl)cc1F,8.301029995663981,Active
OCCCCCCCCCCCCCC[P+](c1ccccc1)(c1ccccc1)c1ccccc1,6.468521082957745,Active
CCCCOC(=O)c1ccc(O)cc1,4.578396073130169,Inactive
CCOc1cc2c(cc1OCC)C(c1cc(Cl)c(O)c(OCC)c1)NCC2,4.762432135056091,Inactive
Cc1cc(NC(=N)N)ccc1-c1ccc(-c2ccc(NC(=N)N)cc2C)o1,5.494850021680094,Active
CS(=O)(=O)c1ccc(-c2nc3ccccc3nc2-c2ccc(Cl)cc2)cc1,5.0,Active
CC(C)NC(=N)c1ccc2cc(CCCCc3cc4ccc(C(=N)NC(C)C)cc4o3)oc2c1,5.412289034981089,Active
O=[N+]([O-])c1nccn1CCCCNc1ncnc2ccccc12,5.634512015109101,Active
COc1ccc2cc3[n+](cc2c1OC)CCc1cc2c(cc1-3)OCO2,4.769551078621726,Inactive
FC(F)(F)c1ccc(C(NCC2CCCCC2)c2cccnc2)cc1,6.958607314841775,Active
c1ccc(-c2nc(NC3CCCC3)c3ccccc3n2)nc1,5.8554896181331,Active
CSc1ccccc1C(=O)Nc1nc(-c2ccccn2)cs1,6.6020599913279625,Active
O=C(c1ccc(F)cc1)N1CCCC(c2cc3ncc(Cl)cc3[nH]2)C1,4.731693547026847,Inactive
CCCCCCCCCCCCCCCCC1(C)SC(O)=C(Cc2ccccc2)C1=O,4.853871964321762,Inactive
NC(=S)N/N=C\C=C\c1ccc([N+](=O)[O-])o1,5.455931955649724,Active
O=[N+]([O-])c1ccc2nc(NCCO)sc2c1,3.98296666070122,Inactive
CN(CC1(C)CCn2cc([N+](=O)[O-])nc2O1)c1ccc(Cl)cc1,6.508638306165727,Active
Cn1ccnc1C(=O)NC1CCN(C(c2ccc(C#N)cc2)c2cccnc2)CC1,6.621602099051862,Active
C[C@H](NCc1cn(Cc2ccccc2)nn1)[C@H]1CC[C@H]2[C@@H]3CC=C4C[C@@H](O)CC[C@]4(C)[C@H]3CC[C@]12C,5.876148359032914,Active
Cn1c(-c2ccc(Cl)cc2)cnc1NC(=O)c1ccc(F)cc1,5.309803919971486,Active
CC(Cn1ccnc1)NC(=O)COc1ccc(Cl)c(Cl)c1,6.399996913372259,Active
Clc1ccc(Cl)c(COC(CCn2ccnc2)c2ccco2)c1,5.394694953858891,Active
CCOC(=O)c1cnc2c(c(C)nn2C)c1Nc1ccc(C(C)=O)cc1,4.857297754262384,Inactive
CC1CCCCC1CN1C(=N)NC[C@@H]1CCCCN1CCNC1=N,5.267606240177032,Active
O=[N+]([O-])c1cn2c(n1)OC[C@H](Oc1cccc(C(F)(F)F)n1)C2,5.920818753952375,Active
c1ccc(Oc2ccc(-c3cc(N4CCOCC4)[nH]n3)cc2)cc1,4.666955970176513,Inactive
OC(c1ccc(Cl)cc1)(c1cncnc1)c1ccccc1Cl,6.455931955649724,Active
NNc1nc(-c2ccc(F)cc2)nc2ccccc12,4.745935547085662,Inactive
O=C(COc1ncnc2cc([N+](=O)[O-])ccc12)NC(=O)NC1CCCCC1,6.0,Active
N#Cc1ccc(/C=N/Nc2ncnc3sc4c(c23)CCCC4)cc1,4.490797477668897,Inactive
Nc1ncnc2c1c(-c1ccc(OC(F)(F)F)cc1)cn2[C@@H]1O[C@H](CO)C[C@H]1O,5.856985199745905,Active
O=C(Cc1ccccc1)Nc1n[nH]c2sc(C(=O)NC3CCCC3)cc12,5.147128281107803,Active
COc1cc2c(N3CCCCC3)nc(NCc3ccccc3)nc2cc1OCc1ccccc1,5.020451625295905,Active
Cc1ccc(-n2nnnc2S[C@@H](C)C(=O)NCC(=O)Nc2ccc(F)c(F)c2F)c(C)c1,4.422508200162775,Inactive
COc1ccc(CN(CCc2ccccc2)Cc2ccc(OC)c(O)c2)cc1,4.7256112044496215,Inactive
COc1cccc(/C=C2\CCC/C(=C\c3cccc(OC)c3OC)C2=O)c1OC,5.3872161432802645,Active
CC(C)NC(=N)c1ccc(OCc2cccc(COc3ccc(C(=N)NC(C)C)cc3)c2)cc1,5.138465589140962,Active
COc1ccc2c(c1)/C(=N/NC(N)=S)CC2,5.1249387366083,Active
Oc1ccc2c(c1O)OCC1c3cc4c(cc3OC21)OCO4,4.428291168191312,Inactive
COc1ccc(-c2cc(N3CCN(c4ccccc4O)CC3)c(C#N)c(=O)o2)cc1,4.886056647693163,Inactive
CCCc1cc(C(=O)Nc2ncc(-c3cccc(Br)c3)n2C)[nH]n1,5.59999938302362,Active
N=C(N)c1cc(I)c(OCc2cccc([N+](=O)[O-])c2)c(I)c1,4.464705879957229,Inactive
C[n+]1nn(-c2ccc(-c3nc(-c4ccccc4)c(-c4ccccc4)s3)c(OCCN3CCNC3=O)c2)cc1CCCCN,4.36301089818777,Inactive
CC(C)c1ccc(S(=O)(=O)N2CCC(NC(c3cnccn3)c3ccc(F)cc3F)CC2)cc1,6.6777807052660805,Active
O=C(OCC1CCN(Cc2ccc3c(c2)OCO3)CC1)c1ccccc1,4.106016432788153,Inactive
COc1ccc2nc(NC(=O)C3CC3)sc2c1,4.886056647693163,Inactive
Cc1nn(-c2cccc(F)c2)cc1C#N,3.378917236674373,Inactive
CCCN(CCC)c1c([N+](=O)[O-])cc(S(=O)(=O)N(C)C)cc1[N+](=O)[O-],4.0,Inactive
Clc1ccc2c(C(c3ccc(Br)cc3)c3c[nH]c4cc(Cl)ccc34)c[nH]c2c1,4.129186576084402,Inactive
CC1=N[C@H](C)Cc2c(-c3ccc4ccccc4c3)ccc(O)c21,4.417822962311591,Inactive
CCc1ccc(NC(=O)COc2ccc(-c3nc4ccccc4c(=O)n3C)cc2)cc1,4.754734160542538,Inactive
COc1cc(Cc2cnc(N)nc2N)cc(OC)c1OCCNc1ccc(C(=O)NC(Cc2ccccc2)C(=O)O)cc1,6.022276394711152,Active
CNc1nc(NCc2ccc(F)cc2)nc2cc(OC3CCCC3)c(OC)cc12,5.809668301829708,Active
COc1ccc(-n2cc(-c3cc(OC)c(OC)c(OC)c3)nn2)cc1OC,4.534617148551582,Inactive
Cc1nc2ccccc2c(-c2ccccc2)c1C(=O)OCc1cn(Cc2ccccc2F)nn1,5.3979400086720375,Active
CCCCC(CC)CNC(=O)c1ccc([N+](=O)[O-])cc1,4.657577319177793,Inactive
COc1ccc(NC(=O)COc2ccc(-c3nc4ccccc4c(=O)n3C)cc2)cc1OC,5.037867530701765,Active
Fc1ccc2scc(-c3ccc(CNCCCCNc4ccnc5ccccc45)cc3)c2c1,6.024568191490737,Active
O=C(N1CCN(C(c2ccc(C(F)(F)F)cc2)c2cccnc2)CC1)C(F)(F)F,6.493494967595128,Active
c1ccc(-c2csc(N/N=C3\CCc4ccccc43)n2)cc1,4.721475035262983,Inactive
N#Cc1ccc(-c2cc(Cn3ccnc3[N+](=O)[O-])on2)cc1,4.460923901207224,Inactive
NC(=O)c1ccc(C(O)(c2ccc(Cl)cc2)c2cccnc2)c(F)c1,6.180456064458132,Active
Cc1cc(-c2cccc(OCCn3c([N+](=O)[O-])cnc3C)c2)nc2ccccc12,5.329754146925876,Active
COc1ccc(Oc2ccc([C@@H](C)N(C)c3ncc4c(N)nc(N)nc4n3)cc2)cc1,7.522878745280337,Active
Fc1cccc(COc2ccc(Nc3ncnc4ccsc34)cc2Cl)c1,4.568636235841013,Inactive
COc1cccc(Nc2cccc(Cn3ccnc3)c2)c1,6.777283528852417,Active
O[C@@H]1Cc2cc(Br)ccc2N[C@H](c2ccccc2)C1,4.246072399651575,Inactive
CN(C)C(=O)c1cccc(C(O)(c2ccc(Cl)cc2)c2cccnc2)c1,6.7447274948966935,Active
CC(C)(C)OC(=O)N1CCN(c2cc(-c3ccc(Oc4ccccc4)cc3)n[nH]2)CC1,5.742321425130816,Active
N#Cc1c(-c2ccco2)[n+]([O-])c2ccccc2[n+]1[O-],4.6020599913279625,Inactive
COc1ccc(-c2oc3cc(OC)c(OC)c(O)c3c(=O)c2OC)cc1,4.8297382846050425,Inactive
C=CCc1ccc(OC(=O)CCCCCC)c(OC)c1,4.089295572787954,Inactive
Cc1cc(Oc2cccc(Cn3nccn3)c2)cc(C)c1Cl,5.267606240177032,Active
O=[N+]([O-])c1cn2c(n1)OC[C@H](OCc1ccc(-c3ncc(C(F)(F)F)cc3Cl)cc1)C2,6.187086643357144,Active
O=[N+]([O-])c1nc2n(n1)C[C@H](O)CO2,5.795880017344075,Active
CON=C(Cc1cccnc1)c1ccc(Cl)cc1Cl,6.531652669587842,Active
Cc1ccc(OCCSC#N)c(C)c1,4.72584215073632,Inactive
C=C(C)[C@@H]1CC(=O)[C@H]2[C@H](C1)[C@@H]1C(=O)O[C@@H]3C[C@]4(C)O[C@H]2C(=O)[C@@H]4[C@H]13,5.356547323513812,Active
Cc1ccc(S(=O)(=O)Nc2ccc(CN3CCC(NC(=O)c4cccc(Cl)c4)CC3)cc2)cc1,5.499999678657065,Active
Cc1c(CN2CC[C@@H](N3CCC(O)CC3)[C@H](O)C2)[nH]c2ccc(Cl)cc12,4.981950390588767,Inactive
C=CCc1ccc(OCCCCCCCCCCCCCCCC)c(OC)c1,4.425332233683773,Inactive
COc1ccc(/C=C2\Oc3cc(OCCN4CCCC4)ccc3C2=O)cc1,4.801342913045577,Inactive
Cc1ccc(S(=O)(=O)N2c3ccccc3[C@H]3CCc4ccccc4[C@H]32)cc1,5.455931955649724,Active
O=C(NO)C1CC(c2ccc(OCc3ccccc3)cc2)=NO1,5.154901959985743,Active
N=C(Nc1ccc(NC(=O)c2ccc(NC(=N)c3ccccn3)cc2)cc1)c1ccccn1,6.127843727251707,Active
N#Cc1cnc(N2CCC(NC(c3cccnc3)c3ccc(Cl)cc3F)CC2)s1,7.67778070526608,Active
C[C@H]1CN([C@@H](C)CO)C(=O)c2cccc(NC(=O)c3ccncc3)c2O[C@@H]1CN(C)Cc1cccc(C(F)(F)F)c1,9.0,Active
CN(C(=O)C1CC1)c1nc2ccc(Cl)cc2s1,4.6020599913279625,Inactive
C=C(C(=O)OCCC)C(O)c1ccncc1,3.8279811905754433,Inactive
COC1=CC(c2ccc[nH]2)=N/C1=C\N[C@H]1CC[C@H](C(F)(F)F)CC1,6.703334809738469,Active
OC(COc1ccc(-c2cc(-c3ccccc3)c3ccccc3n2)cc1)CN1CCCC1,5.3585258894959,Active
C/C(COc1ccccc1)=N\Nc1nc(-c2ccccc2)cs1,4.707743928643524,Inactive
C[C@@H]1CC[C@H]2[C@@H](CCCCc3ccccc3)C(=O)O[C@@H]3O[C@@]4(C)CCC1[C@]32OO4,5.1249387366083,Active
N#Cc1ccccc1N1CCN(CC(=O)N2CCN(c3ccccc3C#N)CC2)CC1,4.589729035747816,Inactive
CCC/C=C/C=C/c1nc2cc(OC)ccc2n2cccc12,5.0655015487564325,Active
OC[C@H]1c2ccccc2O[C@@H]1c1ccccc1Br,4.663540266151471,Inactive
Cc1ccc2c(c1)[n+]1nc(C)c(C)cc1c1cccn21,5.417936637088292,Active
Cn1c(-c2cccc(Cl)c2)cnc1NC(=O)c1ccc(F)cc1,4.657577319177793,Inactive
CCCCNc1nccc(-c2c(-c3ccc(F)cc3)nn3c(N4CCOCC4)cccc23)n1,6.0,Active
O=C(CCc1ccccc1Br)NCCc1nc2ccccc2[nH]1,4.460923901207224,Inactive
CC(C)Nc1nc(NCC2CCCO2)c2ccccc2n1,5.050609993355087,Active
C=CCOc1cc(/C=C/C(=O)c2c(O)cc(O)cc2OC)cc(OCC=C)c1Br,5.585026652029182,Active
CC(C)C1=CC(=O)C2=C(CC[C@H]3C(C)(C)CCC[C@]23C)C1=O,6.920818753952375,Active
CC1=CC(=O)/C(=C(/C)Nc2ccc3cn(Cc4ccc(C)cc4)nc3c2)C(=O)O1,4.271565049025745,Inactive
O=C(N/N=C/c1ccc(O)cc1)c1nc(-c2ccc(Br)cc2)no1,4.6899999882307535,Inactive
Cc1cc(C)c(N(C)c2nc(N)nc(Nc3ccc(C#N)cc3)n2)c(C)c1,4.996539467890494,Inactive
C=C1C(=O)O[C@@H]2/C=C(\CO)CC/C=C(\C)C[C@H](OC(=O)C(=C)[C@@H](O)CO)[C@@H]12,4.817870785947002,Inactive
O=S(=O)(/C=C\c1ccc2no[n+]([O-])c2c1)c1ccc(Cl)cc1,5.7447274948966935,Active
O=[N+]([O-])c1nc2n(n1)C[C@H](OCc1ccc(OCc3ccccc3)cc1)CO2,7.327902142064283,Active
C(=N\Nc1ncnc2sc3c(c12)CCCC3)/c1ccccc1,4.841637507904751,Inactive
CCC1=C/C(=C\NC23CC4CC(CC(C4)C2)C3)N=C1c1ccc[nH]1,7.043351420794797,Active
Cn1c(-c2ccc(OCC(=O)Nc3ccc([N+](=O)[O-])cc3)cc2)nc2ccccc2c1=O,4.688246138944246,Inactive
C=C(c1nc(-c2ccccc2)no1)C1(O)C(=O)N(CC)c2ccc(OC(F)(F)F)cc21,4.95506845385084,Inactive
Nc1nc(-c2ccccn2)nc(-n2nc(-c3ccccc3)cc2N)n1,5.903707123426888,Active
Cc1cc(-c2ccc3[nH]c(=O)nc(-c4ccccc4)c3c2)ccn1,4.773657912836369,Inactive
COc1ccc(CN(CCc2ccccc2)Cc2ccc(F)cc2)cc1O,4.201073261422798,Inactive
CC(=O)Nc1ccc2[nH]c(=O)n(C3CCCCC3)c(=O)c2c1,5.376750709602099,Active
CC1CCCN(Cc2csc(-c3ncccn3)n2)CC1,5.086965929181956,Active
O=[N+]([O-])c1cn2c(n1)[S@+]([O-])C[C@H](OCc1ccc(OC(F)(F)F)cc1)C2,4.318758762624412,Inactive
C=C[C@]1(C)Cc2occ(C)c2C[C@H]1C(=C)OC(C)=O,3.761953896871205,Inactive
N#Cc1ccc(C(c2cccnc2)N2CCC(NC(=O)c3cccc(F)c3F)CC2)cc1,7.769551078621726,Active
COc1ccc(S(=O)(=O)N(Cc2ccncc2)Cc2ccc(OCC(C)C)cc2)cc1OC,6.310411470695452,Active
CCCCN(CCCC)c1c(Cl)cc(S(=O)(=O)Nc2ccccc2)cc1Cl,4.958607314841775,Inactive
CCCC(=O)n1ncc2c(=O)[nH]cnc21,4.94692155651658,Inactive
O=C(Nc1ccc(S(=O)(=O)N2CCCC2)cc1)c1ccc([N+](=O)[O-])s1,6.699991797446187,Active
CCCN(CCC)c1c([N+](=O)[O-])cc(S(=O)(=O)Nc2cccc(Cl)c2)cc1[N+](=O)[O-],5.25899976062531,Active
CC1(C)C=Cc2c(ccc(C(=O)/C=C/c3ccc(F)cc3)c2O)O1,4.777283528852417,Inactive
O=[N+]([O-])c1cn2c(n1)OC[C@H](OCc1cccc(-c3ccc(OC(F)(F)F)cc3)n1)C2,7.221848749616356,Active
CC1=CC[C@H](C(C)CCNCc2ccco2)CC1,4.301029995663981,Inactive
O=C(CSc1ccc(-c2ccccn2)nn1)Nc1ccc(Cl)cc1,5.59999938302362,Active
O=C(Nc1ccc(F)c(-c2nc3cc(-c4ccccc4)cnc3[nH]2)c1)N1CCCC1,7.443697499232712,Active
Cc1cs/c(=N\C=c2/s/c(=C\c3sc4ccc(F)cc4[n+]3C)n(C)c2=O)n1C,6.739928612014925,Active
CC1(C)CC(=O)C(=C/C=C/c2ccc(Br)cc2)C(=O)C1,5.017728766960431,Active
O=C(N/N=C/c1ccccc1O)c1nc2ccccc2[nH]1,5.443697499232712,Active
CC1CCCN(c2nc(-c3ccccn3)nc3ccccc23)C1,6.366531544420414,Active
Fc1ccc(COC(CCn2ccnc2)c2ccco2)c(F)c1,5.376750709602099,Active
O=c1nc(-c2ccccc2)c2cc(-c3ccc(N4CCOCC4)cc3)ccc2[nH]1,5.080921907623926,Active
O=C(Nc1ccn2cc(-c3ccc(F)c(F)c3)nc2n1)N1CC[C@H](F)C1,5.596879478824183,Active
CCCCCCCCCCC1CC2=C(O1)c1ccccc1C(=O)C2=O,4.329754146925876,Inactive
O=[N+]([O-])c1cn2c(n1)OC[C@H](OCc1ccc(OC(F)(F)F)cc1)C2,6.267606240177032,Active
C=C(C(=O)OC)C(O)c1ccc(Br)cc1,3.706526951843892,Inactive
FC(F)(F)CNc1c(-c2ccccn2)nc2ccccn12,4.991399828238082,Inactive
O=C(NCCc1ccn(-c2ccccc2)n1)C1CCCCC1,6.0,Active
CC(=O)OC[C@H]1O[C@@H](n2cc(C3SCC(=O)N3c3ccc(F)cc3)c(=O)[nH]c2=O)C[C@@H]1OC(C)=O,4.301029995663981,Inactive
Cn1c2nc3ccccc3c-2cc2ccc(C(F)(F)F)cc21,4.494850021680094,Inactive
Cc1cc(F)cc(C)c1Nc1nc(N)nc(Nc2ccc(C#N)cc2)n1,5.102372908709558,Active
COc1ccccc1[C@@]12CC[C@@H](OC1)c1c2ccc2[nH]c(C)c(OC)c(=O)c12,4.721246399047171,Inactive
CC(C)N1CCCC(C(=O)N2CCN(c3nsc4ccccc34)CC2)C1,4.466469233932964,Inactive
Nc1ccc(Nc2ccc([N+](=O)[O-])cc2C(=O)O)cc1,4.638272163982407,Inactive
Cc1cc(Cl)cc(C)c1Oc1nc(Cl)nc(Nc2ccc(C#N)cc2)n1,5.184422251675732,Active
c1ccc2c(NCCCn3ccnc3)nnc(NCCCn3ccnc3)c2c1,4.775985188627136,Inactive
Cc1cc2ncn(-c3ccc([N+](=O)[O-])cc3C#N)c2cc1C,5.899998417198648,Active
C=C(c1nc(-c2ccccc2)no1)C(O)c1ccc(OC)cc1,4.744245213356956,Inactive
CCC(=O)CCCCCC(Oc1ccc2ccccc2c1)c1ncc(Cc2ccc(C#N)cc2)[nH]1,5.1938200260161125,Active
N#Cc1ccc(C(C(=O)N2CCN(c3ccc(C(F)(F)F)cc3)CC2)c2cccnc2)cc1,7.920818753952375,Active
Cn1c(-c2ccc(Cl)cc2)cnc1NC(=O)c1ncc[nH]1,6.2839966563652006,Active
OC(c1ccc(Cl)cc1)(c1cccnc1)c1c(F)cccc1F,7.096910013008056,Active
COc1ccc(/C=C/C(=O)/C(C)=C/c2ccc(OC)cc2)cc1,4.627087997029894,Inactive
c1cc(OCCCCCOc2cccc(-c3nc4ccccc4[nH]3)c2)cc(-c2nc3ccccc3[nH]2)c1,5.769551078621726,Active
COc1cc(OC)c(C(=O)/C=C/c2cccc(C)c2)c([N+](=O)[O-])c1,6.376750709602099,Active
BrC1=NOC(c2nnc(-c3ccccc3)s2)C1,4.219682687859849,Inactive
COc1cc(OC)c2c(-c3ccc(OC)c(OC(C)=O)c3)cc(=O)oc2c1,5.585026652029182,Active
N#Cc1ccc(NCc2cncn2Cc2ccc(-c3ccccc3)cc2)cc1-c1ccccc1,8.886056647693163,Active
COc1ccc(CN(CCCc2ccccc2)CCc2c[nH]c3ccccc23)cc1O,5.004803708402821,Active
N=C(Nc1ccc2c(c1)Cc1cc(NC(=N)c3ccccn3)ccc1-2)c1ccccn1,5.978810700930062,Active
CN1CCN(c2ccc(S(=O)(=O)NC[C@H]3CC[C@H](C(=O)Nc4cccnc4)CC3)cc2)CC1,3.9208187539523753,Inactive
CCN(CC)CCCNc1nc(-c2ccc(Cl)cc2)nc2ccccc12,5.3979400086720375,Active
O=C(CCN1CCN(Cc2cccc(F)c2)CC1)c1csc2ccccc12,4.494850021680094,Inactive
O=C(/C=C/C=C/c1ccc2c(c1)OCO2)NC(Cc1ccc(O)cc1)C(=O)O,3.2967086218813386,Inactive
O=c1ccc2ccc(O)cc2o1,3.255652244450768,Inactive
N#Cc1c(-c2ccc(OC(F)(F)F)cc2)[n+]([O-])c2ccccc2[n+]1[O-],4.838631997765025,Inactive
C[C@]12CC[C@H](OCCS(=O)(=O)N3CCOCC3)C[C@@H]1CC[C@@H]1[C@@H]2CC[C@]2(C)C(=O)[C@H](Br)C[C@@H]12,5.619788758288394,Active
c1ccc(Oc2ccc(COC3CCCCO3)cc2)cc1,3.9913998282380825,Inactive
COc1ccc(NC(=O)C[Se]C(=O)c2ccccc2)cc1,5.059999795537068,Active
CCOC(=O)C1=C(C)N=c2sc(=Cc3ccccc3O)c(=O)n2C1c1ccc(OC)c2ccccc12,4.789736606693437,Inactive
c1ccc(-c2ccc(-c3nc4ccccc4[nH]3)cc2)cc1,4.494850021680094,Inactive
Cc1cc(O)c(C(=O)CCC2CCCCC2)c(=O)o1,4.406713932979542,Inactive
NS(=O)(=O)c1ccc(C[Te]c2ccc3ccccc3c2)cc1,5.832682665251824,Active
Fc1ccc(-c2noc(C3CC(Br)=NO3)n2)cc1,5.045757490560675,Active
CC[C@H](C)[C@H]1NC(=O)[C@H]2N=C(O[C@@H]2C)[C@H](C(C)C)NC(=O)[C@H]([C@@H](C)O)NC(=O)[C@@H](C)NC(=O)c2csc1n2,4.552841968657781,Inactive
Cc1cccc([C@@H]2C[C@@H]3Cc4ccccc4N2O3)c1,4.115034801799268,Inactive
COC(=O)[C@H](CC1CCCCC1)NC(=O)[C@]1(C)CCC[C@]2(C)c3ccc(C(C)C)cc3C(=O)C[C@@H]12,5.376750709602099,Active
COC(=O)c1c(NCCCN2CCOCC2)noc1-c1ccc([N+](=O)[O-])cc1,4.718058066559175,Inactive
N=C(N)c1ccc(COc2ccc(C(=N)N)cc2)cc1,5.05700040663396,Active
C[C@@H]1CC[C@H]2CCO[C@@H]3O[C@@]4(CCc5ccccc5)CC[C@@H]1[C@@]23OO4,4.421934116163908,Inactive
CN1/C(=C/C=C/c2sc3ccc(Cl)cc3[n+]2C)Sc2ccc(Cl)cc21,8.045757490560675,Active
C=CCOc1ccc(Cl)cc1Cl,3.549750891680639,Inactive
C=CCc1ccc(O)c(OC)c1,3.512211377154405,Inactive
CCCCNc1nc(NC2CCCC2)nc2c1ncn2[C@@H]1O[C@H](CO)[C@@H](O)[C@H]1O,6.468521082957745,Active
COc1ccc(CNCCCCCCNCc2ccc(OC)cc2)cc1,5.171984935776023,Active
C=CCOc1cc(OC)c(C(=O)/C=C/c2ccc3c(c2)OCO3)c(OCC=C)c1,4.866461091629782,Inactive
CCNC(=O)c1noc(-c2cc(C(C)C)c(O)cc2O)c1NC(=O)C1CCC(OC)CC1,5.568636235841013,Active
CCC1(CC)c2c(ccc(OC)c2OC)CC2=[N+]1CCc1cc3c(cc12)OCO3,7.0,Active
O=C(Cn1cnc([N+](=O)[O-])n1)N1CCN(c2ccc(Cl)c(Cl)c2)CC1,5.912573542963715,Active
C[C@]12CC[C@H]3[C@@H](CC=C4C[C@@H](O[N+](=O)[O-])CC[C@@]43CO[N+](=O)[O-])[C@@H]1CCC2=O,3.530177984021837,Inactive
O=c1[nH]c2c([N+](=O)[O-])cc(C(F)(F)F)cc2cc1Br,5.3872161432802645,Active
Cc1cccc(SC2C3=C(OC2(C)C)c2ccccc2C(=O)C3=O)c1,4.077793722560983,Inactive
COc1cc([C@@H]2c3cccc(C#N)c3N[C@H](c3ccc([N+](=O)[O-])cc3)[C@H]2C)ccc1O,5.220403508742176,Active
Oc1cc(-c2ccccc2)ccc1Cn1cncc1CNc1ccc(Cl)c(-c2ccccc2)c1,8.229147988357855,Active
CCOc1ccccc1CNC(=O)C1c2ccccc2C(=O)N(CC(C)C)C1c1cccs1,4.826754858071448,Inactive
COC(=O)c1ccc(/C=C/[C@]23C=C[C@@]4(OO2)C(C)(C)CCC(OC(C)=O)[C@]4(C)O3)cc1,5.154281982033341,Active
C=CCCCCCCC#CCCCCCCCCCCC1=C(O)[C@@H](C)OC1=O,4.805485658117533,Inactive
COc1cccc2c1C(=O)C(Oc1ccc(C)cc1)=CC2=O,4.962573502059376,Inactive
CN[C@H](C(=O)N[C@H](C(=O)N(C)[C@@H](CCSC)C(=O)N(C)[C@H](C(=O)N(C)[C@H](C(=O)NCCc1ccccc1)C(C)C)C(C)C)C(C)C)C(C)C,4.5951662833800615,Inactive
Cc1n[nH]c2c1[C@@H](c1ccc(OCc3ccccc3F)cc1)S[C@@H](C)C(=O)N2,5.275724130399211,Active
c1ccc2c(c1)nc(CCc1ccc3c(c1)OCO3)c1cccn12,5.154901959985743,Active
COC(=O)[C@@H](NC(=O)c1cc(COc2ccccc2)on1)c1ccccc1,4.8696662315049934,Inactive
OC(c1ccc(Cl)cc1)(c1cccnc1)c1ccccc1Cl,6.568636235841013,Active
CC(C)(C)c1ccc(C(=O)CN2C3=NCCN3c3ccccc32)cc1,4.404503778174426,Inactive
CC(=O)C1=NN(c2ccccc2)C2C3N(c4ccccc4)N=C(C(C)=O)N3c3[nH]c(-c4ccccc4)cc3N12,4.488651484509787,Inactive
O=C(c1ccc(Cl)cc1)N1CCC(NC(c2cnccn2)c2ccc(F)cc2F)CC1,6.585026652029182,Active
CCCn1c(NC(=O)Cc2ccc3ccccc3c2)nc2ccccc21,5.886056647693163,Active
O=C(Nc1cc(-c2ccccn2)n[nH]1)N1CCC(c2cccc(Cl)c2)CC1,6.402304814074488,Active
O=[N+]([O-])c1nccn1Cc1cc(-c2cccnc2)no1,5.107905397309519,Active
COC(c1ccc(Cl)cc1)(c1ccc2c(c1)c(-c1cccc(F)c1)cc(=O)n2C)c1cncn1C,8.958607314841775,Active
CS(=O)(=O)c1cccc(C(=O)NCCc2csc(-c3ccccc3)n2)c1,4.3979400086720375,Inactive
CCC[C@H]1CC[C@H](n2c(=O)[nH]c3ccc(NC(C)=O)cc3c2=O)CC1,7.823908740944319,Active
O=C(c1ccc(C(F)(F)F)cc1)N1CCN(C(c2ccc(Cl)cc2)c2cncnc2)CC1,6.823908740944319,Active
OC(c1ccc(Cl)cc1)(c1cccnc1)c1c(F)cccc1Cl,6.764471553092451,Active
Clc1ccc(CN2CCc3c([nH]c4ccccc34)C2)s1,5.040958607678906,Active
N#Cc1cccc(-n2cc(Cn3cnc([N+](=O)[O-])n3)nn2)c1,5.327902142064283,Active
CC1CCc2c(sc(/N=C/c3c[nH]c4ccc(Br)cc34)c2C#N)C1,5.031050319018657,Active
CNC(=S)N/N=C(/COc1ccc(Br)cc1)c1ccc(F)cc1,4.804100347590766,Inactive
CC(C)CS(=O)(=O)N[C@H]1CC[C@H](Nc2ncc3c(N4CCOCC4)n[nH]c3n2)CC1,6.299997602857746,Active
CCCn1c(NCc2ccc(F)cc2)nc2cc(F)ccc21,4.6020599913279625,Inactive
CC(C)(C)/C=N/Nc1ncnc2sc3c(c12)CCCC3,3.948461609484673,Inactive
Clc1ccc(C(c2cncnc2)c2ccccc2Cl)cc1,5.97061622231479,Active
O=[N+]([O-])c1nccn1Cc1cc(-c2ccc3c(c2)OCO3)no1,5.443697499232712,Active
COC(=O)c1c(NCCCCNc2ccnc3cc(Cl)ccc23)noc1-c1ccccc1[N+](=O)[O-],5.276544327964814,Active
CC(C)(C)Cn1c(NC(=O)c2ccc(C(F)(F)F)nc2)nc2ccc(C#N)cc21,4.2839966563652006,Inactive
NC(=[Se])N/N=C/c1cccc(Br)c1,5.229147988357856,Active
COc1ccc([C@@H]2COc3c(ccc4occc34)C2)c(OC)c1O,4.171018045992077,Inactive
COC(=O)c1c(NCCCNc2ccnc3cc(Cl)ccc23)noc1-c1ccccc1F,4.775985188627136,Inactive
O=[N+]([O-])c1nccn1Cc1cc(-c2ccc(N3CCN(CCO)CC3)cc2)no1,5.251811972993799,Active
COC(=O)c1cc2c([nH]c3ccccc32)c(C2Nc3ccccc3C(=O)N2c2ccc(F)cc2)n1,5.275724130399211,Active
Nc1c(C2=NCCN2)cnn1-c1cccc(Cl)c1,4.504455662453552,Inactive
Cc1cccc(-c2nc3c([nH]2)c2c(c4ccccc43)OC(C)(C)CC2)c1,4.425968732272281,Inactive
CC(C)(O)c1cc2c(-c3cc(C(F)(F)F)cc(C(F)(F)F)c3)nccc2[nH]1,4.614393726401688,Inactive
N=C(N)c1ccc(NCCCCCNc2ccc(C(=N)N)cc2N)c(N)c1,2.935999998558992,Inactive
CS(=O)(=O)c1nc2ccccc2nc1Cl,5.795880017344075,Active
CC[C@@H](C)[C@H]1O[C@@H](c2c(O)c(-c3ccccc3)cn(O)c2=O)[C@H](C)C[C@@H]1C,6.958607314841775,Active
CNS(=O)(=O)c1cc2sc(NC(=O)C3CC3)nc2cc1F,4.585026652029182,Inactive
CC(C)(C)OC(=O)N[C@H]1Cc2ccc(cc2)Oc2ccc(cc2NC(=O)c2ccccn2)C(=O)CNC(=O)[C@H](c2ccccc2)NC1=O,5.180456064458132,Active
O=C(c1ccc(C(F)(F)F)cc1)N1CCN(c2cnccn2)CC1,4.073143291050307,Inactive
OC[C@H]1O[C@@H](n2ccc3c(N4CCCCC4)ncnc32)[C@H](O)[C@@H]1O,5.954677021213342,Active
O[C@@H]1Cc2ccc3ccccc3c2N[C@H](c2ccc(Br)cc2)C1,4.997833938243493,Inactive
O=C(Nc1ncc(-c2ccccc2)o1)c1ccc(Cl)cc1,6.481486060122113,Active
O=C(NCCc1csc(-c2ccc(F)cc2F)n1)N1CCCCC1,7.698970004336019,Active
Cc1ccc(S(=O)(=O)NCCCn2cnc([N+](=O)[O-])n2)cc1,6.3851027839668655,Active
CCn1c(=O)/c(=C2\Sc3ccccc3N2C)s/c1=C\c1cccc[n+]1CC,6.5934598195660445,Active
O=C(N/N=C/c1ccc2c(c1)OCO2)c1nc(-c2ccc(Cl)cc2)no1,5.259637310505756,Active
Fc1ccc(N2CCC(NC(c3cccnc3)c3ccc(Cl)cc3F)CC2)cc1Cl,7.54515513999149,Active
COC(=O)[C@@H]1Cc2c([nH]c3ccccc23)[C@@H](c2ccc(C)cc2)N1C(=O)C(=O)c1c[nH]c2ccccc12,5.168130225719498,Active
O=C(NCC1CCCCC1)c1cnns1,4.94712818379048,Inactive
CCCCCCc1cn(C2C3=C(OC2(C)C)C(=O)c2ccccc2C3=O)nn1,5.950781977329818,Active
CNC(=N)c1ccc(OCCCOc2ccc(C(=N)NC)cc2OC)c(OC)c1,4.596879478824183,Inactive
N#Cc1cccc(CN2CCC(c3nc(-c4ccc(C(F)(F)F)nc4)no3)CC2)c1,4.900000142057633,Inactive
O=C(CCCCCCCCCCCc1cccc(OCc2ccccc2)c1)NO,4.838332587562264,Inactive
COc1ccn2c(Nc3ccc(F)cn3)c(-c3ccccn3)nc2c1,5.767003889607846,Active
COc1cc(C(=O)ON=C(N)Cc2cccc3ccccc23)cc(OC)c1OC,5.581494870183357,Active
CC(C)C(O)(c1ccc(Cl)cc1)c1cncnc1,5.649751981665837,Active
O=C(c1cccc([N+](=O)[O-])c1)c1ccc2ccc(/C=C/c3ccc(O)c(O)c3)nc2c1O,2.913640169325252,Inactive
CCN(Cc1cnc[nH]1)c1cc(F)cc(-c2nc3ccccc3s2)c1,7.305394801066432,Active
CC1(COc2ccc(-c3ccc(C(F)(F)F)cc3)cc2)Cn2cc([N+](=O)[O-])nc2S1,7.455931955649724,Active
CC(C)NC(=N)c1cccc(-c2cccc(-c3cccc(C(=N)NC(C)C)c3)c2)c1,3.85078088734462,Inactive
COc1ccc(CNC2CCN(c3ccc(NC(=O)c4cccc(Cl)c4)cc3)CC2)cc1OC,4.811723587791963,Inactive
CCOC(=O)CCCOc1c2cc([N+](=O)[O-])ccc2nn1Cc1ccccc1,4.59851329822583,Inactive
Brc1cccc(Oc2ccc(OCCOC3CCCCO3)cc2)c1,3.860120913598764,Inactive
Cc1cccnc1CNc1nc(-c2ccccn2)nc2ccccc12,5.795880017344075,Active
CCN(CC)c1ccc2nc3c4ccccc4/c(=N\c4ccc([N+](=O)[O-])cc4Cl)cc-3oc2c1,4.151810883008602,Inactive
Nc1ncnc2c1c(C1CCCCC1)cn2[C@@H]1O[C@H](CO)C[C@H]1O,4.679853713888946,Inactive
CCOc1cc(CNC(C)C(O)c2ccccc2)cc(Cl)c1OCC,4.595193299388892,Inactive
Brc1ccccc1C(c1ccc[nH]1)c1ccc[nH]1,4.349304020239389,Inactive
COc1ccc2oc(-c3csc4ccccc34)c(OC(C)=O)c(=O)c2c1,5.6777807052660805,Active
Clc1ccc(N2CCC(Nc3ncc4c(N5CCOCC5)n[nH]c4n3)CC2)nn1,6.199998172182031,Active
CC1(CN2CCN(c3ccc(F)cc3)CC2)Cn2cc([N+](=O)[O-])nc2O1,6.795880017344075,Active
O=[N+]([O-])c1c(CS(=O)(=O)c2ccccc2)nc2c(C#CCOc3ccccc3)cc(Cl)cn12,5.886056647693163,Active
Clc1ccc([C@@H]2C[C@@H]3Cc4cc(Cl)ccc4N2O3)cc1,4.824488186636552,Inactive
CC1(Cc2ccccc2)CC(S(=O)(=O)c2cccc(F)c2)=C(c2ccc(/C(N)=N\O)cc2)O1,4.882728704344236,Inactive
Nc1ccc(-c2noc(C3CC(Br)=NO3)n2)cc1,4.540607512240769,Inactive
CC(=O)N1CCC(n2c(NC(=O)c3ccnn3C)nc3ccc(C#N)cc32)CC1,4.1938200260161125,Inactive
CCCCCCCC/N=C/c1ccc(O)cc1,4.701146923590294,Inactive
CC(=O)N1N=C(c2ccc(C)cc2)OC1c1ccc([N+](=O)[O-])o1,5.007004901568658,Active
c1cc(C2=NCCN2)ccc1OCCCCOc1ccc(C2=NCCN2)cc1,5.51427857351842,Active
O=C(/C=C/c1ccc2c(c1)OCO2)c1ccc(Cl)cc1,4.221848749616356,Inactive
COc1cccc(Nc2ncnc3c(NN)ncnc23)c1,6.552841968657781,Active
C=CCOc1ccc(Sc2ccccc2)cc1,3.489454989793388,Inactive
O=C1C=C(Oc2ccc(F)cc2Br)C(=O)c2cc3ccccc3cc21,5.542118103266008,Active
CN[C@@H]1C[C@H]2O[C@@](C)([C@@H]1OC)n1c3ccccc3c3c4c(c5c6ccccc6n2c5c31)C(=O)NC4,8.346787486224656,Active
CC(=O)Nc1ccc(Nc2nccc(-c3cnn4ncccc34)n2)cc1C(F)(F)F,6.881685661990138,Active
COC1=C(C(C)C)C(=O)C2=C(O)C(=O)C3=C(C=CCC3(C)C)C2=C1,6.769551078621726,Active
COc1ccccc1C(Nc1ccccc1)P(=O)(OC)OC,4.742357297896877,Inactive
O=C1c2ccccc2S(=O)(=O)N1Cc1nc2ccccc2s1,5.481486060122113,Active
COc1ccc(/C(=N/c2ccccc2)Nc2ccc(F)cc2)cc1,5.844663962534939,Active
O=C1c2ccccc2-c2c1c(N1CCN(c3ccccn3)CC1)nc1ccc(Br)cc21,5.16304326294045,Active
Cc1cc(C)c(Oc2nc(N)nc(Oc3ccc(F)cc3)n2)c(C)c1,5.091514981121351,Active
COc1cccc(/C=C2\Oc3cc(OCCN4CCOCC4)ccc3C2=O)c1,4.568636235841013,Inactive
CCOc1ccc(CN(C)Cc2nc(Nc3ccc(C)cc3)[nH]c(=N)n2)cc1,5.300000202445418,Active
COc1cnc(Nc2ncnc3ccc(-c4cccc(N5CCOCC5)c4)cc23)cn1,4.958607314841775,Inactive
O=C(c1cc2c([nH]c3ccccc32)c(-c2ccccc2)n1)N1CCN(c2cccc(Cl)c2)CC1,4.991399828238082,Inactive
CN(C)c1ccc(-c2nc(-c3ccccc3)c(-c3ccccc3)[nH]2)cc1,6.017728766960431,Active
O=C(c1cccc(C(F)(F)F)n1)N1CCN(c2cnccn2)CC1,2.1289527386945006,Inactive
N=C1NC[C@H](CCCCN2CCN(CCc3ccccc3)C2=N)N1,6.221848749616356,Active
Clc1ccc(COC(CCn2ccnc2)c2ccco2)c(Cl)c1,5.288192770958809,Active
Nc1ccc(-n2nc(-c3ccc(Oc4ccccc4)cc3)cc2N2CCOCC2)cc1,4.657577319177793,Inactive
COC(=O)[C@@H](N)Cc1c[nH]c2ccccc12,2.855893026950677,Inactive
CC1(c2ccc(Nc3nc(N4CCCCC4)nc(N4CCCCC4)n3)cc2)NC(=O)c2ccccc2N1,5.259637310505756,Active
Cc1cc2cc(NS(=O)(=O)c3ccccc3)ccc2[nH]1,4.451610581867082,Inactive
COc1cccc2c1C(=O)C1=C(C=CC(C)(C)O1)C2=O,4.419075024324381,Inactive
CNc1cc(C)nc(C2CN(C(=O)c3n[nH]c4ccccc34)CCO2)c1,5.724594193799996,Active
CC1CCc2ccccc2N1S(=O)(=O)c1cccc(C(F)(F)F)c1,5.180456064458132,Active
CC(=O)Nc1ccc2[nH]c(=O)n(C3CCN(S(=O)(=O)c4ccccc4)CC3)c(=O)c2c1,4.2839966563652006,Inactive
c1cc(C2=NCCN2)ncc1OCCCCCOc1ccc(C2=NCCN2)nc1,4.443697499232712,Inactive
O=C(NC1CCN(C(c2cncnc2)c2ccc(Cl)cc2F)CC1)c1ccccc1F,7.756961951313706,Active
C=CCC1CC(C2CCCCC2)OO1,5.168770306132936,Active
FC(F)(F)c1ccc(N2CCC(N(c3ccc(C(F)(F)F)cc3)c3cccnc3)CC2)cc1,7.775985188627136,Active
CC(C)(C)OC(=O)N1CCC(NC(c2ccc(C(F)(F)F)cc2)c2cccnc2)CC1,7.823908740944319,Active
O=C(NCc1cccc(Cl)c1Cl)c1c([N+](=O)[O-])noc1-c1ccc(Cl)cc1,4.948847477552619,Inactive
Cc1ccccc1CNc1cc(C2CC2)nc(-c2nccn2C)n1,6.0999990348465305,Active
Cc1cc(N)c2ccccc2n1,4.962573502059376,Inactive
CCCCCCCCCCCCCCCCCCOP(=O)([O-])OCC[N+](C)(C)C1CC1,5.681936665037238,Active
CC(=O)O[C@H]1CC[C@@]2(C)C(=CC[C@H]3[C@@H]4CC[C@H]([C@H](C)CCC(=O)N(C)C)[C@@]4(C)CC[C@@H]32)C1,4.609064892896621,Inactive
O=C(Cn1ccnc1[N+](=O)[O-])c1ccc(-c2ccccc2)cc1,4.846825620628466,Inactive
Oc1c(CN2CCN(c3ccccc3F)CC2)cc(Br)c2cccnc12,6.016540607824425,Active
CC(C)c1ccc2c(c1)CC[C@H]1[C@](C)(C(=O)N[C@H](Cc3ccccc3)C(=O)O)CCC[C@]21C,5.2839966563652006,Active
C=C(c1nc(-c2ccc(OC)cc2)no1)C(O)c1ccccc1,4.940058111938045,Inactive
O=C1CCCN1c1ccc(Sc2ccccc2O)c(C(F)(F)F)c1,5.700000503883016,Active
N=C(N)c1ccc(NCCCCNc2ccc(C(=N)N)cc2)cc1,3.1730000018925684,Inactive
Cc1nn(-c2nc3ccccc3s2)c2c1C(c1ccc(OCC(N)=O)cc1)SCC(=O)N2,5.300000202445418,Active
CCCCC(O)(c1ccc(Cl)cc1)c1cnccn1,6.481486060122113,Active
OC(c1cccnc1)(c1ccsc1)c1ccccc1Cl,6.293282217663241,Active
CC(C)=CCC1=C(OS(C)(=O)=O)C(=O)c2ccccc2C1=O,4.590066876668706,Inactive
COc1ccc(C(=O)C2CCCN(CCc3ccccc3)C2)cc1OC,6.285670240254767,Active
COc1cc2oc(=O)cc(-c3cc(OC)c(OC)c(OC)c3)c2cc1OC,4.328827157284917,Inactive
Cc1cc(C)c2nc(N3CCC(C(=O)NCCCN4CCC(N5CCCCC5)CC4)CC3)sc2c1,5.391796062778831,Active
Cc1cnnc(Nc2ncnc3ccc(-c4cccc(N5CCOCC5)c4)cc23)c1,4.856985199745905,Inactive
CCCCC(O)(c1ccc(Cl)cc1)c1cccnc1,7.5376020021010435,Active
O=S(=O)(Cc1ccccc1)N1CCC(NC(c2cnccn2)c2ccc(F)cc2F)CC1,6.721246399047171,Active
NC(=S)N/N=C/c1ccc2c(c1)OCO2,4.098541678603888,Inactive
CCN(CC)c1ccc(S(=O)(=O)N(CC)CC)c2nonc12,4.600000074606178,Inactive
Cn1c([N+](=O)[O-])cnc1-c1nnc(N/N=C/c2ccc(O)cc2)s1,4.935542010773082,Inactive
O=C(NCCc1ccc(F)cc1)c1ccc(CNC(=O)N2CCN(CCCc3ccccc3)CC2)o1,4.85078088734462,Inactive
CC(C)(C)[Si](OCC1C=CC(n2ccc(=O)[nH]c2=O)O1)(c1ccccc1)c1ccccc1,4.481486060122113,Inactive
CC(C)Oc1ccc(C(c2cccnc2)N2CCC(NC(=O)Nc3ccccc3)CC2)cc1,7.244125144327507,Active
CCCCCc1cn(C/C=C(\C)CCC=C(C)C)nn1,4.292429823902063,Inactive
COc1ccccc1-c1c(C)[nH]c2nc(N)nc(C)c12,4.800000052738446,Inactive
COc1ccc(C(=O)OCc2ccc3nc4ccc(OC)cc4c(N)c3c2)cc1,5.698970004336019,Active
CCC(=O)N(CCCCCCCCNC(=N)N)C1CCN(CCc2ccccc2)CC1,4.727230413448241,Inactive
O=[N+]([O-])c1c(CS(=O)(=O)c2ccccc2)nc2c([S+]([O-])c3ccc(Cl)cc3)cc(Cl)cn12,5.886056647693163,Active
COc1cc(C(c2c[nH]c3ccccc23)c2c[nH]c3ccccc23)ccc1O,4.094339014642349,Inactive
O=C(N/N=C/c1ccc([N+](=O)[O-])o1)C12CC3CC(C1)CC(c1ccccc1)(C3)C2,6.434152181326482,Active
Nc1ccc(C(=O)N/N=C/c2ccc([N+](=O)[O-])s2)cc1,5.649751981665837,Active
O=c1[nH]c2c([N+](=O)[O-])cc(C#CCO)cc2cc1Cl,5.050609993355087,Active
Cc1ccc(Nc2nc(N)nc(Nc3ccc(C#N)cc3)n2)c(Cl)c1,4.294136287716081,Inactive
O=c1c2nc([N+](=O)[O-])cn2ccn1CCOCc1ccc(OC(F)(F)F)cc1,5.886056647693163,Active
Cc1cccc(NS(=O)(=O)c2cnc3sc(C)cn3c2=O)c1,5.300000202445418,Active
O=C(c1ccc([N+](=O)[O-])o1)N1CCCCC1,3.987162775294828,Inactive
O=[N+]([O-])c1cn2c(n1)OC(COc1ncc(-c3ccc(F)cc3)cn1)CC2,6.769551078621726,Active
N=C(N)c1ccc(COc2cccc(C(=N)N)c2)cc1,4.375717904164332,Inactive
CCN(CCN)Cc1cc(Nc2ccnc3cc(Cl)ccc23)ccc1O,5.247951552180561,Active
CCCCCCCCc1cn(CCCCCCN2C(=O)CN(/N=C/c3ccc([N+](=O)[O-])o3)C2=O)nn1,6.958607314841775,Active
N#Cc1c(NS(=O)(=O)c2ccc3ccccc3c2)[n+]([O-])c2ccc(Cl)cc2[n+]1[O-],4.698970004336019,Inactive
C/C(=N\Nc1nc(-c2ccc(Cl)c(Cl)c2)cs1)c1ccc(Cl)c(Cl)c1Cl,4.594312213327222,Inactive
CC1(C)OC2=C(C(=O)C(=O)c3ccccc32)C1Nc1ccccc1,4.06398920428479,Inactive
CC(C)(C)c1ccc(OC/C(=N\NC(N)=S)c2ccc(Br)cc2)cc1,4.991399828238082,Inactive
C[C@]12CC[C@H](OCC(=O)N3CCOCC3)C[C@@H]1CC[C@@H]1[C@@H]2CC[C@]2(C)C(=O)[C@H](Br)C[C@@H]12,5.494850021680094,Active
COC(=O)c1ccc(NCc2cncn2Cc2ccccc2C)cc1-c1ccccc1,6.0,Active
NCc1csc(Nc2cc(Oc3ccccc3)ncn2)n1,4.600000074606178,Inactive
Clc1cccc(CN2CCN(Cc3cccc(Cl)c3)C2c2ccccc2)c1,4.832682665251824,Inactive
OC[C@H]1O[C@@H](n2cnc3c(NC4CCCCCC4)nc(NC4CCCC4)nc32)[C@H](O)[C@@H]1O,5.339608901597533,Active
COc1cccc(C(=O)Nc2ccc(-c3nc4ccccc4[nH]3)cc2)c1,4.789736606693437,Inactive
CC1(C)OC2=C(C(=O)C(=O)c3ccccc32)C1n1cc(C2(O)CCCCC2)nn1,4.238072161579471,Inactive
Fc1ccc(Nc2c(-c3ccccn3)nc3cc(C(F)(F)F)ccn23)cc1,4.958607314841775,Inactive
O=C1C(O)=C(C(Sc2ccccc2)c2ccccc2)C(=O)c2ccccc21,4.332733880617726,Inactive
N#Cc1ccc(OC2CCN(C(=O)Nc3cc(-c4ccccn4)n[nH]3)CC2)cc1,6.069050968832477,Active
CSCCC(NC(=O)/C=C/C=C/c1ccc2c(c1)OCO2)C(=O)O,3.1109785779047754,Inactive
CCN(CC)CCNc1noc(-c2ccc([N+](=O)[O-])cc2)c1C(=O)OC,4.76763928764643,Inactive
NC(=S)N/N=C(\COc1cccc(-c2ccccc2)c1)c1ccc(Br)cc1,5.356547323513812,Active
N#Cc1ccc(C(c2cccnc2)N2CCN(C(=O)C3CC3)CC2)cc1,6.55129368009492,Active
c1ccc2cc(CCCNCCNCCNCCCc3ccc4ccccc4c3)ccc2c1,6.130768280269024,Active
CCOC(=O)c1cc(C(=N)N)ccc1OCCCCCOc1ccc(C(=N)N)cc1C(N)=O,4.283162276700476,Inactive
COc1ccc(/N=C(\Nc2ccccc2)c2cccc(OC)c2)cc1,5.590066876668706,Active
Fc1cc(F)cc(OC2=CC(c3ccc[nH]3)=N/C2=C\NC23CC4CC(CC(C4)C2)C3)c1,6.735182176990463,Active
N=C(N)c1ccc(OCCCOc2ccc(C(=N)N)cc2Br)c(Br)c1,5.931814138253839,Active
Cc1ccc(-c2ccc3[nH]c(=O)nc(-c4ccccc4)c3c2)cn1,4.828273546346769,Inactive
CN1C2CCC1CC(=NOC(c1ccccc1)c1cccc(Cl)c1)C2,5.6777807052660805,Active
O=C(Nc1ccccc1)NC1CCN(C(c2ccc(Cl)cc2)c2cncnc2)CC1,7.0,Active
Cc1cc(Oc2cccc(Cn3ncc4ccccc43)c2)cc(C)c1Cl,4.872895201635193,Inactive
NC1=NS(=O)(=O)N(Cc2ccccc2)c2nc(-c3ccccc3)[nH]c21,4.530177984021837,Inactive
COc1cc(O[C@@H]2O[C@H](CO)[C@@H](O)[C@H](O)[C@H]2O)c2c(-c3ccc(OC)c(OC)c3)cc(=O)oc2c1,4.991399828238082,Inactive
CC(C)NC(=N)c1ccc2oc(CCCc3cc4cc(C(=N)NC(C)C)ccc4o3)cc2c1,4.507239610973162,Inactive
COc1ccc(/C=C/C(=O)c2c(O)c3ccccc3[nH]c2=O)cc1,4.896196279044043,Inactive
COc1ccc(CCc2cc(O)cc(OC)c2C(=O)O)cc1,3.7809396675511375,Inactive
COc1ccc(S(=O)(=O)Nc2ccc(OC3CCN(C(=O)c4cccc(Cl)c4)CC3)cc2)cc1,5.300000202445418,Active
COc1ccn2c(Nc3ccc(F)cc3)c(-c3ccccn3)nc2c1,5.752026733638194,Active
C/C(COc1ccccc1)=N\N=C1\SC(c2ccccc2)C(=O)N1c1ccccc1,4.874518734299406,Inactive
CC(C)NC(=N)c1ccc2cc(-c3cccc(OCCCOc4ccccc4)c3)oc2c1,4.958607314841775,Inactive
Nc1cc(-c2ccccc2)ccc1Cn1cncc1CNc1ccc(Cl)c(Cl)c1,8.045757490560675,Active
CNc1nc(NC2CCCC2)nc2ccccc12,5.356547323513812,Active
Cc1ccc(S(=O)(=O)Nc2ccccc2Sc2ncnc3c(C)csc23)cc1,4.493494967595128,Inactive
N#Cc1c(/N=C/c2c[nH]c3ccc(Br)cc23)sc2c1CCCCCC2,5.369063880935808,Active
O=[N+]([O-])c1cn2c(n1)S(=O)(=O)CC(Oc1ccc(OC(F)(F)F)cc1)C2,4.494850021680094,Inactive
Cc1ccc(C2CCC3=C(O2)c2ccccc2C(=O)C3=O)c(C)c1,3.1627272974977,Inactive
Cc1cc(N(C)C)nc(NCc2ccc(Cl)cc2)n1,6.0,Active
COc1ccc([N+](=O)[O-])cc1NC(=O)c1cc(Cl)ccc1O,4.800000052738446,Inactive
Cc1cccc(C)c1OCC(=O)N[C@@H](Cc1ccccc1)[C@@H](O)C[C@H](Cc1ccccc1)NC(=O)[C@H](C(C)C)N1CCCNC1=O,4.813043664534588,Inactive
CCCCCCn1c(=N)n(CC(O)COc2cccc(C)c2)c2ccccc21,5.42261506353888,Active
Cn1cccc(S(=O)(=O)N(Cc2ccc(F)cc2)Cc2ccc(F)cc2)c1=O,4.68000002720016,Inactive
O=C(N/N=C/c1ccc(Cl)cc1)c1nc2ccccc2[nH]1,4.54591772926891,Inactive
O=C(c1ccc(F)cc1)c1c(C(F)(F)F)[n+]([O-])c2ccc(Cl)cc2[n+]1[O-],6.0,Active
Cc1cccc(-c2cccc(NCc3cncn3Cc3ccccc3)c2)c1C,6.585026652029182,Active
CCO[C@H]1O[C@@H]2O[C@@]3(C)CC[C@H]4[C@H](C)CC[C@@H]([C@H]1C)[C@@]24OO3,4.346787486224656,Inactive
O=C(c1ccc([N+](=O)[O-])cc1)N1CCN(c2cnccn2)CC1,3.6556077263148894,Inactive
COc1ccc(CNc2ncnc3c(C(C)C)n[nH]c23)cc1,4.080921907623926,Inactive
CCCN(CCC)c1c([N+](=O)[O-])cc(S(=O)(=O)NC(C)C)cc1[N+](=O)[O-],4.0,Inactive
O=[N+]([O-])c1ncn(CCCN2CCN(c3ccc(Cl)c(Cl)c3)CC2)n1,4.945004138470859,Inactive
CC(C)(C)OC(=O)NCCCCCCCCNC1CCN(CCc2ccccc2)CC1,5.242603971206976,Active
C=CC1=C[C@@H]2[C@H]3C(C)=CO[C@]45O[C@]67CCCC(C)(C)[C@@H]6CC[C@](C1)(C(=O)[C@]3(C(C)C)C4=O)[C@]25C7,4.319664486585436,Inactive
CCC(=O)CCCCCC(Oc1ccc2ccccc2c1)c1ncc(Cc2ccccn2)[nH]1,5.337242168318426,Active
Cc1ccc(CN(C)C[C@H]2Oc3c(NC(=O)c4ccncc4)cccc3C(=O)N([C@@H](C)CO)C[C@@H]2C)cc1,7.853871964321762,Active
C[C@]1(COCc2ccc(OC(F)(F)F)cc2)Cn2cc([N+](=O)[O-])nc2S1,6.2441251443275085,Active
Cc1ccc(/C=C2\CCC/C(=C\c3ccc(C)cc3)C2=O)cc1,3.637329070274333,Inactive
c1ccc(-c2nc(NC3(c4ccccn4)CC3)c3ccccc3n2)nc1,5.376750709602099,Active
Cc1ccc([C@@H]2C[C@H]3Cc4ccccc4N2O3)o1,4.031984286006359,Inactive
CCCN(CCC)c1c([N+](=O)[O-])cc(S(=O)(=O)N2CCCC2)cc1[N+](=O)[O-],4.327902142064283,Inactive
Cn1ccc(C(=O)Nc2nc3ccc(C#N)cc3n2CC(F)(F)F)n1,4.1938200260161125,Inactive
CCCCNc1c(NCCCN(CCCC)CCCC)c(=O)c1=O,4.868060704789576,Inactive
CN1/C(=C/C=C/C=C/c2sc3ccc(F)cc3[n+]2C)Sc2ccc(F)cc21,6.72584215073632,Active
CC(C)(C)CC#Cc1cc2c(Nc3ccc(OCc4cccc(F)c4)c(Cl)c3)ncnc2s1,4.522878745280337,Inactive
Cn1c([N+](=O)[O-])cnc1-c1nnc(N/N=C/c2ccccc2Br)s1,3.0457574905606752,Inactive
Cc1cc(NC(=O)C2c3ccccc3C(=O)N(CC(C)C)C2c2cccs2)no1,4.819962484352626,Inactive
N=C(N)c1ccc(OCCCCCCOc2ccc(C(=N)N)cc2)cc1,5.705533773838407,Active
COc1cc(Nc2cc(C)nc(NCc3ccccc3)n2)ccc1F,7.100015437450609,Active
CN(C)S(=O)(=O)c1ccc(Cl)c(C(=O)Nc2nc(-c3ccccn3)cs2)c1,5.747128772705143,Active
O=[N+]([O-])c1c(CS(=O)(=O)c2ccccc2)nc2c(C#CCCO)cc(Cl)cn12,5.920818753952375,Active
OC[C@H]1O[C@@H](n2cnc3c(Nc4ccccc4)nc(NC4CCCC4)nc32)[C@H](O)[C@@H]1O,5.937418015771837,Active
CC(C)=CCC/C(C)=C/CC/C(C)=C/CNCCCCN,4.823908740944319,Inactive
CS(=O)(=O)c1ccc(N2CCC(NC(c3cccnc3)c3cnn(CC(F)(F)F)c3)CC2)cc1,5.3811155150045495,Active
Cc1c(NS(=O)(=O)c2c(Cl)cc(-c3ccnc(N4CCNCC4)c3)cc2Cl)c(CC(C)C)nn1C,5.73754891026957,Active
O=C1C=C(Oc2ccc(Cl)cc2F)C(=O)c2cc3ccccc3cc21,6.275724130399211,Active
C/C(COc1ccccc1)=N\N=C1\SC(c2ccccc2)C(=S)N1c1ccccc1,5.113509274827518,Active
O=P(O)(O)C(CNN1CCCC1)P(=O)(O)O,4.853871964321762,Inactive
Nc1nccn2c([C@@H]3O[C@H](CO)[C@@H](O)[C@H]3O)cnc12,4.510041520575165,Inactive
O=C(c1ccc(NC2CCCC2)nc1)N1CCN(c2cnccn2)CC1,3.55206713440782,Inactive
Cc1ccc(Nc2nc(N)nc(Nc3c(Br)cc(C)cc3Br)n2)cc1,4.488116639021126,Inactive
CC(O)CN1CCC(CNCc2ccc(OC(F)(F)F)cc2)CC1,5.0167466085249695,Active
CC1(C)C=Cc2c(ccc(C(=O)/C=C/c3ccc(Cl)cc3Cl)c2O)O1,5.013228265733755,Active
COc1ccc(C(C)(C)C)cc1S(=O)(=O)n1ccnc1,4.48858740203614,Inactive
COCCCNc1cc(-n2nc(C)c3c2CC(C)(C)CC3=O)ccc1C(N)=O,6.116338564846382,Active
COc1ccc(/C=C(\C)C(=O)/C=C/c2cc(OC)c(OC)c(OC)c2)cc1,5.431798275933005,Active
CN1/C(=C/c2cc[n+](C)c3cc(Cl)ccc23)Sc2ccccc21,7.468521082957745,Active
OC(CCC(O)c1ccccc1)c1ccccc1,4.479192668508064,Inactive
Cc1cccc(OCCNC(=O)n2ccnc2)c1,5.958607314841775,Active
C=C(C)[C@H]1Cc2oc(cc2C=O)[C@H]2O[C@]2(C)C[C@H]2C=C(C(=O)O2)[C@@H](OC(C)=O)C1,5.055517327849832,Active
O=[N+]([O-])c1ccccc1S(=O)(=O)n1cnc2ccccc21,5.259637310505756,Active
Cc1cc(N(C)C)nc(NCc2ccccc2)n1,5.499999678657065,Active
CC(CCCNCc1ccc(-c2csc3ccc(C#N)cc23)cc1)Nc1ccnc2ccccc12,5.931814138253839,Active
CC1(C)C=CC2=C(O1)C(=O)c1ncccc1C2=O,4.696803942579511,Inactive
COc1ccc(C(=O)Nc2ccc3cc4ccc(NC(=O)c5ccc(OC)cc5)cc4nc3c2)cc1,5.530177984021837,Active
CCCCCCCCCCCCn1cnc2c3ccccc3c3c(c21)CCC(C)(C)O3,3.717377887121937,Inactive
O=C(NCCCn1ccnc1[N+](=O)[O-])c1ccc(C(F)(F)F)cc1,5.218029326087448,Active
O=C(c1ccc(-c2cc(C(F)(F)F)ccc2Cl)o1)N1CCc2c([nH]c3ccccc23)C1,4.4162346317150005,Inactive
C[C@]12CC[C@H]3[C@@H](CC=C4C[C@@H](O[N+](=O)[O-])CC[C@@]43C)[C@@H]1CC[C@@H]2O[N+](=O)[O-],3.673807561872228,Inactive
C=CS(=O)(=O)Cc1ccc2c(c1)no[n+]2[O-],4.910094888560602,Inactive
Cc1nc2c(c(NCCc3nc4c(s3)CCCC4)n1)CCNCC2,4.353878411728132,Inactive
Oc1cc(C2=NCCN2)ccc1-c1cc2ccc(C3=NCCN3)cc2o1,4.886056647693163,Inactive
CC1Cc2ccccc2N1S(=O)(=O)c1ccc(Cl)cc1,5.319664486585437,Active
O=C(/C=C/C=C/c1ccc2c(c1)OCO2)NC(Cc1ccccc1)C(=O)O,3.228045251036051,Inactive
Cc1ccc(C#Cc2c([N+](=O)[O-])nc3n2CC(C)O3)cc1,5.779891911959945,Active
CC(=O)Nc1ccc2cc3ccc(NC(=O)c4ccccc4)cc3nc2c1,3.730020323354676,Inactive
C[C@H]1[C@@H](OCC(=O)CO)O[C@@H]2O[C@@]3(C)CC[C@H]4[C@H](C)CC[C@@H]1[C@@]24OO3,4.58838029403677,Inactive
O=C(Nc1nc2ccc(C(F)(F)F)cc2s1)C1CC1,7.0,Active
CC(C)Oc1cc(NC(=N)c2ccccn2)ccc1-c1cc(Cl)cc(-c2ccccc2)c1,5.3788237182249645,Active
O=C(NCCn1ccc(-c2ccccc2)n1)C1CCCC1,5.494850021680094,Active
C=CCc1ccc(Oc2cc(CC=C)cc(OC)c2OC)c(OC)c1,4.188424994129407,Inactive
O=C(Cn1cnc([N+](=O)[O-])n1)Nc1ccc(Cl)cc1C(=O)c1ccccc1,6.499996931948306,Active
CCN(CC)C(=O)NCCc1csc(-c2ccc(F)cc2F)n1,6.6020599913279625,Active
O=[N+]([O-])c1cn2c(n1)OC(COc1ccc(-c3ccc(F)nc3)cc1)CC2,7.568636235841013,Active
Cc1cc(Br)c(Nc2nc(N)nc(Nc3cccc(C#N)c3)n2)c(Br)c1,4.867420152340263,Inactive
C1=C(c2ccc3ccccc3c2)C2CCN1CC2,4.910094888560602,Inactive
Cc1cccc(NC(=O)[C@H](CCCCCC(=O)NO)NC(=O)[C@H]2CCC(=O)N2)c1,6.071092309756048,Active
Nc1ccc(-c2nc3cc(Cc4ccc5[nH]c(-c6ccc(N)cc6)nc5c4)ccc3[nH]2)cc1,5.342821720141302,Active
CCOC(=O)c1cnc2c(c(C)nn2C)c1Nc1ccccc1,4.004847623108546,Inactive
CCOC(=O)CCc1sc(NC(=O)CSCCCc2ccccc2)nc1/C=C/c1ccccc1,4.296708621881338,Inactive
COc1cccc(Cc2noc(-c3cc(Cl)ccc3OC3CCNCC3)n2)c1,5.173925197299174,Active
CC(=O)O[C@@H]1[C@H](OC(C)=O)[C@@H](CI)O[C@H]1n1cnc2c(N)nc(Cl)nc21,5.0,Active
C(=C1/CN2CCC1CC2)/c1ccc(-c2ccccc2)cc1,4.384049948343599,Inactive
CO/N=C(\C(=O)OC)c1ccccc1CO/N=C(\C)c1cccc(C(F)(F)F)c1,5.7121982700697735,Active
COc1ccc(OC)c(-c2cc(-c3c[nH]c4ccccc34)nc(-c3c[nH]c4ccccc34)c2)c1,3.585511327763048,Inactive
Cc1cc(C(=O)NC2CCN(C(c3ccc(C(F)(F)F)cc3)c3cccnc3)CC2)no1,8.031517051446064,Active
Brc1cccc(OCCOC2CCCCO2)c1,3.98296666070122,Inactive
C=C(C(=O)OC)C(O)c1ccccc1,3.020847860712961,Inactive
O=C(N[C@@H](Cc1c[nH]c2ccccc12)C(=O)Nc1ccncc1)C1CCCCC1,6.167491087293763,Active
CCCn1c(NC(=O)Cc2ccccc2OC)nc2ccccc21,5.200659450546418,Active
CCC(=O)N(CCCCCCN)C1CCN(CCc2ccccc2)CC1,4.292429823902063,Inactive
COC(=O)c1cc2nc(SCC(=O)Nc3nccs3)[nH]c2cc1Cl,4.07457960627952,Inactive
COc1cc(/C=N/NC(=O)c2nc3ccccc3[nH]2)cc(OC)c1,4.143633676340752,Inactive
c1ccc(Nc2n[n+](-c3ccccc3)c(CCCCc3ccc4c(c3)OCO4)s2)cc1,5.455931955649724,Active
Fc1cnc(N2CCC(NC(c3ccc(Cl)cc3)c3cccnc3)CC2)nc1,7.468521082957745,Active
C[C@]1(COC(=O)Nc2ccc(OC(F)(F)F)cc2)CCn2cc([N+](=O)[O-])nc2O1,6.853871964321762,Active
CC(C)COc1ccc(CN(Cc2ccncc2)S(=O)(=O)c2ccc(F)c(F)c2)cc1,6.40882961617456,Active
O=C(CSc1nc(-c2ccccc2)cc2cc(-c3ccccc3)nn12)N/N=C/c1ccccc1,5.268814292366,Active
N=C(N)Nc1ccc(-c2ccc(-c3ccc(N=C(N)N)c(Cl)c3)o2)cc1Cl,4.9931062920521,Inactive
CC(C)NC(=N)c1ccc(OCCCOc2ccc(C(=N)NC(C)C)cc2)cc1,5.148130399270234,Active
Cc1ccc(SC2C3=C(OC2(C)C)c2ccccc2C(=O)C3=O)cc1,4.22548303427145,Inactive
COc1ccc2nccc([C@H](O)CN3CC[C@H](NC(=O)c4ccc(Br)cc4)[C@@H](O)C3)c2n1,5.499999678657065,Active
N=C(N)c1ccc(OCCCCCOc2ccc(C(=N)N)c(F)c2)cc1F,5.72584215073632,Active
FC(F)(F)c1ccc(-c2cc(-c3ccsc3)c3ncccc3n2)cc1,5.43533393574791,Active
N=C(N)c1ccc2oc(-c3cccc(OCCCCOc4ccccc4)c3)cc2c1,5.346787486224656,Active
CC1(C)CC[C@H](O)[C@]2(C)O[C@@]3(/C=C/c4ccc(C(=O)NCc5ccccc5)cc4)C=C[C@@]12OO3,5.459670525209126,Active
C/C=C/c1cc(Oc2ccccc2)ccc1OCCSC#N,4.982966660701219,Inactive
COc1cc2c(c(I)c1OC)C(=O)C=CC2=O,5.790484985457369,Active
O=[N+]([O-])c1nccn1CCCCNc1ccnc2c(Cl)cccc12,5.690369832574102,Active
COc1ccc(O)c(C(=O)/C=C/c2cc(OC)c(OC)c(OC)c2)c1,4.372326968233384,Inactive
N=C(N)c1ccc(-c2cn(-c3ccc(C(=N)N)cc3)nn2)cc1,5.040958607678906,Active
CCNC(=O)c1noc(-c2cc(C(C)C)c(O)cc2O)c1NC(=O)c1ccc(CN2CCOCC2)cc1,5.18111458540599,Active
Cc1nc(-c2ccccn2)nc(NCC2CCOC2)c1Cl,4.978810700930062,Inactive
COc1ccc(-c2c(C#N)[n+]([O-])c3cc(C(F)(F)F)ccc3[n+]2[O-])cc1,4.97061622231479,Inactive
CC(C)n1c(-c2nonc2N)nc2cccc(OCCN3CCCC3)c21,4.499999953328896,Inactive
O=[N+]([O-])c1nccn1Cc1cc(-c2ccc(F)c(F)c2)no1,5.187086643357144,Active
COc1ccc2nc3c(c(C)c2c1)C(=O)N(C(C)(C)C(=O)NC(C)(C)C)C3,5.129596094720973,Active
CC(=O)Nc1ccc(S(=O)(=O)N2c3ccccc3CCC2C)cc1,4.668572703479257,Inactive
O=C(N[C@H](Cc1c[nH]c2ccccc12)C(=O)Nc1ccncc1)c1ccc(-c2cccc(F)c2)cc1F,9.920818753952377,Active
CC1SC(N/N=C/CCSc2ccccc2)NC1=O,5.1904402853647325,Active
CC(C)c1cc(=O)[nH]c(-n2nc(C3CC3)cc2N)n1,4.495601254047707,Inactive
N=C(N)c1cccc(OCCCOc2cccc(C(=N)N)c2)c1,5.216811308924743,Active
CC(C)NC(=N)c1ccc2oc(-c3ccc(OCCCCCOc4ccccc4)cc3)cc2c1,5.6777807052660805,Active
O=c1[nH]c2c([N+](=O)[O-])cc(C#CCCCO)cc2cc1Cl,4.995678626217358,Inactive
Clc1ccc(CNCCNCc2ccc(Cl)cc2Cl)c(Cl)c1,4.288699040083834,Inactive
NNc1ncnc2c(Nc3cccc(OCc4ccncc4)c3)ncnc12,5.504455662453552,Active
O=C(/C=C/c1ccc(Oc2ccccc2)cc1)c1ccc(F)cc1,4.376750709602099,Inactive
O=S(=O)(Cc1ccccc1)Nc1cnccc1N1CCN(c2ccc(C(F)(F)F)cc2)CC1,7.744727494896693,Active
CCCCCCCCCCCCCCC[C@H]1C[C@@H](CCO)OO1,5.254144804826271,Active
CCOc1cc(-c2ccc(-c3ccc(N=C(N)N)c(OCC)c3)o2)ccc1N=C(N)N,4.950781977329818,Inactive
N=C(N)c1ccc2oc(CCCCCCCCCCc3cc4cc(C(=N)N)ccc4o3)cc2c1,5.636388020107856,Active
O=C(Nc1ccc(OC(F)(F)F)cc1)N[C@H]1COc2nc([N+](=O)[O-])cn2C1,5.638272163982407,Active
N=C(N)NCCC[C@@H](/C=C/S(=O)(=O)c1ccccc1)NC(=O)OCc1ccccc1,4.721246399047171,Inactive
OC[C@H]1CC2CCN1C[C@@H]2C#Cc1ccc(OCc2ccccc2)cc1,5.096910013008056,Active
C(=C1/CN2CCC1CC2)/c1ccc(C2OCCO2)cc1,4.337242168318426,Inactive
CN1CCCN(C(c2ccccc2)c2ccc(Cl)cc2)CC1,4.4398541601509525,Inactive
NP(=O)(OCc1ccc([N+](=O)[O-])cn1)N(CCCl)CCCl,5.795880017344075,Active
CC(C)S(=O)(=O)c1ccc(-c2cnc(N)c3cc(-c4ccnc(N)n4)ccc23)cc1,5.788587089490118,Active
O=C(Nc1ccccc1)N1CCN(C(c2ccc(Cl)cc2)c2cccnc2)CC1,8.045757490560675,Active
Cc1cc(Sc2ncc(C(F)(F)F)cc2[N+](=O)[O-])c(Cl)cc1Cl,4.104647106898808,Inactive
Clc1ccc(CN2CCN(Cc3ccc(Cl)cc3)C2c2ccc(Cl)cc2)cc1,5.050609993355087,Active
CCCCCCC1CCC(C(=O)N/N=C/c2ccc([N+](=O)[O-])o2)CC1,5.779891911959945,Active
CC(C)Nc1nc(NCc2ccco2)c2c(Cl)cccc2n1,4.920818753952375,Inactive
O=C(CN1CCCCC1)Nc1nnc(COc2ccc3ccccc3c2)s1,5.173277479831008,Active
Cc1cc(Br)cc(C)c1Nc1nc(Cl)nc(Nc2ccc(C#N)cc2)n1,4.880744110722064,Inactive
COc1ccc(-c2cs/c(=N\N=C\CN3C(=O)c4ccccc4C3=O)n2-c2ccccc2)cc1,5.0,Active
CCC(C)NC(=O)c1nc(-c2ccccc2C#N)cnc1N,4.958607314841775,Inactive
C[n+]1nn(-c2ccc(-c3nc(CCc4ccc(-c5ccccc5)cc4)cs3)c(OCCN3CCNC3=O)c2)cc1CCCN,5.218244625347531,Active
COc1ccc2c(-c3ccc(OC)c(OC)c3)cc(=O)oc2c1,4.59176003468815,Inactive
O=C(O)[C@H]1CCCN1C(=O)Cc1ccccc1,4.007004901568658,Inactive
CCOc1ccc2nc(C)cc(Nc3ccc(N(C)C)cc3)c2c1,5.3979400086720375,Active
N#C[Se]Cc1ccc(C#N)cc1,5.629857152948898,Active
NC(=O)c1cccnc1,1.58838029403677,Inactive
CC1(C)CC(O)C2=C(O1)C(=O)c1ncccc1C2=O,6.721246399047171,Active
c1ccc(-c2csc(Nc3ccc(N4CCOCC4)cc3)n2)nc1,4.149353764816934,Inactive
Cc1cccc(COc2ccc([C@H]3S[C@@H](C)C(=O)Nc4[nH]nc(C)c43)cc2)c1,4.933301449577005,Inactive
O=C(CCc1ccc(O)c(O)c1)O[C@H](Cc1ccc(O)cc1)C(=O)O,4.721246399047171,Inactive
Clc1ccc2[nH]c3c(NCCCN4CCOCC4)ncnc3c2c1,4.671926549524704,Inactive
CCCCCCCCCCCCCCCCCCOP(=O)([O-])OC1CCC[N+](C)(C)C1,6.366531544420414,Active
COc1ccc(C(=O)CCN2CCN(c3ccc(Cl)cc3)CC2)cc1OC,4.357535479757878,Inactive
CS(=O)(=O)NC1CCN(C(c2ccc(Cl)cc2)c2cncnc2)CC1,6.200659450546418,Active
CCOc1ccc(/C=N/n2c(S)nnc2-c2cnccn2)cc1OC,3.721246399047171,Inactive
OC(c1ccc(Br)cc1)c1cn(-c2ccc(Br)cc2)nn1,5.008330992620052,Active
O=C1C=C(Cl)C(=O)c2ccccc21,4.910094888560602,Inactive
Cn1c(-c2ccccc2)cnc1NC(=O)c1ccccc1,5.346787486224656,Active
S=C(N/N=C1\CCc2ccccc21)Nc1ccc(Cl)cc1,4.6020599913279625,Inactive
N#Cc1ccc(S(=O)(=O)Nc2ccc([Se][Se]c3ccc(NS(=O)(=O)c4ccc(C#N)cc4)cc3)cc2)cc1,5.7544873321858505,Active
COc1cc(/C=C/C(=O)/C=C(\NC2CCCCC2)SC)cc(OC)c1OC,5.455931955649724,Active
CCCN1C=CC=c2o/c(=C/C=c3\s/c(=C\c4sc5ccccc5[n+]4C)n(CC)c3=O)nc21,6.161150909262744,Active
COc1cc(-c2oc3cc(OC)c(OC)c(OC)c3c(=O)c2OC)cc(OC)c1OC,4.500175504160421,Inactive
COc1cccc(CNC(=O)c2c([N+](=O)[O-])noc2-c2ccc(Cl)cc2Cl)c1,5.145086977692144,Active
O=C(/N=C(/NCc1ccccc1)Nc1ccc([N+](=O)[O-])cc1)c1ccccc1,4.774690718274137,Inactive
CC(C)CC(=O)c1c(O)c(C=O)c(O)c2c1O[C@@]1(C)[C@@H](C2)C[C@H]2C[C@@H]1C2(C)C,5.735590700295764,Active
Cc1ccc(OC2=CC(=O)c3ccccc3C2=O)cc1Br,5.540607512240769,Active
OC(c1cccnc1)(c1ccc(Cl)cc1F)c1ccc(Cl)cc1F,7.795880017344075,Active
Cc1ccccc1CN1CCC(N(c2ccc(C(F)(F)F)cc2)c2cccnc2)CC1,8.154901959985743,Active
O=[N+]([O-])c1cn2c(n1)OC[C@H](Oc1cccc(-c3ccc(F)cc3)n1)C2,6.3872161432802645,Active
COc1ccc(-c2cnc(C)o2)cc1S(=O)(=O)Nc1ccc(C)cc1C,5.499999678657065,Active
CC1(C)C=Cc2c(ccc(C(=O)/C=C/c3ccc(C#N)cc3)c2O)O1,5.086186147616283,Active
O=C(NCCc1n[nH]c(-c2ccc(F)c(F)c2)n1)C1CCCCC1,5.700000503883016,Active
CCCCCCCCCCCCCCC[C@H]1C[C@@H](CC(=O)O)OO1,5.210419287835575,Active
CCOC(=O)N1CCN(Cc2cc(Nc3ccnc4cc(Cl)ccc34)ccc2O)CC1,4.826813731587726,Inactive
COc1ccc2nc3ccc(COC(=O)c4ccccc4)cc3c(Cl)c2c1,3.863279432843593,Inactive
C/C(=N/Nc1ncnc2sc3c(c12)CCCC3)c1ccccc1,4.54515513999149,Inactive
CCCCCCCCC#CCCCCCCCC(=O)O,4.559090917934782,Inactive
C=CCOC1=CC(=O)c2ccccc2C12CO2,6.698970004336019,Active
COc1cc(O)cc(O)c1C(=O)/C=C/c1ccc(C)cc1,5.130768280269024,Active
O=C1C=CC(=O)C(Br)=C1,4.666754301038037,Inactive
O=C(NCC(c1cccnc1)N1CCc2ccccc2C1)C(=O)Nc1cccc(Cl)c1,5.899998417198648,Active
O=C(c1ccc(F)cc1)c1c(C(F)(F)F)[n+]([O-])c2cc(F)c(F)cc2[n+]1[O-],6.221848749616356,Active
CC(=O)Nc1ccc(-c2ccnc(Nc3cccc(C#N)c3)n2)cc1,5.200000237109354,Active
Cc1cccc2[nH]c(-c3cccc(NC(=O)c4cccs4)c3)nc12,4.749579997691106,Inactive
CC(C)C(=O)OC1Oc2ccccc2C[C@@H]1NC(=O)[C@H](Cc1ccccc1)NC(=O)N1CCN(C)CC1,5.0,Active
Cc1cc(-c2nn([C@@H]3O[C@H](CO)[C@@H](O)[C@H]3O)c3ncnc(N)c23)ccc1Cl,6.091514981121351,Active
CCN(CC)C(=O)NC1CCN(C(c2ccc(Cl)cc2)c2cncnc2)CC1,6.958607314841775,Active
CC(C)S(=O)(=O)N1CCC(NC(c2ccc(C(F)(F)F)cc2)c2cnccn2)CC1,6.657577319177793,Active
Cc1ccc(S(=O)(=O)Nc2ccc(CN3CCN(C(=O)Cc4coc5ccccc45)CC3)cc2)cc1,5.200000237109354,Active
O=C(/C=C/c1ccc(O)c(O)c1)c1ccc(O)cc1O,4.180456064458132,Inactive
Cn1nccc1C(=O)Nc1nc2cc(CN3CCOCC3)ccc2n1CC(F)(F)F,5.080921907623926,Active
COc1nc2ccc(Br)cc2c2c1C(C)(OCC(O)CN)c1ccccc1-2,6.327902142064283,Active
CCOC(=O)c1noc2c1CN(C(=O)c1cc(C(C)C)c(O)cc1O)CC2,6.210419287835575,Active
O=C(Nc1ccc(F)c(-c2nc3ncc(-c4ccc(Cl)cc4)cn3n2)c1)N1CCC(F)(F)C1,7.07727454200674,Active
Oc1cccc(/C=N/Nc2ncccn2)c1O,4.949620243738543,Inactive
O=C(O)c1ccccc1-c1cc(-c2c[nH]c3ccccc23)nc(-c2c[nH]c3ccccc23)c1,3.928854709548917,Inactive
CN(C)c1ccc(-c2nc3cc(N)ccc3[nH]2)cc1,4.760694763693351,Inactive
C=C1C(=O)O[C@H]2/C=C(/C)[C@@H](O)C[C@@H]3O[C@]3(C)C[C@H](OC(=O)/C(C)=C/C)[C@@H]12,5.136677139879544,Active
CCCCCCCCCCC1(C)NC(=O)C(C(C)=O)=C1O,5.522878745280337,Active
O=C(/C=C/c1ccc([N+](=O)[O-])o1)c1ccc(I)cc1,4.567030709125595,Inactive
COc1c(C)[nH]c2c(OC)ccc(CCCCCc3ccccc3)c2c1=O,5.6777807052660805,Active
COC(=O)C(NC(=O)CCCCc1ccc2c(c1)OCO2)C(C)C,3.317854923626168,Inactive
O=C(NC1CCN(C(c2ccc(C(F)(F)F)cc2)c2cccnc2)CC1)c1ccccc1,8.070581074285707,Active
O=C(CCN1CCN(c2ccc(Cl)cc2)CC1)c1ccsc1,4.661543506395395,Inactive
CCCN(CCC)c1ccc(S(N)(=O)=O)cc1[N+](=O)[O-],4.046361676474125,Inactive
N#Cc1cccc(C(=O)NCCc2csc(-c3ccccc3)n2)c1,6.102372908709558,Active
Cc1cccc(CNC(CN2CCN(C)CC2)c2ccccc2)c1,5.114773104045647,Active
Cc1nc(-c2ccccn2)nc(NC2Cc3ccccc3C2)c1Cl,6.376750709602099,Active
COC(=O)C1(C(=O)OC)Cc2cc3c(cc2C1)C(=O)C(c1ccccc1Br)=CC3=O,4.288192770958809,Inactive
COc1cc(-c2nc3c([nH]2)c2c(c4ccccc43)OC(C)(C)CC2)ccc1O,3.598944274228156,Inactive
O=C(CCc1ccccc1)c1ccccc1OCC(O)CN1CCCCC1,4.772114580283144,Inactive
S=C(Nc1ccc(Cl)cc1Cl)Nn1c(S)nnc1-c1cnccn1,4.102372908709558,Inactive
COCCn1cc(-c2ccnc(N)n2)c2cc(Br)ccc21,4.626536278367631,Inactive
COc1ccc(CN2CCN(Cc3ccc(OC)cc3)C2c2ccc(Cl)cc2)cc1,4.826813731587726,Inactive
Oc1c(-c2nc(C(O)c3ccccc3)n[nH]2)ncc2cccnc12,5.300000202445418,Active
CC(=O)c1ccc(NC(=O)CSc2nc(-c3ccccc3Cl)ns2)cc1,4.494850021680094,Inactive
Cn1nncc1C(=O)Nc1nc2ccc(C#N)cc2n1CC(F)(F)F,4.619788758288394,Inactive
N=C(N)NCCC[C@H](NC(=O)OCc1ccccc1)C(=O)c1nccs1,4.412289034981089,Inactive
N=C(N)c1ccc(-c2cccc(-c3ccc(C(=N)N)nc3)c2)cn1,4.36251027048749,Inactive
Cc1cc2c3cccn3c3cc(Cl)c(Cl)cc3[n+]2nc1C,5.417936637088292,Active
Nc1nccc(-c2cn(Cc3ccc(Cl)s3)c3ccc(Br)cc23)n1,4.535808629359001,Inactive
C=C(C(=O)OC)C(O)c1ccc(Cl)cc1,3.695143406002972,Inactive
O=[N+]([O-])c1cn2c(n1)OC[C@@H](OCc1ccc(Oc3ccc(OC(F)(F)F)cc3)cc1)C2,6.7447274948966935,Active
COc1ccc(CCN(C)C(=O)C2CCCN(Cc3ccccc3)C2)cc1OC,5.853871964321762,Active
Fc1cc(Cl)ccc1C(NC1CCN(c2ccc(OC(F)(F)F)cc2)CC1)c1cccnc1,8.096910013008056,Active
CCOC(=O)c1c(C(F)(F)F)[n+]([O-])c2ccc(OC)cc2[n+]1[O-],5.318758762624412,Active
COc1cc(C(c2nnnn2C(C)(C)C)N2CCc3c([nH]c4ccccc34)C2)cc(OC)c1OC,4.628932137728263,Inactive
CC1CCc2ccccc2N1S(=O)(=O)c1ccc(Br)cc1,4.670602120638957,Inactive
CC(=O)N[C@H]1Cc2ccc(cc2)Oc2ccc(cc2NC(=O)c2ccccn2)C(=O)CNC(=O)[C@H](Cc2ccccc2)NC1=O,4.42021640338319,Inactive
O=c1c2ccccc2nc(-c2ccc(-c3ccccc3)cc2)n1Cc1cccnc1,7.5892227666227905,Active
CCCCCn1c(NC(=O)Cc2ccc(Cl)cc2)nc2ccccc21,6.0,Active
Cn1cc(C(=O)NC2CCN(C(c3ccc(C(F)(F)F)cc3)c3cccnc3)CC2)c(C(F)(F)F)n1,7.795880017344075,Active
O=C(Cn1ccnc1[N+](=O)[O-])Nc1nc(-c2ccc(F)c(F)c2)cs1,5.399462705635531,Active
O=C(NCCc1csc(-c2ccccc2)n1)c1ccccc1F,4.958607314841775,Inactive
Cc1ccc(C)c(OCCSC#N)c1,4.831207979685818,Inactive
C=C1C(=O)[C@@]23CC[C@H](C(=C)C)[C@@](C)(CCC(=O)OCCC)[C@@H]2CC[C@H]1C3,5.508638306165727,Active
O=C(c1ccccc1)N1CCN(C(c2ccc(Cl)cc2)c2cccnc2)CC1,7.167491087293763,Active
CC1(C)[N+]([O-])=c2ccccc2=[N+]1[O-],5.045757490560675,Active
COc1cccc(-c2nc3c(C(=O)O)cccc3o2)c1NC(=O)c1cc2ccccc2[nH]1,5.512861624522814,Active
CC1(C)OC2=C(C(=O)C(=O)c3ccccc32)C1n1cc(CNC2=C(Cl)C(=O)c3ccccc3C2=O)nn1,5.086186147616283,Active
O=C(N/N=C/c1ccccc1)/C(=C/c1cnn(-c2ccccc2)c1)c1ccc(O)cc1,2.8682269415801,Inactive
N=C(N)c1cccc(OCCCCOc2cccc(C(=N)N)c2)c1,5.350665141287858,Active
O=C(Nc1ccccc1)NC1CCN(C(c2ccc(Cl)cc2)c2cccnc2)CC1,7.698970004336019,Active
NC(=S)N/C=N/c1c(C(F)(F)F)nn(-c2ccccc2)c1-c1ccccc1,4.080398976215889,Inactive
O=C1C(Cl)=C(Cl)C(=O)c2c(I)cccc21,5.139063379299906,Active
NCCN(CCN)CCNCc1ccc2ccccc2c1,4.721246399047171,Inactive
CN[C@H](C(=O)N(C)[C@@H](Cc1ccccc1)C(=O)NCCc1ccccc1)C(C)C,4.6020599913279625,Inactive
O=C(NCCc1csc(-c2cccnc2)n1)c1ccccc1,4.3979400086720375,Inactive
CO[C@H]1CN(c2ccc(C#C[C@@]3(O)CN4CCC3CC4)c(Cc3ccccc3)n2)C[C@H]1O,8.096910013008056,Active
Cc1nn(-c2nc(N)nc(-c3ccccn3)n2)c(N)c1-c1ccccc1,5.347128299810383,Active
COc1cccnc1-c1noc(-c2nnn(Cc3ccc(CN4CCOCC4)cc3)c2N)n1,4.70000006855703,Inactive
O=C(O)/C=C/c1ccc(O)c(O)c1,4.795880017344075,Inactive
COc1ccc(C(=O)Nc2ccc3cc4ccc(NC(C)=O)cc4nc3c2)cc1,4.060980223551334,Inactive
CCCCCCCCc1ccc(C(=O)N/N=C/c2ccc([N+](=O)[O-])o2)cc1,5.978810700930062,Active
COC(=O)C(Cc1ccc(O)cc1)NC(=O)CCCCc1ccc2c(c1)OCO2,3.43297363384094,Inactive
O=C(NCCc1csc(-c2ccccc2)n1)N1CCOCC1,5.494850021680094,Active
Cc1ccc(S(=O)(=O)Nc2ccc(CN3CCN(C(=O)c4cccc(C#N)c4)CC3)cc2)cc1,6.299997602857746,Active
CS(=O)(=O)Nc1ccc(C(O)(c2ccc(Cl)cc2)c2cccnc2)cc1,7.522878745280337,Active
COc1ccccc1-c1n[nH]c2nc(NC3CCN(C(=O)Cc4ccc(F)c(F)c4)CC3)ncc12,7.599980364934842,Active
O=P(c1ccccc1)(c1ccccc1)c1cccc2c(-c3ccc(F)cc3)cc(-c3ccccc3)nc12,5.431798275933005,Active
O=C(NCCCCCNC(=O)c1cc(Br)c(Br)[nH]1)c1cc(Br)c(Br)[nH]1,4.721246399047171,Inactive
Cn1ccc2nc(-c3ccccn3)nc(N3CCC(c4ccccn4)C3)c21,6.251811972993799,Active
CC/C(=N\Nc1nc(-c2ccc(C)cc2)cs1)c1cccc(Br)c1,4.580044251510242,Inactive
C=C(C(=O)OC)C(O)c1ccc(F)cc1,3.214670164989233,Inactive
CC(C)c1ccc(OCc2ccc(C(=N)N)cc2)cc1,4.305394801066432,Inactive
Cc1nn(-c2ccccc2)nc1CNC(=O)CN(Cc1ccccn1)Cc1ccccn1,5.40000018605658,Active
Cc1ccsc1[C@@H]1C[C@H]2Cc3ccccc3N1O2,3.672947734673302,Inactive
N#Cc1c(-c2ccc(Cl)cc2)[n+]([O-])c2cc(Cl)c(Cl)cc2[n+]1[O-],4.860120913598763,Inactive
Sc1nnc(-c2cnccn2)n1/N=C/c1ccc(Cl)cc1,3.702896349850744,Inactive
CC1(C)CCN(S(=O)(=O)c2ccc(NC(=O)c3ccc([N+](=O)[O-])s3)cc2)CC1,7.0,Active
C[C@@H]1CC[C@H]2[C@@H](CCCc3ccc(Cl)cc3)C(=O)O[C@@H]3O[C@@]4(C)CCC1[C@]32OO4,4.924453038607469,Inactive
COc1cccc2c1C(=O)C(Oc1ccccc1)=CC2=O,4.8830603534492445,Inactive
C=CC1=C(C)[C@@H]2CC(=O)[C@H]3[C@](C)(COC(C)=O)CCC[C@]3(C)[C@H]2CC1,4.315154638355588,Inactive
CC(=O)c1sc(N/N=C/c2cccc(/C=C/C(=O)c3ccco3)c2)nc1C,4.853871964321762,Inactive
O=C(Nc1ccc(F)c(-c2nc3ncc(-c4ccccc4)cn3n2)c1)N1CCC(F)(F)C1,7.091514981121351,Active
Cc1sc2nc(C(F)(F)F)nc(N3CCCN(C)CC3)c2c1C,4.335346368211607,Inactive
COc1ccc(-c2ccc(OC)c3ccccc23)c2c1C=NC(C)(C)C2,5.709075440617245,Active
CCC(C)NC(=O)c1nc(-c2ccc(F)cc2)cnc1N,4.769551078621726,Inactive
CC(C)NC(=N)c1ccc2oc(-c3cccc(OCCCCOc4ccccc4)c3)cc2c1,4.958607314841775,Inactive
Cc1nc2ccccc2c(-c2ccccc2)c1C(=O)OCc1cn(Cc2ccccc2C#N)nn1,5.0,Active
CC(C)=CC1=C(O)C(=O)c2ccccc2C1=O,2.892586502511852,Inactive
NC(=O)c1ncccc1Nc1nc(N[C@H]2CC[C@H](O)CC2)ncc1Br,5.955489637792234,Active
COc1ccc(C(=O)Nc2[nH]nc(-c3ccccn3)c2C2CC2)cc1,5.694648630553377,Active
Cc1csc(C(=O)N2CCN(C(c3ccc(C#N)cc3)c3cccnc3)CC2)n1,6.289882634888183,Active
C=CCc1ccc(OCC)c(OC)c1,3.93218548883816,Inactive
COc1ccccc1OCCNCC(O)COc1cccc2[nH]c3ccccc3c12,5.096910013008056,Active
Cc1ccc(-c2nc3c([nH]2)c2c(c4ccccc43)OC(C)(C)CC2)cc1,4.809668301829708,Inactive
CCCCNCC(P(=O)(O)O)P(=O)(O)O,5.318758762624412,Active
NC(c1ccc(Cl)cc1)(c1cccnc1)c1ccccc1Cl,7.045757490560675,Active
CC1(Cc2ccccc2)CC(S(=O)(=O)c2ccc(/C(N)=N\O)cc2)=C(c2ccc([N+](=O)[O-])cc2)O1,4.725149679983336,Inactive
Clc1cccc(COC(CCn2cncn2)c2cccs2)c1,5.094743951251549,Active
[O-][n+]1onc2ccc(/C=N/N=C/c3ccc(O)cc3)cc21,4.6020599913279625,Inactive
C=CCn1c2ccccc2c2nnc(SCCNc3ccnc4cc(Cl)ccc34)nc21,5.04503426894158,Active
CCN(Cc1cccnc1)c1cncc(-c2nc3ccccc3s2)c1,6.767003889607846,Active
CCOC(=O)/C(C#N)=C/c1cn([C@H]2C[C@H](OC(C)=O)[C@@H](COC(C)=O)O2)c(=O)[nH]c1=O,4.407823242604133,Inactive
O[C@@H]1Cc2cc(F)ccc2N[C@H](c2ccc(Cl)cc2)C1,4.337903554582076,Inactive
O=C(O)c1c(CNC2CCN(Cc3ccccc3)CC2)nc2ccc(Cl)cc2c1-c1ccccc1,5.337242168318426,Active
COc1ccc(-c2nc(NCCCN3CCOCC3)c3ccccc3n2)cc1,4.6020599913279625,Inactive
CC(C)CCNC(=O)c1c([N+](=O)[O-])noc1-c1ccc([N+](=O)[O-])cc1,4.99225222199926,Inactive
CCOC(=O)c1cc2c(n1CC)C(=O)C(Br)=CC2=O,6.275724130399211,Active
COc1ccc(-c2cccc(Cl)c2)c2c1C(C)=N[C@H](C)C2,4.886056647693163,Inactive
Cc1noc(C)c1-c1ccc2[nH]c(=O)nc(-c3ccccc3)c2c1,4.924088238517222,Inactive
COC1=CC(c2ccc[nH]2)=N/C1=C\N[C@H]1CC[C@H](C)CC1,6.913640169325252,Active
CC1=C(CCCC[P+](c2ccccc2)(c2ccccc2)c2ccccc2)C(=O)c2ccccc2C1=O,5.568636235841013,Active
COc1ccc(C2=C(CCC(C)=O)C(=O)c3ccccc3C2=O)cc1,3.9617773616312815,Inactive
C[C@@]1(COc2ccc(C(F)(F)F)cn2)CCn2cc([N+](=O)[O-])nc2O1,6.008773924307505,Active
c1cc(OCCCCCOc2cccc(C3=NCCN3)c2)cc(C2=NCCN2)c1,4.649751981665837,Inactive
Cc1ccc(C(=O)Nc2ncc(-c3ccccc3)o2)cc1,5.853871964321762,Active
CCCC(=O)c1ccc(OC)c(OC2CCOC2)c1,4.167491087293763,Inactive
O=[N+]([O-])c1ccccc1/C=N/Nc1ncnc2sc3c(c12)CCCC3,3.96738123914928,Inactive
CS/C(=C/[N+](=O)[O-])NCCCCO,4.133122185662502,Inactive
CC(C)C(=O)c1c(C(F)(F)F)[n+]([O-])c2cc(N3CCOCC3)c(N3CCOCC3)cc2[n+]1[O-],4.769551078621726,Inactive
OCCCNc1ccnc2cc(Cl)ccc12,5.187086643357144,Active
COc1ccc([C@H]2Oc3ccc(/C=C/C(=O)OC(C)(C)C)cc3[C@@H]2C)cc1,5.396855627379818,Active
Cc1cc(C)c(C)c(S(=O)(=O)n2ccc3ccccc32)c1C,6.1938200260161125,Active
C[C@H](Nc1ccnc2cc(Cl)ccc12)c1ccccc1,5.170053304058364,Active
COc1cc(C(=N)NC(C)C)ccc1-c1cc2cc(C(=N)NC(C)C)ccc2o1,5.823908740944319,Active
c1ccc2c(CN3CCc4c([nH]c5ccccc45)C3)c3ccccc3cc2c1,4.31695296176115,Inactive
O=C(O)COCC(=O)Nc1ccc([Se][Se]c2ccc(NC(=O)COCC(=O)O)cc2)cc1,4.91721462968355,Inactive
CC1(C)OC2=C(C(=O)C(=O)c3ccccc32)C1n1cc(-c2ccc(F)cc2)nn1,5.342466112442014,Active
O=C(c1ccc(OCCN2CCCCC2)cc1)c1c(-c2ccc(O)cc2)sc2cc(O)ccc12,5.0,Active
CCCn1c(NC(=O)Cc2ccc(Cl)cc2)nc2ccccc21,5.899813896858261,Active
Cc1cn([C@@H]2O[C@H](CO)[C@@H](O)[C@H]2O)c2nccc(N)c12,5.943095148663527,Active
c1ccc(CNCCCCCCCCCCNCc2ccccc2)cc1,5.087777943467585,Active
COc1c(C)[nH]c2c(c1=O)[C@@H](CCCCCc1ccccc1)CCC2=O,6.301029995663981,Active
COc1ccc(C(=O)Nc2c(C)nn(COc3cccc(C(F)(F)F)c3)c2C)cc1,4.600000074606178,Inactive
CCCCCCOc1ccc(C(=O)/C=C/c2ccccc2)cc1,4.207608310501746,Inactive
O=C1c2cccc3cccc(c23)C(=O)N1CCCNCCCCNCCCN1C(=O)c2cccc3cccc(c23)C1=O,6.0,Active
COc1ccccc1S(=O)(=O)N(Cc1ccccc1)Cc1ccccc1,6.480001470881152,Active
O=[N+]([O-])c1nccn1Cc1cc(-c2ccc(C(F)(F)F)cc2)no1,4.7447274948966935,Inactive
c1ccc(Oc2ccc(OCCOC3CCCCO3)cc2)cc1,3.860120913598764,Inactive
CCC1Oc2cc(S(=O)(=O)N(C)CC(=O)N3CCc4ccccc4C3)c(C)cc2NC1=O,4.499999953328896,Inactive
Cc1nccn1C1CCCN(C(=O)c2cc3c(F)cccc3s2)C1,6.0999990348465305,Active
NC(=S)N/N=C(/COc1ccc(Br)cc1)c1ccc(Br)cc1,4.924453038607469,Inactive
COc1ccc(Nc2nccc(N(C)c3n[nH]c4c(F)cccc34)n2)cc1S(C)(=O)=O,5.524595425393767,Active
C/C=C(\C=N)c1ncc(C(=O)NC(Cn2ccnc2)C(C)(C)C)c(O)n1,5.236572006437063,Active
Cc1nn[nH]c1C(=O)Nc1nc2ccc(C#N)cc2n1CC(F)(F)F,4.1938200260161125,Inactive
CCCCCCNCC(P(=O)(O)O)P(=O)(O)O,6.075720713938118,Active
CS(=O)(=O)c1nc2ccc(Br)cc2nc1NCCO,6.096910013008056,Active
CCOC(=O)CC[C@@H](C)[C@H]1CC[C@H]2[C@@H]3CC[C@@H]4C[C@H](O)CC[C@]4(C)[C@H]3CC[C@]12C,3.5746288335610585,Inactive
Cc1nc(NC(=N)N)nc2ccccc12,4.42021640338319,Inactive
COP(=O)(OC)C(Nc1ccccc1)c1ccccc1F,4.61989435897191,Inactive
Nc1ncnc2c1c(C(=O)Nc1ccccc1)nn2[C@@H]1O[C@H](CO)[C@@H](O)[C@H]1O,4.488116639021126,Inactive
COc1cc(C(=O)Nc2c(OS(=O)(=O)c3ccc(C)cc3)c3ccccc3[nH]c2=O)cc(OC)c1OC,4.7447274948966935,Inactive
C[C@@]1(COc2ccc(C(F)(F)F)nc2)CCn2cc([N+](=O)[O-])nc2O1,6.130768280269024,Active
Fc1ccc2scc(CNCCCCNc3ccnc4cc(Cl)ccc34)c2c1,6.292429823902063,Active
CCCCCNS(=O)(=O)c1cc([N+](=O)[O-])c(N(CCC)CCC)c([N+](=O)[O-])c1,4.366531544420414,Inactive
CCN1CC(CN(C)c2cc(C)nc(N)n2)Oc2ccccc21,4.485425021780632,Inactive
CCNC(=O)c1nnn(-c2cc(C(C)C)c(O)cc2O)c1-c1ccc(Cn2ccnc2)cc1,5.3040807471686,Active
COc1ccc(S(=O)(=O)Nc2ccc(CN3CCN(C(=O)c4ccc(C)c(Cl)c4)CC3)cc2)cc1,5.899998417198648,Active
CCN(CC)CC(=O)NCCNc1cc(/C=C/c2ccccc2)nc2ccccc12,5.795880017344075,Active
CCCN(Cc1ccc(OC)c(OC)c1)Cc1cc(=O)c2c(C)cc(C)cc2[nH]1,5.700000503883016,Active
O=C(N/N=C/c1ccc(O)cc1)c1nc(-c2ccc(Cl)cc2)no1,4.6700000181810175,Inactive
N#Cc1ccc(C(=O)Nc2ccc(-c3nccc4c3[nH]c3ccccc34)cc2)cc1,5.274905478918531,Active
CCC/C=C/c1ccc2cccc([N+](=O)[O-])c2n1,5.154901959985743,Active
Brc1cccc([C@@H]2C[C@@H]3Cc4ccc5ccccc5c4N2O3)c1,4.745935547085662,Inactive
COc1ccc(C(=N)NC(C)C)cc1-c1cc2cc(C(=N)NC(C)C)ccc2o1,4.6020599913279625,Inactive
COc1ccc(C(=O)C(CCC(CNC(C)(C)C)C(=O)c2ccc(OC)cc2)CNC(C)(C)C)cc1,6.0723986906742775,Active
Cc1ccc(-c2csc(N/N=C/c3ccccn3)n2)cc1,5.4928007868069,Active
O=C(NNC(=O)c1ccccn1)c1ccc(-c2ccccc2)cc1,5.800000874803203,Active
Cc1ccc(Nc2nc(N)nc(CNC(c3nc4ccccc4[nH]3)C(C)C)n2)cc1,5.300000202445418,Active
Cn1c([N+](=O)[O-])cnc1-c1nnc(N/N=C/c2cccc(Cl)c2Cl)s1,2.917645548669031,Inactive
c1ccc(-c2ccc(Cn3cncc3CNc3ccc(N4CCCC4)c(-c4ccccc4)c3)cc2)cc1,7.657577319177793,Active
COc1cc(C(O)CCC(O)c2ccccc2)cc(OC)c1OC,4.110849121931991,Inactive
O=S(=O)(Nc1ccc([Se][Se]c2ccc(NS(=O)(=O)c3ccc(C(F)(F)F)cc3)cc2)cc1)c1ccc(C(F)(F)F)cc1,5.696803942579511,Active
O=C(NCCn1ccc(-c2ccccc2)n1)N1CCOCC1,4.6020599913279625,Inactive
CC1CCN(c2ncnc3c2ccn3[C@@H]2O[C@H](CO)[C@@H](O)[C@H]2O)CC1,5.585026652029182,Active
COc1cccc2c1O/C(=C(/C)c1ncc([N+](=O)[O-])[nH]1)C2=O,7.795880017344075,Active
CC1=CC[C@H](C(C)CCNCc2ccccc2)CC1,4.301029995663981,Inactive
CCN1c2ccc(-c3cncn3CCCn3ccnc3C)cc2CC1C,4.986572451856712,Inactive
Nc1ccc(S(=O)(=O)Nc2nc3ccccc3o2)cc1,5.1938200260161125,Active
COCCCCCCNC(=O)c1ccc([N+](=O)[O-])o1,5.096910013008056,Active
COc1cc(/C=C2\CCC/C(=C\c3cc(OC)c(OC)c(OC)c3)C2=O)cc(OC)c1OC,4.403402904373539,Inactive
Cc1ccccc1Oc1cccc(Cn2ccnc2)c1,6.148130399270234,Active
c1ccc(Nc2nc(-c3ccccn3)cc(N3CCOCC3)n2)cc1,5.700000503883016,Active
COc1ccccc1OCC(O)Cn1cc(COc2ccc(Cl)cc2)nn1,3.9164973801697327,Inactive
Clc1ccc(C(Cn2ccnc2)OCc2ccsc2Cl)c(Cl)c1,4.882728704344236,Inactive
COc1ccc(NC(=O)c2c(NC(=O)C(F)(F)F)sc3c2CCCCC3)cc1,5.193141970481182,Active
C/C(C=O)=C\CC[C@H](C)[C@@H]1CC[C@]2(C)C3=C([C@@H](O)C[C@@]12C)[C@@]1(C)CC[C@H](O)C(C)(C)[C@@H]1CC3=O,5.431798275933005,Active
CCCCNC(c1ccc(C2NC(=O)c3ccccc3N2)cc1)c1nnnn1C(C)(C)C,5.252588192113577,Active
O=C(/C=C/c1ccc([N+](=O)[O-])o1)c1ccc(C2CCCCC2)cc1,4.962573502059376,Inactive
C[C@H]1[C@@H](OC(=O)CCC(=O)O)O[C@@H]2O[C@]3(C)CC[C@H]4[C@H](C)CC[C@@H]1[C@@]24OO3,6.455931955649724,Active
CCCCCCCCCCCCCCCCOP(=O)([O-])OCC[N+]12CCC(CC1)CC2,6.259637310505756,Active
CCCCCC/C=C/CCc1ccc(O)cc1,4.123205023799299,Inactive
O=S(=O)(NCCc1csc(-c2ccccc2)n1)c1ccccc1,4.698970004336019,Inactive
Clc1ccc2[nH]c3c[n+](CCCCCC[n+]4ccc5c(c4)[nH]c4ccc(Cl)cc45)ccc3c2c1,4.441291429466834,Inactive
CCCC[C@H]1CN(CCCC[C@H]2CNC(=N)N2)C(=N)N1,5.301029995663981,Active
COc1ccc2ncc(=O)n(CCN3CCC(NCc4ccc(-c5cccs5)cc4)CC3)c2n1,5.624595211230233,Active
N#Cc1cccc(OC2CCN(C(c3ccc(C(F)(F)F)cc3)c3cccnc3)CC2)c1,8.103749437538362,Active
O=C(Cc1ccc(F)cc1F)N1CCC(Nc2ncc3c(CN4CCOCC4)n[nH]c3n2)CC1,4.600000074606178,Inactive
C[C@H]1c2cc(Br)ccc2O[C@@H]1c1ccc(O)cc1,4.488116639021126,Inactive
COc1ccc(/C(=N/c2ccccc2)Nc2ccccc2)cc1,5.726998727936262,Active
OC1CCN(C(c2ccc(C(F)(F)F)cc2)c2cnccn2)CC1,5.185752404268079,Active
C#CCCCCC(=O)N(C)[C@H](C(=O)N(C)[C@H](C(=O)N(C)[C@H](C(=O)N(C)[C@@H](C)C(=O)N(C)[C@@H](Cc1ccccc1)C(=O)O)C(C)C)C(C)C)C(C)C,5.251811972993799,Active
C[C@@H]1CC[C@H]2[C@@H](CCCc3ccc(C(F)(F)F)cc3)C(O)O[C@@H]3O[C@@]4(C)CC[C@@H]1[C@]32OO4,5.530177984021837,Active
COc1ccc(CNc2ncnc3c(C(C)C)n[nH]c23)cc1O,4.026872146400302,Inactive
C=CCOc1ccc(CC=C)cc1OC,3.7473168380678015,Inactive
CCOC(=O)/C=C/c1ccc2c(c1)[C@H](C(=O)OCC)[C@@H](c1ccc(O)cc1)O2,5.127843727251707,Active
CCCn1c(NC(=O)c2cccc(C(F)(F)F)n2)nc2ccc(F)cc21,5.638272163982407,Active
CC(C)c1ccc(C(c2nnnn2C(C)(C)C)N2CCc3c([nH]c4ccccc34)C2)cc1,4.975514332300833,Inactive
O=C(NCCn1ccc(-c2ccccc2)n1)N1CC[C@@H](F)C1,6.102372908709558,Active
COc1cc(-c2oc3cc(O)c(OC)c(O)c3c(=O)c2OC)cc(O)c1OC,4.99012436628784,Inactive
COc1cccc(Nc2cc(C)nc(NCc3ccccc3)n2)c1,6.699991797446187,Active
COc1cc2c(cc1C(C)NC(=O)c1ccccc1)C=CC(C)(C)O2,4.580044251510242,Inactive
COc1cccc(-c2nc(NCCCN(C)C)c3ccccc3n2)c1,5.259637310505756,Active
COc1cc(CCC(O)c2ccc(-c3ccccc3)cc2)cc(OC)c1OC,4.548213564475709,Inactive
CN1/C(=C/C=C2\C=Nc3ccccc32)C=Cc2ccccc21,5.221848749616356,Active
CC(C)(C)c1ccc(-c2noc(C3CC(Br)=NO3)n2)cc1,6.537602002101044,Active
C=CC(C)(C)c1cc(OC)c(OC)cc1-c1coc2cc(OC)cc(OC)c2c1=O,4.0655015487564325,Inactive
O=C(Nc1cc(-c2ccccn2)n[nH]1)N1CCC(c2ccccc2)CC1,7.107905397309519,Active
[O-][n+]1onc2ccc(/C=C\Sc3ccccc3)cc21,5.42021640338319,Active
COc1cccc(/C=C2\Oc3cc(OCCN4CCCC4)ccc3C2=O)c1,4.640164517660112,Inactive
CCCCN(CCCC)c1c(C(C)=O)cc(S(=O)(=O)Nc2ccccc2)cc1C(C)=O,4.522878745280337,Inactive
Oc1ccc(-c2nc(NCCCN3CCOCC3)c3ccccc3n2)cc1,4.301029995663981,Inactive
CCCC(=O)c1ccc(NCc2cncn2Cc2ccc(-c3ccccc3)cc2)cc1-c1ccccc1,7.397940008672037,Active
O=[N+]([O-])c1cccc(NC2CCN(CCc3ccccc3)CC2)c1,4.633577042774027,Inactive
CC(C)CN(C[C@@H](O)[C@H](Cc1ccccc1)NC(=O)O[C@H]1CCOC1)S(=O)(=O)c1ccc(N)cc1,3.977942979398835,Inactive
Cc1nn(-c2cccc(Br)c2)cc1C#N,3.5609674678795877,Inactive
O=C(C(c1ccc(Cl)cc1)c1cncnc1)N1CCN(c2ccc(C(F)(F)F)cn2)CC1,6.79317412396815,Active
c1ccc(COc2ccc(C3=NCCN3)cc2)c(COc2ccc(C3=NCCN3)cc2)c1,5.436518914605589,Active
CS(=O)(=O)N(Cc1c[nH]cn1)c1ccc(-c2ccc(F)cc2)cc1F,8.619788758288394,Active
CCn1c2ccccc2c2nnc(SCCCNc3ccnc4cc(Cl)ccc34)nc21,5.575118363368933,Active
CC(C)(C)[Si](OC[C@H]1O[C@@H](n2ccc(=O)[nH]c2=O)C[C@@H]1O)(c1ccccc1)c1ccccc1,4.346787486224656,Inactive
Nc1ncnc2c1c(-c1ccncc1)nn2[C@@H]1O[C@H](CO)[C@@H](O)[C@H]1O,4.5951662833800615,Inactive
O=[N+]([O-])c1ccc(/C=N/Nc2ncnc3sc4c(c23)CCCC4)cc1,4.414539270491499,Inactive
N#Cc1c(-c2ccccc2)[n+]([O-])c2ccc(F)cc2[n+]1[O-],4.8124792791635365,Inactive
CC(C)(C)C(O)(CCc1ccc(Cl)cc1)Cn1cncn1,6.699991797446187,Active
O=C(/C=C/c1ccc2nonc2c1)c1ccccc1,4.013228265733755,Inactive
O=[N+]([O-])c1cnc2c(Br)cc(Cl)cn12,5.031517051446065,Active
Cc1ccc(-c2c(C#N)[n+]([O-])c3cc(Cl)ccc3[n+]2[O-])cc1,4.7594507517174005,Inactive
NC(=O)c1cc(N2CC2)c([N+](=O)[O-])cc1[N+](=O)[O-],6.2441251443275085,Active
Cc1cc(N(C)C)nc(N[C@H]2CC[C@H](NC(=O)c3ccccc3)CC2)n1,5.899998417198648,Active
COc1ccc(CN(CCc2ccc(OC)c(OC)c2)Cc2ccc(Br)cc2)cc1O,4.408267761048164,Inactive
COc1cc(C(=O)/C=C/c2cccc([N+](=O)[O-])c2)cc(OC)c1OC,6.3979400086720375,Active
COc1ccc(Nc2ccnc3cc(-c4cnc(N5CCCN(C)CC5)nc4)ccc23)cc1Cl,4.920818753952375,Inactive
c1ccc(C(=NNc2ncnc3sc4c(c23)CCCC4)c2ccccc2)cc1,3.739213331345024,Inactive
CCCCCCCCC(=O)Nc1nc2ccccc2n1CCC,5.6020599913279625,Active
O=C(OCC1CCN(Cc2ccc3c(c2)OCO3)CC1)c1ccc(F)cc1,4.241466577762713,Inactive
COc1cc([C@H]2S[C@@H](C)C(=O)Nc3[nH]nc(C)c32)ccc1OCc1ccc(Cl)cc1,4.600153287287077,Inactive
COc1ccc(-c2cc(-c3c[nH]c4ccccc34)nc(-c3c[nH]c4ccccc34)c2)cc1OC,3.716517852951029,Inactive
COC1=C(C)O[C@H]2C[C@@]1(OC)n1c3ccccc3c3c4c(c5c6ccccc6n2c5c31)C(=O)NC4,7.649751981665837,Active
CCC(=O)N(CCCCCCCCCN)C1CCN(CCc2ccccc2)CC1,4.327902142064283,Inactive
c1ccc(-c2nc(N3CCc4nc[nH]c4C3)c3ccccc3n2)nc1,4.6777807052660805,Inactive
COC(=O)[C@H]1CCCN1C(=O)Cc1ccccc1,4.021363051615525,Inactive
C=CCn1c(-c2ccc(Cl)cc2)cs\c1=N/N=C/C=C/C=C/c1cccs1,4.958607314841775,Inactive
Fc1ccc(O[C@H]2C[C@H](NCc3cccc4cn[nH]c34)C2)cc1C(F)(F)F,5.047128161432165,Active
CC1(C)CCc2cc(-c3coc4cc(O)cc(O)c4c3=O)cc(O)c2O1,4.165579296318468,Inactive
O=C(COc1ccc(-c2ccccc2)cc1)N1CCN(S(=O)(=O)c2ccc(F)cc2)CC1,3.700000003258169,Inactive
Oc1ccccc1C(c1c[nH]c2ccccc12)c1c[nH]c2ccccc12,4.164277729337318,Inactive
N[C@@H](Cc1ccccc1)C(=O)OCc1cn(-c2ccccc2)nn1,3.786934037934282,Inactive
CSc1ccc2c(c1)cc1c3ccccc3nc-1n2C,5.3979400086720375,Active
N#Cc1c(-c2ccc(OC(F)(F)F)cc2)[n+]([O-])c2cc(Cl)c(Cl)cc2[n+]1[O-],5.142667503568732,Active
Clc1ccccc1OCCOC1CCCCO1,4.138465589140962,Inactive
O=C(/C=C/C=C/c1ccc2c(c1)OCO2)NCC1CCCCC1,4.091514981121351,Inactive
Cc1nc2cc(OCc3cc(C(=O)NCc4ccccc4)no3)ccc2s1,5.055517327849832,Active
CCCNC(=O)CNc1ccc([N+](=O)[O-])cc1,3.8068754016455375,Inactive
NC(=S)N/N=C/CSc1cc(Cl)ccc1Cl,5.362990861995666,Active
CC(C)Oc1cccc(N2CCC(C(=O)N3CCCN(C(C)C)CC3)CC2)c1,6.199998172182031,Active
CC(C)OC(=O)c1ccc(C2=CN3CCC2CC3)cc1,5.958607314841775,Active
CCN(CC)Cc1cc(Nc2cc(/C=C/c3ccccc3)nc3ccccc23)ccc1O,5.017728766960431,Active
c1ccc(-n2cc(C[Se]c3cccc4ccccc34)nn2)cc1,5.508638306165727,Active
Cn1c(-c2ccccc2)cnc1NC(=O)C1CCCCC1,4.337242168318426,Inactive
O=[N+]([O-])c1cn2c(n1)O[C@H](COc1ccc(-c3ccc(F)cc3)nc1)C2,6.022276394711152,Active
COc1cc(CCCCCc2ccccc2)c2c(=O)c(OC)c(C)[nH]c2c1OC,4.889410289700751,Inactive
CNCCOCCn1nc(OC)c2cc([N+](=O)[O-])ccc21,4.6307841425898575,Inactive
Cc1ccc([C@@H]2C[C@H](O)Cc3cc(F)ccc3N2)o1,3.938547520912807,Inactive
OC[C@H]1O[C@@H](n2cnc3c(NC4CCCC4)nc(NC4CCCC4)nc32)[C@H](O)[C@@H]1O,6.537602002101044,Active
O=C(Nc1ccc(F)c(-c2nc3ncc(-c4ccc(F)cc4)cc3[nH]2)c1)N1CCCC1,7.853871964321762,Active
CN(C#N)N(C)C(=O)[C@H](Cc1ccccc1)NC(=O)OCc1ccccc1,5.300000202445418,Active
O=c1c2nc([N+](=O)[O-])cn2ccn1Cc1ccc(-c2cccnc2)cc1,7.0,Active
COc1cc(OC)cc(C(=O)CCC(=O)c2ccccc2)c1,5.772000239350357,Active
O=c1cc(NC2CCN(CCCc3ccccc3)CC2)c2cc(Cl)ccc2o1,4.996566612143879,Inactive
COc1cc(Cc2cnc(N)nc2N)cc(OC)c1OC(=O)CNC(CCC(=O)O)C(=O)O,5.048662481204082,Active
O=C(N/N=C/c1cccc(O)c1O)c1ncccn1,4.513357030976488,Inactive
COc1ccc(C(CC(=O)O)C2=C(C)C(=O)c3ccccc3C2=O)cc1,4.7594507517174005,Inactive
CN1CCN(c2ccc(S(=O)(=O)NCc3ccc(C(=O)Nc4cncnc4)cc3)cc2)CC1,4.017728766960432,Inactive
CCCCCCCCCCCCNCCN,6.026872146400302,Active
[O-][n+]1onc2cc(/C=C\[S+]([O-])c3ccccc3)ccc21,5.823908740944319,Active
Cc1nn(-c2cccc(Cl)c2)cc1-c1nnn[nH]1,3.910094888560602,Inactive
O=C(Nc1c(O)cccc1-c1nc2c(C(=O)O)cccc2o1)c1ccccn1,6.508638306165727,Active
O=[N+]([O-])c1cccc2nc(C(Cl)(Cl)Cl)ccc12,5.337242168318426,Active
CCN1/C(=C/C=C/c2sc3ccc(F)cc3[n+]2CC)Sc2ccc(F)cc21,7.552841968657781,Active
CC(=O)c1c(C(F)(F)F)[n+]([O-])c2cc(N3CCCCC3)c(N3CCCCC3)cc2[n+]1[O-],5.638272163982407,Active
Cc1nn(-c2ccccc2Br)cc1-c1nnn[nH]1,3.840854072145953,Inactive
O=C(c1ccccc1)N1CCCC(c2cn3cccnc3n2)C1,4.1938200260161125,Inactive
O=C(Cn1ccnc1[N+](=O)[O-])Nc1ccc(Oc2ccccc2)cc1,5.376750709602099,Active
CCCCCCCCc1cccc2[nH]c(C)c(OC)c(=O)c12,5.0,Active
C[n+]1nn(-c2ccc(-c3nc(CCc4ccc(-c5ccccc5)cc4)cs3)c(OCCN3CCNC3=O)c2)cc1CCCCN,4.993533957750768,Inactive
O=[N+]([O-])c1cccc2ccc(C(Br)Br)nc12,4.4089353929735005,Inactive
CN1CCN(c2ccc(C(=O)NCc3ccc(C(=O)Nc4cccnc4)cc3)cc2)CC1,3.9208187539523753,Inactive
COC(=O)c1ccc(/C=C/[C@]23C=C[C@@]4(OO2)C(C)(C)CC[C@@H](O)[C@]4(C)O3)cc1,5.285670240254767,Active
CC1Cc2ccccc2N1S(=O)(=O)c1ccc(C(C)(C)C)cc1,5.156144577376839,Active
O=C(Cc1ccccc1)N/N=C/c1ccc([N+](=O)[O-])o1,4.934793871945688,Inactive
O=C1NC(=O)c2c1ccc(Sc1c(Cl)cccc1Cl)c2[N+](=O)[O-],4.221848749616356,Inactive
COc1ccc(-c2c(C#N)[n+]([O-])c3cc(F)c(F)cc3[n+]2[O-])cc1,4.91721462968355,Inactive
O=C(O)c1cn(Cc2ccccc2)nn1,4.728158393463501,Inactive
O=C(c1ccccc1)N1CCN(c2cnccn2)CC1,4.199970640755866,Inactive
CC(C)Nc1nc(NCc2ccccc2)nc2ccccc12,6.42021640338319,Active
COc1ccc([C@H]2Oc3ccccc3[C@@H]2CO)cc1OC,3.866461091629783,Inactive
O=S(=O)(Nc1cccc2cccnc12)c1cc(Br)c(Br)s1,5.54515513999149,Active
CCC[C@@]12CCC3[C@H](C)CC[C@H]4CC(=O)O[C@H](O1)[C@@]34OO2,4.392544976785332,Inactive
CC/C(=N\N=C(/S)Nc1ccccc1)c1cccc(Br)c1,4.875169850586141,Inactive
CN1C2CCC1CC(=NOC(c1ccccc1)c1ccccc1)C2,5.886056647693163,Active
Cc1ccc([C@@H]2C[C@H]3Cc4cc(F)ccc4N2O3)s1,4.036212172654444,Inactive
COC(=O)[C@@H](Cc1ccc[n+]([O-])c1)NC(=O)[C@]1(C)CCC[C@]2(C)c3ccc(C(C)C)cc3CC[C@@H]12,4.485452247339714,Inactive
O=S(=O)(/C=C/c1ccc2c(c1)no[n+]2[O-])c1ccccc1,5.301029995663981,Active
Cc1cc(C#N)c([N+](=O)[O-])cc1Br,4.547128111637048,Inactive
N=C(N)c1ccc2oc(CCc3cc4cc(C(=N)N)ccc4o3)cc2c1,5.97469413473523,Active
Cc1c(O)cccc1C(=O)N[C@@H](CSc1ccccc1)[C@H](O)CN1C[C@H]2CCCC[C@H]2C[C@H]1C(=O)NC(C)(C)C,4.95409053296499,Inactive
O=[N+]([O-])c1ncn(Cc2cn(-c3ccc(Cl)c(C(F)(F)F)c3)nn2)n1,5.004803708402821,Active
COc1ccc(/C=C/C=C(C(C)=O)C(C)=O)cc1,4.4148778136931845,Inactive
Cc1[nH]nc(C(F)(F)F)c1NC(=O)CCn1cc(Cl)c([N+](=O)[O-])n1,5.100000128334196,Active
COc1ccc(C(=O)/C=C/c2ccccc2[N+](=O)[O-])c(OC)c1OC,5.229147988357856,Active
O=[N+]([O-])c1cn2c(n1)SCC(Oc1ccc(C(F)(F)F)cn1)C2,5.0,Active
O=[N+]([O-])c1cn2c(n1)[S@@+]([O-])C[C@@H](OCc1ccc(OC(F)(F)F)cc1)C2,4.886056647693163,Inactive
COc1cc(-n2cc(CCCCN)nn2)ccc1-c1nc(CCc2ccccc2)cs1,5.107905397309519,Active
Cc1cccc([C@@H]2C[C@H](O)Cc3ccc4ccccc4c3N2)c1,4.602929450040591,Inactive
NC(=S)N/N=C/c1ccc(-c2ccc(Br)cc2Cl)o1,7.568636235841013,Active
CC1(Cc2ccccc2)CC(S(=O)(=O)c2c(F)cccc2F)=C(c2ccc(/C(N)=N\O)cc2)O1,4.655607726314889,Inactive
Cc1nc(-c2ccccn2)nc(N2CCC(c3ccccc3)CC2)c1Cl,5.958607314841775,Active
NC(=S)N/N=C/CSc1ccc(Cl)cc1,5.382475465113708,Active
COc1ccc(/C=C(\C)C(=O)/C=C/c2ccc(Cl)cc2)cc1,4.860120913598763,Inactive
CN1c2nc(-c3ccccc3)[nH]c2C(N)=NS1(=O)=O,4.777283528852417,Inactive
COc1cc2oc(=O)cc(-c3cc(OC)c(O)c(OC)c3)c2cc1OC,4.262409833714279,Inactive
CCc1ccc(OCc2ccccc2C(=O)Nc2ccc3nc(C)c(C)nc3c2)cc1,5.086186147616283,Active
O=[N+]([O-])c1cn2c(n1)[S@+]([O-])C[C@@H](OCc1ccc(OC(F)(F)F)cc1)C2,5.0,Active
COc1cccc2c(-c3ccc4c(c3O)[C@@H](C)N[C@H](C)C4)c(C)cc(O)c12,4.459045191073868,Inactive
Cc1nc(C2(O)CCCNCC2)sc1CCOc1ccc(F)c(F)c1,4.935559607543923,Inactive
O=C(CN1CCCC1)NCCCCNc1cc(/C=C/c2ccccc2)nc2ccccc12,6.698970004336019,Active
COC(=O)c1c(NCc2ccc(OC)cc2)noc1-c1ccc(Cl)cc1Cl,4.870632404277014,Inactive
CS(=O)(=O)c1ccc(N2CCC(NC(c3cccnc3)c3ccc(Cl)cc3F)CC2)cc1,8.366531544420413,Active
COc1ccc(C2=Nn3c(CCN)nnc3-c3ccccc3C2)cc1,4.710014277357695,Inactive
COc1ccc(C(c2nnnn2C(C)(C)C)N2CCc3c([nH]c4ccccc34)C2)cc1,5.563837352959244,Active
COc1cc([C@H]2Oc3c(OC)cc(/C=C/C(=O)NCCO)cc3[C@@H]2C(=O)NCCO)ccc1O,3.673664139071248,Inactive
CC(C)=CCC/C(C)=C/Cc1c(O)cc(O)c2c(=O)c3cccc(O)c3oc12,5.2441251443275085,Active
COc1ccc(C2CCC(c3ccccc3)O2)cc1,5.042196199650477,Active
CCCC[C@H]1C(=O)O[C@@H]2O[C@@]3(CC)CCC4[C@H](C)CC[C@@H]1[C@]42OO3,4.449771646944906,Inactive
CC[C@H]1CC[C@@H](n2c(=O)[nH]c3ncc(NC(C)=O)cc3c2=O)CC1,6.481486060122113,Active
Nc1ccnc2c1c(Br)cn2[C@@H]1O[C@H](CO)[C@@H](O)[C@H]1O,6.698970004336019,Active
O=C(Nc1ccccc1)Nc1nc(-c2ccccn2)cs1,6.088586685753257,Active
O=C(N/N=C/c1ccc([N+](=O)[O-])o1)c1cccc([N+](=O)[O-])c1,5.006123085058789,Active
NCCCCNCCCNC(=O)C(=O)c1c[nH]c2ccccc12,3.886056647693163,Inactive
COc1cc(C2=NCCN2)ccc1-c1cc2cc(C3=NCCN3)ccc2o1,4.221848749616356,Inactive
CCOc1ccc(Cl)cc1CNCCCn1ccnc1,4.414338864453247,Inactive
CC(C)NC(=N)c1ccc(OCc2ccc(COc3ccc(C(=N)NC(C)C)cc3)cc2)cc1,5.097453220686009,Active
O=C1C2=C(C(=O)c3ccccc31)[C@H]1Oc3ccc([N+](=O)[O-])cc3[C@H]1CO2,5.835647144215563,Active
N#Cc1c(NS(=O)(=O)c2ccc([N+](=O)[O-])cc2)[n+]([O-])c2ccccc2[n+]1[O-],4.06398920428479,Inactive
C[C@]12CC[C@H](O)C[C@@H]1CC[C@@H]1[C@@H]2CC[C@]2(C)C(=O)[C@H](Br)C[C@@H]12,5.1938200260161125,Active
N#Cc1c(NS(=O)(=O)c2ccc([N+](=O)[O-])cc2)[n+]([O-])c2cc(Cl)c(Cl)cc2[n+]1[O-],4.798602875679548,Inactive
O=C(NCCCN1CCOCC1)c1ccc(-n2ccc3ccccc32)s1,4.801132138968173,Inactive
C[C@@H]1CC[C@H]2CC(=O)O[C@@H]3O[C@@]4(C)CC[C@@H]1[C@@]23OO4,3.616184634019569,Inactive
COc1ccc(C(=O)/C=C/c2ccc3no[n+]([O-])c3c2)cc1,5.3872161432802645,Active
C=CCC1(C)c2cc(OC)c(OC)cc2Cn2cccc21,3.720892250616004,Inactive
COc1cc(/C=C2\Oc3cc(OCCN4CCCC4)ccc3C2=O)cc(OC)c1OC,4.804100347590766,Inactive
Clc1cccc(Cl)c1/C(=C1\C=CC=N1)c1ccc[nH]1,5.255707016877324,Active
Cc1c(-c2ccccc2)c[nH]c2c3ccccc3nc1-2,5.638272163982407,Active
COc1ccc([Te]Cc2ccc(S(N)(=O)=O)cc2)cc1,5.211831628858833,Active
CN(C)c1ccc(-c2cc3nccnc3c(OC[C@H]3CCCNC3)n2)cn1,4.70000006855703,Inactive
Cc1ccccc1-c1noc(-c2cccnc2)n1,4.730243475558555,Inactive
CC(=O)Nc1ccc(-c2nccc3c2[nH]c2ccccc23)cc1,5.665546248849069,Active
N#CCN(C(=O)OCc1ccccc1)C1CCNCC1,4.460923901207224,Inactive
O=C(c1ccccc1)N1CCN(C(=O)C(c2ccc(Cl)cc2)c2cccnc2)CC1,7.303206914918256,Active
CCCn1c(NC(=O)Cc2ccc(Br)cc2)nc2ccccc21,5.698970004336019,Active
COc1ccc(CNC(=O)CN(C(=O)c2ccc[nH]2)C(C(=O)NC(C)(C)C)c2cc(OC)c(OC)c(OC)c2)cc1,4.838631997765025,Inactive
C/C=C/c1ccc2ccccc2n1,5.154901959985743,Active
CN(C)CCOCCn1nc(OCc2ccccc2)c2cc([N+](=O)[O-])ccc21,4.785156151952302,Inactive
C=CCc1ccc(OC(=O)c2cccc([N+](=O)[O-])c2)c(OC)c1,4.2877713303804645,Inactive
CCCn1c(NC(=O)Cc2cc(F)ccc2F)nc2ccccc21,5.657577319177793,Active
COc1ccc(C(=O)CCN2CCN(c3ccc([N+](=O)[O-])cc3)CC2)cc1OC,3.979224511806442,Inactive
Fc1ccccc1/C=N/Nc1ncnc2sc3c(c12)CCCC3,5.481486060122113,Active
CC(C)(C)C(=O)N1CCC(N(c2ccc(C(F)(F)F)cc2)c2cccnc2)CC1,8.547983434037452,Active
CCCCCCn1cnc2c3ccccc3c3c(c21)CCC(C)(C)O3,4.501689446210399,Inactive
COc1ccc(CN(CCc2ccc(Br)cc2)Cc2ccc([N+](=O)[O-])cc2)cc1O,4.330869152626668,Inactive
Cc1ccc(C(=O)Nc2ccc(-c3nccc4c3[nH]c3ccccc34)cc2)cc1,4.8458804744841535,Inactive
c1ccc2[nH]c(-c3ccc(OCCCOc4ccc(-c5nc6ccccc6[nH]5)cc4)cc3)nc2c1,5.407823242604133,Active
CC1CSc2nc(N)c(N=O)c(=O)n2C1,4.562249437179612,Inactive
Cn1c(-c2ccc(OCC(=O)Nc3ccccn3)cc2)nc2cc(F)ccc2c1=O,5.113227356945562,Active
N#Cc1ccc2c(CNCCCCNc3ccnc4cc(Cl)ccc34)csc2c1,5.8996294548824375,Active
O=[N+]([O-])c1cc(C(F)(F)F)cc([N+](=O)[O-])c1SC1CCCCC1,4.4559659560343405,Inactive
C=CCc1cccc(/C=N/NC(=O)CN2CCN(Cc3ccccc3)CC2)c1O,4.853871964321762,Inactive
Cc1ccc(-c2cc(-c3cn([C@H]4C[C@H](O)[C@@H](CO)O4)c(=O)[nH]c3=O)no2)cc1,6.214670164989233,Active
CCOC(=O)N1[C@@H]2C=C[C@@](OC)(C(=O)c3c2cc(OC)c(OC)c3OCc2ccc(Cl)cc2)N1C(=O)OCC,4.076755981369724,Inactive
Oc1cccc(/C=N\c2cccc3c(/N=C/c4cccc(O)c4O)cccc23)c1O,5.055517327849832,Active
COC(c1ccc(Cl)cc1)(c1ccc2cncc(-c3c(F)cccc3F)c2c1)c1cncn1C,9.045757490560677,Active
O=S(=O)(c1ccc(Cl)cc1)N1CCCc2ccccc21,4.796423225022028,Inactive
O=[N+]([O-])c1cn2c(n1)OC[C@@H](OCc1ccc(OCc3ccccc3)cc1)C2,4.292429823902063,Inactive
FC(F)(F)c1ccc(N(c2cccnc2)C2CCN(Cc3ccccc3C(F)(F)F)CC2)cc1,8.045757490560675,Active
COc1cc(/C=C/C(=O)/C=C(\Nc2ccc(F)cc2)SC)cc(OC)c1OC,5.920818753952375,Active
C/C(=N\Nc1nc(-c2cccc([N+](=O)[O-])c2)cs1)c1ccc(Cl)c(Cl)c1Cl,5.191114132640188,Active
c1ccc(-n2cc(C[Se]c3cccs3)nn2)cc1,4.806875401645539,Inactive
O=S(=O)(/C=C\c1ccc2no[n+]([O-])c2c1)c1ccccc1,5.958607314841775,Active
Cc1ccc(C2C(c3ccc([N+](=O)[O-])cc3)=NOC23SCc2ccccc2C3=O)cc1,4.435926021022853,Inactive
O=C(Cn1cnc([N+](=O)[O-])n1)N1CCN(c2ncccn2)CC1,5.0,Active
Fc1ccc(-c2csc(N/N=C/CSc3ccccc3)n2)cc1,4.379863945026242,Inactive
N#Cc1c(-c2ccc(Cl)cc2)[n+]([O-])c2ccccc2[n+]1[O-],4.742321425130816,Inactive
O=C(Nc1nc2ccc([N+](=O)[O-])cc2s1)C1CC1,7.397940008672037,Active
CC1(COc2cc(C(F)(F)F)ccn2)CCn2cc([N+](=O)[O-])nc2O1,6.0655015487564325,Active
C[C@@H]1CC[C@H]2[C@@H](CCCc3cccc(F)c3)C(=O)O[C@@H]3O[C@@]4(C)CC[C@@H]1[C@]32OO4,5.3979400086720375,Active
OC[C@@H]1CC2CCN1C[C@@H]2C#Cc1cnc2ccccc2c1,4.718966632752273,Inactive
C#Cc1nn([C@@H]2O[C@H](CO)[C@@H](O)[C@H]2O)c2ncnc(N)c12,4.982966660701219,Inactive
COc1ccc(F)cc1S(=O)(=O)N(Cc1ccccc1)Cc1ccccc1,5.860001341725206,Active
COc1ccc(S(=O)(=O)Nc2ccc(CN3CCN(C(=O)c4cccc(C)c4)CC3)cc2)cc1,6.0,Active
Ic1ccccc1OCCOC1CCCCO1,4.537602002101044,Inactive
C=C1C(=O)O[C@H]2/C=C(/C)[C@H](O)C[C@H](O)C(=C)C[C@H](OC(=O)/C(C)=C\C)[C@@H]12,4.507239610973162,Inactive
Cc1nn(-c2ccc(Cl)cc2)cc1-c1nnn[nH]1,3.6088001598912256,Inactive
O=C(NCC1CCn2cc([N+](=O)[O-])nc2O1)c1ccc(OC(F)(F)F)cc1,5.823908740944319,Active
COc1cc(C(=N)N)ccc1OCc1cccc(C(=N)N)c1,4.543633966870957,Inactive
OC(c1ccc(F)cc1)(c1ccc(Cl)cc1)c1cncnc1,6.193141970481182,Active
C#CCCCC[C@@H](C)C(=O)N(C)[C@H](C(=O)N(C)[C@H](C(=O)N(C)[C@H](C(=O)N(C)[C@@H](C)C(=O)N(C)[C@@H](Cc1ccccc1)C(=O)N(C)C)C(C)C)C(C)C)C(C)C,5.638272163982407,Active
CC(C)(C)C(=O)N1CCC[C@@H]1C(=O)O,4.3851027839668655,Inactive
O=c1c2nc([N+](=O)[O-])cn2ccn1Cc1ccc(C(F)(F)F)nc1,6.050609993355087,Active
O=C1C(Cl)=C(N(C(=O)CCl)C(=O)CCl)C(=O)c2ccccc21,5.214670164989233,Active
O=[N+]([O-])c1ccc2c(c1)c(OCc1ccccc1)nn2CCCCCCBr,4.714442690992226,Inactive
COc1ccc(CN(CCc2ccccc2)Cc2ccc(Cl)cc2Cl)cc1O,4.221486988261075,Inactive
COc1ccc(CN(CCc2ccccc2)Cc2ccc(Cl)c(Cl)c2)cc1O,4.297224922098956,Inactive
C[C@H]1NC(=O)[C@@H](Cc2ccccc2)NC(=O)[C@@H](NC(=O)Cc2ccccc2)[C@@H](C)OC(=O)[C@H](Cc2c[nH]c3ccccc23)NC(=O)[C@@H]2CCCN2C1=O,4.248720896016658,Inactive
COc1ccc2nc(-c3ccccc3)c(NCCO)nc2c1,4.137868620686962,Inactive
C=C1C(=O)[C@@]23CC[C@H](C(=C)C)[C@@](C)(CCC(=O)OCCCC)[C@@H]2CC[C@H]1C3,5.376750709602099,Active
COc1ccc(S(=O)(=O)Nc2ccc(CN3C[C@@H]4C[C@H]3CN4C(=O)c3cccc(Cl)c3)cc2)cc1,4.800000052738446,Inactive
C=C(C)[C@@H]1C/C=C2\C(=O)O[C@@H](C[C@@]3(C)O[C@@H]3c3cc(C=O)c(o3)C1)[C@@H]2OC(C)=O,5.055517327849832,Active
O=C1CS/C(=N/N=C/c2ccccn2)N1c1ccccc1,3.295707888479197,Inactive
O=C1C(=O)c2ccccc2C2=C1C[C@@H]1CCCO[C@@H]1O2,4.450996737974212,Inactive
CC1(C)CCN(S(=O)(=O)c2cccc(NC(=O)c3ccc([N+](=O)[O-])s3)c2)CC1,5.886056647693163,Active
CN1CCN(C(=O)n2cc(-c3ccnc(N)n3)c3cc(Br)ccc32)CC1,4.392544976785332,Inactive
O=C(c1cccs1)c1cc2c(ccc3ccccc32)oc1=S,4.443697499232712,Inactive
CCC(=O)N(CCCCCCNC(=O)OC(C)(C)C)C1CCN(CCc2ccccc2)CC1,4.325047051951435,Inactive
Cc1ccc(CC2(C)CC(S(=O)(=O)c3ccc(F)cc3)=C(c3ccc(/C(N)=N/O)cc3)O2)cc1,4.634512015109101,Inactive
CSc1nc2ccccc2nc1NCCO,4.016824927962187,Inactive
Oc1ccccc1CNCCNCc1ccccc1O,3.962972120244225,Inactive
CCCC(=O)Nc1c(OS(=O)(=O)c2ccc(C)cc2)c2ccccc2n(C)c1=O,4.301029995663981,Inactive
CCCC1CCCN(Cc2csc(-c3ncccn3)n2)CC1,4.807942124075801,Inactive
O=C(NC1CCN(C(c2cccnc2)c2ccc(Cl)cc2F)CC1)c1ccccc1,8.083546051450075,Active
Cc1nn(C)c(Cl)c1CN(Cc1cccnc1)Cc1ccsc1,6.499996931948306,Active
O=C(Cc1ccccc1)NC1CCN(C(c2ccc(C(F)(F)F)cc2)c2cnccn2)CC1,6.721246399047171,Active
COc1ccc(I)c2c1C(=O)C=C(C)C2=O,5.120904120499927,Active
O=S(=O)(Nc1cccc2cnccc12)c1cccc2ccccc12,4.4723700991286615,Inactive
C/C(COc1ccccc1)=N\N=C1/NC(=O)CS1,4.709965388637482,Inactive
CC(C)=CCC[C@]1(C)C=Cc2cc(C(=O)O)cc(CC=C(C)C)c2O1,3.6507224725320446,Inactive
O=C1CC(O)(C(F)(F)C(F)(F)F)Oc2ccccc21,4.789038408623382,Inactive
CC(=O)Nc1ccc2cc3ccc(NC(=O)c4ccc(Cl)cc4)cc3nc2c1,5.142667503568732,Active
COc1ccc(-n2cc(COC(=O)[C@@H](N)Cc3ccccc3)nn2)cc1,3.8406433883777735,Inactive
CN(C)c1ccc(/C=C2\CC/C(=C\c3ccc(N(C)C)cc3)C2=O)cc1,4.355561410532162,Inactive
CC1(Cc2ccccc2)CC(S(=O)(=O)c2ccc(/C(N)=N\O)cc2)=C(c2ccc(I)cc2)O1,5.178486471595227,Active
COC1=CC(c2ccc[nH]2)=N/C1=C\NC1CCCCCC1,6.856985199745905,Active
O=[N+]([O-])c1cn2c(n1)OCC(OCc1ccc(OC(F)(F)F)cc1)C2,5.3979400086720375,Active
CCN1CCN(c2ncc(-c3ccc4c(Nc5cnccn5)ccnc4c3)cn2)CC1,5.113509274827518,Active
OC(c1ccc(Cl)cc1)(c1cncnc1)c1ccccc1F,6.853871964321762,Active
COc1ccc(NS(=O)(=O)c2ccc(S(=O)(=O)N(C)C3CCCCC3)cc2)c2ncccc12,6.624592466691214,Active
COc1ccc(Nc2nc(C)cc(N(C)C)n2)cc1,5.800000874803203,Active
CC1CCC2=C(O1)C(=O)c1ccccc1C2=O,4.610833915635467,Inactive
COc1cc(-c2cn(-c3cc(OC)c(OC)c(OC)c3)nn2)cc(OC)c1OC,5.026872146400302,Active
Clc1ccc(C(c2cccnc2)N2CCN(c3ccccc3)CC2)cc1,7.468521082957745,Active
O=[N+]([O-])c1nccn1CCCNCc1ccc2cc(Br)ccc2n1,4.095392636184552,Inactive
N=C(N)c1ccc(-c2cc(Cl)cc(-c3ccc(C(=N)N)cc3)c2)cc1,4.183758700008217,Inactive
COc1ccc(-c2cnc(NC(=O)c3ccc(Cl)cc3)n2C)cc1,5.091514981121351,Active
C=CCc1ccc(OCCCCCCCC)c(OC)c1,4.255746144268846,Inactive
Oc1ccc(CCc2cccc(O)c2)cc1,3.817585347565446,Inactive
CCc1ccccc1Sc1ccc(N2CCCC2=O)cc1C(F)(F)F,4.70000006855703,Inactive
O=[N+]([O-])c1nccn1CCCNc1nc2ccccc2s1,5.311580177997289,Active
COc1ccc(C(=O)CCC(=O)c2ccccc2)c(OC)c1,5.108462542327436,Active
CCCCCCCCCCCCCCCCc1c(O)cc(C)oc1=O,4.575118363368933,Inactive
FC(F)(F)c1ccccc1/C=N/Nc1ncnc2sc3c(c12)CCCC3,5.920818753952375,Active
COc1cnccc1-c1noc(-c2nnn(Cc3ccc(CN4CCOCC4)cc3)c2N)n1,6.0,Active
O=C(CCn1cnc([N+](=O)[O-])n1)Nc1cc(-c2ccc(Cl)cc2)no1,6.600326278518962,Active
CN(C)c1ccc(N=Cc2ccc(N3CCOCC3)cc2)cc1,4.76851358862993,Inactive
Cc1cccc(C(=O)N/N=C/c2ccc([N+](=O)[O-])s2)c1,5.315154638355588,Active
O=C(Nc1cc(-c2ccccn2)n[nH]1)N1CCC(c2ccc(F)cc2)CC1,6.275724130399211,Active
O=C(Nc1[nH]nc(-c2ccccn2)c1C1CC1)c1ccccc1F,6.015472686656207,Active
Cc1cc(NC(=O)c2cccc(C(F)(F)F)c2)n(-c2nc(-c3ccc4c(c3)OCO4)cs2)n1,4.789736606693437,Inactive
N#C[C@H](Cc1ccc(NC(=N)N)cc1)NC(=O)OCc1ccccc1,4.565431095965801,Inactive
O=C1c2ccccc2C(=O)N1C/C=N/N=c1\scc(-c2ccc(F)cc2)n1-c1ccccc1,4.131943638176958,Inactive
COc1cc(C(=O)N/N=C/c2ccc([N+](=O)[O-])s2)ccc1C,5.6595558851598815,Active
CC(C)(C)OC(=O)/C=C/c1ccc2c(c1)[C@H](CO)[C@@H](c1ccc(O)cc1)O2,4.767003889607846,Inactive
CSc1ccc(/C=N/NC(N)=S)cc1,5.58838029403677,Active
Nc1c(-c2nc(-c3ccccc3)no2)nnn1Cc1ccc(CN2CCOCC2)cc1,6.799998134593398,Active
N#C[Se]Cc1ccc([N+](=O)[O-])cc1,5.603800652904264,Active
O=[N+]([O-])c1nccn1CCCNS(=O)(=O)c1cc(Cl)c(Cl)s1,5.323306390375134,Active
Cc1ccc(OC2=CC(=O)c3cc4ccccc4cc3C2=O)c(C)c1,4.647817481888637,Inactive
Cc1ccc2c(c1)SC(C(=O)Nc1nnc(-c3ccccn3)[nH]1)C2,5.200000237109354,Active
CN(C)c1ccc(-c2nc3c([nH]2)C(N)=NS(=O)(=O)N3)cc1,4.54515513999149,Inactive
CCOP(=O)(OCC)OC[C@H]1O[C@@H](n2ccc(=O)[nH]c2=O)C[C@@H]1O[Si](C)(C)C(C)(C)C,4.3872161432802645,Inactive
O=C(c1ccc(F)cc1)N1CCCC(c2cc3nc(Cl)ccc3[nH]2)C1,4.1938200260161125,Inactive
Cn1nc(OCc2ccccc2)c2cc([N+](=O)[O-])ccc21,4.85078088734462,Inactive
C=C(C)[C@H]1Cc2oc(cc2C=O)[C@H]2O[C@]2(C)C[C@@H]2OC(=O)/C(=C\[C@H]1OC(C)=O)[C@H]2OC(C)=O,5.070581074285707,Active
N=C(N)c1cccc(COc2c(Br)cc(C(=N)N)cc2Br)c1,5.4723700991286615,Active
C[C@@H]1CC[C@H]2[C@@H](CCCc3cccc(F)c3)C(=O)O[C@@H]3O[C@@]4(C)CCC1[C@]32OO4,5.431798275933005,Active
O=C(N[C@@H](Cc1c[nH]c2ccccc12)C(=O)Nc1ccncc1)c1ccc(N2CCN(S(=O)(=O)c3ccccc3)CC2)cc1F,7.744727494896693,Active
O=C1c2ccccc2-c2c1c(Nc1ccncc1)nc1ccc(Br)cc21,5.294136287716081,Active
CCCc1cn(C/C=C(/C)CCC=C(C)C)nn1,4.356547323513812,Inactive
COc1ccc2nc3ccc(C)cc3c(Cl)c2c1,5.0,Active
N=C(N)c1ccc2oc(CCCCCc3cc4cc(C(=N)N)ccc4o3)cc2c1,5.603800652904264,Active
Cn1c(C(=O)c2cccc3ccccc23)nc2ccccc21,4.795880017344075,Inactive
Cc1c2nc3ccccc3c-2[nH]c2ccccc12,5.327902142064283,Active
CC1(C)C=Cc2c(ccc(C(=O)/C=C/c3ccccc3)c2O)O1,4.351347304868777,Inactive
C/C(=C\c1ccc(N(C)C)cc1)C(=O)/C=C/c1ccc(N(C)C)cc1,4.688246138944246,Inactive
CC1(COc2ccc(OC(F)(F)F)cc2)Cn2c(S(C)(=O)=O)cnc2O1,4.698970004336019,Inactive
C/C(=N\Nc1nc(-c2ccc(Cl)cc2)cs1)c1ccc(Cl)c(Cl)c1Cl,5.059981844992337,Active
CCOC(=O)CC[C@@H](C)[C@H]1CC[C@H]2[C@@H]3[C@H](O)C[C@@H]4C[C@H](OC(C)=O)CC[C@]4(C)[C@H]3CC[C@]12C,5.0655015487564325,Active
CCn1ccc2nc(-c3ccccn3)nc(N3CCC(c4ccccn4)C3)c21,6.7447274948966935,Active
C1=C(Cc2ccc(-c3ccccc3)cc2)C2CCN1CC2,5.327902142064283,Active
Cn1c2ccccc2c2nnc(SCCCNc3ccnc4cc(Cl)ccc34)nc21,4.617262734238669,Inactive
CCC(=O)CCCCCC(Oc1ccccc1)c1ncc(Cc2ccncc2)[nH]1,5.431798275933005,Active
COc1ccc(C2=NN(C(C)=O)C(c3ccc([N+](=O)[O-])s3)O2)cc1,4.97183558057553,Inactive
O=C1C=CC(=O)c2c(O)c(I)cc(I)c21,4.605198222837289,Inactive
CONC(=N)NCCC[C@H](NC(=O)N1CCN(C)CC1)C(=O)N[C@H](/C=C/S(=O)(=O)c1ccccc1)CCc1ccccc1,6.570247719997592,Active
CCCn1c(NC(=O)c2ccc(C(F)(F)F)nc2)nc2cccnc21,5.494850021680094,Active
COc1cccc(-n2ncc(C(=O)Nc3ccc4c(c3)B(O)OC4)c2C)n1,5.853871964321762,Active
CC(=O)c1c(C(F)(F)F)[n+]([O-])c2cc(F)c(N3CCC(O)CC3)cc2[n+]1[O-],5.200659450546418,Active
O=C(/C=C/c1ccccc1)c1ccccc1O,4.540607512240769,Inactive
O=C(Nc1cccnc1)c1ccc(CNS(=O)(=O)c2ccc(N3CCOCC3)cc2)cc1,5.6777807052660805,Active
CC(=O)OC[C@H]1O[C@@H](n2cc(-c3cc(CO)on3)c(=O)[nH]c2=O)C[C@@H]1OC(C)=O,5.4698003017969175,Active
COc1ccc(-c2nc3cc(OC)ccc3nc2-c2ccccc2)cc1,4.392544976785332,Inactive
O=C(CCN1CCN(c2ccc([N+](=O)[O-])cc2)CC1)c1ccc(F)cc1,4.181774106386045,Inactive
Cn1c2nc3ccccc3c-2cc2cc(Br)ccc21,4.494850021680094,Inactive
COc1ccc(-c2nc3cc(C)ccn3c2NC2CCCC2)cc1,4.991399828238082,Inactive
O=C(CN1C(=O)[C@H](Cc2ccccc2)NC2(C1=O)C1CC3CC(C1)CC2C3)NO,6.6777807052660805,Active
CC(C)c1nc(-c2cc(C(=O)NCCN(C)C)c3ccccn23)cs1,4.780543842753223,Inactive
COc1ccc2nc(NCC(C)C)c(SC)nc2c1,4.155522824254319,Inactive
CC(C)C[C@@H]1C[C@@]2(CC[C@H]3C[C@@H]2C3(C)C)Oc2c(C=O)c(O)c(C=O)c(O)c21,5.382999658879101,Active
Nc1cc(C2CCCN(C(=O)c3cc(C(F)(F)F)no3)C2)[nH]n1,4.1938200260161125,Inactive
COC1=C(C(C)C)C(=O)C2=C(C[C@@]34CCCC(C)(C)[C@@H]3C[C@]2(O)O4)C1=O,6.6020599913279625,Active
COCc1cc(COC)c(C(=O)/C=C/c2ccc3c(c2)OCO3)c(OC)c1,4.748361779551788,Inactive
Clc1ccc2nc(-c3ccco3)c3c(c2c1)OCCC3,4.118615343229427,Inactive
O=C(c1ccccc1)N1CCC(NC(c2ccc(C(F)(F)F)cc2)c2cnccn2)CC1,6.494850021680094,Active
Cc1ccc(C(c2c[nH]c3ccccc23)c2c[nH]c3ccccc23)cc1,4.2652801583443205,Inactive
COC(=O)c1cc2nc(SCC(=O)Nc3ccc(Cl)cc3)[nH]c2cc1Cl,3.915071782347337,Inactive
OC(c1ccc(Cl)cc1)(c1cccnc1)c1ccc(Cl)s1,7.113509274827518,Active
COCCN(Cc1ccc(F)cc1)S(=O)(=O)c1cc(C#N)ccc1OC,5.049999969853415,Active
COc1ccc(-c2cnc(NC(=O)c3ccccc3)n2C)cc1,4.552841968657781,Inactive
Clc1nnc(NCCCn2ccnc2)c2ccccc12,5.019996628416254,Active
COc1ccc(N2CCN(CCCn3ccnc3[N+](=O)[O-])CC2)cc1,3.729554091982037,Inactive
O=C1C=C(c2cccc(I)c2)C(=O)c2ccccc21,3.5176982327765574,Inactive
COc1c(C)n(OC)c2c(c1=O)[C@@H](CCCC[C@H](O)c1ccccc1)CCC2,5.1249387366083,Active
O=C(CCn1ccnc1)c1cccc([N+](=O)[O-])c1,4.665546248849069,Inactive
CCC(C)NC(=O)c1nc(-c2cccc(Cl)c2)cnc1N,4.6020599913279625,Inactive
CN1/C(=C/C=C/c2oc3ccccc3[n+]2C)Oc2ccc(Cl)cc21,5.834755673874689,Active
N#Cc1cc(N2CCCC2=O)ccc1Sc1ccccc1CO,6.599997654072044,Active
O=C(NC1CCCC1)NC1CCN(C(c2ccc(Cl)cc2)c2cccnc2)CC1,7.221848749616356,Active
C[C@H]1CN([C@@H](C)CO)C(=O)c2cccc(NC(=O)c3ccncc3)c2O[C@@H]1CN(C)Cc1ccc(Cl)c(Cl)c1,7.080921907623926,Active
CN(C)c1ccc(/C=N/NC(=O)/C(=C/c2cnn(-c3ccccc3)c2)c2ccc(F)cc2)cc1,3.050304889125877,Inactive
O=C(C1CC1)N1CCC(NC(c2cccnc2)c2ccc(Cl)cc2F)CC1,6.899629454882437,Active
COc1ccc(/C(=N/c2ccccc2)Nc2ccc([N+](=O)[O-])cc2)cc1,5.913640169325252,Active
COc1ccc(C(=O)CCNc2ccc(C(F)(F)F)cc2)cc1,4.609064892896621,Inactive
CC(C)CC(O)(c1ccc(Cl)cc1)c1cnccn1,6.856985199745905,Active
COc1cc(/C=N/NC(=O)c2nc3ccccc3[nH]2)ccc1O,4.182434630440219,Inactive
CCOC(=O)CC[C@@]12CC[C@H]3[C@H](C)CC[C@H]4CC(=O)O[C@H](O1)[C@]43OO2,4.508638306165727,Inactive
CCCCCCn1cnc2c3c(c4ccccc4c21)OC(C)(C)CC3,4.371611069949688,Inactive
CC(C)(C)C1=CC(=O)C(Br)=CC1=O,4.851089006890644,Inactive
CN1CCC2(CCN(c3ncc(-c4ccc5c(Nc6cnccn6)ccnc5c4)cn3)C2)C1,6.2839966563652006,Active
Cc1cc(Sc2ccc(C(F)(F)F)cc2[N+](=O)[O-])c(Cl)cc1Cl,4.105074718396562,Inactive
COc1ccc(CCN(Cc2ccc(Br)cc2)Cc2ccc(OC)c(O)c2)cc1,4.659357622439295,Inactive
COc1cc(/C=N/Nc2ncnc3sc4c(c23)CCCC4)cc(OC)c1O,4.38933983691012,Inactive
COc1cc(O)cc(O)c1C(=O)/C=C/C=C/c1ccccc1,4.279014255846261,Inactive
CCOC(=O)c1cn(CCCCCCCCCCCCI)nn1,4.641874714723351,Inactive
Nc1ccc2cccc([N+](=O)[O-])c2n1,4.327902142064283,Inactive
CC1(C)CCc2c(-c3coc4cc(O)cc(O)c4c3=O)ccc(O)c2O1,4.4156687756324695,Inactive
COc1ccc(C(c2nnnn2C2CCCCC2)N2CCc3c([nH]c4ccccc34)C2)cc1,4.691435586438761,Inactive
CCN(CC)CCCOc1ccc2c(c1)O/C(=C\c1cccc(OC)c1)C2=O,4.838631997765025,Inactive
O=C(OCC1CCn2cc([N+](=O)[O-])nc2O1)N1CCN(c2ccc(F)cc2)CC1,5.823908740944319,Active
CC(C)Oc1ccc(C(NC(=O)c2ccc(Cl)cc2)c2cccnc2)cc1,6.823908740944319,Active
CC1=C(C)/C(=C/NC2CCCCCC2)N=C1c1ccc[nH]1,7.0996328713435295,Active
N#Cc1c(NC(=O)c2ccco2)[n+]([O-])c2cc(F)c(F)cc2[n+]1[O-],4.716698771296451,Inactive
CN(C)CCC/N=c1/cc2n(-c3ccc(Cl)cc3)c3ccccc3nc-2cc1Nc1cccnc1,6.3872161432802645,Active
COc1cc2c(cc1OC)C(C)(Cc1cc3ccc4cccc5ccc(c1)c3c45)c1cccn1C2,4.065451052333853,Inactive
CN(C)S(=O)(=O)c1cccc(N2CCC(N(c3ccc(C#N)cc3)c3cccnc3)CC2)c1,8.221848749616356,Active
COc1cccc(/C=C/C(=O)c2ccc(O)cc2)c1OC,4.050609993355087,Inactive
Cc1ccc(SC/C=N/NC(N)=S)cc1,5.189767482004916,Active
CC(=O)N1N=C(c2ccc(Cl)cc2)OC1c1ccc([N+](=O)[O-])o1,4.940815382368629,Inactive
O=[N+]([O-])c1ccc(CNCCNCc2ccc([N+](=O)[O-])cc2)cc1,3.91360457287575,Inactive
O=C(c1cccc(Nc2ncc(-c3ccc4c(c3)OCO4)cn2)c1)N1CCOCC1,5.700000503883016,Active
C=CCc1ccc(OCCCc2cn(Cc3ccccc3)nn2)c(OC)c1,4.421360790031928,Inactive
CC(C)CC(=O)c1c(O)c(C=O)c2c(c1O)C[C@H]1C[C@H]3C[C@H](C3(C)C)[C@@]1(CO)O2,5.349346248063334,Active
c1cc2cc(CCCCc3cc4ccc(C5=NCCN5)cc4o3)oc2cc1C1=NCCN1,5.020451625295905,Active
CN(C)c1ccc(/C=C/C(=O)c2ccc(OCCN3CCCCC3)cc2)cc1,5.031517051446065,Active
Cn1c2nc3ccccc3c-2cc2ccc(Cl)cc21,4.769551078621726,Inactive
CO/N=C(\C)c1ccc(-n2ccnc2)c(NC(=O)c2cncc(-c3ccccc3)n2)c1,8.24033215531037,Active
COc1cccc(/C=C/C(=O)c2c(O)c3ccccc3[nH]c2=O)c1,4.546681659952962,Inactive
Fc1cc(Cl)ccc1C(NC1CCN(c2ccccc2F)CC1)c1cccnc1,8.346787486224656,Active
COc1ccccc1-c1n[nH]c2nc(NC3CCN(C(=O)N4CCOCC4)CC3)ncc12,5.700000503883016,Active
C[C@H]1CN([C@@H](C)CO)C(=O)c2cccc(NC(=O)c3ccncc3)c2O[C@@H]1CN(C)Cc1ccccc1Cl,6.782516055786093,Active
O=C(N/N=C/c1ccc([N+](=O)[O-])s1)c1cccc([N+](=O)[O-])c1,5.555955204081924,Active
CC(C)C1S/C(=N/N=C/c2ccccn2)N(c2ccccc2)C1=O,6.096910013008056,Active
CCCCNC(C)c1cc2c(cc1OC)OC(C)(C)C=C2,4.598599459218456,Inactive
COc1ccc2nc3cc(Cl)ccc3c(Nc3sc4c(c3C(N)=O)CCCC4)c2c1,4.497572880015567,Inactive
CC(C)(C)NC(=O)[C@@H]1CN(Cc2cccnc2)CCN1C[C@@H](O)C[C@@H](Cc1ccccc1)C(=O)N[C@H]1c2ccccc2C[C@H]1O,4.028956208163971,Inactive
COc1ccc2nc(C)cc(Nc3ccc(Cl)cc3)c2c1,5.391796062778831,Active
c1ccc(-c2nc(N3CCn4ccnc4C3)c3ccccc3n2)nc1,4.568636235841013,Inactive
COCCn1c(-c2ccc3c(c2)OCO3)cnc1NCc1ccccc1OC,4.8554896181331,Inactive
CCCCCCOc1ccc(C(=O)/C=C/c2ccc(OC)cc2OC)cc1,3.866461091629783,Inactive
Cn1/c(=N\N/C=C/c2sc3ccc(F)cc3[n+]2C)sc2ccccc21,4.991825815993574,Inactive
CC1(CNc2ccc(OC(F)(F)F)cc2)Cn2cc([N+](=O)[O-])nc2O1,5.1487416512809245,Active
C=CCn1c(-c2ccc(Cl)cc2)cs\c1=N/N=C/C=C/c1ccc([N+](=O)[O-])s1,4.871277715661573,Inactive
C=C(C(=O)OCCOC(=O)C(=C)C(O)c1ccc(Br)cc1)C(O)c1ccc(Br)cc1,6.301029995663981,Active
FC(F)(F)c1ccc(/C=N/Nc2ncnc3sc4c(c23)CCCC4)cc1,4.978810700930062,Inactive
NCCCCCNCc1ccc(OC2=CC(=O)c3ccccc3C2=O)cc1,4.699621935129297,Inactive
CC(C)Nc1nc(NC(C)C)nc(Sc2nnc3c4ccccc4n(C)c3n2)n1,4.759950227887352,Inactive
CCC(=O)CCCCCC(Oc1ccc(-c2ccccc2)nc1OC)c1ncc(Cc2ccncc2)[nH]1,6.91721462968355,Active
CCNC(=O)[C@@H]1C[C@@H](N)CN1Cc1ccc(Sc2ccc(C)cc2)o1,4.867161317006905,Inactive
COc1ccc2nc3cc(Cl)ccc3c(Nc3sc4c(c3C#N)CCCCCC4)c2c1,4.161339774011059,Inactive
O=C(CCN1CCN(c2ccc(Cl)cc2)CC1)c1ccc(F)c(Br)c1,4.51427857351842,Inactive
O=c1nc(-c2ccccc2)c2cc(-c3cccc(F)c3)ccc2[nH]1,5.023191662661934,Active
COc1ccc2nc(C(=O)NCCCN(C)C)ccc2c1,5.246416941107094,Active
Cc1nc(C(=O)N2CCC(NC(c3ccc(C(F)(F)F)cc3)c3cccnc3)CC2)cs1,6.486116814388907,Active
C=CCOc1cc(OC)c(C(=O)/C=C/c2ccc(O)cc2)c(OCC=C)c1,4.069560405233299,Inactive
O=[N+]([O-])c1cccc(-c2csc(N/N=C/CSc3ccccc3)n2)c1,4.860120913598763,Inactive
O=c1cc(-c2ccccc2)c2cccc([N+](=O)[O-])c2[nH]1,4.832682665251824,Inactive
CNc1nc(N)nc2c1ncn2[C@@H]1O[C@H](CSC)[C@@H](O)[C@H]1O,4.657577319177793,Inactive
O=S(=O)(c1cccs1)N1CCc2nc(-c3ccccn3)nc(N3CCCCCC3)c2C1,5.130768280269024,Active
CCC1S/C(=N/N=C/CSc2ccc(Br)cc2)NC1=O,4.570247719997592,Inactive
OC[C@H]1c2ccccc2O[C@@H]1c1cc(Br)c(O)c(Br)c1,4.995678626217358,Inactive
C=CCOc1ccc(C(=O)c2ccccc2)cc1,3.889410289700751,Inactive
COc1ccccc1-c1n[nH]c2nc(NC3CCN(S(=O)(=O)CCC(F)(F)F)CC3)ncc12,6.699991797446187,Active
NCc1ccc(Nc2c(O)c(=O)c2=O)cc1,4.09231997575758,Inactive
O=C(NCCn1ccc(-c2ccccc2)n1)c1ccccc1,4.301029995663981,Inactive
CCC(=O)CCCCCC(Oc1ccc2ccccc2c1)c1ncc(Cc2ccncc2)[nH]1,6.995678626217358,Active
Cn1nccc1C(=O)Nc1nc2cc(C#N)cnc2n1CC(C)(C)C,6.301029995663981,Active
Cc1ccc(N(C)c2nc(N)nc(Nc3ccc(C#N)cc3)n2)c(C)n1,4.4917396944876655,Inactive
CC(C)C(=O)c1c(C(F)(F)F)[n+]([O-])c2cc(N(C)C)c(N3CCOCC3)cc2[n+]1[O-],4.97061622231479,Inactive
O=[N+]([O-])c1ccc2c(c1)c(OCc1ccccc1)nn2CCCCCN1CCCCC1,5.180456064458132,Active
O=[N+]([O-])c1nccn1CCCN1CCN(Cc2ccc(Cl)c(Cl)c2)CC1,5.026872146400302,Active
N=C(N)c1ccc(-c2ccc(-c3cnc(C(=N)N)nc3)cn2)cc1,5.585026652029182,Active
C=CC[C@H]1C(=O)O[C@@H]2O[C@@]3(C)CC[C@H]4[C@H](C)CC[C@@H]1[C@@]24OO3,4.7447274948966935,Inactive
CCCCCc1cn(C/C=C(\C)CC/C=C(\C)CCC=C(C)C)nn1,4.356547323513812,Inactive
Cc1nnc(Cc2cccc(Oc3cc(C)c(Cl)c(C)c3)c2)o1,5.468521082957745,Active
Cn1cnc2c(NCc3ccccc3)nc(Nc3ccc(Cl)cc3)nc21,4.920818753952375,Inactive
Cc1nc2ccccc2c(-c2ccccc2)c1C(=O)OCc1cn(-c2ccc(C(C)C)cc2)nn1,5.301029995663981,Active
CN(C)CCNc1nc(-c2ccc(O)cc2)nc2ccccc12,5.259637310505756,Active
O=C(c1ccc(O)cn1)N1CCN(c2cnccn2)CC1,3.8934691461776185,Inactive
CCCCCc1cn(C/C=C(/C)CCC=C(C)C)nn1,4.3979400086720375,Inactive
CCCCCCOc1ccc(NC2=C(Cl)C(=O)c3ccccc3C2=O)cc1,5.218963061378868,Active
O=C(/C=C/c1ccc(Cl)s1)c1ccc(-n2ccnc2)cc1,4.669586226650809,Inactive
N#Cc1c(N)sc2c1CCCCCC2,5.259637310505756,Active
CC1(COCc2ccc(Oc3ccccc3)cc2)Cn2cc([N+](=O)[O-])nc2S1(=O)=O,4.251811972993799,Inactive
O=C(O)CN1CSC(=S)N(CCCCCCN2CN(CC(=O)O)CSC2=S)C1,5.150580586203101,Active
CCOc1ccc(OCc2ccc(C(=O)N3CCCCC3)cc2)cc1,4.026872146400302,Inactive
COc1cc(N)c(Cl)cc1C(=O)NC1CCN(CCCOc2ccc(C)cc2)CC1OC,4.401209493236885,Inactive
O=C(CN1CCCCC1)NCCNc1cc(/C=C/c2ccccc2)nc2ccccc12,5.6777807052660805,Active
COC(=O)c1ccc(NCc2cncn2Cc2ccccc2)cc1-c1ccccc1,7.096910013008056,Active
CC(C)C[C@H](NC(=O)c1csc(-c2cccs2)n1)C(=O)NC1(C#N)CC1,4.647128176548404,Inactive
CCC(=O)N(Cc1cccc(CNC(=O)OC(C)(C)C)c1)C1CCN(CCc2ccccc2)CC1,4.386898483033088,Inactive
Cc1ccc(Nc2nc(-c3ccccn3)nc3ccccc23)cc1,6.920818753952375,Active
CCNC(=O)c1noc(-c2cc(C(C)C)c(O)cc2O)c1NC(=O)c1cc(CN2CCOCC2)on1,5.09366495819491,Active
O=C(N/N=C/c1ccc([N+](=O)[O-])o1)Oc1ccccc1,5.1904402853647325,Active
O=C(NCC1CCCCN1C(=O)c1cccc2ccccc12)c1ccccc1,5.300000202445418,Active
Cn1cc(C(=O)NC2CCN(C(c3ccc(C#N)cc3)c3cccnc3)CC2)cn1,6.772113295386326,Active
COC(=O)c1c([N+](=O)[O-])noc1-c1ccccc1,5.663540266151471,Active
CCC(=O)N(c1cccc(NC(=N)N)c1)C1CCN(CCc2ccccc2)CC1,4.132120216541621,Inactive
Fc1cc(Cl)ccc1C(NC1CCN(Cc2ccc(Cl)cc2Cl)CC1)c1cccnc1,7.4089353929735005,Active
O=C1C(O)=C(CN2CCCC2)C(=O)c2ccccc21,3.401866354186762,Inactive
N#C[Se]CCc1ccc([N+](=O)[O-])cc1,5.105130343254747,Active
Cc1ccccc1-c1ccn(CCNC(=O)N2CCCCC2)n1,6.494850021680094,Active
Cc1ccc(C(=O)N/N=C/c2ccc([N+](=O)[O-])o2)cc1,5.107071017644794,Active
CC(=O)Nc1ccc2[nH]c(=O)n([C@H](C)C3CCCCC3)c(=O)c2c1,5.657577319177793,Active
CS(=O)(=O)N1CCC(CNC(c2ccc(C(F)(F)F)cc2)c2cnccn2)CC1,6.392544976785332,Active
COc1ccc(-c2cnc(NC(=O)c3ccccn3)n2C)cc1,4.886056647693163,Inactive
Oc1cc(Cl)ccc1Oc1ccc(Cl)cc1Cl,4.29272797145198,Inactive
CCCCc1c2c(cc3c1C(=O)C=CC3=O)CC(C(=O)OC)(C(=O)OC)C2,4.191114132640188,Inactive
COc1cc2c(c(OC)c1OC)C(c1ccc(C(F)(F)F)cc1)C1=C(COC1=O)N2,5.206209615309182,Active
C=CCOc1ccccc1C(=O)/C=C/c1ccc(OC)cc1OC,5.301029995663981,Active
COc1ccc(Cn2nc(C(=O)Nc3ccc(F)c(C(=O)N[C@H]4C[C@H](N5CCOCC5)C4)c3)ccc2=O)cc1F,6.799998134593398,Active
COc1ccc(C(=O)/C=C/c2cccc([N+](=O)[O-])c2)c(OC)c1OC,4.769551078621726,Inactive
CC(C)NC(=N)c1ccc(OCCCCCOc2ccc(C(=N)NC(C)C)c(F)c2)cc1F,4.823908740944319,Inactive
Cc1cncc(-c2ccc3[nH]c(=O)nc(-c4ccccc4)c3c2)c1,5.0195421077239,Active
Oc1ccc(C2=NCCN2)cc1-c1cc2ccc(C3=NCCN3)cc2o1,4.455931955649724,Inactive
CC1CCc2ccccc2N1S(=O)(=O)c1ccc([N+](=O)[O-])cc1,4.941573975542995,Inactive
C=C(c1nc(-c2ccc(OC)cc2)no1)C1(O)C(=O)N(CC)c2ccccc21,5.54515513999149,Active
O=S(=O)(c1ccc(Br)cc1)N1CCCc2ccccc21,4.860750782428393,Inactive
CC1(C)[N+]([O-])=c2ccc(Br)cc2=[N+]1[O-],4.920818753952375,Inactive
OC1(c2ccccc2)CCN(c2nc(-c3ccccn3)nc3ccccc23)C1,4.455931955649724,Inactive
O=[N+]([O-])c1c(CS(=O)(=O)c2ccccc2)nc2ccc(Cl)cn12,4.739928612014925,Inactive
CCCn1cnc2c3ccccc3c3c(c21)CCC(C)(C)O3,3.763966852882364,Inactive
c1ccc(COc2ccc(OCCOC3CCCCO3)cc2)cc1,3.9172146296835497,Inactive
O=C(N/N=C/c1ccccc1O)c1ncccn1,4.045757490560675,Inactive
Cc1cccc(C)c1Oc1nc(N)nc(Nc2ccc(C#N)cc2)n1,4.996539467890494,Inactive
CC(=O)c1c(O)c(C=O)c2c(c1O)CC[C@@]1(CC[C@H]3C[C@@H]1C3(C)C)O2,5.332773593094886,Active
CCN(CC)c1ccc2nc3c4ccccc4/c(=N\c4ccc(C)cc4)cc-3oc2c1,4.679853713888946,Inactive
COc1ccc2c(c1I)C(=O)C=CC2=O,5.931814138253839,Active
CCOC(=O)c1ccc(NCc2cncn2Cc2ccc(-c3ccccc3)cc2)cc1-c1ccccc1,8.0,Active
COc1cc(OC)cc(C2CCC(c3ccccc3)O2)c1,4.917786767631984,Inactive
O=C(NC1CCCCC1)NC1CCN(C(c2ccc(Cl)cc2)c2cccnc2)CC1,7.585026652029182,Active
Cc1nc(-c2cccc(NC(=O)Cn3cnc([N+](=O)[O-])n3)c2)cs1,6.2580609222708015,Active
COC(c1ccc(Cl)cc1)(c1ccc2c(c1)c(-c1ccccc1)cc(=O)n2C)c1cncn1C,9.096910013008056,Active
O=C1C=C[C@]23Oc4ccc(O)c5c4[C@](CCC5=O)(Oc4cccc1c42)O3,6.920818753952375,Active
CCCC[C@H]1CNC(=N)N1CCc1ccccc1,5.958607314841775,Active
Fc1ccccc1[C@@H]1C[C@@H]2Cc3cc(Cl)ccc3N1O2,4.723078867934226,Inactive
C/C(=C\c1ccccc1)C(=O)/C=C/c1ccc([N+](=O)[O-])cc1,4.935542010773082,Inactive
CC(=O)c1ccc(C#CC2(O)CN3CCC2CC3)s1,4.723538195826756,Inactive
Cc1cc(C(=O)N2CCC(NC(c3ccc(C(F)(F)F)cc3)c3cccnc3)CC2)n(C)n1,6.579219380451435,Active
Cc1sc(N/N=C/c2ccccn2)nc1-c1ccc(Cl)c(Cl)c1,5.2580609222708015,Active
CC1(C)CCC2=C(O1)C1(CO1)C1=C(CCCC1)C2=O,4.785686102575601,Inactive
O=C(NC(Cn1ccnc1)c1ccccc1)c1ccc(-n2cnnn2)cc1,6.555143613496457,Active
C=CCOCC1Cn2nc([N+](=O)[O-])nc2O1,6.199998172182031,Active
COc1cc(/C=C/C(=O)c2ccc([N+](=O)[O-])cc2)cc(OC)c1,4.795880017344075,Inactive
Nc1ccc([Se][Se]c2ccc(N)cc2)cc1,6.116338564846382,Active
O=C(NC1CCN(C(c2cnccn2)c2ccc(F)cc2F)CC1)C1CCCCC1,6.096910013008056,Active
CC(C)Oc1cc(OCCCCCCCCn2ccnc2)ccc1NC(=N)c1ccccn1,6.275724130399211,Active
Cc1ccc(/C=N/N=C/c2ccc([N+](=O)[O-])o2)cc1,6.119186407719209,Active
COc1ccccc1C=CCN1C[C@H]2CCC[C@@H](C1)C2(O)c1cccnc1,4.447128066056759,Inactive
O=C1CCC(=O)C1=C/C=C/c1ccc(Br)cc1,5.066512712151295,Active
O=C(N/N=C/c1ccc([N+](=O)[O-])o1)c1ccc(F)c(Cl)c1,5.192464971931146,Active
Cc1nc2ccccc2c(-c2ccccc2)c1C(=O)OCc1cn(Cc2ccccc2)nn1,5.0,Active
CC(=O)c1ccc(-n2cc(C(O)c3ccccc3-c3ccccc3)nn2)cc1,4.247183568811729,Inactive
O=C(NCCc1csc(-c2cccnc2)n1)C1CCCC1,4.698970004336019,Inactive
CC1=CC(=O)c2c(ccc(I)c2O)C1=O,6.002176919254275,Active
C=CCc1cc(OC)c2oc(=O)c(C(=O)c3ccccc3)cc2c1,4.650722472532045,Inactive
NC(=S)N/N=C(\CNC(=O)CCC(=O)O)c1ccc([N+](=O)[O-])cc1,4.920818753952375,Inactive
CC(=O)OC1CC(C(C)(C)C)OO1,4.353988590408761,Inactive
CC(C)(C)Cn1c(NC(=O)c2cccnc2)nc2cc(F)c(F)cc21,6.096910013008056,Active
O=C(/C=C/c1ccc2ccccc2n1)N1CCCCC1,4.7447274948966935,Inactive
COc1cc(O)c2c(=O)c(OC)c(-c3ccc(O)cc3)oc2c1,4.63921731012672,Inactive
N=C(N)c1ccc(OCCCOc2ccc(C(=N)N)cc2Cl)c(Cl)c1,5.806875401645538,Active
Cc1ccccc1-c1cccc(NCc2cncn2Cc2ccccc2)c1,6.638272163982407,Active
CC1(C)C=Cc2c(ccc(C(=O)/C=C/c3cc4ccccc4nc3Cl)c2O)O1,4.91721462968355,Inactive
OC(COc1ccc2cc(Br)ccc2c1)Cn1ccnc1,7.522878745280337,Active
c1ccc(-c2nc(N3CCCC(c4ccccn4)C3)c3ccccc3n2)nc1,5.886056647693163,Active
Cc1ccccc1N1CCN(C(=O)c2cc3c([nH]c4ccccc43)c(-c3ccccc3)n2)CC1,4.441291429466834,Inactive
Cc1cccc(NC(=S)c2c3n(c(=O)c4ccccc24)CCN3)c1,4.698970004336019,Inactive
Cc1ccc2c(c1)-c1onc(C(=O)N3CCCCC3c3cccnc3)c1CO2,4.399999967876858,Inactive
CC1(C)OC2=C(C(=O)C(=O)c3ccccc32)C1n1cc(CNC2=C(Br)C(=O)c3ccccc3C2=O)nn1,5.167491087293763,Active
O=C(NC1CCN(C(c2cncnc2)c2ccc(Cl)cc2F)CC1)c1cccc(F)c1F,7.530177984021837,Active
O=C(c1ccc(OC(F)(F)F)cc1)N1CCN(c2cnccn2)CC1,5.1249387366083,Active
Cc1cccc(SC/C=N/NC(N)=S)c1,5.489727179330271,Active
O=[N+]([O-])c1cccc2ccc(O)nc12,5.183758700008217,Active
CC(C)CC(O)(c1ccc(Cl)cc1)c1cncnc1,5.939302159646388,Active
CC1(COc2ncc(C(F)(F)F)cn2)CCn2cc([N+](=O)[O-])nc2O1,5.508638306165727,Active
C=C1C(=O)[C@@]23CC[C@H](C(=C)C)[C@@](C)(CCC(=O)OCC)[C@@H]2CC[C@H]1C3,5.568636235841013,Active
O=C(c1cc(C2CC2)no1)N1CCOC(c2cc3ncccc3[nH]2)C1,4.1938200260161125,Inactive
CCCc1cc(=O)oc2c(C(=O)C(C)CC)c(O)c(CC=C(C)C)c(O)c12,4.521433504406157,Inactive
COc1ccc(N2CCN(C(CNC(=O)CC(C)(C)C)c3ccc4c(c3)OCO4)CC2)cc1,4.705093089394808,Inactive
N#CC(c1ccc(Cl)cc1)(c1cccnc1)c1ccccc1Cl,7.301029995663981,Active
Cc1ccc(C(=O)CCN2CCN(c3ccc([N+](=O)[O-])cc3)CC2)cc1,4.596879478824183,Inactive
[N-]=[N+]=NC1=C(Cl)C(=O)c2ccccc2C1=O,4.285670240254767,Inactive
Cc1ccc(C)c(SC/C=N/NC(N)=S)c1,5.34008379993015,Active
Clc1cccc(COC(CCn2ccnc2)c2cccs2)c1,5.289036881004725,Active
CS(=O)(=O)N[C@H]1CC[C@H](Nc2ncc(Br)c(Nc3ccccc3C(N)=O)n2)CC1,6.047127677357636,Active
COc1ccc(-c2nc3ccncc3c(=O)n2CCOc2ccccc2)cc1,6.399996913372259,Active
CN(Cc1ccccc1)C(=O)C1CCCN(Cc2cccc(Cl)c2)C1,6.2441251443275085,Active
O=C(O)/C=C/C=C/c1ccc2c(c1)OCO2,3.939302159646388,Inactive
NCCC[C@](N)(C(=O)O)C(F)F,4.3979400086720375,Inactive
COc1ccc(C#N)cc1S(=O)(=O)N(Cc1ccccc1)Cc1cnc(C(F)(F)F)nc1,5.410000161858408,Active
OC(CNC1CCCC1)Cn1c2ccccc2c2ccccc21,5.268927215546003,Active
CC(C)C(=O)Nc1nc2ccc(Cl)cc2s1,6.3872161432802645,Active
COc1cc([C@H]2O[C@@H](c3ccc(O)c(OC)c3)[C@H](C)[C@@H]2C)ccc1O,4.325138859262188,Inactive
CS(=O)(=O)c1nc2ccc(Br)cc2nc1Cl,6.096910013008056,Active
COc1cc(-n2cc(CCCCN)[n+](C)n2)ccc1-c1nc(CCc2ccccc2)cs1,4.698970004336019,Inactive
Cc1ccc(-c2ccc(Cn3ccn4cc([N+](=O)[O-])nc4c3=O)cc2)cc1,7.113509274827518,Active
CC1=CCC[C@H]2[C@](C)(CC3=CC(=O)C=CC3=O)[C@@H](C)CC[C@]12C,4.549596913844634,Inactive
O=[N+]([O-])c1ccc(/C=N/N=c2\[nH]nc(Cl)c3ccccc23)s1,5.142667503568732,Active
N=C(Nc1ccc(-c2cccc(-c3cccc(NC(=N)c4ccccc4)c3)c2)cc1)c1ccccc1,6.042392712939905,Active
O=C(c1ccc(O)c(O)c1)N1CCN(c2cnccn2)CC1,5.455931955649724,Active
CN[C@H](C(=O)N[C@H](C(=O)N(C)[C@H](C(=O)N(C)[C@@H](CCSC)C(=O)NCCc1ccccc1)C(C)C)C(C)C)C(C)C,4.1249387366083,Inactive
O=S(=O)(c1ccc(C(F)(F)F)cc1)N1CCN(C(c2cncnc2)c2ccc(Cl)cc2F)CC1,7.119186407719209,Active
CNc1ncnc2c1ncn2[C@@H]1O[C@H](CSC)[C@@H](O)[C@H]1O,3.718966632752272,Inactive
O=C(N/N=C/c1ccccc1O)c1nc2ccccc2nc1-c1ccccc1,4.798602875679548,Inactive
CCCCCCCCCCCCCCCCCCOP(=O)([O-])OCC[N+](C)(C)C,5.619788758288394,Active
O=C(c1ccc(F)cc1O)N1CCN(c2cnccn2)CC1,4.847711655616943,Inactive
NC1=NS(=O)(=O)Nc2nc(Cc3ccccc3)[nH]c21,4.896196279044043,Inactive
O=C(Nc1ccc(S(=O)(=O)C2=CCOC=C2)cc1)c1ccc([N+](=O)[O-])o1,6.522878745280337,Active
COc1ccc(/C=N/NC(=O)c2ccc3[nH]c(C)nc3c2)cc1,3.494850021680094,Inactive
COc1ccc(/C(=N/c2ccccc2)Nc2ccc(S(N)(=O)=O)cc2)cc1,5.747146969020107,Active
Nc1ncnc2c1ncn2[C@@H]1O[C@H](C[C@@H](N)CC[C@H](N)C(=O)O)[C@@H](O)[C@H]1O,6.0,Active
COc1ccc2c(c1OC)C(C)(C)N1CCc3cc4c(cc3C1C2)OCO4,5.136677139879544,Active
CC(=O)OC[C@H]1O[C@@H](n2cc(C3SCC(=O)N3c3cccc(Br)n3)c(=O)[nH]c2=O)C[C@@H]1OC(C)=O,4.301029995663981,Inactive
CC(=O)C1=NN(c2ccccc2)[C@@H]2N1c1ccccc1N1C(C(C)=O)=NN(c3ccccc3)[C@@]21C,4.472241247479028,Inactive
c1ccc(Oc2ccc(OCC3CN3)cc2)cc1,4.381951903287908,Inactive
Cc1cc(N(C)C)nc(Nc2ccc3c(c2)OCO3)n1,5.899998417198648,Active
CC(C)=CCCC(C)=CCc1c(O)c2c(c(C(=O)C(C)C)c1O)OC1(C2)OC(C)=C(C)C1=O,5.657577319177793,Active
COc1ccc(-c2c(C#N)[n+]([O-])c3cc(Cl)c(Cl)cc3[n+]2[O-])cc1,4.537602002101044,Inactive
CCCCCCc1cn(CCCCCN2C(=O)CN(/N=C/c3ccc([N+](=O)[O-])o3)C2=O)nn1,6.214670164989233,Active
OC(c1cccnc1)(c1cncnc1)c1ccccc1Cl,5.106793246940152,Active
O=C(CCO)Nc1nc2ccc(Cl)cc2s1,4.853871964321762,Inactive
C[C@@H](CCCN=C=S)[C@H]1CC[C@H]2[C@@H]3CC[C@@H]4C[C@H](O)CC[C@]4(C)[C@H]3C[C@H](O)[C@]12C,6.3979400086720375,Active
Cn1c([N+](=O)[O-])cnc1-c1nnc(N/N=C/c2cccc(Br)c2)s1,3.138107309608554,Inactive
COC(=O)[C@@H]1Cc2c([nH]c3ccccc23)[C@H](c2ccc(C)cc2)N1C(=O)C(=O)c1c[nH]c2ccccc12,5.132532512140949,Active
CCCC[C@H]1C(=O)O[C@@H]2O[C@@]3(C)CCC4[C@H](C)CC[C@@H]1[C@]42OO3,4.910094888560602,Inactive
C=CCc1ccc(Oc2cc(CC=C)cc(OC)c2OCCN2CCCC2)c(OC)c1,5.3872161432802645,Active
Cn1cccc1[C@@H]1C[C@H]2Cc3cc(F)ccc3N1O2,3.3825802532628235,Inactive
Nc1nc(N)nc(N/N=C/c2ccc([N+](=O)[O-])cc2)n1,4.038389091908719,Inactive
O=C1C=CC(=O)c2c(I)cccc21,6.229147988357855,Active
COc1ccn2c(Nc3cc(Cl)ccc3Cl)c(-c3ccccn3)nc2c1,5.407823242604133,Active
O=C(CC1CC1)N1CCC(Nc2ncc3c(-c4ccccn4)n[nH]c3n2)CC1,5.300000202445418,Active
Cn1c([N+](=O)[O-])cnc1-c1nnc(N/N=C/c2cccc(Cl)c2)s1,3.728390698621168,Inactive
CC(=O)CCC1=C(c2ccc(F)cc2)C(=O)c2ccccc2C1=O,3.943476275920899,Inactive
Cc1ccc(N2C(=O)C(CC(=O)Nc3ccccc3)N(Cc3cccnc3)C2=O)cc1,3.719877103697693,Inactive
CC(C)CC(=O)c1c(O)c(C=O)c2c(c1O)C[C@H]1CC[C@H]3[C@H](C3(C)C)[C@@]1(C)O2,6.207303710732516,Active
COC(=O)[C@@H](NC(=O)c1cc(COc2ccc3sc(C)nc3c2)on1)c1ccccc1,4.560667306169737,Inactive
CC1(COc2ccc(OC(F)(F)F)cc2)Cn2nc([N+](=O)[O-])nc2O1,6.183758700008217,Active
Cc1[nH]cnc1C(=O)N/N=C/c1ccc2no[n+]([O-])c2c1,3.7657358756212105,Inactive
NC(=S)N/C=N/c1c(C(F)(F)F)nn(-c2ccccc2)c1-c1ccc(Br)cc1,4.518557371497695,Inactive
CC(C)Cc1n[nH]c2nc(N[C@H]3CC[C@@H](NS(=O)(=O)CC(C)C)CC3)ncc12,6.199998172182031,Active
COc1ccc(/C=C/c2ccc3ccccc3n2)cc1OC,4.657577319177793,Inactive
Cc1ccc(NC(=S)c2c3n(c(=O)c4ccccc24)CCN3)cc1,6.0,Active
COc1cc(C)c2c(Oc3cccc(C(F)(F)F)c3)c(OC)cc(N[C@H](C)CCCN)c2n1,4.746904414150968,Inactive
N#CSCCOc1ccc(Cc2ccccc2)cc1,4.872895201635193,Inactive
O=C(C(c1ccc(Cl)cc1)c1cccnc1)N1CCN(c2ccc(C(F)(F)F)nc2)CC1,8.096910013008056,Active
Oc1ccc(Br)cc1CN1CCN(Cc2cccc(F)c2)CC1,4.8989726505396565,Inactive
Cc1cccc(NC(=O)c2nnn(Cc3ccc(CN4CCOCC4)cc3)c2N)c1,7.0,Active
C[N+](C)(C)[C@@H]1CCCC[C@H]1OP(=O)([O-])OCCCCCCCCCCC=C1CCCCC1,5.958607314841775,Active
CCCCNc1nc2cc(OC)ccc2nc1S(C)(=O)=O,4.3851027839668655,Inactive
Cc1nn(C)c2cc(N3CCN(C(=O)[C@@H]4CCCC[C@H]4C(=O)NC4(C#N)CC4)[C@H](C)C3)ccc12,5.886056647693163,Active
OC[C@H]1c2cc(-c3cccnc3F)ccc2O[C@@H]1c1ccc(O)cc1,4.72584215073632,Inactive
O=C(Cc1ccc(F)c(F)c1)N1CCC(Nc2ncc3c(N4CCOCC4)n[nH]c3n2)CC1,6.0999990348465305,Active
O=c1ccn([C@H]2C[C@H](O)[C@@H](CO[Si](c3ccccc3)(c3ccccc3)c3ccccc3)O2)c(=O)[nH]1,4.1487416512809245,Inactive
O=C1C=CC(=O)c2c(C#Cc3ccccc3)cccc21,5.657577319177793,Active
CC(C)=CCCC1(C)C=Cc2cc(C(=O)O)cc(CC=C(C)C)c2O1,3.953895212753961,Inactive
O=C(N[C@@H](Cc1c[nH]c2ccccc12)C(=O)Nc1ccncc1)c1cc(Br)ccc1F,7.443697499232712,Active
Nc1ncnc2c1c(-c1ccc(Cl)cc1)nn2[C@@H]1O[C@H](CO)C[C@H]1O,5.982966660701219,Active
COc1ccn2c(Nc3ccccc3F)c(-c3ccccn3)nc2c1,5.761953896871205,Active
CCCc1ccc(OCC(O)Cn2cc(-c3ccccc3)nn2)c(OC)c1,4.316502682320189,Inactive
CC(C)(O)c1cc2c(-c3ccc4ccccc4c3)nccc2[nH]1,4.696803942579511,Inactive
CCn1cncc1C(OC)(c1ccc(C)cc1)c1ccc2c(c1)c(-c1cccc(Cl)c1)cc(=O)n2C,8.522878745280337,Active
Cc1ccc(C(O)(c2ccc(Cl)cc2)c2cncnc2)cn1,6.361510743045363,Active
COc1ccc(S(N)(=O)=O)cc1S(=O)(=O)N(Cc1ccccc1)Cc1ccccc1,6.2500010234416505,Active
CC1(C)CC(N=[N+]=[N-])C2=C(O1)C(=O)c1ccccc1C2=O,3.497299824689437,Inactive
O=[N+]([O-])c1ccc(/C=[N+](\[O-])Cc2ccccc2)o1,5.948847477552619,Active
Cn1nc(C(C)(C)C)cc1C(=O)Nc1ccn2cc(-c3ccc(F)c(F)c3)nc2c1,6.2441251443275085,Active
Clc1ccc(CN2CCN(Cc3ccc(Cl)cc3)C2/C=C/c2ccccc2)cc1,4.991399828238082,Inactive
Nc1cc(-c2ccccc2)ccc1Cn1cncc1CNc1ccc(Cl)c(-n2cccc2)c1,8.42021640338319,Active
CCOC(=O)c1c(CN2CCCC2)nc2ccc(Cl)cc2c1-c1ccccc1,4.394694953858891,Inactive
COc1ccc(-c2csc(N/N=C(\C)c3ccc(Cl)c(Cl)c3Cl)n2)cc1,5.103473782510445,Active
OC(c1ccc(Cl)cc1)(c1cccnc1)c1cccc(Br)c1,7.267606240177032,Active
COc1cc(NC(=O)c2nnn(Cc3ccc(CN4CCOCC4)cc3)c2N)nc(OC)n1,7.400007822415902,Active
CC(=O)CC1CCC2=C(O1)C(=O)c1ccccc1C2=O,4.440093374963888,Inactive
CC(O)(C#Cc1cc(Cl)cn2c([N+](=O)[O-])c(CS(=O)(=O)c3ccccc3)nc12)c1ccccc1,6.0,Active
Cc1ccc(-c2cn(CCCCCCN3C(=O)CN(/N=C/c4ccc([N+](=O)[O-])o4)C3=O)nn2)cc1,6.008773924307505,Active
c1cncc(CNCCN2CCNCc3cccc(n3)CNCC2)c1,5.022276394711152,Active
CCCCCCCn1cnc2c3c(c4ccccc4c21)OC(C)(C)CC3,3.39083262569798,Inactive
Cc1nn(-c2ccccc2)c2nc(-c3ccccc3)cc(C(=O)N/N=C/c3ccccc3O)c12,6.070581074285707,Active
N#Cc1c(-c2ccc(F)cc2)[n+]([O-])c2ccc(C(F)(F)F)cc2[n+]1[O-],4.826813731587726,Inactive
COc1ccc(N(Cc2ccccc2)Cc2ccc(OC)c(O)c2)cc1,3.963570734373325,Inactive
COCCn1c(NC(=O)c2ccnn2C)nc2ccc(C#N)cc21,5.055517327849832,Active
Cc1ccc2c(c1)C[C@H]1C[C@@H](c3ccccc3Cl)N2O1,4.480040819247932,Inactive
CC(C)Oc1ccc(C(c2cccnc2)N2CCC(NS(C)(=O)=O)CC2)cc1,6.958607314841775,Active
CC(C)=CCC/C(C)=C/CC/C(C)=C\Cn1cc(-c2ccccc2)nn1,4.494850021680094,Inactive
CC1Cn2c(nc([N+](=O)[O-])c2C#Cc2cccc(N)c2)O1,5.440093374963888,Active
CSC[C@H]1O[C@@H](n2cnc3c(N)nc(F)nc32)[C@H](OC(C)=O)[C@@H]1OC(C)=O,4.7447274948966935,Inactive
CCCC(=O)c1ccc(OC2CCOC2)c(OC)c1,5.431798275933005,Active
O=S(=O)(Nc1ccc([Se][Se]c2ccc(NS(=O)(=O)c3ccc(Br)cc3)cc2)cc1)c1ccc(Br)cc1,5.552841968657781,Active
COc1ccc(CN(CCc2ccc(OC)c(OC)c2)Cc2ccccc2)cc1O,4.267686672528757,Inactive
O=c1c2ccccc2c(C(=S)Nc2ccccc2)c2n1CCN2,5.522878745280337,Active
COc1cc(NC(=N)c2ccccn2)ccc1-c1ccc(-c2ccccc2)o1,5.431798275933005,Active
CN1CCN(c2ccc(S(=O)(=O)NCc3ccc(-c4nc(-c5cccnc5)no4)cc3)cc2)CC1,5.920818753952375,Active
CC(C)NC(=N)c1ccc(-c2cc3ccc(C(=N)NC(C)C)cc3o2)cc1,4.920818753952375,Inactive
CC(C)c1ccc(NC(=O)N2CCN(C(c3ccc(Cl)cc3)c3cncnc3)CC2)cc1,7.958607314841775,Active
CC(=O)OCc1ccc(NC(=O)N2CCC(CN3CCCC3=O)C2)cc1,4.522878745280337,Inactive
CC(C)=CCC1=C(O)C(=O)c2ccccc2C1=O,4.082678329918848,Inactive
COCC(C)NCc1nc(-c2ccc(C)cc2)c(-c2ccccn2)[nH]1,4.685333023186098,Inactive
COc1ccc2c(c1)[n+]([O-])c(C#N)c(-c1ccccc1)[n+]2[O-],4.714442690992226,Inactive
COc1ccc(-c2cc3c(SCC(=O)Nc4cc(C(F)(F)F)ccc4Cl)nccn3n2)cc1,4.789736606693437,Inactive
COc1ccccc1N1CCN(CCC(=O)c2ccc(F)cc2)CC1,4.341035157335565,Inactive
O=C(c1ccc([N+](=O)[O-])o1)N(Cc1ccccc1)Cc1ccccc1,5.958607314841775,Active
O=C(C1CC1)N1CCN(C(c2cccnc2)c2ccc(Cl)cc2F)CC1,7.585026652029182,Active
C=C(c1nc(-c2ccccc2)no1)C(O)c1ccccn1,4.747146969020107,Inactive
Clc1ccc2nc(NCC3CC3)sc2c1,4.568636235841013,Inactive
CCN(CC)c1nc2ccc(N)cc2s1,4.638272163982407,Inactive
CC(C)NC(=N)c1ccc(OCCCCCOc2ccc(C(=N)NC(C)C)nc2)cn1,5.221848749616356,Active
COc1cc(/C=C/C(=O)N/N=C/c2ccccc2O)cc([N+](=O)[O-])c1OC,4.769551078621726,Inactive
CCCCC(CC)COC(=O)c1ccc(C)cc1,4.705533773838407,Inactive
O=C(O)CCC(=O)Nc1ccc([Se][Se]c2ccc(NC(=O)CCC(=O)O)cc2)cc1,5.102372908709558,Active
Oc1ccccc1CNCC12CC3CC(CC(C3)C1)C2,4.762432135056091,Inactive
Cc1cc(Br)cc(C)c1Oc1nc(N)nc(Nc2ccc(C#N)cc2)n1,4.654038458186859,Inactive
COC1=C(C(C)C)C(=O)C=C(CC2(O)CCCCC2)C1=O,6.229147988357855,Active
CCOC(=O)c1cnc2c(c(C)nn2C)c1Nc1cccc(Cl)c1,4.827981190575444,Inactive
COC1=CC(=O)N(C(=O)/C=C/[C@H](C)NC(=O)[C@H](CC(C)C)NC(=O)[C@H](CC2CCCCC2)NC(=O)[C@H](C(C)C)N(C)C)[C@H]1Cc1c[nH]c2ccccc12,7.920818753952375,Active
COC(=O)[C@@]1(C)CCC[C@]2(C)c3cc(O)c(C(C)C)cc3CC[C@@H]12,4.853871964321762,Inactive
C=C(C#N)C(O)c1ccc(Br)cc1,4.903089986991944,Inactive
C=CC[C@@H]1CC=C[C@@H](C)N1C(=O)CCc1nnc(-c2ccc3c(c2)OCO3)o1,5.147128281107803,Active
Cc1cccc2c(/C=C3\Sc4ccccc4N3C)cc[n+](C)c12,7.522878745280337,Active
CN1C2CCC1CC(=NOC(c1ccccc1)c1ccc(F)cc1)C2,6.096910013008056,Active
CC(C)C[C@H]1NC(=O)[C@@H](Cc2c[nH]c3ccccc23)n2c1nc1ccccc1c2=O,5.585026652029182,Active
COc1ccc(C(=O)/C=C/c2ccc(OCCCCCOc3ccc(C=O)cc3)cc2)cc1OC,4.546834607474143,Inactive
CCc1ccc(OCc2ccc(C(=O)N(C)c3ccccc3)cc2)cc1,3.774690718274137,Inactive
O=C(Nc1cccc(Cl)c1)Nc1ccc([N+](=O)[O-])cc1Cl,5.747128772705143,Active
[O-][n+]1onc2cc(/C=C/c3ccncc3)ccc21,4.709965388637482,Inactive
COc1ccccc1Nc1c(-c2ccccn2)nc2ccccn12,5.583359492661719,Active
Oc1ccc(/C=N/n2c(S)nnc2-c2cnccn2)cc1,4.102372908709558,Inactive
N=C(N)c1ccc(-n2cc(-c3cccc(C(=N)N)c3)nn2)cc1,4.920818753952375,Inactive
CC(=O)Nc1cnc2[nH]c(=O)n([C@H]3CC[C@@H](C(C)C)CC3)c(=O)c2c1,6.42021640338319,Active
O=C(c1cc2c([nH]c3ccccc32)c(-c2ccccc2)n1)N1CCN(c2ccccc2Cl)CC1,4.855425792390384,Inactive
Nc1ncnc2c1c(-c1ccc(Cl)c(F)c1)nn2[C@@H]1O[C@H](CO)[C@@H](O)[C@H]1O,5.924453038607469,Active
COc1ccc(CCN(C)C(=O)C2CCCN(Cc3ccc(F)cc3)C2)cc1OC,5.363512103646634,Active
C=C[C@@]1(O)CC[C@H]2[C@@H](C[C@@H](O)[C@H]3[C@](C)(COC(C)=O)CCC[C@]23C)C1=C,4.782516055786093,Inactive
Cc1cc2c(c(=O)[nH]1)C(c1cn([C@H]3C[C@H](O)[C@@H](CO)O3)c(=O)[nH]c1=O)C(C#N)=C(N)O2,4.97469413473523,Inactive
COc1ccc2nc(-c3ccc(-c4ccccc4)cc3)c(-c3ccc(S(C)(=O)=O)cc3)nc2c1,4.50003813440381,Inactive
COc1ccc(C(=O)CCc2ccccc2)cc1OC1CCOC1,5.251811972993799,Active
CCN(CC)Cc1cc(Nc2ccnc3cc(Cl)ccc23)ccc1O,6.022276394711152,Active
COc1cc(OC)c2cc(C(=O)N3CCCC(c4cc5ncccc5[nH]4)C3)[nH]c2c1,5.985307289632083,Active
Oc1ccc2[nH]c3cccnc3c2c1,3.889410289700751,Inactive
O=C1c2cccc3cccc(c23)C(=O)N1CCNCCCNCCCCNCCCNCCN1C(=O)c2cccc3cccc(c23)C1=O,6.0,Active
COc1cc(/C=C/C(=O)CC(=O)/C=C/c2ccc(O)c(OC)c2)ccc1O,4.385630160451711,Inactive
COc1ccc(-c2oc3cc(O)c(OC)c(O)c3c(=O)c2OC)cc1,4.19962664510865,Inactive
C[C@@H]1CC[C@H]2[C@@H](CCCc3ccc(S(C)(=O)=O)cc3)C(=O)O[C@@H]3O[C@@]4(C)CC[C@@H]1[C@]32OO4,4.267606240177032,Inactive
O=C(NCCCCn1cnc([N+](=O)[O-])n1)c1nc2ccccc2s1,6.374687549038326,Active
COC(=O)N1[C@@H]2C=C[C@@](OC)(C(=O)c3c2cc(OC)c(OC)c3OCc2ccc(Cl)cc2)N1C(=O)OC,4.293282217663241,Inactive
O=C(NCCn1cnc([N+](=O)[O-])n1)c1ccc(OC(F)(F)F)cc1,4.5338741295818,Inactive
COc1ccc2c(c1OC)CO[C@@H]2[C@H]1c2c(cc3c(c2OC)OCO3)CCN1[C@@H](CN)c1ccc(F)cc1,4.97469413473523,Inactive
CCC1S/C(=N/N=C(\C)COc2ccccc2)N(c2ccc(OC)cc2)C1=O,5.102372908709558,Active
COc1ccc(C2CC(c3c(O)c4ccccc4[nH]c3=O)=NN2c2ccccc2)cc1OC,4.870954940112042,Inactive
CC(Cn1ccnc1)NC(=O)C=Cc1ccc(Cl)cc1,6.199998172182031,Active
O=C(c1ccc([N+](=O)[O-])o1)N1CCCC1,4.1938200260161125,Inactive
Cc1ccc(C)c(CN2C(=O)NC3(CCc4ccccc43)C2=O)c1,4.800000052738446,Inactive
O[C@H]1CC[C@H](Nc2nccc(-c3sc(C4CCOCC4)nc3-c3ccc(F)c(F)c3)n2)CC1,5.388587392680557,Active
COc1cc(Nc2nc(N(C)C)cc(C(F)(F)F)n2)ccc1F,4.600000074606178,Inactive
CCOC(=O)N1CCN(c2ccc(S(=O)(=O)NCc3ccc(C(=O)Nc4cccnc4)cc3)cc2)CC1,4.337242168318426,Inactive
O=c1c2cc([N+](=O)[O-])ccc2n(CCCO)n1Cc1ccccc1,6.015472686656207,Active
C[C@@H]1CC[C@H]2[C@@H](CCCc3ccc(Cl)cc3)CO[C@@H]3O[C@@]4(C)CC[C@@H]1[C@]32OO4,5.305394801066432,Active
O=[N+]([O-])c1c(CS(=O)(=O)c2ccccc2)nc2c(Sc3cccc(F)c3)cc(Cl)cn12,5.920818753952375,Active
Cc1ccc(CNC2CCN(C[C@@H]3Cn4c(=O)ccc5ccc(=O)n3c54)CC2)cc1F,5.899998417198648,Active
COc1cc([C@H]2O[C@@H](c3ccc(OC)c(OC)c3)[C@H](C)[C@@H]2C)ccc1O,1.759276070681154,Inactive
CCOC(=O)c1ccc(C#C[C@H]2CN3CCC2C[C@H]3CO)cc1,4.7121982700697735,Inactive
CCC1S/C(=N/N=C(\C)CSc2ccc(Cl)cc2)NC1=O,3.9767475403662886,Inactive
Cn1cc(CN2CCC(NC(c3ccc(Cl)cc3)c3cccnc3)CC2)c(C(F)(F)F)n1,7.2839966563652,Active
CCC(=O)N1CCCC(C(C)(O)[C@H]2CC[C@H]3[C@@H]4CCC5C[C@@H](O)CC[C@]5(C)[C@H]4CC[C@]23C)C1,4.421360790031928,Inactive
CC(C)c1cc2c(cc1O)[C@@]1(C)CCC[C@@](C)(C=O)[C@@H]1CC2,4.22548303427145,Inactive
Cc1nc(-c2ccccn2)nc(NCCCc2ccccc2)c1Cl,6.318758762624412,Active
O=C1c2ccccc2C(=O)N1C/C=N/NC(=S)Nc1ccccc1,4.432973633840939,Inactive
Cc1ccc(Oc2nc(N)nc(Nc3ccccc3)n2)cc1,4.488116639021126,Inactive
CCC(=O)CCCCCC(Oc1ccc2ccccc2c1)c1ncc(Cc2cccnc2)[nH]1,6.318758762624412,Active
O=C(CCN1CCN(c2ccc(Cl)cc2)CC1)c1ccc(C(F)(F)F)cc1,4.407823242604133,Inactive
COc1cc(OC)c(Cl)c(-c2cc(Cn3ccnc3[N+](=O)[O-])on2)c1,4.920818753952375,Inactive
COc1ccc2nc3cc(Cl)ccc3c(N3CCNCC3)c2c1,5.490125714995281,Active
Cn1c2nc3ccccc3c-2cc2ccc(Br)cc21,4.494850021680094,Inactive
COc1ccc(C2c3ccc4ccccc4c3Oc3ncn(CCCn4ccnc4)c(=N)c32)cc1OC,5.268927215546003,Active
Cc1cc(C)c(Nc2ccnc(Nc3ccc(C#N)cc3)n2)c(C)c1,5.903089986991944,Active
O=[N+]([O-])c1ccc(COc2ccc(-c3nc4ccccc4[nH]3)cc2)cc1,4.167491087293763,Inactive
COc1ccc(-c2oc3cc(O)c(OC)c(O)c3c(=O)c2OC)cc1OC,5.088842391260023,Active
Cc1ccccc1C(=O)Nc1ncc(-c2ccccc2)n1C,4.2441251443275085,Inactive
O=C1CS/C(=N/N=C/C=C/c2ccccc2)N1,5.207608310501746,Active
Nc1ncnc2c1c(-c1ccc(Cl)c(Cl)c1)cn2[C@@H]1O[C@H](CO)C[C@H]1O,7.229147988357855,Active
O=c1c(NCc2ccccc2)c(NC2CCN(Cc3ccccc3)CC2)c1=O,4.181774106386045,Inactive
N#Cc1ccc(C(c2cccnc2)N2CCC(NC(=O)c3ccc(C(F)(F)F)cc3)CC2)cc1,7.688246138944246,Active
N#C[Se]Cc1ccccc1C#N,5.263205245075639,Active
CC(C)C[C@@H]1NC(=O)[C@@H](NC(=O)OC(C)(C)C)Cc2ccc(cc2)Oc2ccc(cc2NC(=O)c2ccccn2)C(=O)CNC1=O,5.6777807052660805,Active
O=c1oc2c(O)cccc2cc1-c1ccc(O)c(O)c1,4.0742754730639374,Inactive
Cc1ccc(S(=O)(=O)Nc2nc3nc(C)cc(C)n3n2)cc1,5.823908740944319,Active
CN(CC1(C)CCn2cc([N+](=O)[O-])nc2O1)c1ccc(F)cc1,6.318758762624412,Active
c1ccc(CNc2ccnc(Nc3ccccc3)n2)cc1,5.154901959985743,Active
Nc1nccc(-c2c[nH]c3ccc(Br)cc23)n1,4.188023055663046,Inactive
COc1ccc(C=O)cc1OC1CCOC1,3.913640169325252,Inactive
CC(C)(C)Cn1c(NC(=O)c2cc(C(F)(F)F)n[nH]2)nc2cc(C#N)cnc21,5.823908740944319,Active
O=[N+]([O-])c1cc2c(cc1CCCCc1sc(Nc3ccccc3)n[n+]1-c1ccccc1)OCO2,4.344477403746582,Inactive
C[C@@H]1CC[C@H]2[C@@H](CCCc3ccc(N(C)C)cc3)CO[C@@H]3O[C@@]4(C)CC[C@@H]1[C@]32OO4,4.443697499232712,Inactive
Cc1ncsc1C(=O)NC1CCN(C(c2ccc(C(F)(F)F)cc2)c2cccnc2)CC1,7.744727494896693,Active
c1ccc(CN2CCN(c3nc(-c4ccccn4)nc4ccccc34)CC2)cc1,6.346787486224656,Active
N#Cc1ccc([C@H]2Nc3ccc(Cl)cc3[C@@H]3OCCC[C@H]23)cc1,3.170053304058364,Inactive
CCCCN(CCCC)c1ccc2nc3ccc(N4CCCCC4)cc3[o+]c2c1,7.236572006437063,Active
COc1ccc(OC)c(C(=O)/C=C/c2ccccn2)c1,6.022276394711152,Active
O=C1C(Cl)=C(NCCCn2ccnc2[N+](=O)[O-])C(=O)c2ccccc21,6.287350298372789,Active
Cc1cc(C(=O)N2CCC(NC(c3ccc(C(F)(F)F)cc3)c3cccnc3)CC2)[nH]n1,6.698970004336019,Active
COc1c(C)[nH]c2c(c1=O)[C@@H](CCCCCc1ccccc1)CCC2,5.886056647693163,Active
COc1ccc(C=O)cc1Oc1ccnc2cc(Cl)ccc12,4.903089986991944,Inactive
O=C1OC(O)C(NCc2cn(-c3ccc(F)c(Cl)c3)nn2)=C1Cl,4.637800361131114,Inactive
CC[C@@]1([C@@H]2O[C@@H]([C@H]3O[C@@](O)(CO)[C@H](C)C[C@@H]3C)C[C@@H]2C)CC[C@H]([C@]2(C)CC[C@]3(C[C@H](O)[C@@H](C)[C@@H]([C@@H](C)[C@@H](OC)[C@@H](C)C(=O)O)O3)O2)O1,6.267606240177032,Active
CCCCC/C=C\C/C=C\CCCCCCCc1cc(O)cc(O)c1,4.522878745280337,Inactive
COc1ccc(Cl)cc1S(=O)(=O)N(Cc1ccccc1)Cc1ccccc1,5.860001341725206,Active
O=C(NC1CCN(C(c2cnccn2)c2ccc(F)cc2F)CC1)c1ccccc1,6.259637310505756,Active
BrC1=NOC(c2nc(-c3ccsc3)no2)C1,4.563837352959244,Inactive
C=CCOc1ccc(OC)cc1,3.6798537138889458,Inactive
CS(=O)(=O)N1CCN(C(c2ccc(Cl)cc2)c2cncnc2)CC1,6.055517327849832,Active
N#Cc1nn([C@@H]2O[C@H](CO)[C@@H](O)[C@H]2O)c2ncnc(N)c12,5.096910013008056,Active
Clc1ccc(NCc2cncn2Cc2ccc(-c3ccccc3)cc2)cc1-c1ccccc1,8.221848749616356,Active
Cc1ncsc1C(=O)N1CCN(C(c2cccnc2)c2ccc(Cl)cc2F)CC1,7.443697499232712,Active
CC(C)c1ccc(NC(=O)OC(Cn2ccnc2)c2ccc(Cl)cc2)cc1,8.301029995663981,Active
CC1(C)CCc2c(c3ccccc3c3nc(-c4ccccc4)[nH]c23)O1,4.431798275933005,Inactive
COc1ccc(CNCCCCCCCCNCc2ccc(OC)cc2)cc1,5.806875401645538,Active
O=C(c1ccco1)c1c(C(F)(F)F)nc2cc(Cl)c(N3CCOCC3)cc2[n+]1[O-],4.91721462968355,Inactive
O=C(Nc1ccc(F)c(-c2nc3ncc(-c4ccc(F)cc4)cn3n2)c1)N1CCC(F)(F)C1,7.090443970758825,Active
Clc1cccc(COC(CCn2ccnc2)c2ccco2)c1,5.517126416391246,Active
Cc1nc(NCCCn2ccnc2[N+](=O)[O-])c2ccccc2n1,5.678401569534656,Active
O=C(C1CCCCC1)N1CCN(C(c2cccnc2)c2ccc(Cl)cc2F)CC1,7.552841968657781,Active
CCc1ccc(Cc2cc(N)cc(N)c2)cc1,4.161150909262744,Inactive
C=C(C)CNC(=O)N/N=C/c1ccc([N+](=O)[O-])o1,5.628932137728264,Active
Cc1ccc(C2CC(c3cccs3)C3=C(O2)c2ccccc2C(=O)C3=O)cc1,2.7306271733770733,Inactive
O=C1CCCN1c1ccc(S(=O)(=O)c2ccccc2CO)c(C(F)(F)F)c1,6.599997654072044,Active
COc1ccc(-c2ccnc(SCC(=O)NCCSCc3ccco3)n2)cc1,4.100179497572904,Inactive
CC(=O)Nc1ccc(S(=O)(=O)n2cnc3ccccc32)cc1,5.062983892535186,Active
CN(C)CCOc1cccc(C(=O)N2CCN(S(=O)(=O)c3ccc(Cl)cc3)CC2)c1,6.221848749616356,Active
CCCn1c(NC(=O)Cc2ccc(Cl)cc2)nc2cc(C(F)(F)F)ccc21,6.130768280269024,Active
Cc1nn(C2CCC2)cc1C(=O)Nc1ccc2c(c1)B(O)OC2,4.795880017344075,Inactive
Cc1nc(N2CCC(C(=O)N3CCC(O)(c4cccnc4)CC3)CC2)nc2ccc(C(C)C)cc12,4.600000074606178,Inactive
CC1CCN(c2nc(-c3ccccn3)nc3ccccc23)CC1,6.3872161432802645,Active
CC(=O)OC[C@]1(C)CCC[C@]2(C)[C@H]3CCC(C=O)=C(C)[C@@H]3CC(=O)[C@@H]12,4.293282217663241,Inactive
CCCN(CCC)c1c([N+](=O)[O-])cc(S(=O)(=O)NC2CCCC2)cc1[N+](=O)[O-],4.301029995663981,Inactive
COc1cc([C@H]2Oc3c(OC)cc(/C=C/C(=O)OC(C)(C)C)cc3[C@@H]2C(=O)OC(C)(C)C)ccc1O,5.6777807052660805,Active
FC(F)(F)c1ccc(C(NC2CCN(c3cncs3)CC2)c2cccnc2)cc1,7.602059991327962,Active
Cc1cc(C)c(Oc2nc(Cl)nc(Nc3ccccc3)n2)c(C)c1,5.1438755557577,Active
COCCN(Cc1ccc(F)cc1)S(=O)(=O)c1cc(C(=O)N2CCOCC2)ccc1OC,4.360000032076103,Inactive
COc1cc([C@H]2Oc3ccc(Br)cc3[C@@H]2CO)cc(Br)c1O,4.91721462968355,Inactive
CCOC(=O)c1c(C(F)(F)F)[n+]([O-])c2ccc(C)cc2[n+]1[O-],5.318758762624412,Active
CCCc1ccc(OCC(O)Cn2cc(COc3ccc(C(C)C)cc3)nn2)c(OC)c1,4.386158178123931,Inactive
Cc1cc(O)c(C(=O)NCc2ccccc2)c(=O)o1,4.277366077466188,Inactive
COc1ccc(/C=C/C(=O)c2cc(OC)c(OC)c(OC)c2)cc1[N+](=O)[O-],5.552841968657781,Active
C=CCc1cc(OC)c(OCc2ccc(OC)cc2)c(Oc2ccccc2OC)c1,4.616184634019569,Inactive
N#Cc1cc(N2CCC(NC(c3cccnc3)c3ccc(Cl)cc3F)CC2)ccc1F,7.684029654543083,Active
O=[N+]([O-])c1nccn1Cc1cc(-c2ccc(Cl)cc2)no1,5.823908740944319,Active
CCCn1c(NC(=O)Cc2ccc(F)cc2)nc2ccc(C(=O)OC)cc21,6.275724130399211,Active
COc1ccc(Sc2cc(Cl)cn3c([N+](=O)[O-])c(CS(=O)(=O)c4ccccc4)nc23)cc1,5.823908740944319,Active
CCCCCCCCCCC1(C)SC(=O)C(CCC)=C1OCCCCCCO,4.443697499232712,Inactive
C=CC(C)(C)c1cc(-c2coc3cc(O)cc(O)c3c2=O)c(O)cc1O,3.910094888560602,Inactive
CC(=O)c1ccc(-c2nccc3[nH]c(C(C)(C)O)cc23)cc1,3.863279432843593,Inactive
CCOC(=O)c1cc2c([nH]c3ccccc32)c(-c2cn(-c3ccccc3)nn2)n1,5.037157318798758,Active
c1ccc2c(NCCCCNCc3csc4ccccc34)ccnc2c1,6.1938200260161125,Active
N/C(=N\O)c1cccc(COc2c(Br)cc(/C(N)=N/O)cc2Br)c1,4.213958789757446,Inactive
CCC(=O)N1CCCCC1C(C)(O)[C@H]1CC[C@H]2[C@@H]3CCC4C[C@@H](O)CC[C@]4(C)[C@H]3CC[C@]12C,4.636388020107856,Inactive
C=C(c1nc(-c2ccccc2)no1)C(O)c1cc(F)cc(F)c1,5.29073003902417,Active
O=C(O)c1ccccc1Nc1ccc2nc(NCCO)sc2c1,5.3979400086720375,Active
NNc1nc(-c2ccc(Br)cc2)nc2ccccc12,4.703883507830286,Inactive
CC(C)=CCC/C(C)=C/CC/C(C)=C/CNCCCN,5.309803919971486,Active
C[C@H]1CN([C@@H](C)CO)C(=O)c2cccc(NC(=O)c3ccncc3)c2O[C@@H]1CN(C)Cc1cccc(Cl)c1Cl,7.602059991327962,Active
CC1(Cc2ccccc2)CC(S(=O)(=O)c2ccc(F)cc2)=C(c2cccc(/C(N)=N/O)c2)O1,4.126679398184601,Inactive
CC(C)=CCC/C(C)=C/CC/C(C)=C/Cn1cc(C(C)O)nn1,4.246416941107094,Inactive
CS(=O)(=O)N(Cc1cccnc1)c1ccc(-c2ccc(F)cc2)cc1F,8.823908740944319,Active
COc1ccc2cc(C3=CN4CCC3CC4)ccc2c1,4.991399828238082,Inactive
N=C(N)c1cc(OCCCCCOc2ccnc(C(=N)N)c2)ccn1,4.42021640338319,Inactive
Cc1nnn(CC(=O)Nc2nc3ccc(C#N)cc3n2CC(F)(F)F)n1,4.958607314841775,Inactive
Clc1ccccc1[C@@H]1C[C@@H]2Cc3ccccc3N1O2,4.7121982700697735,Inactive
Cc1ccccc1OCC(=O)NCCc1nc2ccccc2o1,5.537602002101044,Active
OC1=C2C(=Nc3ccccc3SC2c2ccc(Br)cc2)c2ccccc21,5.440944852031775,Active
O=C(/C=C/c1cccc(O)c1)c1ccccc1,3.385524633909605,Inactive
CC(C)=CCCC1(C)C=Cc2c(ccc(C(=O)/C=C/c3ccc(O)cc3)c2O)O1,4.782516055786093,Inactive
CCOc1ccc(CNCCCn2ccnc2)cc1Br,4.806299230249088,Inactive
Clc1ccc(CN2CCN(Cc3ccc(Cl)c(Cl)c3)C2c2ccco2)cc1Cl,5.3872161432802645,Active
O=C(NCc1nnc2n1CCCCC2)c1ccc(-c2ccc(F)cc2)o1,5.824280946001088,Active
Fc1cccc(-n2cc(C3=NCCN3)cn2)c1,4.267606240177032,Inactive
O=C(c1cccc(Cl)c1)N1CCN(c2cnccn2)CC1,3.9480760839538935,Inactive
CC(=O)n1c(CCNC(=O)COc2ccc(Br)cc2)nc2ccccc21,5.275724130399211,Active
Cc1ccc(/C=C2\CC/C(=C\c3ccc(C)cc3)C2=O)cc1,4.279014255846261,Inactive
CCCCCCCCc1cn(C/C=C(\C)CC/C=C(\C)CCC=C(C)C)nn1,4.443697499232712,Inactive
c1cc(COc2ccc(C3=NCCN3)cc2)cc(COc2ccc(C3=NCCN3)cc2)c1,5.399027104313252,Active
COc1ccc(C(=O)Nc2c(OS(=O)(=O)c3ccc(C)cc3)c3ccccc3n(C)c2=O)cc1,4.6020599913279625,Inactive
CC1(c2ccccc2)CC(S(=O)(=O)c2ccc(/C(N)=N/O)cc2)=C(c2ccc(/C(N)=N/O)cc2)O1,4.002176919254275,Inactive
CCCN(CCC)c1c([N+](=O)[O-])cc(S(=O)(=O)N(c2ccccc2)c2ccccc2)cc1[N+](=O)[O-],4.0,Inactive
O=[N+]([O-])c1cn2c(n1)OC[C@H](OCc1ccc(-c3ccc(OC(F)(F)F)cc3Cl)cn1)C2,6.508638306165727,Active
CNS(=O)(=O)c1ccccc1Nc1nc(Nc2cc(C)nn2C)ncc1Cl,6.599997654072044,Active
CC(=O)Nc1ccc2[nH]c(=O)n(C3CCC(C)(C)CC3)c(=O)c2c1,6.7447274948966935,Active
Cc1nc2cc(C(=O)O)ccc2[nH]1,3.6458915608525992,Inactive
Cc1ccc2c(NCc3ccco3)nc(NC(C)C)nc2c1,5.3872161432802645,Active
[O-][n+]1onc2ccc(/C=C\c3ccccc3)cc21,5.154901959985743,Active
CCCCCCCC/C=C/CCCCCCCC(=O)NCc1ccccn1,4.321937095025655,Inactive
O=[N+]([O-])c1c(CS(=O)(=O)c2ccccc2)nc2c(-c3cccnc3)cc(Cl)cn12,5.698970004336019,Active
NP(=O)(OCc1c(F)cc([N+](=O)[O-])cc1F)N(CCCl)CCCl,8.154901959985743,Active
Cc1ccc(S(=O)(=O)N2c3ccccc3[C@H]3COC4=C(C(=O)c5ccccc5C4=O)[C@H]32)cc1,4.823908740944319,Inactive
C=CCOc1cc(OC)c(C(=O)/C=C/c2ccc(C)cc2)c(OCC=C)c1,4.764471553092451,Inactive
COc1ccc(C2NCCc3c2[nH]c2ccccc32)cc1CN1CCN(c2ccc(F)cc2)CC1,5.560032910172741,Active
N=C(N)c1ccc2cc(-c3cccc(OCCCCOc4ccccc4)c3)oc2c1,5.229147988357856,Active
CC(C)c1cc2c(cc1O)[C@@]1(C)CCC[C@](C)(CO)[C@@H]1CC2,4.853871964321762,Inactive
O=C(Cn1cccc1[N+](=O)[O-])Nc1ccccc1,5.221848749616356,Active
CCCC[Se]C1CC2=C(OC1(C)C)c1ccccc1C(=O)C2=O,3.9617773616312815,Inactive
CC(C(=O)Nc1ccc(Br)cc1)N1CCN(c2ccc([N+](=O)[O-])cc2)CC1,5.59999938302362,Active
CC1(Cc2ccccc2)CC(S(=O)(=O)c2ccc(/C(N)=N\O)cc2)=C(c2ccc(F)cc2)O1,4.513286224017515,Inactive
N#Cc1c(-c2cccs2)[n+]([O-])c2ccc(F)cc2[n+]1[O-],4.886056647693163,Inactive
Cc1cccc(C)c1OCCSC#N,4.881074247174223,Inactive
O=C(O)CCCN1CSC(=S)N(CCCCCCN2CN(CCCC(=O)O)CSC2=S)C1,4.613857891069181,Inactive
CC(C)c1ccc(S(=O)(=O)NC2CCN(C(c3cnccn3)c3ccc(F)cc3F)CC2)cc1,6.070581074285707,Active
O=[N+]([O-])c1ncn(CCCNc2nc3ccccc3s2)n1,4.698970004336019,Inactive
Clc1ccccc1-c1cc(CNc2ncnc3c2CCNCC3)no1,4.868683426108985,Inactive
CS(=O)(=O)c1ccc(-n2cc(Cn3cnc([N+](=O)[O-])n3)nn2)cc1,5.327902142064283,Active
COC(=O)c1ccc(CBr)c([N+](=O)[O-])c1,4.405607449624573,Inactive
Nc1ncnc2c1c(-c1cccc(Cl)c1)cn2[C@@H]1O[C@H](CO)C[C@H]1O,6.013228265733755,Active
Cc1ccccc1Sc1cc(Cl)cn2c([N+](=O)[O-])c(CS(=O)(=O)c3ccccc3)nc12,5.769551078621726,Active
Cc1nc(-c2ccccn2)nc(N2CCN(CCO)CC2)c1Cl,3.8068754016455375,Inactive
N/C(=N\O)c1cc(OCCCCCOc2ccnc(/C(N)=N/O)c2)ccn1,4.346787486224656,Inactive
O=C1CCCN1CCCNC(c1ccc(Cl)cc1)c1cccnc1,6.422508200162775,Active
CC(=O)Oc1ccccc1C(=O)Nc1ncc([N+](=O)[O-])s1,5.140861702705469,Active
N#CSCCOc1ccc(Oc2ccccc2)cc1Cl,4.610833915635467,Inactive
CCN(CCC(=O)Nc1cccnc1)C(=O)c1ccc(F)cc1,4.1938200260161125,Inactive
c1ccc(Cn2cc(-c3ccccc3)nn2)cc1,4.070581074285707,Inactive
O=[N+]([O-])c1nccn1Cc1cc(-c2ccc(F)cc2)no1,5.481486060122113,Active
OCCN1CCN(CCCN2c3ccccc3Sc3ccc(Cl)cc32)CC1,5.301029995663981,Active
CN(C)CCOc1ccc(N2CCN(S(=O)(=O)c3ccc(Br)cc3)CC2)cc1,5.080921907623926,Active
CN(C)CCCNCc1ccc(-c2ccc(F)c(Cl)c2)o1,5.382096343300958,Active
Clc1ccc2c(NCCCNCc3csc4ccccc34)ccnc2c1,5.825358807339551,Active
COc1ccc(-c2c(C#N)[n+]([O-])c3cc(Cl)ccc3[n+]2[O-])cc1,4.844663962534939,Inactive
Cc1c(C(=O)N/N=C/c2ccccc2O)no[n+]1[O-],4.400116927926312,Inactive
Fc1ccc(Cn2cncc2CNc2ccc(F)c(F)c2)c(F)c1,6.673664139071248,Active
Cn1nc(-c2ccccn2)cc1C(=O)Nc1ccc2c(c1)B(O)OC2,4.468521082957745,Inactive
Cn1c2nc3ccc(C#N)cc3c-2cc2cc(C(F)(F)F)ccc21,4.494850021680094,Inactive
CN1/C(=C/c2cccc[n+]2C)Sc2ccccc21,6.002176919254275,Active
C[C@@H]1C[C@@H]([C@H](O)CC2CC(=O)NC(=O)C2)C(=O)[C@@H](C)C1,6.3979400086720375,Active
COc1ccc(CNCCCCCCCCCCNCc2ccc(OC)cc2)cc1,5.638272163982407,Active
Cc1ccccc1C(=O)Nc1ccccn1,4.318758762624412,Inactive
C=CCc1ccc(OCC(O)Cn2cc(COc3ccccc3)nn2)c(OC)c1,3.5926090955292684,Inactive
CNC(=O)/C=C/C1(NC(=O)[C@H](Cc2ccccc2)NC(=O)OCc2ccccc2)CC1,4.91721462968355,Inactive
N#Cc1ccc(C(O)(c2ccc(C(F)(F)F)cc2)c2cccnc2)c(F)c1,8.698970004336019,Active
COc1ccc(NCc2cncn2Cc2ccc(-c3ccccc3)cc2N)nc1-c1ccccc1,9.69897000433602,Active
O=[N+]([O-])c1cn2c(n1)SC(COc1ccc(Oc3ccccc3)cc1)C2,4.251811972993799,Inactive
N=C(N)c1ccc(OCCCCOc2ccc(C(=N)N)cc2Cl)c(Cl)c1,5.671620396561262,Active
O=C(C1CC1)N1CCN(C(c2ccc(C(F)(F)F)cc2)c2cncnc2)CC1,6.478861916295964,Active
COc1ccc(Nc2ncnc3c(N/N=C/c4ccc(OC)c(OC)c4)ncnc23)cc1,5.608183076386752,Active
CC/C(=N\Nc1nc(-c2ccc(Cl)cc2Cl)cs1)c1cccc(Br)c1,4.22767829327708,Inactive
Nc1ncnc2c1c(-c1ccc(F)cc1)nn2[C@@H]1O[C@H](CO)[C@@H](O)[C@H]1O,5.473660722610156,Active
CN1CCN(c2ccc(S(=O)(=O)NCc3ccc(C(=O)Nc4cccnc4)cc3)cc2)CC1,8.154901959985743,Active
CCC(=O)N(CCCCCN)C1CCN(CCc2ccccc2)CC1,5.187755303199631,Active
CS(=O)(=O)NC1CCN(C(c2ccc(Cl)cc2)c2cccnc2)CC1,7.0,Active
FC(F)(F)c1ccc(C(NC2CCN(c3ncccn3)CC2)c2cncs2)cc1,7.698970004336019,Active
NS(=O)(=O)c1ccc(NC(=[Se])NC(=O)c2ccccc2)cc1,5.281498311132726,Active
CCCc1cc(/C=C/C(=O)c2ccc(O)cc2)c(OC)cc1O,4.585026652029182,Inactive
O=C1c2ccc(NC3=NCCN3)cc2C(=O)c2ccc(NC3=NCCN3)cc21,3.838631997765025,Inactive
Cn1nc(C(F)(F)F)cc1C(=O)Nc1nc2ccc(C#N)cc2n1CCF,5.6777807052660805,Active
N/C(=N\O)c1ccc(C2=C(S(=O)(=O)c3ccccc3)CC(c3ccccc3)(c3ccccc3)O2)cc1,4.686132779630847,Inactive
c1ccc(C[Se][Se]Cc2ccccc2)cc1,5.858550226599532,Active
O=C(CCN1CCN(c2ccc([N+](=O)[O-])cc2)CC1)c1ccc(Cl)c(F)c1,4.623423042943488,Inactive
O=C(O)c1ccc(CBr)c([N+](=O)[O-])c1,3.3010299956639813,Inactive
O=C(N/N=C/c1ccc([N+](=O)[O-])cc1)/C(=C/c1cnn(-c2ccccc2)c1)c1ccccc1,4.536227690009063,Inactive
CC(=O)Nc1cc2ccc1Oc1ccc(cc1)C[C@H](NC(=O)OC(C)(C)C)C(=O)N[C@@H](Cc1ccccc1)C(=O)NCC2=O,4.508638306165727,Inactive
