smiles,parent,modification,RF_pred,RF_prob,SVM_pred,SVM_prob,XGBoost_pred,XGBoost_prob,LightGBM_pred,LightGBM_prob,votes,consensus_pred,avg_probability,confidence
CC1(COc2ccc(-c3ccc(C(F)(F)Cl)cc3)cn2)Cn2cc([N+](=O)[O-])nc2O1,CC1(COc2ccc(-c3ccc(C(F)(F)F)cc3)cn2)Cn2cc([N+](=O)[O-])nc2O1,F->Cl,1,0.9449524088342691,1,0.9433679382773812,1,0.99146616,1,0.9942516078433599,4,1,0.9685095298859846,1.0
CC1(COc2ccc(-c3ccc(C(F)(F)Br)cc3)cn2)Cn2cc([N+](=O)[O-])nc2O1,CC1(COc2ccc(-c3ccc(C(F)(F)F)cc3)cn2)Cn2cc([N+](=O)[O-])nc2O1,F->Br,1,0.8436443721230067,1,0.8827636913717992,1,0.9860453,1,0.9879556923175599,4,1,0.9251022641932267,1.0
CC1(COc2ccc(-c3ccc(C(C)(F)F)cc3)cn2)Cn2cc([N+](=O)[O-])nc2O1,CC1(COc2ccc(-c3ccc(C(F)(F)F)cc3)cn2)Cn2cc([N+](=O)[O-])nc2O1,(F)->(C),1,0.918957884569607,1,0.9137587936607747,1,0.9848588,1,0.9904413767990312,4,1,0.9520042164827637,1.0
CN(Cc1nnnn1C1CCN(Cc2ccc(-n3ccnc3)cc2)CC1)c1ccc(Cl)cc1F,CN(Cc1nnnn1C1CCN(Cc2ccc(-n3ccnc3)cc2)CC1)c1ccc(F)cc1F,F->Cl,1,0.8401188159370543,1,0.9088227002632746,1,0.934743,1,0.9494226292620848,4,1,0.908276783154582,1.0
CN(Cc1nnnn1C1CCN(Cc2ccc(-n3ccnc3)cc2)CC1)c1ccc(Br)cc1F,CN(Cc1nnnn1C1CCN(Cc2ccc(-n3ccnc3)cc2)CC1)c1ccc(F)cc1F,F->Br,1,0.7569582519696032,1,0.8024870363276881,1,0.90282387,1,0.9216170946948369,4,1,0.8459715621014484,1.0
Cc1ccc(N(C)Cc2nnnn2C2CCN(Cc3ccc(-n4ccnc4)cc3)CC2)c(F)c1,CN(Cc1nnnn1C1CCN(Cc2ccc(-n3ccnc3)cc2)CC1)c1ccc(F)cc1F,(F)->(C),1,0.800179248676738,1,0.8616617596756393,1,0.917809,1,0.9581569736961415,4,1,0.8844517479001301,1.0
O=C(Nc1cccc(F)c1)c1cc(Cl)ccc1O,O=C(Nc1cccc(Cl)c1)c1cc(Cl)ccc1O,Cl->F,1,0.5616074190276482,1,0.8117011278733112,1,0.8426017,1,0.7862090969905007,4,1,0.7505298401024656,1.0
O=C(Nc1cccc(Br)c1)c1cc(Cl)ccc1O,O=C(Nc1cccc(Cl)c1)c1cc(Cl)ccc1O,Cl->Br,1,0.8221049836563504,1,0.8942006210911634,1,0.9776493,1,0.9720545080671851,4,1,0.9165023460757221,1.0
Cc1csc(C(=O)N2CCN(C(c3cccnc3)c3ccc(Cl)cc3Cl)CC2)n1,Cc1csc(C(=O)N2CCN(C(c3cccnc3)c3ccc(Cl)cc3F)CC2)n1,F->Cl,1,0.9106819573387361,1,0.8945595564780144,1,0.9745749,1,0.9875219997854485,4,1,0.9418346092793797,1.0
Cc1csc(C(=O)N2CCN(C(c3cccnc3)c3ccc(F)cc3F)CC2)n1,Cc1csc(C(=O)N2CCN(C(c3cccnc3)c3ccc(Cl)cc3F)CC2)n1,Cl->F,1,0.9888228596637602,1,0.899469865941654,1,0.9933674,1,0.9974850414917781,4,1,0.9697862852601303,1.0
Cc1csc(C(=O)N2CCN(C(c3cccnc3)c3ccc(Br)cc3F)CC2)n1,Cc1csc(C(=O)N2CCN(C(c3cccnc3)c3ccc(Cl)cc3F)CC2)n1,Cl->Br,1,0.9508265768820441,1,0.8196101161453689,1,0.993541,1,0.9973489845531314,4,1,0.940331669963526,1.0
Cc1csc(C(=O)N2CCN(C(c3cccnc3)c3ccc(Cl)cc3Br)CC2)n1,Cc1csc(C(=O)N2CCN(C(c3cccnc3)c3ccc(Cl)cc3F)CC2)n1,F->Br,1,0.8281503405077216,1,0.8322860650252533,1,0.9395815,1,0.978666615511913,4,1,0.8946711336124336,1.0
CC(C)(F)OC(=O)NCCCCCCCCCCCCNC1CCN(CCc2ccccc2)CC1,CC(C)(C)OC(=O)NCCCCCCCCCCCCNC1CCN(CCc2ccccc2)CC1,(C)->(F),1,0.6025567538465006,1,0.9895637361628047,1,0.6657724,1,0.690453692799462,4,1,0.7370866403133598,1.0
CC(C)(Cl)OC(=O)NCCCCCCCCCCCCNC1CCN(CCc2ccccc2)CC1,CC(C)(C)OC(=O)NCCCCCCCCCCCCNC1CCN(CCc2ccccc2)CC1,(C)->(Cl),1,0.659268560496699,1,0.9949021793509444,1,0.69813865,1,0.8760880280848348,4,1,0.8070993555411258,1.0
CC1(F)OC2=C(C(=O)C(=O)c3ccccc32)C1n1cc(-c2ccc([N+](=O)[O-])cc2)nn1,CC1(C)OC2=C(C(=O)C(=O)c3ccccc32)C1n1cc(-c2ccc([N+](=O)[O-])cc2)nn1,(C)->(F),1,0.5477961571016616,1,0.8338976657958649,1,0.5661179,1,0.7367873725647919,4,1,0.6711497695477238,1.0
CC1(Cl)OC2=C(C(=O)C(=O)c3ccccc32)C1n1cc(-c2ccc([N+](=O)[O-])cc2)nn1,CC1(C)OC2=C(C(=O)C(=O)c3ccccc32)C1n1cc(-c2ccc([N+](=O)[O-])cc2)nn1,(C)->(Cl),1,0.5114865846285137,1,0.8468698811806473,0,0.4015617,1,0.6244809703889697,3,1,0.5960997858640888,0.75
N=C(N)c1ccc(OCc2ccc(C(=N)O)cc2)c(I)c1,N=C(N)c1ccc(COc2ccc(C(=N)N)cc2I)cc1,(N)->(O),1,0.782185435785354,1,0.8620737790922742,1,0.9217326,1,0.925470493771427,4,1,0.8728655782881718,1.0
Cc1cc(F)c(C)c(S(=O)(=O)N2c3ccccc3CCC2C)c1C,Cc1cc(C)c(C)c(S(=O)(=O)N2c3ccccc3CCC2C)c1C,(C)->(F),1,0.5741157052277571,1,0.7232570799606043,1,0.70309997,1,0.8451686947652249,4,1,0.7114103615006953,1.0
Cc1cc(Cl)c(C)c(S(=O)(=O)N2c3ccccc3CCC2C)c1C,Cc1cc(C)c(C)c(S(=O)(=O)N2c3ccccc3CCC2C)c1C,(C)->(Cl),1,0.6445050551491674,1,0.7386926194377805,1,0.9138563,1,0.942736995753095,4,1,0.8099477494684413,1.0
CCCc1cc(O)c2oc(=O)c(C(=O)c3ccc([N+](=O)[O-])cc3)cc2c1,CCCc1cc(OC)c2oc(=O)c(C(=O)c3ccc([N+](=O)[O-])cc3)cc2c1,OC->O,0,0.412990811178295,1,0.7022029648125095,0,0.46194184,1,0.6142737741017533,2,0,0.5478523470892558,0.5
Nc1ncnc2c1c(Br)cn2[C@@H]1O[C@H](CO)[C@H](Cl)[C@H]1O,Nc1ncnc2c1c(Br)cn2[C@@H]1O[C@H](CO)[C@H](F)[C@H]1O,F->Cl,1,0.6731382585964328,1,0.8957885464153277,1,0.95316494,1,0.9390469988923663,4,1,0.8652846847540316,1.0
Nc1ncnc2c1c(Br)cn2[C@@H]1O[C@H](CO)[C@H](Br)[C@H]1O,Nc1ncnc2c1c(Br)cn2[C@@H]1O[C@H](CO)[C@H](F)[C@H]1O,F->Br,1,0.6577041614908129,1,0.8610977636131114,1,0.9317899,1,0.937629870780003,4,1,0.8470554177286113,1.0
C[C@@H]1[C@@H](O)[C@H](n2cc(Br)c3c(N)ncnc32)O[C@@H]1CO,Nc1ncnc2c1c(Br)cn2[C@@H]1O[C@H](CO)[C@H](F)[C@H]1O,(F)->(C),1,0.5747044245023005,1,0.6961563407153983,1,0.8245873,1,0.7475048895789413,4,1,0.7107382350788216,1.0
N#Cc1ccc(C(c2cccnc2)N2CCC(NC(=O)c3ccccc3Cl)CC2)cc1,N#Cc1ccc(C(c2cccnc2)N2CCC(NC(=O)c3ccccc3F)CC2)cc1,F->Cl,1,0.9925182623244738,1,0.9738112111374568,1,0.9966227,1,0.9975142908240355,4,1,0.9901166114759257,1.0
N#Cc1ccc(C(c2cccnc2)N2CCC(NC(=O)c3ccccc3Br)CC2)cc1,N#Cc1ccc(C(c2cccnc2)N2CCC(NC(=O)c3ccccc3F)CC2)cc1,F->Br,1,0.9704815594271994,1,0.9469943554484124,1,0.9937822,1,0.9957598940213014,4,1,0.9767545077919697,1.0
Cn1nc(-c2ccc(NC(=O)Cc3ccccc3F)cc2)c2c(N)ncnc21,Cn1nc(-c2ccc(NC(=O)Cc3ccccc3Cl)cc2)c2c(N)ncnc21,Cl->F,1,0.7356956561670056,1,0.9393172274404515,1,0.92036915,1,0.9457729071197032,4,1,0.8852887347453887,1.0
Cn1nc(-c2ccc(NC(=O)Cc3ccccc3Br)cc2)c2c(N)ncnc21,Cn1nc(-c2ccc(NC(=O)Cc3ccccc3Cl)cc2)c2c(N)ncnc21,Cl->Br,1,0.6812509399954663,1,0.8408047990107069,1,0.7824983,1,0.9270038725635742,4,1,0.8078894779113196,1.0
Cn1nc(-c2ccc(NC(=O)Cc3ccccc3Cl)cc2)c2c(O)ncnc21,Cn1nc(-c2ccc(NC(=O)Cc3ccccc3Cl)cc2)c2c(N)ncnc21,(N)->(O),1,0.6725419515849766,1,0.8914264690123637,1,0.7647613,1,0.8585069335498131,4,1,0.7968091707110895,1.0
Cc1ccc(S(=O)(=O)Nc2ccc([Se][Se]c3ccc(NS(=O)(=O)c4ccc(F)cc4)cc3)cc2)cc1,Cc1ccc(S(=O)(=O)Nc2ccc([Se][Se]c3ccc(NS(=O)(=O)c4ccc(C)cc4)cc3)cc2)cc1,(C)->(F),1,0.761493177903034,1,0.6391825920573363,1,0.95876086,1,0.9721457772945356,4,1,0.8328956012092495,1.0
Cc1ccc(S(=O)(=O)Nc2ccc([Se][Se]c3ccc(NS(=O)(=O)c4ccc(Cl)cc4)cc3)cc2)cc1,Cc1ccc(S(=O)(=O)Nc2ccc([Se][Se]c3ccc(NS(=O)(=O)c4ccc(C)cc4)cc3)cc2)cc1,(C)->(Cl),1,0.7721076988585925,1,0.6391825369731182,1,0.9415634,1,0.9642012973872544,4,1,0.8292637401668095,1.0
CCOC(=O)/C=C/C(=O)[C@H](CCc1ccccc1)NC(=O)[C@H](CC(C)F)NC(=O)OCc1ccccc1,CCOC(=O)/C=C/C(=O)[C@H](CCc1ccccc1)NC(=O)[C@H](CC(C)C)NC(=O)OCc1ccccc1,(C)->(F),0,0.41988359777758233,1,0.5385370044641048,0,0.26996702,0,0.39475096981640023,1,0,0.40578464790401003,0.25
CCOC(=O)/C=C/C(=O)[C@H](CCc1ccccc1)NC(=O)[C@H](CC(C)Cl)NC(=O)OCc1ccccc1,CCOC(=O)/C=C/C(=O)[C@H](CCc1ccccc1)NC(=O)[C@H](CC(C)C)NC(=O)OCc1ccccc1,(C)->(Cl),0,0.4499062563452895,1,0.5429917914861709,0,0.30032995,0,0.43920722983361044,1,0,0.4331088077742885,0.25
CO[C@H]1O[C@@H](O)c2c1ccc([C@@]1(C)CCCC(C)(C)C1)c2[C@@H](C)C(=O)O,CO[C@H]1O[C@@H](OC)c2c1ccc([C@@]1(C)CCCC(C)(C)C1)c2[C@@H](C)C(=O)O,OC->O,1,0.5370664652560857,1,0.7211185543613138,0,0.32848755,1,0.5566865109085578,3,1,0.5358397689444508,0.75
CO[C@H]1O[C@@H](OC)c2c1ccc([C@@]1(F)CCCC(C)(C)C1)c2[C@@H](C)C(=O)O,CO[C@H]1O[C@@H](OC)c2c1ccc([C@@]1(C)CCCC(C)(C)C1)c2[C@@H](C)C(=O)O,(C)->(F),1,0.5079763120203666,1,0.789141039375689,0,0.3476961,1,0.5702663013090336,3,1,0.5537699371025304,0.75
CO[C@H]1O[C@@H](OC)c2c1ccc([C@@]1(Cl)CCCC(C)(C)C1)c2[C@@H](C)C(=O)O,CO[C@H]1O[C@@H](OC)c2c1ccc([C@@]1(C)CCCC(C)(C)C1)c2[C@@H](C)C(=O)O,(C)->(Cl),1,0.5268259205469537,1,0.801773120372588,0,0.43467805,1,0.6028541764213573,3,1,0.5915328163090826,0.75
C#CCCCC[C@@H](F)C(=O)N(C)[C@H](C(=O)N(C)[C@H](C(=O)N(C)[C@H](C(=O)N(C)[C@@H](C)C(=O)N(C)[C@@H](Cc1ccccc1)C(N)=O)C(C)C)C(C)C)C(C)C,C#CCCCC[C@@H](C)C(=O)N(C)[C@H](C(=O)N(C)[C@H](C(=O)N(C)[C@H](C(=O)N(C)[C@@H](C)C(=O)N(C)[C@@H](Cc1ccccc1)C(N)=O)C(C)C)C(C)C)C(C)C,(C)->(F),1,0.7618721449241115,1,0.893704316156204,1,0.94900507,1,0.9643670491154548,4,1,0.8922371443860626,1.0
C#CCCCC[C@@H](Cl)C(=O)N(C)[C@H](C(=O)N(C)[C@H](C(=O)N(C)[C@H](C(=O)N(C)[C@@H](C)C(=O)N(C)[C@@H](Cc1ccccc1)C(N)=O)C(C)C)C(C)C)C(C)C,C#CCCCC[C@@H](C)C(=O)N(C)[C@H](C(=O)N(C)[C@H](C(=O)N(C)[C@H](C(=O)N(C)[C@@H](C)C(=O)N(C)[C@@H](Cc1ccccc1)C(N)=O)C(C)C)C(C)C)C(C)C,(C)->(Cl),1,0.8219963342839184,1,0.9319173324258733,1,0.9518317,1,0.9859480689400857,4,1,0.9229233585168852,1.0
C#CCCCC[C@@H](C)C(=O)N(C)[C@H](C(=O)N(C)[C@H](C(=O)N(C)[C@H](C(=O)N(C)[C@@H](C)C(=O)N(C)[C@@H](Cc1ccccc1)C(=O)O)C(C)C)C(C)C)C(C)C,C#CCCCC[C@@H](C)C(=O)N(C)[C@H](C(=O)N(C)[C@H](C(=O)N(C)[C@H](C(=O)N(C)[C@@H](C)C(=O)N(C)[C@@H](Cc1ccccc1)C(N)=O)C(C)C)C(C)C)C(C)C,(N)->(O),1,0.9080390329288449,1,0.9312116900955414,1,0.9734918,1,0.9904537871799781,4,1,0.9507990745287065,1.0
C=C(C(C)C)[C@H](O)C[C@@H](C)[C@H]1CC[C@@]2(C)[C@@H]3CC[C@H]4[C@H](C)[C@@H](O[C@@H]5O[C@H](O)[C@H](O)[C@H]5O)CC[C@]4(O)CC3=CC[C@]12C,C=C(C(C)C)[C@H](O)C[C@@H](C)[C@H]1CC[C@@]2(C)[C@@H]3CC[C@H]4[C@H](C)[C@@H](O[C@@H]5OC[C@H](O)[C@H](O)[C@H]5O)CC[C@]4(O)CC3=CC[C@]12C,OC->O,1,0.6785138260143104,1,0.8522181174913787,1,0.7767986,1,0.9080377199065708,4,1,0.8038920673327861,1.0
C=C(C(C)F)[C@H](O)C[C@@H](C)[C@H]1CC[C@@]2(C)[C@@H]3CC[C@H]4[C@H](C)[C@@H](O[C@@H]5OC[C@H](O)[C@H](O)[C@H]5O)CC[C@]4(O)CC3=CC[C@]12C,C=C(C(C)C)[C@H](O)C[C@@H](C)[C@H]1CC[C@@]2(C)[C@@H]3CC[C@H]4[C@H](C)[C@@H](O[C@@H]5OC[C@H](O)[C@H](O)[C@H]5O)CC[C@]4(O)CC3=CC[C@]12C,(C)->(F),1,0.592034062252815,1,0.8228113403273296,1,0.8045169,1,0.7324917438757971,4,1,0.7379635144906486,1.0
C=C(C(C)Cl)[C@H](O)C[C@@H](C)[C@H]1CC[C@@]2(C)[C@@H]3CC[C@H]4[C@H](C)[C@@H](O[C@@H]5OC[C@H](O)[C@H](O)[C@H]5O)CC[C@]4(O)CC3=CC[C@]12C,C=C(C(C)C)[C@H](O)C[C@@H](C)[C@H]1CC[C@@]2(C)[C@@H]3CC[C@H]4[C@H](C)[C@@H](O[C@@H]5OC[C@H](O)[C@H](O)[C@H]5O)CC[C@]4(O)CC3=CC[C@]12C,(C)->(Cl),1,0.6802296108374654,1,0.8717659552594859,1,0.9377824,1,0.8843442824025335,4,1,0.8435305638266076,1.0
C=C(C(C)C)[C@H](N)C[C@@H](C)[C@H]1CC[C@@]2(C)[C@@H]3CC[C@H]4[C@H](C)[C@@H](O[C@@H]5OC[C@H](O)[C@H](O)[C@H]5O)CC[C@]4(O)CC3=CC[C@]12C,C=C(C(C)C)[C@H](O)C[C@@H](C)[C@H]1CC[C@@]2(C)[C@@H]3CC[C@H]4[C@H](C)[C@@H](O[C@@H]5OC[C@H](O)[C@H](O)[C@H]5O)CC[C@]4(O)CC3=CC[C@]12C,(O)->(N),1,0.711783094989588,1,0.8694199638680169,1,0.9543152,1,0.9345063290521006,4,1,0.8675061433641451,1.0
Cc1cc(Br)cc(F)c1Nc1nc(N)nc(Nc2ccc(C#N)cc2)n1,Cc1cc(Br)cc(C)c1Nc1nc(N)nc(Nc2ccc(C#N)cc2)n1,(C)->(F),1,0.5983925458784367,1,0.8291930750806933,1,0.62160814,1,0.7605129962719958,4,1,0.7024266888288844,1.0
Cc1cc(Br)cc(Cl)c1Nc1nc(N)nc(Nc2ccc(C#N)cc2)n1,Cc1cc(Br)cc(C)c1Nc1nc(N)nc(Nc2ccc(C#N)cc2)n1,(C)->(Cl),1,0.5258081045130462,1,0.8425024864859841,1,0.5242173,1,0.5763757375372438,4,1,0.6172259090259676,1.0
Cc1cc(Br)cc(C)c1Nc1nc(O)nc(Nc2ccc(C#N)cc2)n1,Cc1cc(Br)cc(C)c1Nc1nc(N)nc(Nc2ccc(C#N)cc2)n1,(N)->(O),0,0.48024714973882926,0,0.30075932963842483,0,0.4309515,1,0.5506453086654147,1,0,0.44065082348552453,0.25
CN1CCC(NCC(N)COc2ccc3cc(Br)ccc3c2)CC1,CN1CCC(NCC(O)COc2ccc3cc(Br)ccc3c2)CC1,(O)->(N),1,0.5840508939717445,1,0.7701291058878107,1,0.88786113,1,0.9084017219446618,4,1,0.7876107136064956,1.0
Cn1c(-c2ccccc2)cnc1NC(=O)c1cccc(F)c1,Cn1c(-c2ccccc2)cnc1NC(=O)c1cccc(Cl)c1,Cl->F,1,0.5035980985661751,1,0.7650390264859263,0,0.3875796,1,0.5237453653914454,3,1,0.5449905201314289,0.75
CN(F)CCOc1ccc(N2CCN(S(=O)(=O)c3ccc(F)cc3)CC2)cc1,CN(C)CCOc1ccc(N2CCN(S(=O)(=O)c3ccc(F)cc3)CC2)cc1,(C)->(F),0,0.45310753172132157,1,0.8747644497714976,1,0.5381063,1,0.5668805780351066,3,1,0.6082147204541097,0.75
CN(Cl)CCOc1ccc(N2CCN(S(=O)(=O)c3ccc(F)cc3)CC2)cc1,CN(C)CCOc1ccc(N2CCN(S(=O)(=O)c3ccc(F)cc3)CC2)cc1,(C)->(Cl),0,0.4834347895397378,1,0.8832730668182838,1,0.6302264,1,0.7010078773827638,3,1,0.6744855268533176,0.75
Cc1ccc(S(=O)(=O)N2CCN(c3ccc(OCCN(C)C)cc3)CC2)cc1,CN(C)CCOc1ccc(N2CCN(S(=O)(=O)c3ccc(F)cc3)CC2)cc1,(F)->(C),0,0.39356324384950786,0,0.32975657449398993,0,0.23014377,0,0.27529368373912616,0,0,0.3071893181645368,0.0
CC1(COCc2ccc(-c3ccc(Cl)cc3)cc2)CCn2cc([N+](=O)[O-])nc2O1,CC1(COCc2ccc(-c3ccc(F)cc3)cc2)CCn2cc([N+](=O)[O-])nc2O1,F->Cl,1,0.8895219990582641,1,0.9283843948019656,1,0.98150957,1,0.9925949983438609,4,1,0.9480027396277896,1.0
CC1(COCc2ccc(-c3ccc(Br)cc3)cc2)CCn2cc([N+](=O)[O-])nc2O1,CC1(COCc2ccc(-c3ccc(F)cc3)cc2)CCn2cc([N+](=O)[O-])nc2O1,F->Br,1,0.7601840170386422,1,0.7952339923466599,1,0.9561961,1,0.9570291650031643,4,1,0.8671608259276297,1.0
Cc1ccc(-c2ccc(COCC3(C)CCn4cc([N+](=O)[O-])nc4O3)cc2)cc1,CC1(COCc2ccc(-c3ccc(F)cc3)cc2)CCn2cc([N+](=O)[O-])nc2O1,(F)->(C),1,0.8644507240683581,1,0.8740222645599417,1,0.97984433,1,0.9903062577417381,4,1,0.9271558945278427,1.0
Cc1cc(N(C)F)nc(Nc2ccc(NC(=O)Nc3ccccc3)cc2)n1,Cc1cc(N(C)C)nc(Nc2ccc(NC(=O)Nc3ccccc3)cc2)n1,(C)->(F),1,0.7141696975228119,1,0.8295338281570164,1,0.88594776,1,0.9363081534754925,4,1,0.8414898607687877,1.0
Cc1cc(N(C)Cl)nc(Nc2ccc(NC(=O)Nc3ccccc3)cc2)n1,Cc1cc(N(C)C)nc(Nc2ccc(NC(=O)Nc3ccccc3)cc2)n1,(C)->(Cl),1,0.6874423058803005,1,0.8565241672897566,1,0.9109614,1,0.9201961876121162,4,1,0.8437810125809498,1.0
O=[N+]([O-])c1cn2c(n1)O[C@H](OCc1ccc(OCc3ccccc3)cc1)C2,O=[N+]([O-])c1cn2c(n1)OC[C@H](OCc1ccc(OCc3ccccc3)cc1)C2,OC->O,1,0.8199738867332622,1,0.9320462990240934,1,0.93850905,1,0.9377086029615654,4,1,0.9070594589375809,1.0
N=C(N)c1ccc(OCCCCOc2ccc(C(=N)N)nc2)cn1,N=C(N)c1ccc(OCCCCCOc2ccc(C(=N)N)nc2)cn1,OC->O,0,0.44688889281944116,1,0.9574808147565173,1,0.60412693,1,0.7947322883946013,3,1,0.7008072315518441,0.75
N=C(N)c1ccc(OCCCCCOc2ccc(C(=N)O)nc2)cn1,N=C(N)c1ccc(OCCCCCOc2ccc(C(=N)N)nc2)cn1,(N)->(O),0,0.4455174900723599,1,0.803054102670787,1,0.51700526,1,0.6810991358136337,3,1,0.611668998328961,0.75
COc1ccc(Cn2nc(C(=O)Nc3ccc(Cl)c(C(=O)NC4CC4)c3)ccc2=O)cc1C#N,COc1ccc(Cn2nc(C(=O)Nc3ccc(F)c(C(=O)NC4CC4)c3)ccc2=O)cc1C#N,F->Cl,1,0.783284482125958,1,0.8587367849429822,1,0.93232924,1,0.9284114284569852,4,1,0.8756904832467538,1.0
COc1ccc(Cn2nc(C(=O)Nc3ccc(Br)c(C(=O)NC4CC4)c3)ccc2=O)cc1C#N,COc1ccc(Cn2nc(C(=O)Nc3ccc(F)c(C(=O)NC4CC4)c3)ccc2=O)cc1C#N,F->Br,1,0.7277765364200454,1,0.7834854296131443,1,0.90431803,1,0.872959813683234,4,1,0.8221349535913297,1.0
COc1ccc(Cn2nc(C(=O)Nc3ccc(C)c(C(=O)NC4CC4)c3)ccc2=O)cc1C#N,COc1ccc(Cn2nc(C(=O)Nc3ccc(F)c(C(=O)NC4CC4)c3)ccc2=O)cc1C#N,(F)->(C),1,0.7550848011676167,1,0.8198817009461299,1,0.92093974,1,0.9444131009962511,4,1,0.8600798366572067,1.0
CC(C)/N=c1\cc2n(-c3ccc(F)cc3)c3ccccc3nc-2cc1Nc1ccc(Cl)cc1,CC(C)/N=c1\cc2n(-c3ccc(Cl)cc3)c3ccccc3nc-2cc1Nc1ccc(Cl)cc1,Cl->F,1,0.6756909771535923,1,0.8948224803227783,1,0.785024,1,0.8667185409209337,4,1,0.8055639964226369,1.0
CC(C)/N=c1\cc2n(-c3ccc(Br)cc3)c3ccccc3nc-2cc1Nc1ccc(Cl)cc1,CC(C)/N=c1\cc2n(-c3ccc(Cl)cc3)c3ccccc3nc-2cc1Nc1ccc(Cl)cc1,Cl->Br,1,0.7110770375894595,1,0.8695322725271186,1,0.95670176,1,0.9688999330927401,4,1,0.8765527496832499,1.0
CC(F)/N=c1\cc2n(-c3ccc(Cl)cc3)c3ccccc3nc-2cc1Nc1ccc(Cl)cc1,CC(C)/N=c1\cc2n(-c3ccc(Cl)cc3)c3ccccc3nc-2cc1Nc1ccc(Cl)cc1,(C)->(F),1,0.6810127107093913,1,0.8410307662930431,1,0.7970641,1,0.9264119285067656,4,1,0.8113798827617681,1.0
CC(Cl)/N=c1\cc2n(-c3ccc(Cl)cc3)c3ccccc3nc-2cc1Nc1ccc(Cl)cc1,CC(C)/N=c1\cc2n(-c3ccc(Cl)cc3)c3ccccc3nc-2cc1Nc1ccc(Cl)cc1,(C)->(Cl),1,0.6629490492579544,1,0.8946851525082722,1,0.8983016,1,0.9291226618325731,4,1,0.846264616252178,1.0
CC(C)Oc1ccc(C(O)(c2ccc(F)cc2)c2cncnc2)cn1,CC(C)Oc1ccc(C(O)(c2ccc(Cl)cc2)c2cncnc2)cn1,Cl->F,1,0.9088259413345268,1,0.8820398299161919,1,0.9833402,1,0.9737880159306176,4,1,0.9369984977358476,1.0
CC(C)Oc1ccc(C(O)(c2ccc(Br)cc2)c2cncnc2)cn1,CC(C)Oc1ccc(C(O)(c2ccc(Cl)cc2)c2cncnc2)cn1,Cl->Br,1,0.8449867962776058,1,0.8489283260840074,1,0.9874866,1,0.9883726340390937,4,1,0.9174435893191403,1.0
CC(F)Oc1ccc(C(O)(c2ccc(Cl)cc2)c2cncnc2)cn1,CC(C)Oc1ccc(C(O)(c2ccc(Cl)cc2)c2cncnc2)cn1,(C)->(F),1,0.9107236472715023,1,0.8713478572645363,1,0.96461153,1,0.9803721547411525,4,1,0.9317637973952866,1.0
CC(Cl)Oc1ccc(C(O)(c2ccc(Cl)cc2)c2cncnc2)cn1,CC(C)Oc1ccc(C(O)(c2ccc(Cl)cc2)c2cncnc2)cn1,(C)->(Cl),1,0.9229998449457666,1,0.9378019496811923,1,0.97705084,1,0.9905432463056875,4,1,0.9570989704468228,1.0
CC(C)Oc1ccc(C(N)(c2ccc(Cl)cc2)c2cncnc2)cn1,CC(C)Oc1ccc(C(O)(c2ccc(Cl)cc2)c2cncnc2)cn1,(O)->(N),1,0.9469840651668348,1,0.9110842071880274,1,0.9839951,1,0.9883705285416651,4,1,0.9576084702226821,1.0
Cc1cc(OCCCCCCn2ccnc2)cc(C)c1F,Cc1cc(OCCCCCCn2ccnc2)cc(C)c1Cl,Cl->F,1,0.5224856734130324,1,0.8805605500025803,1,0.5483721,1,0.752083978536051,4,1,0.6758755729536218,1.0
Cc1cc(OCCCCCCn2ccnc2)cc(C)c1Br,Cc1cc(OCCCCCCn2ccnc2)cc(C)c1Cl,Cl->Br,1,0.5575893077223093,1,0.827039755483148,1,0.794973,1,0.8555920307117502,4,1,0.7587985274256062,1.0
Cc1cc(OCCCCCn2ccnc2)cc(C)c1Cl,Cc1cc(OCCCCCCn2ccnc2)cc(C)c1Cl,OC->O,1,0.6041550811356661,1,0.9325269587305327,1,0.86050993,1,0.8678598794079319,4,1,0.8162629628288247,1.0
Cc1cc(OCCCCCCn2ccnc2)cc(F)c1Cl,Cc1cc(OCCCCCCn2ccnc2)cc(C)c1Cl,(C)->(F),1,0.5147524128356161,1,0.876093104536933,1,0.64071524,1,0.5990428725883391,4,1,0.6576509078482695,1.0
Cc1cc(OCCCCCCn2ccnc2)cc(Cl)c1Cl,Cc1cc(OCCCCCCn2ccnc2)cc(C)c1Cl,(C)->(Cl),1,0.5593302852945599,1,0.8968212804320268,1,0.71629167,1,0.7150024759346787,4,1,0.7218614269230372,1.0
CC(C)CS(=O)(=O)NC1CCN(C(c2cnccn2)c2ccc(Cl)cc2F)CC1,CC(C)CS(=O)(=O)NC1CCN(C(c2cnccn2)c2ccc(F)cc2F)CC1,F->Cl,1,0.9616686290280221,1,0.8916244146168949,1,0.9939382,1,0.996274529905907,4,1,0.9608764452942917,1.0
CC(C)CS(=O)(=O)NC1CCN(C(c2cnccn2)c2ccc(Br)cc2F)CC1,CC(C)CS(=O)(=O)NC1CCN(C(c2cnccn2)c2ccc(F)cc2F)CC1,F->Br,1,0.9043456034642172,1,0.8083439317991549,1,0.9875085,1,0.9947770475198084,4,1,0.9237437646409169,1.0
CC(F)CS(=O)(=O)NC1CCN(C(c2cnccn2)c2ccc(F)cc2F)CC1,CC(C)CS(=O)(=O)NC1CCN(C(c2cnccn2)c2ccc(F)cc2F)CC1,(C)->(F),1,0.9757397278664287,1,0.9050791989025435,1,0.9824008,1,0.9920784375455052,4,1,0.9638245348175567,1.0
CC(Cl)CS(=O)(=O)NC1CCN(C(c2cnccn2)c2ccc(F)cc2F)CC1,CC(C)CS(=O)(=O)NC1CCN(C(c2cnccn2)c2ccc(F)cc2F)CC1,(C)->(Cl),1,0.9829506939419145,1,0.9355728904941963,1,0.9905744,1,0.9964264608119426,4,1,0.9763811161866243,1.0
Cc1ccc(C(c2cnccn2)N2CCC(NS(=O)(=O)CC(C)C)CC2)c(F)c1,CC(C)CS(=O)(=O)NC1CCN(C(c2cnccn2)c2ccc(F)cc2F)CC1,(F)->(C),1,0.9430219775889866,1,0.8235873864497821,1,0.99073845,1,0.991346734766463,4,1,0.9371736375715243,1.0
N#Cc1cccc(C(O)(c2ccc(F)cc2)c2cccnc2)c1,N#Cc1cccc(C(O)(c2ccc(Cl)cc2)c2cccnc2)c1,Cl->F,1,0.7777866904411598,1,0.8934098711487326,1,0.8803432,1,0.9649549015739257,4,1,0.8791236654850159,1.0
N#Cc1cccc(C(O)(c2ccc(Br)cc2)c2cccnc2)c1,N#Cc1cccc(C(O)(c2ccc(Cl)cc2)c2cccnc2)c1,Cl->Br,1,0.845473717953751,1,0.8588827783686543,1,0.9711256,1,0.9828285188129012,4,1,0.9145776544643686,1.0
N#Cc1cccc(C(N)(c2ccc(Cl)cc2)c2cccnc2)c1,N#Cc1cccc(C(O)(c2ccc(Cl)cc2)c2cccnc2)c1,(O)->(N),1,0.9483858797553397,1,0.8978281322998003,1,0.9657966,1,0.9852707097240706,4,1,0.9493203279076474,1.0
Cc1ccc2c(c1)N(F)/C(=C/C=C/c1oc3ccccc3[n+]1C)O2,Cc1ccc2c(c1)N(C)/C(=C/C=C/c1oc3ccccc3[n+]1C)O2,(C)->(F),1,0.6476865438164845,1,0.7962909175728715,1,0.82677555,1,0.8049196518243862,4,1,0.7689181660140068,1.0
Cc1ccc2c(c1)N(Cl)/C(=C/C=C/c1oc3ccccc3[n+]1C)O2,Cc1ccc2c(c1)N(C)/C(=C/C=C/c1oc3ccccc3[n+]1C)O2,(C)->(Cl),1,0.6892951845640214,1,0.8624075696669459,1,0.82075757,1,0.8684894205646885,4,1,0.8102374356695483,1.0
C[S+]([O-])c1nc2ccc(F)cc2nc1NC1CCCCC1,C[S+]([O-])c1nc2ccc(Cl)cc2nc1NC1CCCCC1,Cl->F,0,0.4551516073687256,1,0.7283465302183559,0,0.37616947,1,0.5637654179477292,2,0,0.5308582571169065,0.5
C[S+]([O-])c1nc2ccc(Br)cc2nc1NC1CCCCC1,C[S+]([O-])c1nc2ccc(Cl)cc2nc1NC1CCCCC1,Cl->Br,1,0.5019089807646838,1,0.8157768770291085,1,0.77429044,1,0.8390387435713679,4,1,0.7327537609579741,1.0
CN1/C(=C/C=C/c2oc3ccc(F)cc3[n+]2C)Sc2ccccc21,CN1/C(=C/C=C/c2oc3ccc(Cl)cc3[n+]2C)Sc2ccccc21,Cl->F,1,0.9039845362073778,1,0.932772234235328,1,0.9937943,1,0.9935548146913586,4,1,0.9560264767869799,1.0
CN1/C(=C/C=C/c2oc3ccc(Br)cc3[n+]2C)Sc2ccccc21,CN1/C(=C/C=C/c2oc3ccc(Cl)cc3[n+]2C)Sc2ccccc21,Cl->Br,1,0.8410632826470814,1,0.8230619358951451,1,0.9847884,1,0.9872861561834783,4,1,0.9090499481354667,1.0
CCCCCCCCCCCCCCCCCCOP(=O)([O-])OC[N+]1(C)CCOCC1,CCCCCCCCCCCCCCCCCCOP(=O)([O-])OCC[N+]1(C)CCOCC1,OC->O,1,0.8060749974123327,1,0.7888536325744564,1,0.93883353,1,0.9604927474980853,4,1,0.8735637280506086,1.0
CCCCCCCCCCCCCCCCCCOP(=O)([O-])OCC[N+]1(F)CCOCC1,CCCCCCCCCCCCCCCCCCOP(=O)([O-])OCC[N+]1(C)CCOCC1,(C)->(F),1,0.8044376196165256,1,0.8262738121953501,1,0.9520313,1,0.9450905367500582,4,1,0.8819583207337376,1.0
CCCCCCCCCCCCCCCCCCOP(=O)([O-])OCC[N+]1(Cl)CCOCC1,CCCCCCCCCCCCCCCCCCOP(=O)([O-])OCC[N+]1(C)CCOCC1,(C)->(Cl),1,0.839627380838068,1,0.863887762711635,1,0.9572939,1,0.9841165470720163,4,1,0.9112314045728112,1.0
COc1ccc(C(=O)/C=C/c2ccc(C#N)cc2)c(O)c1OC,COc1ccc(C(=O)/C=C/c2ccc(C#N)cc2)c(OC)c1OC,OC->O,0,0.24309176663551169,1,0.7457790839852009,0,0.47194654,0,0.3597851183858177,1,0,0.45515062662529737,0.25
CCCc1ccc(Oc2cc(CN3CCCCC3)cc(O)c2OCc2ccc(OC)cc2)cc1,CCCc1ccc(Oc2cc(CN3CCCCC3)cc(OC)c2OCc2ccc(OC)cc2)cc1,OC->O,1,0.5364824332783281,1,0.7553512549424368,1,0.58725816,1,0.7778250502234171,4,1,0.6642292246396175,1.0
Cn1nc2c3c(cc(-c4ccnc(O)n4)cc31)Oc1ccccc1N2,Cn1nc2c3c(cc(-c4ccnc(N)n4)cc31)Oc1ccccc1N2,(N)->(O),1,0.5540489995729018,1,0.8463100910062693,1,0.83821326,1,0.8574641468111928,4,1,0.7740091255831333,1.0
Nc1nc(O)nc(N/N=C/c2ccc([N+](=O)[O-])o2)n1,Nc1nc(N)nc(N/N=C/c2ccc([N+](=O)[O-])o2)n1,(N)->(O),1,0.616878898485189,1,0.8905279405216084,1,0.85046077,1,0.9038297080571045,4,1,0.8154243287024684,1.0
C=CCc1ccc(Oc2cc(CC=C)cc(O)c2OCc2ccccc2)c(OC)c1,C=CCc1ccc(Oc2cc(CC=C)cc(OC)c2OCc2ccccc2)c(OC)c1,OC->O,0,0.4184122178828961,1,0.6832072908701717,0,0.36626878,0,0.34014945356833226,1,0,0.45200943653228864,0.25
O=C(c1cscn1)N1CCC(NC(c2ccc(C(F)(F)Cl)cc2)c2cccnc2)CC1,O=C(c1cscn1)N1CCC(NC(c2ccc(C(F)(F)F)cc2)c2cccnc2)CC1,F->Cl,1,0.9768290459398346,1,0.9492655227094046,1,0.9967706,1,0.9978430713300029,4,1,0.9801770650813278,1.0
O=C(c1cscn1)N1CCC(NC(c2ccc(C(F)(F)Br)cc2)c2cccnc2)CC1,O=C(c1cscn1)N1CCC(NC(c2ccc(C(F)(F)F)cc2)c2cccnc2)CC1,F->Br,1,0.9024545634959709,1,0.9085288116464085,1,0.9943633,1,0.9964521921222783,4,1,0.9504497188043847,1.0
CC(F)(F)c1ccc(C(NC2CCN(C(=O)c3cscn3)CC2)c2cccnc2)cc1,O=C(c1cscn1)N1CCC(NC(c2ccc(C(F)(F)F)cc2)c2cccnc2)CC1,(F)->(C),1,0.9862309983384981,1,0.9236449778764492,1,0.99380964,1,0.9976046499988026,4,1,0.9753225666553281,1.0
N=C(N)c1cccc(OCc2cccc3c(Oc4cccc(C(=N)N)c4)cccc23)c1,N=C(N)c1cccc(OCc2cccc3c(COc4cccc(C(=N)N)c4)cccc23)c1,OC->O,1,0.5022883205600157,1,0.845061878844327,1,0.794223,1,0.8389996737003287,4,1,0.74514322091117,1.0
N=C(N)c1cccc(OCc2cccc3c(COc4cccc(C(=N)O)c4)cccc23)c1,N=C(N)c1cccc(OCc2cccc3c(COc4cccc(C(=N)N)c4)cccc23)c1,(N)->(O),1,0.5599522650186145,1,0.8680572466529296,0,0.45010617,1,0.7048768994596004,3,1,0.6457481462212207,0.75
CCS(=O)(=O)Nc1ccc(C2=NN(C(=O)c3cccs3)C(c3ccccc3O)C2)cc1,CCS(=O)(=O)Nc1ccc(C2=NN(C(=O)c3cccs3)C(c3ccccc3OC)C2)cc1,OC->O,1,0.5330157723869495,1,0.8112814684350506,1,0.6245748,1,0.6488912207728483,4,1,0.6544408105147552,1.0
CC1(F)[C@H]2[C@@H]1CC[C@@H]1Cc3c(O)c(C=O)c(O)c(C=O)c3O[C@@]12C,CC1(C)[C@H]2[C@@H]1CC[C@@H]1Cc3c(O)c(C=O)c(O)c(C=O)c3O[C@@]12C,(C)->(F),1,0.6158078136839187,1,0.7436232727855588,1,0.90737075,1,0.849961801937878,4,1,0.7791909086357668,1.0
CC1(Cl)[C@H]2[C@@H]1CC[C@@H]1Cc3c(O)c(C=O)c(O)c(C=O)c3O[C@@]12C,CC1(C)[C@H]2[C@@H]1CC[C@@H]1Cc3c(O)c(C=O)c(O)c(C=O)c3O[C@@]12C,(C)->(Cl),1,0.7159236362127842,1,0.8139614525517618,1,0.9258572,1,0.9157607366458949,4,1,0.8428757529319713,1.0
CC1(C)[C@H]2[C@@H]1CC[C@@H]1Cc3c(N)c(C=O)c(O)c(C=O)c3O[C@@]12C,CC1(C)[C@H]2[C@@H]1CC[C@@H]1Cc3c(O)c(C=O)c(O)c(C=O)c3O[C@@]12C,(O)->(N),1,0.7839586934975952,1,0.853349670738087,1,0.95997214,1,0.9829137892691449,4,1,0.8950485741695111,1.0
Fc1ccc(Cl)cc1COC(CCn1ccnc1)c1cccs1,Fc1ccc(F)c(COC(CCn2ccnc2)c2cccs2)c1,F->Cl,1,0.8036130022559472,1,0.9280387082104826,1,0.96305513,1,0.97368099510034,4,1,0.9170969598465875,1.0
Fc1ccc(Br)cc1COC(CCn1ccnc1)c1cccs1,Fc1ccc(F)c(COC(CCn2ccnc2)c2cccs2)c1,F->Br,1,0.7752290976285442,1,0.7899948882923686,1,0.934993,1,0.9522296633704678,4,1,0.863111669483032,1.0
Cc1ccc(F)cc1COC(CCn1ccnc1)c1cccs1,Fc1ccc(F)c(COC(CCn2ccnc2)c2cccs2)c1,(F)->(C),1,0.6772859176693837,1,0.7705450072832097,1,0.8415595,1,0.8706714907130073,4,1,0.7900154862425263,1.0
CC(O)(c1cccnc1)[C@H]1CC[C@H]2[C@@H]3CCC4C[C@@H](O)CC[C@]4(F)[C@H]3CC[C@]12C,CC(O)(c1cccnc1)[C@H]1CC[C@H]2[C@@H]3CCC4C[C@@H](O)CC[C@]4(C)[C@H]3CC[C@]12C,(C)->(F),1,0.6615580156327819,1,0.8068463570180007,1,0.91009325,1,0.9039813935472968,4,1,0.820619753522138,1.0
CC(O)(c1cccnc1)[C@H]1CC[C@H]2[C@@H]3CCC4C[C@@H](O)CC[C@]4(Cl)[C@H]3CC[C@]12C,CC(O)(c1cccnc1)[C@H]1CC[C@H]2[C@@H]3CCC4C[C@@H](O)CC[C@]4(C)[C@H]3CC[C@]12C,(C)->(Cl),1,0.7235283356660852,1,0.8645798952590794,1,0.85672253,1,0.9023545836513721,4,1,0.8367963370698467,1.0
CC(N)(c1cccnc1)[C@H]1CC[C@H]2[C@@H]3CCC4C[C@@H](O)CC[C@]4(C)[C@H]3CC[C@]12C,CC(O)(c1cccnc1)[C@H]1CC[C@H]2[C@@H]3CCC4C[C@@H](O)CC[C@]4(C)[C@H]3CC[C@]12C,(O)->(N),1,0.6701281715632582,1,0.8828519314450027,1,0.86682975,1,0.8942774044492883,4,1,0.8285218150949019,1.0
COc1nc(N[C@H]2CC[C@H](NS(=O)(=O)CCC(F)(F)Cl)CC2)nc2[nH]nc(N3CCOCC3)c12,COc1nc(N[C@H]2CC[C@H](NS(=O)(=O)CCC(F)(F)F)CC2)nc2[nH]nc(N3CCOCC3)c12,F->Cl,1,0.7832677353176327,1,0.8452450549987507,1,0.92108047,1,0.9719941129465081,4,1,0.880396843337009,1.0
COc1nc(N[C@H]2CC[C@H](NS(=O)(=O)CCC(F)(F)Br)CC2)nc2[nH]nc(N3CCOCC3)c12,COc1nc(N[C@H]2CC[C@H](NS(=O)(=O)CCC(F)(F)F)CC2)nc2[nH]nc(N3CCOCC3)c12,F->Br,1,0.7397531762211953,1,0.8640907515545145,1,0.915335,1,0.9482443001908788,4,1,0.8668558068819746,1.0
COc1nc(N[C@H]2CC[C@H](NS(=O)(=O)CCC(F)(F)F)CC2)nc2[nH]nc(N3CCOC3)c12,COc1nc(N[C@H]2CC[C@H](NS(=O)(=O)CCC(F)(F)F)CC2)nc2[nH]nc(N3CCOCC3)c12,OC->O,1,0.7385996612890641,1,0.803385521815267,1,0.9089458,1,0.9667299730235838,4,1,0.8544152387504541,1.0
COc1nc(N[C@H]2CC[C@H](NS(=O)(=O)CCC(C)(F)F)CC2)nc2[nH]nc(N3CCOCC3)c12,COc1nc(N[C@H]2CC[C@H](NS(=O)(=O)CCC(F)(F)F)CC2)nc2[nH]nc(N3CCOCC3)c12,(F)->(C),1,0.773412592393996,1,0.8910625469976268,1,0.8832285,1,0.9389464889952367,4,1,0.8716625273006867,1.0
Cc1nn(-c2ccc(S(=O)(=O)Nc3ccc(F)cc3)cc2)c(Cl)c1Br,Cc1nn(-c2ccc(S(=O)(=O)Nc3ccc(Cl)cc3)cc2)c(Cl)c1Br,Cl->F,1,0.6128993435731076,1,0.8723363328889558,1,0.78293264,1,0.8918177808022312,4,1,0.7899965240965761,1.0
Cc1nn(-c2ccc(S(=O)(=O)Nc3ccc(Br)cc3)cc2)c(Cl)c1Br,Cc1nn(-c2ccc(S(=O)(=O)Nc3ccc(Cl)cc3)cc2)c(Cl)c1Br,Cl->Br,1,0.6391359887258236,1,0.8908831241668019,1,0.8636022,1,0.9165422950506655,4,1,0.8275409072388515,1.0
Cc1cnc(Nc2cc(Cc3ccccc3)nc(N[C@H]3CC[C@H](N)CC3)n2)s1,Cc1cnc(Nc2cc(Cc3ccccc3)nc(N[C@H]3CC[C@H](O)CC3)n2)s1,(O)->(N),1,0.7329356115088507,1,0.8716048467976143,1,0.90872306,1,0.9091003133118201,4,1,0.8555909569836652,1.0
CN(C)c1nccn2c(-c3ccnc(N)n3)c(-c3ccc(Cl)cc3)nc12,CN(C)c1nccn2c(-c3ccnc(N)n3)c(-c3ccc(F)cc3)nc12,F->Cl,0,0.4733140693025718,0,0.46171284404837104,0,0.39266354,1,0.5294963207853908,1,0,0.4642966931480742,0.25
CN(C)c1nccn2c(-c3ccnc(N)n3)c(-c3ccc(Br)cc3)nc12,CN(C)c1nccn2c(-c3ccnc(N)n3)c(-c3ccc(F)cc3)nc12,F->Br,0,0.4229234079852726,0,0.35518252727698707,0,0.1884716,0,0.3252120974668612,0,0,0.32294740828561086,0.0
CN(F)c1nccn2c(-c3ccnc(N)n3)c(-c3ccc(F)cc3)nc12,CN(C)c1nccn2c(-c3ccnc(N)n3)c(-c3ccc(F)cc3)nc12,(C)->(F),1,0.6621592675280744,1,0.9120942006045271,1,0.92437774,1,0.9170819187358842,4,1,0.85392828157449,1.0
CN(Cl)c1nccn2c(-c3ccnc(N)n3)c(-c3ccc(F)cc3)nc12,CN(C)c1nccn2c(-c3ccnc(N)n3)c(-c3ccc(F)cc3)nc12,(C)->(Cl),1,0.6300713563365324,1,0.9070498300160228,1,0.7759524,1,0.9178001318353811,4,1,0.807718429241236,1.0
Cc1ccc(-c2nc3c(N(C)C)nccn3c2-c2ccnc(N)n2)cc1,CN(C)c1nccn2c(-c3ccnc(N)n3)c(-c3ccc(F)cc3)nc12,(F)->(C),0,0.43727523476139163,0,0.25419334874389204,0,0.1634843,0,0.3810895293035004,0,0,0.3090106044880351,0.0
CN(C)c1nccn2c(-c3ccnc(O)n3)c(-c3ccc(F)cc3)nc12,CN(C)c1nccn2c(-c3ccnc(N)n3)c(-c3ccc(F)cc3)nc12,(N)->(O),1,0.598340269686754,1,0.867167336043849,1,0.845497,1,0.8337455065045443,4,1,0.7861875310933786,1.0
N[C@H]1[C@@H](O)[C@H](n2ncc3c(=O)[nH]cnc32)O[C@@H]1CO,O=c1[nH]cnc2c1cnn2[C@@H]1O[C@H](CO)[C@@H](O)[C@H]1O,(O)->(N),1,0.6073981749036165,1,0.7730505743838937,1,0.8472874,1,0.8871647638619267,4,1,0.7787252324018916,1.0
COc1ccc(-c2cc(F)no2)cc1S(=O)(=O)Nc1ccc(C)c(C)c1,COc1ccc(-c2cc(C)no2)cc1S(=O)(=O)Nc1ccc(C)c(C)c1,(C)->(F),1,0.5513520131366666,1,0.8373478130512375,0,0.42633584,1,0.6355212471660683,3,1,0.6126392286928213,0.75
COc1ccc(-c2cc(Cl)no2)cc1S(=O)(=O)Nc1ccc(C)c(C)c1,COc1ccc(-c2cc(C)no2)cc1S(=O)(=O)Nc1ccc(C)c(C)c1,(C)->(Cl),1,0.5614610591458398,1,0.8730170449647279,1,0.76678514,1,0.7290022106571789,4,1,0.7325663648934136,1.0
COc1cccc(-c2nc(N)c3ccccc3n2)c1,COc1cccc(-c2nc(O)c3ccccc3n2)c1,(O)->(N),0,0.3344449727515698,1,0.7018924734612465,0,0.32967973,0,0.39439541640867104,1,0,0.4401031475439522,0.25
Cc1ccc2c(c1)N1CCN=C1N2Cc1ccc(C(C)(C)F)cc1,Cc1ccc2c(c1)N1CCN=C1N2Cc1ccc(C(C)(C)C)cc1,(C)->(F),0,0.4671793391198602,1,0.7608047868351808,1,0.54002863,1,0.5385325475356153,3,1,0.5766363262944552,0.75
Cc1ccc2c(c1)N1CCN=C1N2Cc1ccc(C(C)(C)Cl)cc1,Cc1ccc2c(c1)N1CCN=C1N2Cc1ccc(C(C)(C)C)cc1,(C)->(Cl),1,0.60894039804483,1,0.8990385871275217,1,0.8848188,1,0.8906121338467085,4,1,0.8208524778405499,1.0
CC1(COc2ccc(-c3ccc(Cl)nc3)nc2)Cn2cc([N+](=O)[O-])nc2O1,CC1(COc2ccc(-c3ccc(F)nc3)nc2)Cn2cc([N+](=O)[O-])nc2O1,F->Cl,1,0.917880095555979,1,0.9015237343809538,1,0.99261016,1,0.9887353077381678,4,1,0.9501873235528007,1.0
CC1(COc2ccc(-c3ccc(Br)nc3)nc2)Cn2cc([N+](=O)[O-])nc2O1,CC1(COc2ccc(-c3ccc(F)nc3)nc2)Cn2cc([N+](=O)[O-])nc2O1,F->Br,1,0.8254550564594266,1,0.8173289625908876,1,0.9855973,1,0.9657623714421996,4,1,0.8985359257357306,1.0
Cc1ccc(-c2ccc(OCC3(C)Cn4cc([N+](=O)[O-])nc4O3)cn2)cn1,CC1(COc2ccc(-c3ccc(F)nc3)nc2)Cn2cc([N+](=O)[O-])nc2O1,(F)->(C),1,0.8942087672926526,1,0.8249813689544954,1,0.98730975,1,0.9910748819772759,4,1,0.9243936930298075,1.0
Fc1cc(Cl)ccc1C(NC1CCN(c2cc(Cl)cc(Cl)c2)CC1)c1cccnc1,Fc1cc(Cl)cc(N2CCC(NC(c3cccnc3)c3ccc(Cl)cc3F)CC2)c1,F->Cl,1,0.9460433367245514,1,0.9600154710655603,1,0.9901074,1,0.9942585445670374,4,1,0.9726061923659445,1.0
Fc1cc(F)cc(N2CCC(NC(c3cccnc3)c3ccc(Cl)cc3F)CC2)c1,Fc1cc(Cl)cc(N2CCC(NC(c3cccnc3)c3ccc(Cl)cc3F)CC2)c1,Cl->F,1,0.9863115564745689,1,0.9668985262703099,1,0.99797386,1,0.9976325821290978,4,1,0.9872041310460317,1.0
Fc1cc(Br)cc(N2CCC(NC(c3cccnc3)c3ccc(Cl)cc3F)CC2)c1,Fc1cc(Cl)cc(N2CCC(NC(c3cccnc3)c3ccc(Cl)cc3F)CC2)c1,Cl->Br,1,0.9200395145161758,1,0.9152908416203198,1,0.9933996,1,0.9948075400406758,4,1,0.955884379058331,1.0
Fc1cc(Cl)ccc1C(NC1CCN(c2cc(Cl)cc(Br)c2)CC1)c1cccnc1,Fc1cc(Cl)cc(N2CCC(NC(c3cccnc3)c3ccc(Cl)cc3F)CC2)c1,F->Br,1,0.9024159603074793,1,0.8851510496976965,1,0.98342496,1,0.9914034632057019,4,1,0.9405988586944507,1.0
CCN(Cc1cccnc1)c1ccc(-c2ccc(Cl)cc2)cc1F,CCN(Cc1cccnc1)c1ccc(-c2ccc(F)cc2)cc1F,F->Cl,1,0.8810123078322973,1,0.9476043654883942,1,0.9595491,1,0.9760307512752893,4,1,0.9410491384013069,1.0
CCN(Cc1cccnc1)c1ccc(-c2ccc(Br)cc2)cc1F,CCN(Cc1cccnc1)c1ccc(-c2ccc(F)cc2)cc1F,F->Br,1,0.8096645561049108,1,0.8375794376664732,1,0.9304183,1,0.9540965313759532,4,1,0.882939709424232,1.0
CCN(Cc1cccnc1)c1ccc(-c2ccc(C)cc2)cc1F,CCN(Cc1cccnc1)c1ccc(-c2ccc(F)cc2)cc1F,(F)->(C),1,0.7995427855547107,1,0.9076389833490994,1,0.9502202,1,0.9702386482954888,4,1,0.9069101611102037,1.0
O=C(OC(Cn1ccnc1)c1ccc(Br)cc1)N1CCN(c2ccc([N+](=O)[O-])cc2)CC1,O=C(OC(Cn1ccnc1)c1ccc(Cl)cc1)N1CCN(c2ccc([N+](=O)[O-])cc2)CC1,Cl->Br,1,0.6343981975021007,1,0.8168978087634483,1,0.71550333,1,0.7911062991663818,4,1,0.7394764101077538,1.0
CC1=NN(C(=O)CCn2cnc([N+](=O)[O-])n2)C(O)(C(F)(F)Cl)C1,CC1=NN(C(=O)CCn2cnc([N+](=O)[O-])n2)C(O)(C(F)(F)F)C1,F->Cl,1,0.6767250833654224,1,0.8749884005807136,1,0.83803105,1,0.9320125550251819,4,1,0.8304392731286021,1.0
CC1=NN(C(=O)CCn2cnc([N+](=O)[O-])n2)C(O)(C(F)(F)Br)C1,CC1=NN(C(=O)CCn2cnc([N+](=O)[O-])n2)C(O)(C(F)(F)F)C1,F->Br,1,0.6443102838741817,1,0.79828592465752,1,0.62279373,1,0.8319735861405492,4,1,0.7243408821864724,1.0
CC1=NN(C(=O)CCn2cnc([N+](=O)[O-])n2)C(O)(C(C)(F)F)C1,CC1=NN(C(=O)CCn2cnc([N+](=O)[O-])n2)C(O)(C(F)(F)F)C1,(F)->(C),1,0.6442329642624182,1,0.8124239477271176,1,0.8580467,1,0.915992756293801,4,1,0.8076740946936293,1.0
CC1=NN(C(=O)CCn2cnc([N+](=O)[O-])n2)C(N)(C(F)(F)F)C1,CC1=NN(C(=O)CCn2cnc([N+](=O)[O-])n2)C(O)(C(F)(F)F)C1,(O)->(N),1,0.6726120050282639,1,0.8668150408477161,1,0.87416685,1,0.9189883704044712,4,1,0.8331455656389453,1.0
Cc1ncc(C(F)Cl)n1-c1ccc(Cl)cc1,Cc1ncc(C(F)F)n1-c1ccc(Cl)cc1,F->Cl,0,0.47133360444828065,1,0.7434924872613972,1,0.6211854,1,0.7756047500670016,3,1,0.652904065930086,0.75
Cc1ncc(C(F)F)n1-c1ccc(F)cc1,Cc1ncc(C(F)F)n1-c1ccc(Cl)cc1,Cl->F,0,0.4421160159527472,1,0.6149360980380802,0,0.46564472,1,0.537711411708306,2,0,0.5151020607289063,0.5
Cc1ncc(C(F)F)n1-c1ccc(Br)cc1,Cc1ncc(C(F)F)n1-c1ccc(Cl)cc1,Cl->Br,1,0.5280926640519398,1,0.6519818585467579,1,0.7822657,1,0.8750582086482128,4,1,0.709349613499632,1.0
Cc1ncc(C(F)Br)n1-c1ccc(Cl)cc1,Cc1ncc(C(F)F)n1-c1ccc(Cl)cc1,F->Br,0,0.48809130959828423,1,0.6257477559293451,1,0.5039157,1,0.7989906848364604,3,1,0.6041863693756523,0.75
Cc1ncc(C(C)F)n1-c1ccc(Cl)cc1,Cc1ncc(C(F)F)n1-c1ccc(Cl)cc1,(F)->(C),0,0.39532355078311854,0,0.5076349538371352,0,0.2899398,1,0.6263265425569012,1,0,0.45480620953532036,0.25
O=C(c1cscn1)N1CCC(NC(c2cccnc2)c2ccc(Cl)cc2Cl)CC1,O=C(c1cscn1)N1CCC(NC(c2cccnc2)c2ccc(Cl)cc2F)CC1,F->Cl,1,0.9243635258857479,1,0.9018353700930829,1,0.95498836,1,0.9817999591797317,4,1,0.9407468038908827,1.0
O=C(c1cscn1)N1CCC(NC(c2cccnc2)c2ccc(F)cc2F)CC1,O=C(c1cscn1)N1CCC(NC(c2cccnc2)c2ccc(Cl)cc2F)CC1,Cl->F,1,0.9881534642660077,1,0.9121240375418447,1,0.99600405,1,0.9968074827402561,4,1,0.9732722573894304,1.0
O=C(c1cscn1)N1CCC(NC(c2cccnc2)c2ccc(Br)cc2F)CC1,O=C(c1cscn1)N1CCC(NC(c2cccnc2)c2ccc(Cl)cc2F)CC1,Cl->Br,1,0.9402139261955401,1,0.8073675955065595,1,0.99647444,1,0.996827337380144,4,1,0.935220825987106,1.0
O=C(c1cscn1)N1CCC(NC(c2cccnc2)c2ccc(Cl)cc2Br)CC1,O=C(c1cscn1)N1CCC(NC(c2cccnc2)c2ccc(Cl)cc2F)CC1,F->Br,1,0.8381249069445048,1,0.8313891238547801,1,0.9204532,1,0.9684449809448251,4,1,0.8896030506369095,1.0
CCCc1ccc(Oc2cc(CCC)cc(O)c2OCc2ccccc2)c(OC)c1,CCCc1ccc(Oc2cc(CCC)cc(OC)c2OCc2ccccc2)c(OC)c1,OC->O,0,0.48955090030511644,1,0.6462252765054597,1,0.65615094,1,0.7023710667283507,3,1,0.6235745451548276,0.75
Cc1nc(C)c(C(=O)Nc2ccc(Cl)c(-c3nc4ncc(-c5ccccc5)cn4n3)c2)o1,Cc1nc(C)c(C(=O)Nc2ccc(F)c(-c3nc4ncc(-c5ccccc5)cn4n3)c2)o1,F->Cl,1,0.7510224476698807,1,0.8960388265272706,1,0.9151636,1,0.8873367291824191,4,1,0.8623903949956265,1.0
Cc1nc(C)c(C(=O)Nc2ccc(Br)c(-c3nc4ncc(-c5ccccc5)cn4n3)c2)o1,Cc1nc(C)c(C(=O)Nc2ccc(F)c(-c3nc4ncc(-c5ccccc5)cn4n3)c2)o1,F->Br,1,0.7166045110949822,1,0.817473073886999,1,0.896313,1,0.8637997534887712,4,1,0.8235475875292557,1.0
Cc1nc(F)c(C(=O)Nc2ccc(F)c(-c3nc4ncc(-c5ccccc5)cn4n3)c2)o1,Cc1nc(C)c(C(=O)Nc2ccc(F)c(-c3nc4ncc(-c5ccccc5)cn4n3)c2)o1,(C)->(F),1,0.8627516509487004,1,0.9197417695536249,1,0.9867796,1,0.9848367199419537,4,1,0.9385274277559519,1.0
Cc1nc(Cl)c(C(=O)Nc2ccc(F)c(-c3nc4ncc(-c5ccccc5)cn4n3)c2)o1,Cc1nc(C)c(C(=O)Nc2ccc(F)c(-c3nc4ncc(-c5ccccc5)cn4n3)c2)o1,(C)->(Cl),1,0.8249938523337234,1,0.9131305979729294,1,0.9683005,1,0.978310272430217,4,1,0.9211838110276547,1.0
Cc1nc(C)c(C(=O)Nc2ccc(C)c(-c3nc4ncc(-c5ccccc5)cn4n3)c2)o1,Cc1nc(C)c(C(=O)Nc2ccc(F)c(-c3nc4ncc(-c5ccccc5)cn4n3)c2)o1,(F)->(C),1,0.7099214038041302,1,0.8131368150672578,1,0.87879556,1,0.8420016076039741,4,1,0.8109638476625035,1.0
O=S(=O)(C1CCCCC1)N1CCC(NC(c2cnccn2)c2ccc(Cl)cc2F)CC1,O=S(=O)(C1CCCCC1)N1CCC(NC(c2cnccn2)c2ccc(F)cc2F)CC1,F->Cl,1,0.9813964068464742,1,0.8873153797063669,1,0.9936599,1,0.9963562653078325,4,1,0.96468199135014,1.0
O=S(=O)(C1CCCCC1)N1CCC(NC(c2cnccn2)c2ccc(Br)cc2F)CC1,O=S(=O)(C1CCCCC1)N1CCC(NC(c2cnccn2)c2ccc(F)cc2F)CC1,F->Br,1,0.9230746013412291,1,0.8033358236591464,1,0.99203897,1,0.9948642818660838,4,1,0.9283284180229197,1.0
Cc1ccc(C(NC2CCN(S(=O)(=O)C3CCCCC3)CC2)c2cnccn2)c(F)c1,O=S(=O)(C1CCCCC1)N1CCC(NC(c2cnccn2)c2ccc(F)cc2F)CC1,(F)->(C),1,0.9646371813600805,1,0.8236121275683185,1,0.9897397,1,0.9927313173981329,4,1,0.9426800855948851,1.0
C[C@@H]1CC[C@H]2[C@@H](CCCCc3ccccc3)C(=O)O[C@@H]3O[C@@]4(F)CC[C@@H]1[C@]32OO4,C[C@@H]1CC[C@H]2[C@@H](CCCCc3ccccc3)C(=O)O[C@@H]3O[C@@]4(C)CC[C@@H]1[C@]32OO4,(C)->(F),0,0.46397504304801596,1,0.7056564838956485,0,0.43549344,1,0.769507967514172,2,0,0.5936582334734488,0.5
C[C@@H]1CC[C@H]2[C@@H](CCCCc3ccccc3)C(=O)O[C@@H]3O[C@@]4(Cl)CC[C@@H]1[C@]32OO4,C[C@@H]1CC[C@H]2[C@@H](CCCCc3ccccc3)C(=O)O[C@@H]3O[C@@]4(C)CC[C@@H]1[C@]32OO4,(C)->(Cl),0,0.41812037983454736,1,0.5848109571343977,0,0.34756497,1,0.5825200382262719,2,0,0.48325408517043583,0.5
CC1(COc2ccc(OC(F)(F)Cl)cc2)Cn2cc([N+](=O)[O-])nc2S1(=O)=O,CC1(COc2ccc(OC(F)(F)F)cc2)Cn2cc([N+](=O)[O-])nc2S1(=O)=O,F->Cl,1,0.7564871193731297,1,0.9291680825124898,1,0.9474387,1,0.9668075335032302,4,1,0.8999753630693194,1.0
CC1(COc2ccc(OC(F)(F)Br)cc2)Cn2cc([N+](=O)[O-])nc2S1(=O)=O,CC1(COc2ccc(OC(F)(F)F)cc2)Cn2cc([N+](=O)[O-])nc2S1(=O)=O,F->Br,1,0.6934670032971486,1,0.8682332271121059,1,0.94757557,1,0.9618121535887287,4,1,0.8677719882877037,1.0
CC(F)(F)Oc1ccc(OCC2(C)Cn3cc([N+](=O)[O-])nc3S2(=O)=O)cc1,CC1(COc2ccc(OC(F)(F)F)cc2)Cn2cc([N+](=O)[O-])nc2S1(=O)=O,(F)->(C),1,0.7844027657989208,1,0.9069345386261292,1,0.88540465,1,0.9040532381943983,4,1,0.8701987972540213,1.0
O=[N+]([O-])c1cn2c(n1)OC(COc1ccc(-c3ccc(Cl)cc3)nc1)C2,O=[N+]([O-])c1cn2c(n1)OC(COc1ccc(-c3ccc(F)cc3)nc1)C2,F->Cl,1,0.8686262083993292,1,0.8680183637952472,1,0.95245844,1,0.9749591359563672,4,1,0.9160155373521051,1.0
O=[N+]([O-])c1cn2c(n1)OC(COc1ccc(-c3ccc(Br)cc3)nc1)C2,O=[N+]([O-])c1cn2c(n1)OC(COc1ccc(-c3ccc(F)cc3)nc1)C2,F->Br,1,0.7675436230069028,1,0.6886898664842582,1,0.90053374,1,0.9003034078376957,4,1,0.8142676582702406,1.0
Cc1ccc(-c2ccc(OCC3Cn4cc([N+](=O)[O-])nc4O3)cn2)cc1,O=[N+]([O-])c1cn2c(n1)OC(COc1ccc(-c3ccc(F)cc3)nc1)C2,(F)->(C),1,0.8724620187247514,1,0.895464278658737,1,0.95885676,1,0.9780139775083128,4,1,0.9261992590868343,1.0
COc1cc(C(c2nnnn2C2CCCCC2)N2CCc3c([nH]c4ccccc34)C2)cc(O)c1OC,COc1cc(C(c2nnnn2C2CCCCC2)N2CCc3c([nH]c4ccccc34)C2)cc(OC)c1OC,OC->O,0,0.4851616229696604,1,0.6544074525806091,1,0.5243412,1,0.6798523743643069,3,1,0.5859406688846652,0.75
FC(F)(F)c1cccc(Nc2nc3ccccc3nc2Nc2cccc(C(F)(F)Cl)c2)c1,FC(F)(F)c1cccc(Nc2nc3ccccc3nc2Nc2cccc(C(F)(F)F)c2)c1,F->Cl,1,0.6476042353568082,1,0.893195913778562,1,0.8503225,1,0.8859112847692988,4,1,0.8192584797186905,1.0
FC(F)(F)c1cccc(Nc2nc3ccccc3nc2Nc2cccc(C(F)(F)Br)c2)c1,FC(F)(F)c1cccc(Nc2nc3ccccc3nc2Nc2cccc(C(F)(F)F)c2)c1,F->Br,1,0.621047701078485,1,0.85344885590611,1,0.8661608,1,0.8605290459726566,4,1,0.8002966032377488,1.0
CC(F)(F)c1cccc(Nc2nc3ccccc3nc2Nc2cccc(C(F)(F)F)c2)c1,FC(F)(F)c1cccc(Nc2nc3ccccc3nc2Nc2cccc(C(F)(F)F)c2)c1,(F)->(C),1,0.6397744401623905,1,0.790939197902062,1,0.8446466,1,0.8458973790838044,4,1,0.7803143975537421,1.0
COc1ccc2nc3cc(F)ccc3c(NCCCCn3cnc([N+](=O)[O-])n3)c2c1,COc1ccc2nc3cc(Cl)ccc3c(NCCCCn3cnc([N+](=O)[O-])n3)c2c1,Cl->F,1,0.7144725089151264,1,0.9093957659613789,1,0.86422,1,0.8684472908992261,4,1,0.839133897232736,1.0
COc1ccc2nc3cc(Br)ccc3c(NCCCCn3cnc([N+](=O)[O-])n3)c2c1,COc1ccc2nc3cc(Cl)ccc3c(NCCCCn3cnc([N+](=O)[O-])n3)c2c1,Cl->Br,1,0.7237620729558842,1,0.8274776718454979,1,0.8828621,1,0.9183085603160407,4,1,0.838102599045469,1.0
Cn1nccc1C(=O)Nc1nc2cccnc2n1CC(F)(F)Cl,Cn1nccc1C(=O)Nc1nc2cccnc2n1CC(F)(F)F,F->Cl,1,0.574804247154252,1,0.926400655565615,1,0.8435933,1,0.872507702551724,4,1,0.8043264761651192,1.0
Cn1nccc1C(=O)Nc1nc2cccnc2n1CC(F)(F)Br,Cn1nccc1C(=O)Nc1nc2cccnc2n1CC(F)(F)F,F->Br,1,0.5895846841454121,1,0.8436323075000535,1,0.6990348,1,0.8257904444459422,4,1,0.7395105615394078,1.0
Cn1nccc1C(=O)Nc1nc2cccnc2n1CC(C)(F)F,Cn1nccc1C(=O)Nc1nc2cccnc2n1CC(F)(F)F,(F)->(C),1,0.5776832794433548,1,0.8686037523313748,1,0.7195531,1,0.7882435350332716,4,1,0.7385209199479261,1.0
O[C@@H]1[C@H](O)[C@@H](O)O[C@H]1n1ccc2c(N3CCC3)ncnc21,OC[C@H]1O[C@@H](n2ccc3c(N4CCC4)ncnc32)[C@H](O)[C@@H]1O,OC->O,0,0.4698963687134649,1,0.7173026053560305,0,0.42047513,0,0.44637574412464776,1,0,0.5135124608767371,0.25
N[C@@H]1[C@H](O)[C@@H](CO)O[C@H]1n1ccc2c(N3CCC3)ncnc21,OC[C@H]1O[C@@H](n2ccc3c(N4CCC4)ncnc32)[C@H](O)[C@@H]1O,(O)->(N),1,0.5710544969464378,1,0.7083171924076053,1,0.8386576,1,0.8446154256877708,4,1,0.7406611831526959,1.0
CC(F)c1n[nH]c2c(NC34CC5CC(CC(C5)C3)C4)ncnc12,CC(C)c1n[nH]c2c(NC34CC5CC(CC(C5)C3)C4)ncnc12,(C)->(F),1,0.6599527298900897,1,0.8609013011574519,1,0.9478051,1,0.9522387418290397,4,1,0.8552244698791107,1.0
CC(Cl)c1n[nH]c2c(NC34CC5CC(CC(C5)C3)C4)ncnc12,CC(C)c1n[nH]c2c(NC34CC5CC(CC(C5)C3)C4)ncnc12,(C)->(Cl),1,0.6586234684417699,1,0.8968871836668659,1,0.8323133,1,0.9028700719495675,4,1,0.8226735058093202,1.0
CC1CC(=O)C2=C(C1)OC(N)=C(C#N)C2c1cn([C@H]2C[C@H](N)[C@@H](CO)O2)c(=O)[nH]c1=O,CC1CC(=O)C2=C(C1)OC(N)=C(C#N)C2c1cn([C@H]2C[C@H](O)[C@@H](CO)O2)c(=O)[nH]c1=O,(O)->(N),1,0.6380011563295748,1,0.8772795093497442,1,0.85138136,1,0.8977672180378226,4,1,0.8161073113004172,1.0
CC1CC(=O)C2=C(C1)OC(O)=C(C#N)C2c1cn([C@H]2C[C@H](O)[C@@H](CO)O2)c(=O)[nH]c1=O,CC1CC(=O)C2=C(C1)OC(N)=C(C#N)C2c1cn([C@H]2C[C@H](O)[C@@H](CO)O2)c(=O)[nH]c1=O,(N)->(O),1,0.6294560798626809,1,0.8015597947019184,1,0.8789156,1,0.9315117096207298,4,1,0.8103607980286397,1.0
Cn1/c(=N/C=C/c2sc3ccc(Br)cc3[n+]2C)sc2ccccc21,Cn1/c(=N/C=C/c2sc3ccc(F)cc3[n+]2C)sc2ccccc21,F->Br,1,0.6935467656275215,1,0.8110586343748543,1,0.9418935,1,0.9561136933274739,4,1,0.8506531528252221,1.0
Cc1ccc2sc(/C=C/N=c3\sc4ccccc4n3C)[n+](C)c2c1,Cn1/c(=N/C=C/c2sc3ccc(F)cc3[n+]2C)sc2ccccc21,(F)->(C),1,0.6778502522211636,1,0.8138595925333216,1,0.9656444,1,0.9732239611882292,4,1,0.8576445562839956,1.0
CS(=O)(=O)NC1CCN(C(c2cccnc2)c2ccc(Cl)cc2Cl)CC1,CS(=O)(=O)NC1CCN(C(c2cccnc2)c2ccc(Cl)cc2F)CC1,F->Cl,1,0.9187758294182424,1,0.9064722838886496,1,0.9915808,1,0.9941151967668398,4,1,0.9527360235986408,1.0
CS(=O)(=O)NC1CCN(C(c2cccnc2)c2ccc(F)cc2F)CC1,CS(=O)(=O)NC1CCN(C(c2cccnc2)c2ccc(Cl)cc2F)CC1,Cl->F,1,0.9821632932725813,1,0.923334841354051,1,0.9950919,1,0.9967266193013657,4,1,0.9743291672646532,1.0
CS(=O)(=O)NC1CCN(C(c2cccnc2)c2ccc(Br)cc2F)CC1,CS(=O)(=O)NC1CCN(C(c2cccnc2)c2ccc(Cl)cc2F)CC1,Cl->Br,1,0.9411958104721146,1,0.8504033232297107,1,0.9971486,1,0.9976129991201214,4,1,0.9465901765551342,1.0
CS(=O)(=O)NC1CCN(C(c2cccnc2)c2ccc(Cl)cc2Br)CC1,CS(=O)(=O)NC1CCN(C(c2cccnc2)c2ccc(Cl)cc2F)CC1,F->Br,1,0.8548009685114295,1,0.858730213271526,1,0.9894583,1,0.9886543346723179,4,1,0.9229109597450744,1.0
CCCCC(=O)OC1(F)c2ccccc2-c2c1c(-n1ccnc1)nc1ccc(Br)cc21,CCCCC(=O)OC1(C)c2ccccc2-c2c1c(-n1ccnc1)nc1ccc(Br)cc21,(C)->(F),1,0.6231295593813385,1,0.8695004948698231,1,0.8124917,1,0.8327184861837224,4,1,0.784460063847315,1.0
CCCCC(=O)OC1(Cl)c2ccccc2-c2c1c(-n1ccnc1)nc1ccc(Br)cc21,CCCCC(=O)OC1(C)c2ccccc2-c2c1c(-n1ccnc1)nc1ccc(Br)cc21,(C)->(Cl),1,0.5914136309527629,1,0.8605794882984035,1,0.7702052,1,0.8063186160414257,4,1,0.7571292337527669,1.0
O=C(N1CCN(C(c2cccnc2)c2ccc(Cl)cc2Cl)CC1)C(F)(F)F,O=C(N1CCN(C(c2cccnc2)c2ccc(Cl)cc2F)CC1)C(F)(F)F,F->Cl,1,0.9274174332962937,1,0.9071965033544999,1,0.9846528,1,0.9906719976149801,4,1,0.9524846878787679,1.0
O=C(N1CCN(C(c2cccnc2)c2ccc(F)cc2F)CC1)C(F)(F)F,O=C(N1CCN(C(c2cccnc2)c2ccc(Cl)cc2F)CC1)C(F)(F)F,Cl->F,1,0.9432839181896489,1,0.8983843581341016,1,0.9875559,1,0.99127076999706,4,1,0.9551237418496347,1.0
O=C(N1CCN(C(c2cccnc2)c2ccc(Br)cc2F)CC1)C(F)(F)F,O=C(N1CCN(C(c2cccnc2)c2ccc(Cl)cc2F)CC1)C(F)(F)F,Cl->Br,1,0.9175263786128361,1,0.8214121662551881,1,0.990244,1,0.9947229390056003,4,1,0.9309763638053583,1.0
O=C(N1CCN(C(c2cccnc2)c2ccc(Cl)cc2Br)CC1)C(F)(F)F,O=C(N1CCN(C(c2cccnc2)c2ccc(Cl)cc2F)CC1)C(F)(F)F,F->Br,1,0.8153798838679139,1,0.8519529889983389,1,0.96579695,1,0.9862422883000126,4,1,0.9048430271613784,1.0
CC(F)(F)C(=O)N1CCN(C(c2cccnc2)c2ccc(Cl)cc2F)CC1,O=C(N1CCN(C(c2cccnc2)c2ccc(Cl)cc2F)CC1)C(F)(F)F,(F)->(C),1,0.9758329506543073,1,0.9672861145945999,1,0.9963158,1,0.9979425301139873,4,1,0.9843443431661707,1.0
Nc1ncnc2c1c(-c1ccc(F)cc1Cl)cn2[C@@H]1O[C@H](CO)C[C@H]1O,Nc1ncnc2c1c(-c1ccc(Cl)cc1Cl)cn2[C@@H]1O[C@H](CO)C[C@H]1O,Cl->F,1,0.8522451066923781,1,0.9427465359228946,1,0.8583549,1,0.9608798369577545,4,1,0.9035566014205852,1.0
Nc1ncnc2c1c(-c1ccc(Br)cc1Cl)cn2[C@@H]1O[C@H](CO)C[C@H]1O,Nc1ncnc2c1c(-c1ccc(Cl)cc1Cl)cn2[C@@H]1O[C@H](CO)C[C@H]1O,Cl->Br,1,0.8071864749403213,1,0.8254406475853983,1,0.9477067,1,0.9443037622291485,4,1,0.8811593960315515,1.0
Cc1cc(C)c(Oc2nc(F)nc(Nc3ccc(C#N)cc3)n2)c(C)c1,Cc1cc(C)c(Oc2nc(Cl)nc(Nc3ccc(C#N)cc3)n2)c(C)c1,Cl->F,1,0.5768382079301875,1,0.9295016476423756,1,0.71253353,1,0.8152370523769586,4,1,0.7585276103806681,1.0
Cc1cc(C)c(Oc2nc(Br)nc(Nc3ccc(C#N)cc3)n2)c(C)c1,Cc1cc(C)c(Oc2nc(Cl)nc(Nc3ccc(C#N)cc3)n2)c(C)c1,Cl->Br,1,0.5805979429338025,1,0.855174450477864,1,0.6965511,1,0.8033954294524984,4,1,0.7339297268456494,1.0
Cc1cc(C)c(Oc2nc(Cl)nc(Nc3ccc(C#N)cc3)n2)c(F)c1,Cc1cc(C)c(Oc2nc(Cl)nc(Nc3ccc(C#N)cc3)n2)c(C)c1,(C)->(F),1,0.5750712010324297,1,0.6467671713872545,1,0.83300227,1,0.8237602185679833,4,1,0.7196502150639259,1.0
Cc1cc(C)c(Oc2nc(Cl)nc(Nc3ccc(C#N)cc3)n2)c(Cl)c1,Cc1cc(C)c(Oc2nc(Cl)nc(Nc3ccc(C#N)cc3)n2)c(C)c1,(C)->(Cl),1,0.6274578186551283,1,0.930609716549828,1,0.85685474,1,0.8392477258447515,4,1,0.8135424994636675,1.0
COC1C=C(N2CCN(C(=O)[C@@H]3CCCC[C@H]3C(=O)NC3(C#N)CC3)[C@H](F)C2)C=CC1C1CC1,COC1C=C(N2CCN(C(=O)[C@@H]3CCCC[C@H]3C(=O)NC3(C#N)CC3)[C@H](C)C2)C=CC1C1CC1,(C)->(F),1,0.6291504290312048,1,0.849479116092143,1,0.7687719,1,0.9102325211397052,4,1,0.7894084882721537,1.0
COC1C=C(N2CCN(C(=O)[C@@H]3CCCC[C@H]3C(=O)NC3(C#N)CC3)[C@H](Cl)C2)C=CC1C1CC1,COC1C=C(N2CCN(C(=O)[C@@H]3CCCC[C@H]3C(=O)NC3(C#N)CC3)[C@H](C)C2)C=CC1C1CC1,(C)->(Cl),1,0.672586608380802,1,0.8677077025521281,1,0.91538435,1,0.8675545044314749,4,1,0.8308082918928973,1.0
CCN1/C(=C/C=C/c2oc3ccccc3[n+]2C)Sc2ccc(Cl)cc21,CCN1/C(=C/C=C/c2oc3ccccc3[n+]2C)Sc2ccc(F)cc21,F->Cl,1,0.884896988093946,1,0.8982252539290355,1,0.99122906,1,0.9919628660701454,4,1,0.9415785413512847,1.0
CCN1/C(=C/C=C/c2oc3ccccc3[n+]2C)Sc2ccc(Br)cc21,CCN1/C(=C/C=C/c2oc3ccccc3[n+]2C)Sc2ccc(F)cc21,F->Br,1,0.7789800423586588,1,0.8021200012747133,1,0.9830549,1,0.9807847450641977,4,1,0.8862349162562712,1.0
CCN1/C(=C/C=C/c2oc3ccccc3[n+]2C)Sc2ccc(C)cc21,CCN1/C(=C/C=C/c2oc3ccccc3[n+]2C)Sc2ccc(F)cc21,(F)->(C),1,0.8180597054385315,1,0.8784801201287078,1,0.98317516,1,0.9789206941693588,4,1,0.9146589195593173,1.0
CCCn1cc/c(=N\c2cnccn2)c2ccc(-c3cnc(N4CCCN(F)CC4)nc3)cc21,CCCn1cc/c(=N\c2cnccn2)c2ccc(-c3cnc(N4CCCN(C)CC4)nc3)cc21,(C)->(F),1,0.8115866833310005,1,0.8662024771205233,1,0.8883753,1,0.9364649562377337,4,1,0.8756573497442138,1.0
CCCn1cc/c(=N\c2cnccn2)c2ccc(-c3cnc(N4CCCN(Cl)CC4)nc3)cc21,CCCn1cc/c(=N\c2cnccn2)c2ccc(-c3cnc(N4CCCN(C)CC4)nc3)cc21,(C)->(Cl),1,0.8139699894118365,1,0.9009973498083593,1,0.9505338,1,0.9667934880045109,4,1,0.9080736586255965,1.0
CN(CC1CCn2cc([N+](=O)[O-])nc2O1)c1ccc(OC(F)(F)Cl)cc1,CN(CC1CCn2cc([N+](=O)[O-])nc2O1)c1ccc(OC(F)(F)F)cc1,F->Cl,1,0.9389757904086123,1,0.8826220501793388,1,0.97598106,1,0.9757936750909016,4,1,0.9433431430922672,1.0
CN(CC1CCn2cc([N+](=O)[O-])nc2O1)c1ccc(OC(F)(F)Br)cc1,CN(CC1CCn2cc([N+](=O)[O-])nc2O1)c1ccc(OC(F)(F)F)cc1,F->Br,1,0.820503512919788,1,0.8096441867459927,1,0.95414716,1,0.9544077458156363,4,1,0.8846756513836674,1.0
CN(CC1CCn2cc([N+](=O)[O-])nc2O1)c1ccc(OC(C)(F)F)cc1,CN(CC1CCn2cc([N+](=O)[O-])nc2O1)c1ccc(OC(F)(F)F)cc1,(F)->(C),1,0.9164605976086818,1,0.8826843994565027,1,0.9550872,1,0.9741462461043886,4,1,0.9320946070188947,1.0
Fc1ccc(-c2ccc(CN3C4=NCCN4c4ccccc43)cc2)cc1,Clc1ccc(-c2ccc(CN3C4=NCCN4c4ccccc43)cc2)cc1,Cl->F,1,0.6111400653480477,1,0.9321826293651323,1,0.892537,1,0.847591918400269,4,1,0.8208629027271386,1.0
Brc1ccc(-c2ccc(CN3C4=NCCN4c4ccccc43)cc2)cc1,Clc1ccc(-c2ccc(CN3C4=NCCN4c4ccccc43)cc2)cc1,Cl->Br,1,0.6783323526173674,1,0.8117504311779243,1,0.9152113,1,0.9157828471901357,4,1,0.8302692377272072,1.0
NC(=O)c1ccccc1C(=O)Nc1ccc([Se][Se]c2ccc(NC(=O)c3ccccc3C(=O)O)cc2)cc1,O=C(O)c1ccccc1C(=O)Nc1ccc([Se][Se]c2ccc(NC(=O)c3ccccc3C(=O)O)cc2)cc1,(O)->(N),1,0.6994521325720459,1,0.6391793118761874,1,0.89487207,1,0.923540039280615,4,1,0.7892608882719185,1.0
Cc1ccc([Te]Cc2ccc(S(=O)(=O)O)cc2)cc1,Cc1ccc([Te]Cc2ccc(S(N)(=O)=O)cc2)cc1,(N)->(O),1,0.7075078147909096,1,0.6391789862556896,1,0.85877794,1,0.8724841779407668,4,1,0.7694872298151627,1.0
O=[N+]([O-])c1cn2c(n1)OC[C@@H](OCc1ncccc1-c1ccc(OC(F)(F)Cl)cc1)C2,O=[N+]([O-])c1cn2c(n1)OC[C@@H](OCc1ncccc1-c1ccc(OC(F)(F)F)cc1)C2,F->Cl,1,0.8166407199605583,1,0.8816771016705566,1,0.97309834,1,0.9849862325976708,4,1,0.9141005979697712,1.0
O=[N+]([O-])c1cn2c(n1)OC[C@@H](OCc1ncccc1-c1ccc(OC(F)(F)Br)cc1)C2,O=[N+]([O-])c1cn2c(n1)OC[C@@H](OCc1ncccc1-c1ccc(OC(F)(F)F)cc1)C2,F->Br,1,0.7196570764179391,1,0.8062926702973597,1,0.96737325,1,0.9694413106648183,4,1,0.8656910773237738,1.0
O=[N+]([O-])c1cn2c(n1)O[C@@H](OCc1ncccc1-c1ccc(OC(F)(F)F)cc1)C2,O=[N+]([O-])c1cn2c(n1)OC[C@@H](OCc1ncccc1-c1ccc(OC(F)(F)F)cc1)C2,OC->O,1,0.7931074279208828,1,0.9082665081562533,1,0.9773372,1,0.9848722300468182,4,1,0.915895836923025,1.0
CC(F)(F)Oc1ccc(-c2cccnc2CO[C@@H]2COc3nc([N+](=O)[O-])cn3C2)cc1,O=[N+]([O-])c1cn2c(n1)OC[C@@H](OCc1ncccc1-c1ccc(OC(F)(F)F)cc1)C2,(F)->(C),1,0.8259258940271518,1,0.8289397600547747,1,0.9473505,1,0.9733615545834267,4,1,0.8938944276698784,1.0
COc1ccccc1N1CCN(C(c2ccc(F)cc2)c2cccnc2)CC1,COc1ccccc1N1CCN(C(c2ccc(Cl)cc2)c2cccnc2)CC1,Cl->F,1,0.9386353910032311,1,0.9319510034650892,1,0.99071187,1,0.9935565802347045,4,1,0.9637137106280802,1.0
COc1ccccc1N1CCN(C(c2ccc(Br)cc2)c2cccnc2)CC1,COc1ccccc1N1CCN(C(c2ccc(Cl)cc2)c2cccnc2)CC1,Cl->Br,1,0.837844532583388,1,0.8430290883311463,1,0.97116494,1,0.9912745898107059,4,1,0.9108282881282399,1.0
Cc1nn(-c2ccccn2)cc1C(=O)Nc1ccc2c(c1)B(O)O2,Cc1nn(-c2ccccn2)cc1C(=O)Nc1ccc2c(c1)B(O)OC2,OC->O,1,0.7555922075300997,1,0.800780337980372,1,0.7378012,1,0.8142145415086433,4,1,0.7770970703025235,1.0
Cc1nn(-c2ccccn2)cc1C(=O)Nc1ccc2c(c1)B(N)OC2,Cc1nn(-c2ccccn2)cc1C(=O)Nc1ccc2c(c1)B(O)OC2,(O)->(N),1,0.8023588189252038,1,0.8754766439786433,1,0.8446639,1,0.9486420119395914,4,1,0.867785348215445,1.0
O=S(=O)(NC1CCN(C(c2ccc(C(F)(F)Cl)cc2)c2cnccn2)CC1)C1CCCCC1,O=S(=O)(NC1CCN(C(c2ccc(C(F)(F)F)cc2)c2cnccn2)CC1)C1CCCCC1,F->Cl,1,0.9677007359158845,1,0.9038744598368988,1,0.99181515,1,0.9960135118283581,4,1,0.9648509643413073,1.0
O=S(=O)(NC1CCN(C(c2ccc(C(F)(F)Br)cc2)c2cnccn2)CC1)C1CCCCC1,O=S(=O)(NC1CCN(C(c2ccc(C(F)(F)F)cc2)c2cnccn2)CC1)C1CCCCC1,F->Br,1,0.9139303460983655,1,0.8603715727543327,1,0.9894957,1,0.9926754223205021,4,1,0.9391182589526248,1.0
CC(F)(F)c1ccc(C(c2cnccn2)N2CCC(NS(=O)(=O)C3CCCCC3)CC2)cc1,O=S(=O)(NC1CCN(C(c2ccc(C(F)(F)F)cc2)c2cnccn2)CC1)C1CCCCC1,(F)->(C),1,0.9463228784078511,1,0.8728248422371038,1,0.96580285,1,0.9882616544560362,4,1,0.943303055860018,1.0
Cc1ccccc1OC(=O)N1CCCN(c2cccnn2)CC1,Cc1ccccc1OCC(=O)N1CCCN(c2cccnn2)CC1,OC->O,0,0.45861819707381724,0,0.461446274288887,0,0.17755903,0,0.23510518861989127,0,0,0.3331821732547069,0.0
CS(=O)(=O)c1ccc(N2CCN(C(=O)C(c3ccc(F)cc3)c3cncnc3)CC2)cc1,CS(=O)(=O)c1ccc(N2CCN(C(=O)C(c3ccc(Cl)cc3)c3cncnc3)CC2)cc1,Cl->F,1,0.9222593183367729,1,0.8825688481777691,1,0.9785057,1,0.9920050033748243,4,1,0.9438347102284222,1.0
CS(=O)(=O)c1ccc(N2CCN(C(=O)C(c3ccc(Br)cc3)c3cncnc3)CC2)cc1,CS(=O)(=O)c1ccc(N2CCN(C(=O)C(c3ccc(Cl)cc3)c3cncnc3)CC2)cc1,Cl->Br,1,0.8658320046136092,1,0.8337895686063582,1,0.94623125,1,0.9903587411555207,4,1,0.909052890092514,1.0
O=[N+]([O-])c1ncn(Cc2cn(-c3ccc(Br)cc3)nn2)n1,O=[N+]([O-])c1ncn(Cc2cn(-c3ccc(Cl)cc3)nn2)n1,Cl->Br,1,0.7718338315617461,1,0.825887551911435,1,0.9387083,1,0.9621645130331445,4,1,0.8746485504663031,1.0
Fc1ccc(NCc2cncn2Cc2ccc(-c3ccccc3)cc2)cc1N1CCCCC1,Clc1ccc(NCc2cncn2Cc2ccc(-c3ccccc3)cc2)cc1N1CCCCC1,Cl->F,1,0.9471384713003514,1,0.9464554785642023,1,0.9938835,1,0.9956663169764307,4,1,0.9707859393508559,1.0
Brc1ccc(NCc2cncn2Cc2ccc(-c3ccccc3)cc2)cc1N1CCCCC1,Clc1ccc(NCc2cncn2Cc2ccc(-c3ccccc3)cc2)cc1N1CCCCC1,Cl->Br,1,0.8163226442545667,1,0.8993854034099493,1,0.98759824,1,0.9906886343862292,4,1,0.9234987306065661,1.0
O=C(N[C@@H](Cc1c[nH]c2ccccc12)C(=O)Nc1ccncc1)c1ccccc1Br,O=C(N[C@@H](Cc1c[nH]c2ccccc12)C(=O)Nc1ccncc1)c1ccccc1F,F->Br,1,0.8316924247064895,1,0.9145567725802345,1,0.95036364,1,0.9711655076831675,4,1,0.9169445852466843,1.0
N#Cc1c(NS(=O)(=O)c2ccccc2[N+](=O)[O-])[n+]([O-])c2ccc(F)cc2[n+]1[O-],N#Cc1c(NS(=O)(=O)c2ccccc2[N+](=O)[O-])[n+]([O-])c2ccc(Cl)cc2[n+]1[O-],Cl->F,1,0.6134817657425442,1,0.807645410150051,1,0.57071865,1,0.8384933126349764,4,1,0.7075847836442678,1.0
N#Cc1c(NS(=O)(=O)c2ccccc2[N+](=O)[O-])[n+]([O-])c2ccc(Br)cc2[n+]1[O-],N#Cc1c(NS(=O)(=O)c2ccccc2[N+](=O)[O-])[n+]([O-])c2ccc(Cl)cc2[n+]1[O-],Cl->Br,1,0.5974813794336737,1,0.7556331476392698,1,0.83458126,1,0.8889632628069604,4,1,0.7691647614481711,1.0
CN(C)c1nccn2c(-c3ccncc3)c(-c3ccc(Cl)cc3)nc12,CN(C)c1nccn2c(-c3ccncc3)c(-c3ccc(F)cc3)nc12,F->Cl,1,0.690747346970528,1,0.8473836109117721,1,0.772859,1,0.8272422574197512,4,1,0.7845580481549653,1.0
CN(C)c1nccn2c(-c3ccncc3)c(-c3ccc(Br)cc3)nc12,CN(C)c1nccn2c(-c3ccncc3)c(-c3ccc(F)cc3)nc12,F->Br,1,0.6279579443379346,1,0.5729172506059911,1,0.5098084,1,0.7425184661962223,4,1,0.6133005205687743,1.0
CN(F)c1nccn2c(-c3ccncc3)c(-c3ccc(F)cc3)nc12,CN(C)c1nccn2c(-c3ccncc3)c(-c3ccc(F)cc3)nc12,(C)->(F),1,0.7350523410809713,1,0.8671773993775845,1,0.87049586,1,0.9413046616694363,4,1,0.8535075644840625,1.0
CN(Cl)c1nccn2c(-c3ccncc3)c(-c3ccc(F)cc3)nc12,CN(C)c1nccn2c(-c3ccncc3)c(-c3ccc(F)cc3)nc12,(C)->(Cl),1,0.6926145661839295,1,0.9096651939984697,1,0.7599092,1,0.9128309225733764,4,1,0.8187549738362598,1.0
Cc1ccc(-c2nc3c(N(C)C)nccn3c2-c2ccncc2)cc1,CN(C)c1nccn2c(-c3ccncc3)c(-c3ccc(F)cc3)nc12,(F)->(C),1,0.6358002141868094,1,0.7077507391552934,1,0.50291234,1,0.8060596052205777,4,1,0.6631307252777627,1.0
COc1cccc2c1C(=O)C=C(Oc1ccc(F)cc1)C2=O,COc1cccc2c1C(=O)C=C(Oc1ccc(C)cc1)C2=O,(C)->(F),1,0.6477518481261505,1,0.999994006420743,1,0.9282406,1,0.9265888968409518,4,1,0.8756438371589806,1.0
COc1cccc2c1C(=O)C=C(Oc1ccc(Cl)cc1)C2=O,COc1cccc2c1C(=O)C=C(Oc1ccc(C)cc1)C2=O,(C)->(Cl),1,0.5340790769117328,1,0.9902145391755851,1,0.908576,1,0.8431754899749812,4,1,0.8190112794300035,1.0
COc1nc(N[C@H]2CC[C@H](NS(=O)(=O)CCC(C)C)CC2)nc2[nH]nc(N3CCO[C@@H]3C)c12,COc1nc(N[C@H]2CC[C@H](NS(=O)(=O)CCC(C)C)CC2)nc2[nH]nc(N3CCOC[C@@H]3C)c12,OC->O,1,0.7775546863231563,1,0.8532246843741503,1,0.9325454,1,0.9692248208092609,4,1,0.8831374037535644,1.0
COc1nc(N[C@H]2CC[C@H](NS(=O)(=O)CCC(C)F)CC2)nc2[nH]nc(N3CCOC[C@@H]3C)c12,COc1nc(N[C@H]2CC[C@H](NS(=O)(=O)CCC(C)C)CC2)nc2[nH]nc(N3CCOC[C@@H]3C)c12,(C)->(F),1,0.7683615542599586,1,0.8527748802398718,1,0.8460049,1,0.9355227155167406,4,1,0.8506660133332672,1.0
COc1nc(N[C@H]2CC[C@H](NS(=O)(=O)CCC(C)Cl)CC2)nc2[nH]nc(N3CCOC[C@@H]3C)c12,COc1nc(N[C@H]2CC[C@H](NS(=O)(=O)CCC(C)C)CC2)nc2[nH]nc(N3CCOC[C@@H]3C)c12,(C)->(Cl),1,0.7839967566948853,1,0.8520161526490343,1,0.8999845,1,0.9575234925850857,4,1,0.8733802202198765,1.0
CC(C)Nc1nc(NCC(F)(F)Cl)c2ccccc2n1,CC(C)Nc1nc(NCC(F)(F)F)c2ccccc2n1,F->Cl,1,0.5891395852330167,1,0.7269196140473275,1,0.61567694,1,0.6951138057984632,4,1,0.6567124861415662,1.0
CC(C)Nc1nc(NCC(F)(F)Br)c2ccccc2n1,CC(C)Nc1nc(NCC(F)(F)F)c2ccccc2n1,F->Br,1,0.5590275409730654,1,0.6554859285050267,1,0.6825632,1,0.6879435025170868,4,1,0.6462550394217531,1.0
CC(F)Nc1nc(NCC(F)(F)F)c2ccccc2n1,CC(C)Nc1nc(NCC(F)(F)F)c2ccccc2n1,(C)->(F),1,0.5228435944388848,1,0.702599786279721,0,0.47200358,0,0.49363357910452305,2,0,0.5477701347407096,0.5
CC(Cl)Nc1nc(NCC(F)(F)F)c2ccccc2n1,CC(C)Nc1nc(NCC(F)(F)F)c2ccccc2n1,(C)->(Cl),1,0.5629721202935815,1,0.8054894742855003,1,0.6572064,1,0.7012160912191221,4,1,0.6817210254820675,1.0
CC(C)Nc1nc(NCC(C)(F)F)c2ccccc2n1,CC(C)Nc1nc(NCC(F)(F)F)c2ccccc2n1,(F)->(C),1,0.580080072984871,1,0.6851518311846654,1,0.7056522,1,0.7219927101604534,4,1,0.6732191979159554,1.0
O=C(C1CC1)N1CCC(NC(c2ccc(C(F)(F)Cl)cc2)c2cccnc2)CC1,O=C(C1CC1)N1CCC(NC(c2ccc(C(F)(F)F)cc2)c2cccnc2)CC1,F->Cl,1,0.9527374054338242,1,0.9524786682521673,1,0.99687624,1,0.9982828027688042,4,1,0.9750937790578518,1.0
O=C(C1CC1)N1CCC(NC(c2ccc(C(F)(F)Br)cc2)c2cccnc2)CC1,O=C(C1CC1)N1CCC(NC(c2ccc(C(F)(F)F)cc2)c2cccnc2)CC1,F->Br,1,0.9118006239882577,1,0.9093214110688306,1,0.99736327,1,0.996953926860564,4,1,0.9538598078116809,1.0
CC(F)(F)c1ccc(C(NC2CCN(C(=O)C3CC3)CC2)c2cccnc2)cc1,O=C(C1CC1)N1CCC(NC(c2ccc(C(F)(F)F)cc2)c2cccnc2)CC1,(F)->(C),1,0.9813389329944997,1,0.925933092069803,1,0.9921226,1,0.995910552041302,4,1,0.973826291911861,1.0
Cc1ccc2cc3c(N)c4c(F)ccc(C)c4nc3nc2c1,Cc1ccc2cc3c(N)c4c(C)ccc(C)c4nc3nc2c1,(C)->(F),0,0.453797781353812,1,0.7515258898474254,1,0.76493,1,0.6331061703668931,3,1,0.6508399628525123,0.75
Cc1ccc2cc3c(N)c4c(Cl)ccc(C)c4nc3nc2c1,Cc1ccc2cc3c(N)c4c(C)ccc(C)c4nc3nc2c1,(C)->(Cl),1,0.5040593503077985,1,0.8342105762815784,1,0.75202495,1,0.7240454896441646,4,1,0.7035850912076239,1.0
Cc1ccc2cc3c(O)c4c(C)ccc(C)c4nc3nc2c1,Cc1ccc2cc3c(N)c4c(C)ccc(C)c4nc3nc2c1,(N)->(O),0,0.4492120847889422,1,0.8215989802368613,1,0.581463,1,0.7704619032144476,3,1,0.6556839868892407,0.75
CCn1nc(-c2ccc(C(=O)O)cc2)nc2c(=O)n(C)c(=O)nc1-2,CCn1nc(-c2ccc(C(=O)OC)cc2)nc2c(=O)n(C)c(=O)nc1-2,OC->O,1,0.5071832406737908,1,0.7564710193085533,1,0.69166577,0,0.47952799320631995,3,1,0.6087120054530041,0.75
CCn1nc(-c2ccc(C(=O)OC)cc2)nc2c(=O)n(F)c(=O)nc1-2,CCn1nc(-c2ccc(C(=O)OC)cc2)nc2c(=O)n(C)c(=O)nc1-2,(C)->(F),1,0.5037216934108891,1,0.8611339355512063,1,0.8310958,1,0.811668019192281,4,1,0.7519048657148178,1.0
CCn1nc(-c2ccc(C(=O)OC)cc2)nc2c(=O)n(Cl)c(=O)nc1-2,CCn1nc(-c2ccc(C(=O)OC)cc2)nc2c(=O)n(C)c(=O)nc1-2,(C)->(Cl),0,0.4957764467606241,1,0.8866315680416224,1,0.7917003,1,0.8381355844038041,3,1,0.7530609756901463,0.75
Fc1cc2nc(-c3ccccc3)c(-c3ccccc3)nc2cc1Cl,Clc1cc2nc(-c3ccccc3)c(-c3ccccc3)nc2cc1Cl,Cl->F,0,0.3985410964347372,1,0.6931544337112093,0,0.362023,0,0.393251172249754,1,0,0.461742424586123,0.25
Clc1cc2nc(-c3ccccc3)c(-c3ccccc3)nc2cc1Br,Clc1cc2nc(-c3ccccc3)c(-c3ccccc3)nc2cc1Cl,Cl->Br,0,0.44086782473238,1,0.7403424718775264,1,0.66419125,1,0.690073390190949,3,1,0.6338687332083925,0.75
CS(=O)(=O)Cc1nc2c(Br)cc(F)cn2c1[N+](=O)[O-],CS(=O)(=O)Cc1nc2c(Br)cc(Cl)cn2c1[N+](=O)[O-],Cl->F,1,0.577596143585362,1,0.8020673165088894,1,0.8284979,1,0.8706357786389355,4,1,0.7696992813477255,1.0
CS(=O)(=O)Cc1nc2c(Br)cc(Br)cn2c1[N+](=O)[O-],CS(=O)(=O)Cc1nc2c(Br)cc(Cl)cn2c1[N+](=O)[O-],Cl->Br,1,0.6525857757931888,1,0.8765880263613949,1,0.8816668,1,0.926042539145888,4,1,0.8342207802046497,1.0
Nc1cc(C(=O)N/N=C/c2ccc([N+](=O)[O-])s2)ccc1[N+](=O)[O-],O=C(N/N=C/c1ccc([N+](=O)[O-])s1)c1ccc([N+](=O)[O-])c(O)c1,(O)->(N),1,0.7833821507335366,1,0.9493586748400787,1,0.97578406,1,0.9765698318228826,4,1,0.9212736801839329,1.0
CN(C)c1nc(N/N=C/c2ccc([N+](=O)[O-])o2)nc(N(C)F)n1,CN(C)c1nc(N/N=C/c2ccc([N+](=O)[O-])o2)nc(N(C)C)n1,(C)->(F),1,0.6555754045340967,1,0.9099691834280469,1,0.94405615,1,0.9411229743449565,4,1,0.862680928901131,1.0
CN(C)c1nc(N/N=C/c2ccc([N+](=O)[O-])o2)nc(N(C)Cl)n1,CN(C)c1nc(N/N=C/c2ccc([N+](=O)[O-])o2)nc(N(C)C)n1,(C)->(Cl),1,0.6831316625602574,1,0.9183795205109242,1,0.956418,1,0.9289680309526683,4,1,0.871724297958439,1.0
CC1(COc2ccc(C(F)(F)Cl)nc2)Cn2cc([N+](=O)[O-])nc2O1,CC1(COc2ccc(C(F)(F)F)nc2)Cn2cc([N+](=O)[O-])nc2O1,F->Cl,1,0.8886735789100401,1,0.915041561446303,1,0.991256,1,0.9859853993915543,4,1,0.9452391345898369,1.0
CC1(COc2ccc(C(F)(F)Br)nc2)Cn2cc([N+](=O)[O-])nc2O1,CC1(COc2ccc(C(F)(F)F)nc2)Cn2cc([N+](=O)[O-])nc2O1,F->Br,1,0.7904632124985762,1,0.8404681634705945,1,0.9831753,1,0.9705913095695179,4,1,0.8961744908121624,1.0
CC1(COc2ccc(C(C)(F)F)nc2)Cn2cc([N+](=O)[O-])nc2O1,CC1(COc2ccc(C(F)(F)F)nc2)Cn2cc([N+](=O)[O-])nc2O1,(F)->(C),1,0.906732515808818,1,0.909633799035849,1,0.97540796,1,0.9864064975008304,4,1,0.9445451925940496,1.0
CC/C(=C\c1ccc(F)cc1)C(=O)/C=C/c1ccc2c(c1)OCO2,CC/C(=C\c1ccc(Cl)cc1)C(=O)/C=C/c1ccc2c(c1)OCO2,Cl->F,0,0.2861680345871231,1,0.5260749340353955,0,0.2966114,0,0.2187220895966591,1,0,0.3318941141694146,0.25
CC/C(=C\c1ccc(Br)cc1)C(=O)/C=C/c1ccc2c(c1)OCO2,CC/C(=C\c1ccc(Cl)cc1)C(=O)/C=C/c1ccc2c(c1)OCO2,Cl->Br,0,0.3590663218602156,1,0.6383489387552429,1,0.5772413,1,0.782870292557301,3,1,0.5893817136773298,0.75
CC/C(=C\c1ccc(Cl)cc1)C(=O)/C=C/c1ccc2ooc2c1,CC/C(=C\c1ccc(Cl)cc1)C(=O)/C=C/c1ccc2c(c1)OCO2,OC->O,0,0.3225269361927856,1,0.7653287022729519,0,0.28987616,1,0.5380180743102205,2,0,0.4789374689454467,0.5
CC(=O)Nc1ccc2[nH]c(=O)n([C@H]3CC[C@@H](C(F)(F)Cl)CC3)c(=O)c2c1,CC(=O)Nc1ccc2[nH]c(=O)n([C@H]3CC[C@@H](C(F)(F)F)CC3)c(=O)c2c1,F->Cl,1,0.7173169440853567,1,0.9042645126158967,1,0.8476208,1,0.8536492898142947,4,1,0.8307128829379767,1.0
CC(=O)Nc1ccc2[nH]c(=O)n([C@H]3CC[C@@H](C(F)(F)Br)CC3)c(=O)c2c1,CC(=O)Nc1ccc2[nH]c(=O)n([C@H]3CC[C@@H](C(F)(F)F)CC3)c(=O)c2c1,F->Br,1,0.6667536793335542,1,0.8352772231010777,1,0.82664603,1,0.845968132674427,4,1,0.7936612662645618,1.0
CC(=O)Nc1ccc2[nH]c(=O)n([C@H]3CC[C@@H](C(C)(F)F)CC3)c(=O)c2c1,CC(=O)Nc1ccc2[nH]c(=O)n([C@H]3CC[C@@H](C(F)(F)F)CC3)c(=O)c2c1,(F)->(C),1,0.6963638599932097,1,0.9053455909351178,1,0.8764659,1,0.9212389947640155,4,1,0.8498535905814872,1.0
Cc1cc(Oc2cccc(Cn3cccn3)c2)cc(C)c1F,Cc1cc(Oc2cccc(Cn3cccn3)c2)cc(C)c1Cl,Cl->F,0,0.46551805750390035,1,0.8426178775618685,0,0.48557302,1,0.7247449396543996,2,0,0.6296134745694578,0.5
Cc1cc(Oc2cccc(Cn3cccn3)c2)cc(C)c1Br,Cc1cc(Oc2cccc(Cn3cccn3)c2)cc(C)c1Cl,Cl->Br,1,0.6237038663760546,1,0.8468594398595775,1,0.900265,1,0.8651327358822265,4,1,0.8089902551316679,1.0
Cc1cc(Oc2cccc(Cn3cccn3)c2)cc(F)c1Cl,Cc1cc(Oc2cccc(Cn3cccn3)c2)cc(C)c1Cl,(C)->(F),1,0.5198747238737544,1,0.8252892179178972,1,0.54134625,1,0.6116082658651845,4,1,0.6245296149053513,1.0
Cc1cc(Oc2cccc(Cn3cccn3)c2)cc(Cl)c1Cl,Cc1cc(Oc2cccc(Cn3cccn3)c2)cc(C)c1Cl,(C)->(Cl),1,0.5340525262172087,1,0.8514399553694219,1,0.6413914,1,0.7736396665700367,4,1,0.7001308861697972,1.0
CC1CCc2ccccc2N1S(=O)(=O)c1ccc(C(C)(C)F)cc1,CC1CCc2ccccc2N1S(=O)(=O)c1ccc(C(C)(C)C)cc1,(C)->(F),0,0.47612858070310227,1,0.6542317107880463,0,0.49835616,1,0.6439847714152889,2,0,0.5681753066020443,0.5
CC1CCc2ccccc2N1S(=O)(=O)c1ccc(C(C)(C)Cl)cc1,CC1CCc2ccccc2N1S(=O)(=O)c1ccc(C(C)(C)C)cc1,(C)->(Cl),1,0.5166628100952165,1,0.7778517415109821,1,0.59988487,1,0.6433078583737334,4,1,0.634426819412021,1.0
Cc1cc(N(C)F)nc(Nc2ccccc2C)n1,Cc1cc(N(C)C)nc(Nc2ccccc2C)n1,(C)->(F),0,0.48912678354934014,1,0.6629044147207879,0,0.4224241,0,0.39759834769977576,1,0,0.49301341343997424,0.25
Cc1cc(N(C)Cl)nc(Nc2ccccc2C)n1,Cc1cc(N(C)C)nc(Nc2ccccc2C)n1,(C)->(Cl),1,0.6353731838686377,1,0.7632208725482229,1,0.90207505,1,0.8513412755086364,4,1,0.7880025960467124,1.0
Cc1ccc(N2CCC(N(c3ccc(C(F)(F)Cl)cc3)c3cccnc3)CC2)cn1,Cc1ccc(N2CCC(N(c3ccc(C(F)(F)F)cc3)c3cccnc3)CC2)cn1,F->Cl,1,0.962214406226371,1,0.9368229433553315,1,0.9914698,1,0.9933650724950562,4,1,0.9709680556372546,1.0
Cc1ccc(N2CCC(N(c3ccc(C(F)(F)Br)cc3)c3cccnc3)CC2)cn1,Cc1ccc(N2CCC(N(c3ccc(C(F)(F)F)cc3)c3cccnc3)CC2)cn1,F->Br,1,0.9182025221565182,1,0.8752971010494035,1,0.98941773,1,0.991852979013367,4,1,0.9436925834953053,1.0
Cc1ccc(N2CCC(N(c3ccc(C(C)(F)F)cc3)c3cccnc3)CC2)cn1,Cc1ccc(N2CCC(N(c3ccc(C(F)(F)F)cc3)c3cccnc3)CC2)cn1,(F)->(C),1,0.9386838428134814,1,0.8752387825566708,1,0.97680557,1,0.9855297601157613,4,1,0.9440644883068268,1.0
CC(=O)Nc1ccc(F)c(C(=O)NC(Cn2ccnc2)c2ccccc2)c1,CC(=O)Nc1ccc(Cl)c(C(=O)NC(Cn2ccnc2)c2ccccc2)c1,Cl->F,1,0.8598857034358345,1,0.8942031293547533,1,0.96601236,1,0.9725779273443054,4,1,0.92316977970009,1.0
CC(=O)Nc1ccc(Br)c(C(=O)NC(Cn2ccnc2)c2ccccc2)c1,CC(=O)Nc1ccc(Cl)c(C(=O)NC(Cn2ccnc2)c2ccccc2)c1,Cl->Br,1,0.7677255185997869,1,0.7967298298451241,1,0.86827177,1,0.9297392809740558,4,1,0.8406165993780189,1.0
COc1c(C)[nH]c2c(c1=O)[C@@H](CCCCCc1ccccc1)CC[C@H]2O,COc1c(C)[nH]c2c(c1=O)[C@@H](CCCCCc1ccccc1)CC[C@H]2OC,OC->O,1,0.6228923261199325,1,0.8881539261765379,1,0.9139707,1,0.9668889621147677,4,1,0.847976480814571,1.0
COc1c(F)[nH]c2c(c1=O)[C@@H](CCCCCc1ccccc1)CC[C@H]2OC,COc1c(C)[nH]c2c(c1=O)[C@@H](CCCCCc1ccccc1)CC[C@H]2OC,(C)->(F),1,0.5294920488516046,1,0.7579591919088334,1,0.820051,1,0.6972655256214543,4,1,0.7011919452013157,1.0
COc1c(Cl)[nH]c2c(c1=O)[C@@H](CCCCCc1ccccc1)CC[C@H]2OC,COc1c(C)[nH]c2c(c1=O)[C@@H](CCCCCc1ccccc1)CC[C@H]2OC,(C)->(Cl),1,0.515924227564063,1,0.7497380077812098,1,0.8797558,1,0.8482022664150468,4,1,0.7484050741905759,1.0
CC1Cn2c(nc([N+](=O)[O-])c2C#Cc2ccc(C(C)(C)F)cc2)O1,CC1Cn2c(nc([N+](=O)[O-])c2C#Cc2ccc(C(C)(C)C)cc2)O1,(C)->(F),1,0.7566359332113524,1,0.9052300599595834,1,0.9370564,1,0.950223826931762,4,1,0.8872865605840698,1.0
CC1Cn2c(nc([N+](=O)[O-])c2C#Cc2ccc(C(C)(C)Cl)cc2)O1,CC1Cn2c(nc([N+](=O)[O-])c2C#Cc2ccc(C(C)(C)C)cc2)O1,(C)->(Cl),1,0.7837115827351655,1,0.917914606487411,1,0.9095378,1,0.9732003449733463,4,1,0.8960910816004333,1.0
C=C(c1nc(-c2ccccc2)no1)C(O)c1cccc(Br)c1,C=C(c1nc(-c2ccccc2)no1)C(O)c1cccc(F)c1,F->Br,0,0.36861460297221543,1,0.5570799033558012,1,0.6391191,0,0.41873758003483097,2,0,0.49588779375314934,0.5
C=C(c1nc(-c2ccccc2)no1)C(O)c1cccc(C)c1,C=C(c1nc(-c2ccccc2)no1)C(O)c1cccc(F)c1,(F)->(C),0,0.3346944742096958,1,0.767361538693626,1,0.5607594,1,0.5305615319525402,3,1,0.5483442425047828,0.75
C=C(c1nc(-c2ccccc2)no1)C(N)c1cccc(F)c1,C=C(c1nc(-c2ccccc2)no1)C(O)c1cccc(F)c1,(O)->(N),0,0.4060965296563196,1,0.5366341285642479,0,0.48803556,1,0.646192074643904,2,0,0.5192395731296768,0.5
COc1ccc(C2SCC(=O)N2CCNc2ccnc3cc(F)ccc23)cc1O,COc1ccc(C2SCC(=O)N2CCNc2ccnc3cc(Cl)ccc23)cc1O,Cl->F,1,0.6577079658741408,1,0.8165704163928609,1,0.8900525,1,0.882674166421969,4,1,0.8117512615189757,1.0
COc1ccc(C2SCC(=O)N2CCNc2ccnc3cc(Br)ccc23)cc1O,COc1ccc(C2SCC(=O)N2CCNc2ccnc3cc(Cl)ccc23)cc1O,Cl->Br,1,0.6457676332040896,1,0.7648665118973258,1,0.9117331,1,0.9389758693267318,4,1,0.81533577632642,1.0
Fc1ccc(C(NCCN2CCOCC2)(c2cccnc2)c2ccccc2Cl)cc1,Clc1ccc(C(NCCN2CCOCC2)(c2cccnc2)c2ccccc2Cl)cc1,Cl->F,1,0.8637003058464827,1,0.889192761436572,1,0.95040464,1,0.9593698644944689,4,1,0.9156668939474938,1.0
Clc1ccccc1C(NCCN1CCOCC1)(c1ccc(Br)cc1)c1cccnc1,Clc1ccc(C(NCCN2CCOCC2)(c2cccnc2)c2ccccc2Cl)cc1,Cl->Br,1,0.8577957303045072,1,0.8445366490589318,1,0.9502645,1,0.9816877305033684,4,1,0.9085711558398479,1.0
Clc1ccc(C(NCCN2CCOC2)(c2cccnc2)c2ccccc2Cl)cc1,Clc1ccc(C(NCCN2CCOCC2)(c2cccnc2)c2ccccc2Cl)cc1,OC->O,1,0.9362313236980173,1,0.8694656040951677,1,0.98541945,1,0.9877105682415578,4,1,0.9447067370562855,1.0
Nc1cccc(NC(=O)c2cccc(S(=O)(=O)Nc3cccc(O)c3)c2)c1,O=C(Nc1cccc(O)c1)c1cccc(S(=O)(=O)Nc2cccc(O)c2)c1,(O)->(N),1,0.6071626398767656,1,0.8777381010057074,1,0.68103266,1,0.8843992703520444,4,1,0.7625831672144521,1.0
OC(c1ccc(Br)cc1)(c1ccc(C(F)(F)Cl)cc1)c1cccnc1,OC(c1ccc(Br)cc1)(c1ccc(C(F)(F)F)cc1)c1cccnc1,F->Cl,1,0.914570246868541,1,0.9294703174250364,1,0.9928509,1,0.9966655949952863,4,1,0.9583892647463035,1.0
OC(c1ccc(Br)cc1)(c1ccc(C(F)(F)Br)cc1)c1cccnc1,OC(c1ccc(Br)cc1)(c1ccc(C(F)(F)F)cc1)c1cccnc1,F->Br,1,0.8618177081372086,1,0.8889596989236644,1,0.9889625,1,0.9949304086456567,4,1,0.933667571797917,1.0
CC(F)(F)c1ccc(C(O)(c2ccc(Br)cc2)c2cccnc2)cc1,OC(c1ccc(Br)cc1)(c1ccc(C(F)(F)F)cc1)c1cccnc1,(F)->(C),1,0.8960797993736599,1,0.905794813528113,1,0.9832945,1,0.9881547041372503,4,1,0.9433309510096337,1.0
FCc1ccc(-c2cc(-c3ccc4c(c3)OCO4)no2)cc1,ClCc1ccc(-c2cc(-c3ccc4c(c3)OCO4)no2)cc1,Cl->F,0,0.44753485080386374,1,0.5194777158809816,1,0.57171637,1,0.5546500848751299,3,1,0.5233447549395924,0.75
BrCc1ccc(-c2cc(-c3ccc4c(c3)OCO4)no2)cc1,ClCc1ccc(-c2cc(-c3ccc4c(c3)OCO4)no2)cc1,Cl->Br,1,0.5822834245666785,1,0.7761332820180674,1,0.68588835,1,0.7788855994369492,4,1,0.7057976640079033,1.0
ClCc1ccc(-c2cc(-c3ccc4ooc4c3)no2)cc1,ClCc1ccc(-c2cc(-c3ccc4c(c3)OCO4)no2)cc1,OC->O,0,0.4755652246865638,1,0.7387038945049195,0,0.34285408,1,0.5581312836037516,2,0,0.528813621344904,0.5
O=C(Cn1cnc([N+](=O)[O-])n1)Nc1cccc(Oc2ccccc2)c1,O=C(Cn1cnc([N+](=O)[O-])n1)Nc1cccc(OCc2ccccc2)c1,OC->O,1,0.8885113316134292,1,0.9414396941525235,1,0.98589766,1,0.9877285753278491,4,1,0.9508943153373085,1.0
CC(C)(C)NC(=O)C(c1ccc(Br)cc1)N(CC(=O)NCCCN1CCOC1)C(=O)c1cc2ccccc2[nH]1,CC(C)(C)NC(=O)C(c1ccc(Br)cc1)N(CC(=O)NCCCN1CCOCC1)C(=O)c1cc2ccccc2[nH]1,OC->O,1,0.7037842896043965,1,0.8362174833380315,1,0.88445675,1,0.9588563994796488,4,1,0.8458287315382127,1.0
CC(C)(F)NC(=O)C(c1ccc(Br)cc1)N(CC(=O)NCCCN1CCOCC1)C(=O)c1cc2ccccc2[nH]1,CC(C)(C)NC(=O)C(c1ccc(Br)cc1)N(CC(=O)NCCCN1CCOCC1)C(=O)c1cc2ccccc2[nH]1,(C)->(F),1,0.6126207992617547,1,0.8403500140733463,1,0.84987164,1,0.839705633697531,4,1,0.785637020617411,1.0
CC(C)(Cl)NC(=O)C(c1ccc(Br)cc1)N(CC(=O)NCCCN1CCOCC1)C(=O)c1cc2ccccc2[nH]1,CC(C)(C)NC(=O)C(c1ccc(Br)cc1)N(CC(=O)NCCCN1CCOCC1)C(=O)c1cc2ccccc2[nH]1,(C)->(Cl),1,0.6776195930165343,1,0.8669736004132966,1,0.90556234,1,0.915935475683215,4,1,0.8415227525815681,1.0
CC(F)=CCc1c(O)c2c(c(C(=O)C(C)C)c1O)OC1(C2)OC(C)=C(C)C1=O,CC(C)=CCc1c(O)c2c(c(C(=O)C(C)C)c1O)OC1(C2)OC(C)=C(C)C1=O,(C)->(F),1,0.642838949114389,1,0.8118418008056243,1,0.91138846,1,0.829395442825368,4,1,0.7988661623917057,1.0
CC(Cl)=CCc1c(O)c2c(c(C(=O)C(C)C)c1O)OC1(C2)OC(C)=C(C)C1=O,CC(C)=CCc1c(O)c2c(c(C(=O)C(C)C)c1O)OC1(C2)OC(C)=C(C)C1=O,(C)->(Cl),1,0.7149319697714113,1,0.8228640553558405,1,0.9644403,1,0.9306200228907959,4,1,0.8582140835443908,1.0
CC(C)=CCc1c(N)c2c(c(C(=O)C(C)C)c1O)OC1(C2)OC(C)=C(C)C1=O,CC(C)=CCc1c(O)c2c(c(C(=O)C(C)C)c1O)OC1(C2)OC(C)=C(C)C1=O,(O)->(N),1,0.6801930592191959,1,0.7409247637358872,1,0.904037,1,0.9406196047719392,4,1,0.8164436066189504,1.0
NC1CCc2nc(-c3cccnc3)nc(Nc3ccc(Cl)cc3)c2C1,NC1CCc2nc(-c3cccnc3)nc(Nc3ccc(F)cc3)c2C1,F->Cl,1,0.8169641065214063,1,0.9053234581320326,1,0.9445099,1,0.9565666868474632,4,1,0.9058410437397504,1.0
NC1CCc2nc(-c3cccnc3)nc(Nc3ccc(Br)cc3)c2C1,NC1CCc2nc(-c3cccnc3)nc(Nc3ccc(F)cc3)c2C1,F->Br,1,0.7438315304261929,1,0.790968122081668,1,0.8879015,1,0.8447407749560858,4,1,0.8168604781075561,1.0
Cc1ccc(Nc2nc(-c3cccnc3)nc3c2CC(N)CC3)cc1,NC1CCc2nc(-c3cccnc3)nc(Nc3ccc(F)cc3)c2C1,(F)->(C),1,0.6721626710652219,1,0.8421992092366022,1,0.80348635,1,0.8110581256322202,4,1,0.7822265882831326,1.0
O=C(NCc1ccccc1)Nc1[nH]nc(-c2ccccn2)c1F,O=C(NCc1ccccc1)Nc1[nH]nc(-c2ccccn2)c1Cl,Cl->F,1,0.7146879714408559,1,0.8589207987294185,1,0.9342817,1,0.9698968263067547,4,1,0.8694468258217567,1.0
O=C(NCc1ccccc1)Nc1[nH]nc(-c2ccccn2)c1Br,O=C(NCc1ccccc1)Nc1[nH]nc(-c2ccccn2)c1Cl,Cl->Br,1,0.7532719385136813,1,0.8864103247460642,1,0.94685435,1,0.9601683964152543,4,1,0.8866762531565124,1.0
Clc1ccc(C(Cl)(c2cccnc2)c2ccccc2Cl)cc1,FC(c1ccc(Cl)cc1)(c1cccnc1)c1ccccc1Cl,F->Cl,1,0.8770404262000359,1,0.9257469125413234,1,0.9901929,1,0.9950892881578635,4,1,0.9470173792666148,1.0
Fc1ccc(C(F)(c2cccnc2)c2ccccc2Cl)cc1,FC(c1ccc(Cl)cc1)(c1cccnc1)c1ccccc1Cl,Cl->F,1,0.8708330181234504,1,0.8962459548294281,1,0.98266983,1,0.9883298547388466,4,1,0.9345196645034977,1.0
FC(c1ccc(Br)cc1)(c1cccnc1)c1ccccc1Cl,FC(c1ccc(Cl)cc1)(c1cccnc1)c1ccccc1Cl,Cl->Br,1,0.874096523485312,1,0.8512117477574989,1,0.9873203,1,0.9923694469976082,4,1,0.9262495055393376,1.0
Clc1ccc(C(Br)(c2cccnc2)c2ccccc2Cl)cc1,FC(c1ccc(Cl)cc1)(c1cccnc1)c1ccccc1Cl,F->Br,1,0.8057009771408431,1,0.8989814761535886,1,0.99096674,1,0.9890277901454558,4,1,0.9211692451775607,1.0
O=C(N/N=C/c1ccc([N+](=O)[O-])o1)c1ccc(Cl)c(F)c1,O=C(N/N=C/c1ccc([N+](=O)[O-])o1)c1ccc(F)c(F)c1,F->Cl,1,0.8423496581550804,1,0.9495756940942384,1,0.9570736,1,0.9764612205466056,4,1,0.9313650504245898,1.0
O=C(N/N=C/c1ccc([N+](=O)[O-])o1)c1ccc(Br)c(F)c1,O=C(N/N=C/c1ccc([N+](=O)[O-])o1)c1ccc(F)c(F)c1,F->Br,1,0.7822547439669756,1,0.9394031424035633,1,0.9564736,1,0.9533362982337921,4,1,0.9078669433869531,1.0
Cc1ccc(C(=O)N/N=C/c2ccc([N+](=O)[O-])o2)cc1F,O=C(N/N=C/c1ccc([N+](=O)[O-])o1)c1ccc(F)c(F)c1,(F)->(C),1,0.7031258646179478,1,0.9529373678053964,1,0.9374644,1,0.9396408141847797,4,1,0.8832921156587983,1.0
O=[N+]([O-])c1cc2ooc2cc1/C=C/c1sc(Nc2ccccc2)n[n+]1-c1ccccc1,O=[N+]([O-])c1cc2c(cc1/C=C/c1sc(Nc3ccccc3)n[n+]1-c1ccccc1)OCO2,OC->O,1,0.6091710398528185,1,0.7011446566988018,1,0.8088195,1,0.8621748410507912,4,1,0.7453275025980439,1.0
Fc1c(F)c(/C(=C2\C=CC=N2)c2ccc[nH]2)c(F)c(F)c1Cl,Fc1c(F)c(F)c(/C(=C2\C=CC=N2)c2ccc[nH]2)c(F)c1F,F->Cl,1,0.5828178578688571,1,0.8719522306424445,1,0.94432545,1,0.9303189388885035,4,1,0.8323536186205812,1.0
Fc1c(F)c(/C(=C2\C=CC=N2)c2ccc[nH]2)c(F)c(F)c1Br,Fc1c(F)c(F)c(/C(=C2\C=CC=N2)c2ccc[nH]2)c(F)c1F,F->Br,1,0.5662016197336579,1,0.7974714161560129,1,0.91934645,1,0.9286036183214831,4,1,0.8029057764926231,1.0
Cc1c(F)c(F)c(F)c(/C(=C2\C=CC=N2)c2ccc[nH]2)c1F,Fc1c(F)c(F)c(/C(=C2\C=CC=N2)c2ccc[nH]2)c(F)c1F,(F)->(C),0,0.4284251382168444,1,0.6861987658912413,1,0.78645843,1,0.6028230566032435,3,1,0.6259763483464342,0.75
COc1ccc(/N=C(\Nc2ccccc2)c2ccc3ooc3c2)cc1,COc1ccc(/N=C(\Nc2ccccc2)c2ccc3c(c2)OCO3)cc1,OC->O,1,0.6859070503530097,1,0.9344187910405218,1,0.870259,1,0.915849623337119,4,1,0.8516086129201428,1.0
O=C(Cc1ccc(Cl)cc1F)N1CCC(Nc2ncc3c(-c4ccccc4)n[nH]c3n2)CC1,O=C(Cc1ccc(F)cc1F)N1CCC(Nc2ncc3c(-c4ccccc4)n[nH]c3n2)CC1,F->Cl,1,0.8468379854052449,1,0.9339997318971467,1,0.9189079,1,0.9455152111292872,4,1,0.91131520230369,1.0
O=C(Cc1ccc(Br)cc1F)N1CCC(Nc2ncc3c(-c4ccccc4)n[nH]c3n2)CC1,O=C(Cc1ccc(F)cc1F)N1CCC(Nc2ncc3c(-c4ccccc4)n[nH]c3n2)CC1,F->Br,1,0.7966462641952308,1,0.825275419226364,1,0.9014386,1,0.8815414721633316,4,1,0.8512254373623418,1.0
Cc1ccc(CC(=O)N2CCC(Nc3ncc4c(-c5ccccc5)n[nH]c4n3)CC2)c(F)c1,O=C(Cc1ccc(F)cc1F)N1CCC(Nc2ncc3c(-c4ccccc4)n[nH]c3n2)CC1,(F)->(C),1,0.8178666757571244,1,0.8855908181296255,1,0.8779889,1,0.8983921664430471,4,1,0.8699596338105148,1.0
CC1(COc2ccc(-c3ccc(Cl)nc3F)nc2)CCn2cc([N+](=O)[O-])nc2O1,CC1(COc2ccc(-c3ccc(F)nc3F)nc2)CCn2cc([N+](=O)[O-])nc2O1,F->Cl,1,0.9705763669854531,1,0.9467372559231395,1,0.9951201,1,0.9965041501243265,4,1,0.9772344702901283,1.0
CC1(COc2ccc(-c3ccc(Br)nc3F)nc2)CCn2cc([N+](=O)[O-])nc2O1,CC1(COc2ccc(-c3ccc(F)nc3F)nc2)CCn2cc([N+](=O)[O-])nc2O1,F->Br,1,0.89230036931043,1,0.9100408901004332,1,0.98409605,1,0.9843295956635157,4,1,0.9426917263342075,1.0
Cc1ccc(-c2ccc(OCC3(C)CCn4cc([N+](=O)[O-])nc4O3)cn2)c(F)n1,CC1(COc2ccc(-c3ccc(F)nc3F)nc2)CCn2cc([N+](=O)[O-])nc2O1,(F)->(C),1,0.9754735552152066,1,0.9534817888485506,1,0.99269426,1,0.9964429748571738,4,1,0.9795231444027028,1.0
COc1cc([C@@H]2O[C@H](c3ccc(OC)c(OC)c3)[C@@H](C)[C@@H]2C)ccc1O,COc1ccc([C@H]2O[C@@H](c3ccc(OC)c(OC)c3)[C@@H](C)[C@@H]2C)cc1OC,OC->O,0,0.21459565264528782,0,0.07622375135875507,0,0.045209654,0,0.02873857129476253,0,0,0.0911919072435904,0.0
COc1ccc([C@H]2O[C@@H](c3ccc(OC)c(OC)c3)[C@@H](F)[C@@H]2C)cc1OC,COc1ccc([C@H]2O[C@@H](c3ccc(OC)c(OC)c3)[C@@H](C)[C@@H]2C)cc1OC,(C)->(F),0,0.4309845845707103,1,0.7428694316464043,0,0.4763998,0,0.40185011638396284,1,0,0.5130259854307908,0.25
COc1ccc([C@H]2O[C@@H](c3ccc(OC)c(OC)c3)[C@@H](Cl)[C@@H]2C)cc1OC,COc1ccc([C@H]2O[C@@H](c3ccc(OC)c(OC)c3)[C@@H](C)[C@@H]2C)cc1OC,(C)->(Cl),0,0.3908293282129143,1,0.7719718775464826,0,0.2917796,0,0.21003701091247348,1,0,0.4161544560515697,0.25
C[C@]1(COc2ccc(C(F)(F)Cl)nc2)CCn2cc([N+](=O)[O-])nc2O1,C[C@]1(COc2ccc(C(F)(F)F)nc2)CCn2cc([N+](=O)[O-])nc2O1,F->Cl,1,0.9458597376005138,1,0.9601633320697494,1,0.9947127,1,0.993488099190747,4,1,0.973555969810391,1.0
C[C@]1(COc2ccc(C(F)(F)Br)nc2)CCn2cc([N+](=O)[O-])nc2O1,C[C@]1(COc2ccc(C(F)(F)F)nc2)CCn2cc([N+](=O)[O-])nc2O1,F->Br,1,0.872144972682572,1,0.9232514413684797,1,0.98816085,1,0.9822409864033318,4,1,0.9414495622679843,1.0
CC(F)(F)c1ccc(OC[C@@]2(C)CCn3cc([N+](=O)[O-])nc3O2)cn1,C[C@]1(COc2ccc(C(F)(F)F)nc2)CCn2cc([N+](=O)[O-])nc2O1,(F)->(C),1,0.9575689628366345,1,0.961931280582033,1,0.9926239,1,0.9955112443097685,4,1,0.9769088532343704,1.0
NC(=S)N/N=C(\COc1ccccc1F)c1ccc(Br)cc1,NC(=S)N/N=C(\COc1ccccc1Cl)c1ccc(Br)cc1,Cl->F,1,0.6303816603123003,1,0.871080057940628,1,0.71696424,1,0.8517613418779181,4,1,0.7675468262433439,1.0
NC(=S)N/N=C(\COc1ccccc1Br)c1ccc(Br)cc1,NC(=S)N/N=C(\COc1ccccc1Cl)c1ccc(Br)cc1,Cl->Br,1,0.7274226885862688,1,0.725366101969849,1,0.895655,1,0.8963177073962685,4,1,0.8111903685800842,1.0
CC(F)Oc1cc(NC(=N)c2ccccn2)ccc1-c1ccc(-c2ccco2)o1,CC(C)Oc1cc(NC(=N)c2ccccn2)ccc1-c1ccc(-c2ccco2)o1,(C)->(F),1,0.7990239893598776,1,0.8875256527816419,1,0.9792798,1,0.9803126344320682,4,1,0.9115355231810632,1.0
CC(Cl)Oc1cc(NC(=N)c2ccccn2)ccc1-c1ccc(-c2ccco2)o1,CC(C)Oc1cc(NC(=N)c2ccccn2)ccc1-c1ccc(-c2ccco2)o1,(C)->(Cl),1,0.8590250880999933,1,0.9399216936800973,1,0.9809967,1,0.9808524697166098,4,1,0.9401989948600301,1.0
CC(O)(F)c1cn(C2C3=C(OC2(C)C)C(=O)c2ccccc2C3=O)nn1,CC(C)(O)c1cn(C2C3=C(OC2(C)C)C(=O)c2ccccc2C3=O)nn1,(C)->(F),1,0.5682426167178746,1,0.8076274772117106,1,0.75825846,1,0.7487050990838608,4,1,0.7207084137414138,1.0
CC(O)(Cl)c1cn(C2C3=C(OC2(C)C)C(=O)c2ccccc2C3=O)nn1,CC(C)(O)c1cn(C2C3=C(OC2(C)C)C(=O)c2ccccc2C3=O)nn1,(C)->(Cl),1,0.532669691301738,1,0.8518363137644227,1,0.740645,1,0.7611352870544554,4,1,0.7215715708796184,1.0
CC(C)(N)c1cn(C2C3=C(OC2(C)C)C(=O)c2ccccc2C3=O)nn1,CC(C)(O)c1cn(C2C3=C(OC2(C)C)C(=O)c2ccccc2C3=O)nn1,(O)->(N),1,0.5731768314804353,1,0.8723767650244704,1,0.69033825,1,0.8211342822376808,4,1,0.7392565331793752,1.0
CC(C(=O)Nc1ccccc1Cl)N(C)CC(=O)Nc1cccc2ccccc12,CC(C(=O)Nc1ccccc1F)N(C)CC(=O)Nc1cccc2ccccc12,F->Cl,0,0.47540596722583994,1,0.8350058192146103,1,0.7181695,1,0.7621181105431317,3,1,0.6976748518370286,0.75
CC(C(=O)Nc1ccccc1Br)N(C)CC(=O)Nc1cccc2ccccc12,CC(C(=O)Nc1ccccc1F)N(C)CC(=O)Nc1cccc2ccccc12,F->Br,0,0.436744522378303,1,0.777101670892033,1,0.6964633,1,0.7014001409240322,3,1,0.6529274052677616,0.75
CC(C(=O)Nc1ccccc1F)N(F)CC(=O)Nc1cccc2ccccc12,CC(C(=O)Nc1ccccc1F)N(C)CC(=O)Nc1cccc2ccccc12,(C)->(F),0,0.47940493562140596,1,0.859554880091063,1,0.69344115,1,0.8378527530295564,3,1,0.7175634303286643,0.75
CC(C(=O)Nc1ccccc1F)N(Cl)CC(=O)Nc1cccc2ccccc12,CC(C(=O)Nc1ccccc1F)N(C)CC(=O)Nc1cccc2ccccc12,(C)->(Cl),0,0.45950172045440063,1,0.878213526069649,1,0.7855531,1,0.8263942883066118,3,1,0.737415658138894,0.75
COP(=O)(O)C(Nc1ccccc1)c1ccc(O)cc1,COP(=O)(OC)C(Nc1ccccc1)c1ccc(O)cc1,OC->O,0,0.2622714742658335,1,0.6161883416240108,0,0.16974859,0,0.4250301344677582,1,0,0.36830963493851987,0.25
COP(=O)(OC)C(Nc1ccccc1)c1ccc(N)cc1,COP(=O)(OC)C(Nc1ccccc1)c1ccc(O)cc1,(O)->(N),0,0.2550635722651256,0,0.14303585114499628,0,0.14999117,0,0.26927600114077194,0,0,0.2043416485306926,0.0
C[C@]1(COc2ccc(C(F)(F)Cl)cn2)CCn2cc([N+](=O)[O-])nc2O1,C[C@]1(COc2ccc(C(F)(F)F)cn2)CCn2cc([N+](=O)[O-])nc2O1,F->Cl,1,0.965855583609228,1,0.9609366371183181,1,0.99574417,1,0.9962403586849948,4,1,0.9796941870427334,1.0
C[C@]1(COc2ccc(C(F)(F)Br)cn2)CCn2cc([N+](=O)[O-])nc2O1,C[C@]1(COc2ccc(C(F)(F)F)cn2)CCn2cc([N+](=O)[O-])nc2O1,F->Br,1,0.8745746203825152,1,0.9195148833538446,1,0.98485595,1,0.9879549080034972,4,1,0.9417250904046374,1.0
CC(F)(F)c1ccc(OC[C@@]2(C)CCn3cc([N+](=O)[O-])nc3O2)nc1,C[C@]1(COc2ccc(C(F)(F)F)cn2)CCn2cc([N+](=O)[O-])nc2O1,(F)->(C),1,0.9545240639934526,1,0.9458172795321871,1,0.9876567,1,0.9943667590607073,4,1,0.9705912037795976,1.0
O=[N+]([O-])c1c(CS(=O)(=O)c2ccccc2)nc2c(S(=O)(=O)c3ccc(F)cc3)cc(Cl)cn12,O=[N+]([O-])c1c(CS(=O)(=O)c2ccccc2)nc2c(S(=O)(=O)c3ccc(Cl)cc3)cc(Cl)cn12,Cl->F,1,0.7745452534473316,1,0.9221186051795986,1,0.9388108,1,0.9519555891688156,4,1,0.8968575682859117,1.0
O=[N+]([O-])c1c(CS(=O)(=O)c2ccccc2)nc2c(S(=O)(=O)c3ccc(Br)cc3)cc(Cl)cn12,O=[N+]([O-])c1c(CS(=O)(=O)c2ccccc2)nc2c(S(=O)(=O)c3ccc(Cl)cc3)cc(Cl)cn12,Cl->Br,1,0.78397142528616,1,0.856786168949683,1,0.9786829,1,0.9802823165888886,4,1,0.8999306966144929,1.0
O=C(Cc1ccccc1Nc1c(F)cccc1Cl)Nc1ncc([N+](=O)[O-])s1,O=C(Cc1ccccc1Nc1c(Cl)cccc1Cl)Nc1ncc([N+](=O)[O-])s1,Cl->F,1,0.7325493445097393,1,0.9171293405549241,1,0.89114046,1,0.9406093952625997,4,1,0.8703571353238202,1.0
O=C(Cc1ccccc1Nc1c(Cl)cccc1Br)Nc1ncc([N+](=O)[O-])s1,O=C(Cc1ccccc1Nc1c(Cl)cccc1Cl)Nc1ncc([N+](=O)[O-])s1,Cl->Br,1,0.7058822438692394,1,0.8717903402363271,1,0.83154595,1,0.8990173992757047,4,1,0.8270589830908774,1.0
O=[N+]([O-])c1cn2c(n1)OC(COc1cccc(-c3ccc(Cl)cc3F)n1)CC2,O=[N+]([O-])c1cn2c(n1)OC(COc1cccc(-c3ccc(F)cc3F)n1)CC2,F->Cl,1,0.9637049146555935,1,0.8920248390750922,1,0.9911923,1,0.9918540257780427,4,1,0.9596940151887284,1.0
O=[N+]([O-])c1cn2c(n1)OC(COc1cccc(-c3ccc(Br)cc3F)n1)CC2,O=[N+]([O-])c1cn2c(n1)OC(COc1cccc(-c3ccc(F)cc3F)n1)CC2,F->Br,1,0.8444049150750568,1,0.7442184583813332,1,0.9705977,1,0.9723152401659642,4,1,0.8828840745014366,1.0
Cc1ccc(-c2cccc(OCC3CCn4cc([N+](=O)[O-])nc4O3)n2)c(F)c1,O=[N+]([O-])c1cn2c(n1)OC(COc1cccc(-c3ccc(F)cc3F)n1)CC2,(F)->(C),1,0.9543079632798027,1,0.8528342667141252,1,0.98622835,1,0.9834895034759312,4,1,0.9442150200736262,1.0
COC(c1ccc(F)cc1)(c1ccc2c(c1)c(-c1cccc(C)c1)cc(=O)n2C)c1cncn1C,COC(c1ccc(Cl)cc1)(c1ccc2c(c1)c(-c1cccc(C)c1)cc(=O)n2C)c1cncn1C,Cl->F,1,0.9587463368002469,1,0.9223505943912887,1,0.98381984,1,0.9840513589541168,4,1,0.9622420331210536,1.0
COC(c1ccc(Br)cc1)(c1ccc2c(c1)c(-c1cccc(C)c1)cc(=O)n2C)c1cncn1C,COC(c1ccc(Cl)cc1)(c1ccc2c(c1)c(-c1cccc(C)c1)cc(=O)n2C)c1cncn1C,Cl->Br,1,0.9189594058905236,1,0.8317626469438961,1,0.9875541,1,0.9925045079657083,4,1,0.9326951585334671,1.0
COC(c1ccc(Cl)cc1)(c1ccc2c(c1)c(-c1cccc(Cl)c1)cc(=O)n2C)c1cncn1C,COC(c1ccc(Cl)cc1)(c1ccc2c(c1)c(-c1cccc(C)c1)cc(=O)n2C)c1cncn1C,(C)->(Cl),1,0.9420886580856848,1,0.943491178954377,1,0.99445856,1,0.996709809236151,4,1,0.9691870506128611,1.0
CC1(F)CC[C@@H](O)[C@]2(C)O[C@@]3(/C=C/c4ccc(C(=O)NCc5ccccc5)cc4)C=C[C@@]12OO3,CC1(C)CC[C@@H](O)[C@]2(C)O[C@@]3(/C=C/c4ccc(C(=O)NCc5ccccc5)cc4)C=C[C@@]12OO3,(C)->(F),1,0.6793913024021608,1,0.8696655625144044,1,0.87992865,1,0.8531452290276252,4,1,0.8205326856040057,1.0
CC1(Cl)CC[C@@H](O)[C@]2(C)O[C@@]3(/C=C/c4ccc(C(=O)NCc5ccccc5)cc4)C=C[C@@]12OO3,CC1(C)CC[C@@H](O)[C@]2(C)O[C@@]3(/C=C/c4ccc(C(=O)NCc5ccccc5)cc4)C=C[C@@]12OO3,(C)->(Cl),1,0.7298731823727393,1,0.8531987936570953,1,0.87362915,1,0.7866935444322823,4,1,0.810848668309232,1.0
CC1(C)CC[C@@H](N)[C@]2(C)O[C@@]3(/C=C/c4ccc(C(=O)NCc5ccccc5)cc4)C=C[C@@]12OO3,CC1(C)CC[C@@H](O)[C@]2(C)O[C@@]3(/C=C/c4ccc(C(=O)NCc5ccccc5)cc4)C=C[C@@]12OO3,(O)->(N),1,0.7504462044546314,1,0.9022714740600843,1,0.94561166,1,0.9292620658628848,4,1,0.881897850022432,1.0
Nc1ncnn2c([C@@H]3O[C@H](CO)[C@@H](N)[C@H]3O)cc(Br)c12,Nc1ncnn2c([C@@H]3O[C@H](CO)[C@@H](O)[C@H]3O)cc(Br)c12,(O)->(N),1,0.5719665158514883,1,0.5630166561447871,1,0.7379959,1,0.6777473648697387,4,1,0.6376816148578686,1.0
COc1ccc(Nc2nc(-c3ccccn3)cs2)c(O)c1,COc1ccc(Nc2nc(-c3ccccn3)cs2)c(OC)c1,OC->O,1,0.7244377713449142,1,0.7989917627954107,1,0.69662255,1,0.86999086370908,4,1,0.7725107370842308,1.0
N#Cc1ccc(C(c2cccnc2)N2CCC(NC(=O)c3ccc(C(F)(F)Cl)cc3F)CC2)cc1,N#Cc1ccc(C(c2cccnc2)N2CCC(NC(=O)c3ccc(C(F)(F)F)cc3F)CC2)cc1,F->Cl,1,0.991951409953776,1,0.9510741856932006,1,0.99884075,1,0.9982654566525969,4,1,0.9850329503908343,1.0
N#Cc1ccc(C(c2cccnc2)N2CCC(NC(=O)c3ccc(C(F)(F)Br)cc3F)CC2)cc1,N#Cc1ccc(C(c2cccnc2)N2CCC(NC(=O)c3ccc(C(F)(F)F)cc3F)CC2)cc1,F->Br,1,0.9378305858763011,1,0.9245157202769807,1,0.9981833,1,0.998143829870932,4,1,0.9646683615140261,1.0
CC(F)(F)c1ccc(C(=O)NC2CCN(C(c3ccc(C#N)cc3)c3cccnc3)CC2)c(F)c1,N#Cc1ccc(C(c2cccnc2)N2CCC(NC(=O)c3ccc(C(F)(F)F)cc3F)CC2)cc1,(F)->(C),1,0.9858161014178294,1,0.9288141653746095,1,0.9988703,1,0.9987133686876114,4,1,0.9780534871619055,1.0
CC1(C)Oc2nc([N+](=O)[O-])cn2CC1Oc1ccc(OCc2ccccc2)cc1,CC1(C)Oc2nc([N+](=O)[O-])cn2CC1OCc1ccc(OCc2ccccc2)cc1,OC->O,1,0.9310024201086217,1,0.8942302805748682,1,0.9767606,1,0.9883449112514123,4,1,0.9475845594435338,1.0
CC1(F)Oc2nc([N+](=O)[O-])cn2CC1OCc1ccc(OCc2ccccc2)cc1,CC1(C)Oc2nc([N+](=O)[O-])cn2CC1OCc1ccc(OCc2ccccc2)cc1,(C)->(F),1,0.9043035651170596,1,0.938447503289098,1,0.9922679,1,0.9840395822261361,4,1,0.9547646393245239,1.0
CC1(Cl)Oc2nc([N+](=O)[O-])cn2CC1OCc1ccc(OCc2ccccc2)cc1,CC1(C)Oc2nc([N+](=O)[O-])cn2CC1OCc1ccc(OCc2ccccc2)cc1,(C)->(Cl),1,0.8939657487422751,1,0.9313705471484794,1,0.9772699,1,0.9869588988265587,4,1,0.9473912706603769,1.0
COc1ccc(CN2CCN(C(c3ccc(F)cc3)c3ccc(Cl)cc3)CC2)c(OC)c1OC,COc1ccc(CN2CCN(C(c3ccc(F)cc3)c3ccc(F)cc3)CC2)c(OC)c1OC,F->Cl,0,0.48400455631056466,1,0.8860064647762447,1,0.85844105,1,0.8228431800793521,3,1,0.762823813996794,0.75
COc1ccc(CN2CCN(C(c3ccc(F)cc3)c3ccc(Br)cc3)CC2)c(OC)c1OC,COc1ccc(CN2CCN(C(c3ccc(F)cc3)c3ccc(F)cc3)CC2)c(OC)c1OC,F->Br,0,0.4621026211020358,1,0.8119771659400685,1,0.78357655,1,0.730288008584503,3,1,0.6969860859315313,0.75
COc1ccc(CN2CCN(C(c3ccc(F)cc3)c3ccc(F)cc3)CC2)c(O)c1OC,COc1ccc(CN2CCN(C(c3ccc(F)cc3)c3ccc(F)cc3)CC2)c(OC)c1OC,OC->O,0,0.443143108504966,1,0.8374907998317586,1,0.78504485,1,0.807289487371094,3,1,0.7182420611566834,0.75
COc1ccc(CN2CCN(C(c3ccc(C)cc3)c3ccc(F)cc3)CC2)c(OC)c1OC,COc1ccc(CN2CCN(C(c3ccc(F)cc3)c3ccc(F)cc3)CC2)c(OC)c1OC,(F)->(C),0,0.469251591972667,1,0.8661280284933606,1,0.65738153,1,0.6368734841722806,3,1,0.657408659803681,0.75
Cc1ccc(OC2=CC(=O)c3cccc(N)c3C2=O)cc1,Cc1ccc(OC2=CC(=O)c3cccc(O)c3C2=O)cc1,(O)->(N),1,0.6057332272391993,1,0.5985735779082022,1,0.90081555,1,0.8834369160147492,4,1,0.7471398169186886,1.0
O=C(Nc1cc(-c2ccccn2)n[nH]1)N1CCC(c2ccc(Br)cc2)CC1,O=C(Nc1cc(-c2ccccn2)n[nH]1)N1CCC(c2ccc(Cl)cc2)CC1,Cl->Br,1,0.8236878482545029,1,0.8553875716710253,1,0.9721228,1,0.9608922823908764,4,1,0.9030226226864162,1.0
CC(=O)O[C@@H]1O[C@H]2OC(=O)[C@H](F)C3=C([C@@]4(C)CCCC(C)(C)C4)CC[C@@H]1[C@H]32,CC(=O)O[C@@H]1O[C@H]2OC(=O)[C@H](C)C3=C([C@@]4(C)CCCC(C)(C)C4)CC[C@@H]1[C@H]32,(C)->(F),1,0.5348350417127419,1,0.7315010124301292,0,0.49103895,1,0.7190669420146472,3,1,0.6191104861137546,0.75
CC(=O)O[C@@H]1O[C@H]2OC(=O)[C@H](Cl)C3=C([C@@]4(C)CCCC(C)(C)C4)CC[C@@H]1[C@H]32,CC(=O)O[C@@H]1O[C@H]2OC(=O)[C@H](C)C3=C([C@@]4(C)CCCC(C)(C)C4)CC[C@@H]1[C@H]32,(C)->(Cl),1,0.5768256356457698,1,0.741962213059949,1,0.78154916,1,0.8423778543323227,4,1,0.7356787146875423,1.0
Cc1c(C#N)c([N+](=O)[O-])nn1Cc1cccc(F)c1Cl,Cc1c(C#N)c([N+](=O)[O-])nn1Cc1cccc(Cl)c1Cl,Cl->F,1,0.5105710460119501,1,0.8237607332586506,1,0.52125335,1,0.643899045518347,4,1,0.6248710430464496,1.0
Cc1c(C#N)c([N+](=O)[O-])nn1Cc1cccc(Br)c1Cl,Cc1c(C#N)c([N+](=O)[O-])nn1Cc1cccc(Cl)c1Cl,Cl->Br,1,0.620517741444633,1,0.8111736179315587,1,0.8509424,1,0.8448949698862287,4,1,0.7818821756345443,1.0
CN(C)CCCCCCn1nc(Oc2ccccc2)c2cc([N+](=O)[O-])ccc21,CN(C)CCCCCCn1nc(OCc2ccccc2)c2cc([N+](=O)[O-])ccc21,OC->O,0,0.4913826958239165,1,0.8526315198812914,0,0.4826891,1,0.5217343634335553,2,0,0.5871094228909034,0.5
CN(F)CCCCCCn1nc(OCc2ccccc2)c2cc([N+](=O)[O-])ccc21,CN(C)CCCCCCn1nc(OCc2ccccc2)c2cc([N+](=O)[O-])ccc21,(C)->(F),1,0.533256097231576,1,0.6161029437306379,1,0.64618206,1,0.699026274102282,4,1,0.6236418438265487,1.0
CN(Cl)CCCCCCn1nc(OCc2ccccc2)c2cc([N+](=O)[O-])ccc21,CN(C)CCCCCCn1nc(OCc2ccccc2)c2cc([N+](=O)[O-])ccc21,(C)->(Cl),0,0.45951263710455825,1,0.5762570787770808,0,0.33672822,0,0.3610288304643242,1,0,0.43338169039088836,0.25
CS(=O)(=O)N1CCN(C(c2cncnc2)c2ccc(C(F)(F)Cl)cc2F)CC1,CS(=O)(=O)N1CCN(C(c2cncnc2)c2ccc(C(F)(F)F)cc2F)CC1,F->Cl,1,0.9660502566499664,1,0.9230804702555847,1,0.9914581,1,0.995156903740274,4,1,0.9689364371519271,1.0
CS(=O)(=O)N1CCN(C(c2cncnc2)c2ccc(C(F)(F)Br)cc2F)CC1,CS(=O)(=O)N1CCN(C(c2cncnc2)c2ccc(C(F)(F)F)cc2F)CC1,F->Br,1,0.8823266173867019,1,0.9006635364832338,1,0.9890682,1,0.9916202857374629,4,1,0.940919662433092,1.0
CC(F)(F)c1ccc(C(c2cncnc2)N2CCN(S(C)(=O)=O)CC2)c(F)c1,CS(=O)(=O)N1CCN(C(c2cncnc2)c2ccc(C(F)(F)F)cc2F)CC1,(F)->(C),1,0.9347983138069507,1,0.9024053792604999,1,0.9833009,1,0.9926197702555603,4,1,0.9532810969060396,1.0
CC1CCCCN1CCCNC(=O)c1ccc2c(c1)sc1nc(-c3ccc(Cl)cc3)cn12,CC1CCCCN1CCCNC(=O)c1ccc2c(c1)sc1nc(-c3ccc(F)cc3)cn12,F->Cl,1,0.7469267413921342,1,0.8348019533748292,1,0.880558,1,0.9318275924062195,4,1,0.8485285752722996,1.0
CC1CCCCN1CCCNC(=O)c1ccc2c(c1)sc1nc(-c3ccc(Br)cc3)cn12,CC1CCCCN1CCCNC(=O)c1ccc2c(c1)sc1nc(-c3ccc(F)cc3)cn12,F->Br,1,0.6972374032940496,1,0.7618340672003774,1,0.8616531,1,0.8822230604289678,4,1,0.8007369051116776,1.0
Cc1ccc(-c2cn3c(n2)sc2cc(C(=O)NCCCN4CCCCC4C)ccc23)cc1,CC1CCCCN1CCCNC(=O)c1ccc2c(c1)sc1nc(-c3ccc(F)cc3)cn12,(F)->(C),1,0.6970281530088726,1,0.8442198025303648,1,0.81476706,1,0.8772850414806816,4,1,0.8083250149209877,1.0
CC(C)OCCCNC(=O)c1cccc(C(O)(c2ccc(F)cc2)c2cccnc2)c1,CC(C)OCCCNC(=O)c1cccc(C(O)(c2ccc(Cl)cc2)c2cccnc2)c1,Cl->F,1,0.9207930708281027,1,0.8966428995603409,1,0.984901,1,0.9863479732363721,4,1,0.9471712386537396,1.0
CC(C)OCCCNC(=O)c1cccc(C(O)(c2ccc(Br)cc2)c2cccnc2)c1,CC(C)OCCCNC(=O)c1cccc(C(O)(c2ccc(Cl)cc2)c2cccnc2)c1,Cl->Br,1,0.8811426153048304,1,0.8433758819256356,1,0.9888361,1,0.9907799348353549,4,1,0.9260336354260087,1.0
CC(C)OCCNC(=O)c1cccc(C(O)(c2ccc(Cl)cc2)c2cccnc2)c1,CC(C)OCCCNC(=O)c1cccc(C(O)(c2ccc(Cl)cc2)c2cccnc2)c1,OC->O,1,0.9341756569558117,1,0.9301496758724114,1,0.98324615,1,0.9951845571782815,4,1,0.9606890094097759,1.0
CC(F)OCCCNC(=O)c1cccc(C(O)(c2ccc(Cl)cc2)c2cccnc2)c1,CC(C)OCCCNC(=O)c1cccc(C(O)(c2ccc(Cl)cc2)c2cccnc2)c1,(C)->(F),1,0.8898735226721032,1,0.8996795914475267,1,0.96843463,1,0.9829287132475316,4,1,0.9352291147979137,1.0
CC(Cl)OCCCNC(=O)c1cccc(C(O)(c2ccc(Cl)cc2)c2cccnc2)c1,CC(C)OCCCNC(=O)c1cccc(C(O)(c2ccc(Cl)cc2)c2cccnc2)c1,(C)->(Cl),1,0.9189883050295095,1,0.9173325408880147,1,0.989856,1,0.9948617232264548,4,1,0.9552596434647362,1.0
CC(C)OCCCNC(=O)c1cccc(C(N)(c2ccc(Cl)cc2)c2cccnc2)c1,CC(C)OCCCNC(=O)c1cccc(C(O)(c2ccc(Cl)cc2)c2cccnc2)c1,(O)->(N),1,0.9259587182018754,1,0.8879650346795366,1,0.9893952,1,0.9944402217748234,4,1,0.9494397939656106,1.0
Nc1ncnc2c([C@@H]3O[C@H](CO)[C@@H](O)[C@H]3O)cn(-c3ccc(Cl)c(Cl)c3)c12,Nc1ncnc2c([C@@H]3O[C@H](CO)[C@@H](O)[C@H]3O)cn(-c3ccc(Cl)c(F)c3)c12,F->Cl,1,0.8257059767957965,1,0.8877367034243073,1,0.92510694,1,0.9570654842039238,4,1,0.8989037767694209,1.0
Nc1ncnc2c([C@@H]3O[C@H](CO)[C@@H](O)[C@H]3O)cn(-c3ccc(F)c(F)c3)c12,Nc1ncnc2c([C@@H]3O[C@H](CO)[C@@H](O)[C@H]3O)cn(-c3ccc(Cl)c(F)c3)c12,Cl->F,1,0.7796084863919991,1,0.8328874687070488,1,0.9070917,1,0.9165850155999248,4,1,0.8590431619719615,1.0
Nc1ncnc2c([C@@H]3O[C@H](CO)[C@@H](O)[C@H]3O)cn(-c3ccc(Br)c(F)c3)c12,Nc1ncnc2c([C@@H]3O[C@H](CO)[C@@H](O)[C@H]3O)cn(-c3ccc(Cl)c(F)c3)c12,Cl->Br,1,0.8456600910083989,1,0.8992130448474833,1,0.9224976,1,0.9677174634734329,4,1,0.9087720424609985,1.0
Nc1ncnc2c([C@@H]3O[C@H](CO)[C@@H](O)[C@H]3O)cn(-c3ccc(Cl)c(Br)c3)c12,Nc1ncnc2c([C@@H]3O[C@H](CO)[C@@H](O)[C@H]3O)cn(-c3ccc(Cl)c(F)c3)c12,F->Br,1,0.7974877538130757,1,0.864525162081404,1,0.91516286,1,0.9543584725922704,4,1,0.8828835624584871,1.0
Cc1cc(-n2cc([C@@H]3O[C@H](CO)[C@@H](O)[C@H]3O)c3ncnc(N)c32)ccc1Cl,Nc1ncnc2c([C@@H]3O[C@H](CO)[C@@H](O)[C@H]3O)cn(-c3ccc(Cl)c(F)c3)c12,(F)->(C),1,0.8022631483226663,1,0.8828170403369342,1,0.910083,1,0.9638565566243958,4,1,0.8897549352938918,1.0
Nc1ncnc2c([C@@H]3O[C@H](CO)[C@@H](N)[C@H]3O)cn(-c3ccc(Cl)c(F)c3)c12,Nc1ncnc2c([C@@H]3O[C@H](CO)[C@@H](O)[C@H]3O)cn(-c3ccc(Cl)c(F)c3)c12,(O)->(N),1,0.8431131879479075,1,0.912480584858544,1,0.9513986,1,0.978871392924788,4,1,0.9214659441999913,1.0
NC(=S)N/N=C(\COc1ccc(Br)c(Cl)c1)c1ccc(Br)cc1,NC(=S)N/N=C(\COc1ccc(Cl)c(Cl)c1)c1ccc(Br)cc1,Cl->Br,1,0.7529828969020063,1,0.8374237936627357,1,0.9064404,1,0.9580962956227839,4,1,0.8637358408557346,1.0
C[N+](C)(C)CCOP(=O)([O-])OC(COCc1ccccc1)OCc1ccccc1,C[N+](C)(C)CCOP(=O)([O-])OCC(COCc1ccccc1)OCc1ccccc1,OC->O,0,0.46888397588646985,1,0.7855983827733766,0,0.39300188,1,0.6027824972934073,2,0,0.5625666850438211,0.5
C[N+](C)(F)CCOP(=O)([O-])OCC(COCc1ccccc1)OCc1ccccc1,C[N+](C)(C)CCOP(=O)([O-])OCC(COCc1ccccc1)OCc1ccccc1,(C)->(F),0,0.4914536038318051,1,0.7579640416845423,0,0.24143215,0,0.32007571828569936,1,0,0.45273137725999235,0.25
C[N+](C)(Cl)CCOP(=O)([O-])OCC(COCc1ccccc1)OCc1ccccc1,C[N+](C)(C)CCOP(=O)([O-])OCC(COCc1ccccc1)OCc1ccccc1,(C)->(Cl),0,0.46919524476828944,1,0.8041431471688624,1,0.5701555,1,0.5756477446384977,3,1,0.6047854094853278,0.75
[O-][n+]1onc2ccc(/C=C\[S+]([O-])c3ccc(Br)cc3)cc21,[O-][n+]1onc2ccc(/C=C\[S+]([O-])c3ccc(F)cc3)cc21,F->Br,1,0.8295273452818729,1,0.8711231846507248,1,0.98309845,1,0.9818539856096022,4,1,0.9164007407162613,1.0
Cc1ccc([S+]([O-])/C=C\c2ccc3no[n+]([O-])c3c2)cc1,[O-][n+]1onc2ccc(/C=C\[S+]([O-])c3ccc(F)cc3)cc21,(F)->(C),1,0.8449817009826017,1,0.9310118028594909,1,0.97597003,1,0.9911003561608693,4,1,0.9357659724584737,1.0
CCCCNc1nc2cc(Br)ccc2nc1S(=O)(=O)F,CCCCNc1nc2cc(Br)ccc2nc1S(C)(=O)=O,(C)->(F),0,0.47792945412218585,1,0.8168370851298662,1,0.5144173,1,0.5377235217406393,3,1,0.5867268379200631,0.75
CCCCNc1nc2cc(Br)ccc2nc1S(=O)(=O)Cl,CCCCNc1nc2cc(Br)ccc2nc1S(C)(=O)=O,(C)->(Cl),0,0.49986193503346554,1,0.8540577887248304,1,0.7008986,1,0.6495164345958961,3,1,0.6760836865144741,0.75
CC1(COc2ccc(-c3ccc(Cl)cc3F)cn2)CCn2cc([N+](=O)[O-])nc2O1,CC1(COc2ccc(-c3ccc(F)cc3F)cn2)CCn2cc([N+](=O)[O-])nc2O1,F->Cl,1,0.9818019506226782,1,0.9763178467514654,1,0.9967654,1,0.9975336790844962,4,1,0.9881047128989922,1.0
CC1(COc2ccc(-c3ccc(Br)cc3F)cn2)CCn2cc([N+](=O)[O-])nc2O1,CC1(COc2ccc(-c3ccc(F)cc3F)cn2)CCn2cc([N+](=O)[O-])nc2O1,F->Br,1,0.9002094068051593,1,0.8684804482195778,1,0.9852363,1,0.9889482452187889,4,1,0.9357185968401326,1.0
Cc1ccc(-c2ccc(OCC3(C)CCn4cc([N+](=O)[O-])nc4O3)nc2)c(F)c1,CC1(COc2ccc(-c3ccc(F)cc3F)cn2)CCn2cc([N+](=O)[O-])nc2O1,(F)->(C),1,0.9707941337957535,1,0.9424941432269589,1,0.992894,1,0.9967035571700615,4,1,0.9757214570118242,1.0
O=C1C(F)=C(N2C(=O)CCC2=O)C(=O)c2ccccc21,O=C1C(Cl)=C(N2C(=O)CCC2=O)C(=O)c2ccccc21,Cl->F,0,0.44733499532746357,1,0.7901221131808095,1,0.70312953,1,0.7652668011873787,3,1,0.6764633599121637,0.75
O=C1C(Br)=C(N2C(=O)CCC2=O)C(=O)c2ccccc21,O=C1C(Cl)=C(N2C(=O)CCC2=O)C(=O)c2ccccc21,Cl->Br,1,0.6819619948463886,1,0.8374969287079275,1,0.9224224,1,0.961784951980143,4,1,0.850916571148019,1.0
CNC(=O)c1nc(-c2ccccc2O)c2cccnc2c1O,CNC(=O)c1nc(-c2ccccc2OC)c2cccnc2c1O,OC->O,0,0.4100295335668703,1,0.6851036025741061,0,0.493276,1,0.5000434164671308,2,0,0.5221131381577488,0.5
Cc1nc(-c2ccccn2)nc(NCCc2cccc(F)c2)c1Cl,Cc1nc(-c2ccccn2)nc(NCCc2cccc(Cl)c2)c1Cl,Cl->F,1,0.7965557377162553,1,0.8721992512126038,1,0.9644417,1,0.9732304323062032,4,1,0.9016067844765131,1.0
Cc1nc(-c2ccccn2)nc(NCCc2cccc(Br)c2)c1Cl,Cc1nc(-c2ccccn2)nc(NCCc2cccc(Cl)c2)c1Cl,Cl->Br,1,0.8935007455374605,1,0.8709200206648937,1,0.98535955,1,0.9914497929681714,4,1,0.9353075271732314,1.0
O=C(c1ccc(Cl)c(C(O)(c2ccc(Cl)cc2)c2cccnc2)c1)N1CCOCC1,O=C(c1ccc(F)c(C(O)(c2ccc(Cl)cc2)c2cccnc2)c1)N1CCOCC1,F->Cl,1,0.9563640677102195,1,0.9248305326166029,1,0.98749346,1,0.9940137138979372,4,1,0.9656754424086909,1.0
O=C(c1ccc(F)c(C(O)(c2ccc(F)cc2)c2cccnc2)c1)N1CCOCC1,O=C(c1ccc(F)c(C(O)(c2ccc(Cl)cc2)c2cccnc2)c1)N1CCOCC1,Cl->F,1,0.9244708835632388,1,0.8779945688162474,1,0.9611853,1,0.990747641115955,4,1,0.9385995925009432,1.0
O=C(c1ccc(F)c(C(O)(c2ccc(Br)cc2)c2cccnc2)c1)N1CCOCC1,O=C(c1ccc(F)c(C(O)(c2ccc(Cl)cc2)c2cccnc2)c1)N1CCOCC1,Cl->Br,1,0.9089177860507289,1,0.8459781949294574,1,0.9882853,1,0.9926060848050868,4,1,0.9339468422252795,1.0
O=C(c1ccc(Br)c(C(O)(c2ccc(Cl)cc2)c2cccnc2)c1)N1CCOCC1,O=C(c1ccc(F)c(C(O)(c2ccc(Cl)cc2)c2cccnc2)c1)N1CCOCC1,F->Br,1,0.8475524228318924,1,0.8569981251243153,1,0.9702096,1,0.9815416695014993,4,1,0.9140754539997418,1.0
O=C(c1ccc(F)c(C(O)(c2ccc(Cl)cc2)c2cccnc2)c1)N1CCOC1,O=C(c1ccc(F)c(C(O)(c2ccc(Cl)cc2)c2cccnc2)c1)N1CCOCC1,OC->O,1,0.9328362876771524,1,0.8770457007500949,1,0.99307656,1,0.9946468257804485,4,1,0.9494013442722914,1.0
Cc1ccc(C(=O)N2CCOCC2)cc1C(O)(c1ccc(Cl)cc1)c1cccnc1,O=C(c1ccc(F)c(C(O)(c2ccc(Cl)cc2)c2cccnc2)c1)N1CCOCC1,(F)->(C),1,0.9399846619432437,1,0.8488717523732107,1,0.98786455,1,0.9938121797284702,4,1,0.9426332869933249,1.0
NC(c1ccc(Cl)cc1)(c1cccnc1)c1cc(C(=O)N2CCOCC2)ccc1F,O=C(c1ccc(F)c(C(O)(c2ccc(Cl)cc2)c2cccnc2)c1)N1CCOCC1,(O)->(N),1,0.9582517194956514,1,0.8773959071135884,1,0.9956399,1,0.9967350553226518,4,1,0.957005650541643,1.0
O=C(c1cc(C(O)(c2ccc(F)cc2)c2cccnc2)ccc1Cl)N1CCOCC1,O=C(c1cc(C(O)(c2ccc(Cl)cc2)c2cccnc2)ccc1Cl)N1CCOCC1,Cl->F,1,0.9496056906527525,1,0.9118760045914297,1,0.9707756,1,0.9840506410241648,4,1,0.9540769851290984,1.0
O=C(c1cc(C(O)(c2ccc(Br)cc2)c2cccnc2)ccc1Cl)N1CCOCC1,O=C(c1cc(C(O)(c2ccc(Cl)cc2)c2cccnc2)ccc1Cl)N1CCOCC1,Cl->Br,1,0.8804994822488396,1,0.849805562174544,1,0.97958255,1,0.9891993053387139,4,1,0.9247717244758943,1.0
O=C(c1cc(C(O)(c2ccc(Cl)cc2)c2cccnc2)ccc1Cl)N1CCOC1,O=C(c1cc(C(O)(c2ccc(Cl)cc2)c2cccnc2)ccc1Cl)N1CCOCC1,OC->O,1,0.9533169313084677,1,0.9079849064006379,1,0.98343027,1,0.9904862281721606,4,1,0.9588045830653941,1.0
NC(c1ccc(Cl)cc1)(c1cccnc1)c1ccc(Cl)c(C(=O)N2CCOCC2)c1,O=C(c1cc(C(O)(c2ccc(Cl)cc2)c2cccnc2)ccc1Cl)N1CCOCC1,(O)->(N),1,0.9598615587370756,1,0.8631823622116306,1,0.9581744,1,0.9876721423331228,4,1,0.942222617690994,1.0
N#CCOc1ccc(C(=O)N2CCN(S(=O)(=O)c3ccc(F)cc3)CC2)cc1,N#CCOc1ccc(C(=O)N2CCN(S(=O)(=O)c3ccc(Cl)cc3)CC2)cc1,Cl->F,1,0.6015089985115767,1,0.9031686137098869,1,0.8225785,1,0.7557766050208491,4,1,0.7707581767556847,1.0
N#CCOc1ccc(C(=O)N2CCN(S(=O)(=O)c3ccc(Br)cc3)CC2)cc1,N#CCOc1ccc(C(=O)N2CCN(S(=O)(=O)c3ccc(Cl)cc3)CC2)cc1,Cl->Br,1,0.6121858816232897,1,0.8478652115572983,1,0.8113257,1,0.8266267605654433,4,1,0.7745008956598278,1.0
FC(F)(Cl)c1cc(NCCc2ccccc2)nc(-c2ccccn2)n1,FC(F)(F)c1cc(NCCc2ccccc2)nc(-c2ccccn2)n1,F->Cl,1,0.7294229592861174,1,0.9377795366035002,1,0.96562654,1,0.9712268488912664,4,1,0.9010139706451799,1.0
FC(F)(Br)c1cc(NCCc2ccccc2)nc(-c2ccccn2)n1,FC(F)(F)c1cc(NCCc2ccccc2)nc(-c2ccccn2)n1,F->Br,1,0.7159085080394393,1,0.8921947298651617,1,0.9264575,1,0.950257589946689,4,1,0.8712045880377278,1.0
CC(F)(F)c1cc(NCCc2ccccc2)nc(-c2ccccn2)n1,FC(F)(F)c1cc(NCCc2ccccc2)nc(-c2ccccn2)n1,(F)->(C),1,0.7044286800818658,1,0.8846093042539654,1,0.9416132,1,0.9589089960504452,4,1,0.8723900444282342,1.0
CC(C)CNC(c1ccc(F)cc1)(c1cccnc1)c1ccccc1Cl,CC(C)CNC(c1ccc(Cl)cc1)(c1cccnc1)c1ccccc1Cl,Cl->F,1,0.8831952238627165,1,0.8648420691362977,1,0.9123477,1,0.9474045325847004,4,1,0.9019473749883817,1.0
CC(C)CNC(c1ccc(Br)cc1)(c1cccnc1)c1ccccc1Cl,CC(C)CNC(c1ccc(Cl)cc1)(c1cccnc1)c1ccccc1Cl,Cl->Br,1,0.8968866361361002,1,0.8192713918499914,1,0.96441156,1,0.9792819624902735,4,1,0.9149628867992747,1.0
CC(F)CNC(c1ccc(Cl)cc1)(c1cccnc1)c1ccccc1Cl,CC(C)CNC(c1ccc(Cl)cc1)(c1cccnc1)c1ccccc1Cl,(C)->(F),1,0.9076064267703512,1,0.9245880968613535,1,0.98595285,1,0.9873224523473927,4,1,0.9513674575338978,1.0
CC(Cl)CNC(c1ccc(Cl)cc1)(c1cccnc1)c1ccccc1Cl,CC(C)CNC(c1ccc(Cl)cc1)(c1cccnc1)c1ccccc1Cl,(C)->(Cl),1,0.9423273147924881,1,0.954208997863141,1,0.9928952,1,0.9893484310036487,4,1,0.9696949824016741,1.0
Fc1ccc(CN2CCN(Cc3ccc(Cl)cc3)C2c2ccc(Cl)c(Cl)c2)cc1,Clc1ccc(CN2CCN(Cc3ccc(Cl)cc3)C2c2ccc(Cl)c(Cl)c2)cc1,Cl->F,1,0.5224228463053887,1,0.8098144375222968,1,0.53137916,1,0.5773361865848433,4,1,0.6102381584194393,1.0
Clc1ccc(CN2CCN(Cc3ccc(Br)cc3)C2c2ccc(Cl)c(Cl)c2)cc1,Clc1ccc(CN2CCN(Cc3ccc(Cl)cc3)C2c2ccc(Cl)c(Cl)c2)cc1,Cl->Br,1,0.6459348733387648,1,0.8651144249807713,1,0.85753256,1,0.9157266216503035,4,1,0.8210771201987969,1.0
O=[N+]([O-])c1ncn(Cc2cn(-c3ccc(F)c(Cl)c3)nn2)n1,O=[N+]([O-])c1ncn(Cc2cn(-c3ccc(Cl)c(Cl)c3)nn2)n1,Cl->F,1,0.8431373582096463,1,0.9450853273085038,1,0.9685325,1,0.9846263956135473,4,1,0.935345395945728,1.0
O=[N+]([O-])c1ncn(Cc2cn(-c3ccc(Br)c(Cl)c3)nn2)n1,O=[N+]([O-])c1ncn(Cc2cn(-c3ccc(Cl)c(Cl)c3)nn2)n1,Cl->Br,1,0.783299139249708,1,0.8687233704760703,1,0.9332482,1,0.9599081195887645,4,1,0.886294712797195,1.0
COc1ccc(C2=NCC(CSc3nnc(-c4ccc5ooc5c4)o3)S2)cc1,COc1ccc(C2=NCC(CSc3nnc(-c4ccc5c(c4)OCO5)o3)S2)cc1,OC->O,1,0.5741022405666988,1,0.7908358617144323,1,0.74833846,1,0.824068834845518,4,1,0.7343363495122226,1.0
COCn1c2ccc([N+](=O)[O-])cc2c(=O)n1Cc1ccccc1,COCCn1c2ccc([N+](=O)[O-])cc2c(=O)n1Cc1ccccc1,OC->O,1,0.5330654916068581,1,0.7905133527620622,1,0.7654295,1,0.71178188835654,4,1,0.7001975573726493,1.0
Cc1cc(-c2cn([C@@H]3O[C@H](CO)C[C@H]3O)c3ncnc(N)c23)ccc1F,Cc1cc(-c2cn([C@@H]3O[C@H](CO)C[C@H]3O)c3ncnc(N)c23)ccc1Cl,Cl->F,1,0.8384934714877783,1,0.9675309702105371,1,0.9197201,1,0.9556245872946333,4,1,0.920342285567596,1.0
Cc1cc(-c2cn([C@@H]3O[C@H](CO)C[C@H]3O)c3ncnc(N)c23)ccc1Br,Cc1cc(-c2cn([C@@H]3O[C@H](CO)C[C@H]3O)c3ncnc(N)c23)ccc1Cl,Cl->Br,1,0.8094551001138641,1,0.9514136062087934,1,0.92759657,1,0.9597313308070876,4,1,0.9120491515477561,1.0
Cc1cc(-c2cn([C@@H]3O[C@H](CO)C[C@H]3O)c3ncnc(O)c23)ccc1Cl,Cc1cc(-c2cn([C@@H]3O[C@H](CO)C[C@H]3O)c3ncnc(N)c23)ccc1Cl,(N)->(O),1,0.7696946302704731,1,0.9492327116277736,1,0.94080406,1,0.9540834249323801,4,1,0.9034537077761152,1.0
O=C(Cn1cnc([N+](=O)[O-])n1)N1CCN(Cc2ccc(C(F)(F)Cl)cc2)CC1,O=C(Cn1cnc([N+](=O)[O-])n1)N1CCN(Cc2ccc(C(F)(F)F)cc2)CC1,F->Cl,1,0.7954930381074921,1,0.8962219597705533,1,0.9065251,1,0.940288234430514,4,1,0.8846320769360494,1.0
O=C(Cn1cnc([N+](=O)[O-])n1)N1CCN(Cc2ccc(C(F)(F)Br)cc2)CC1,O=C(Cn1cnc([N+](=O)[O-])n1)N1CCN(Cc2ccc(C(F)(F)F)cc2)CC1,F->Br,1,0.741510789360397,1,0.8481936111379096,1,0.88606626,1,0.9091875937205878,4,1,0.8462395630431345,1.0
CC(F)(F)c1ccc(CN2CCN(C(=O)Cn3cnc([N+](=O)[O-])n3)CC2)cc1,O=C(Cn1cnc([N+](=O)[O-])n1)N1CCN(Cc2ccc(C(F)(F)F)cc2)CC1,(F)->(C),1,0.7451741711424134,1,0.8555620375319736,1,0.89525795,1,0.9234871550924436,4,1,0.854870328398983,1.0
O=C(Cn1ccnc1[N+](=O)[O-])Nc1ccc(Oc2ccc(Cl)cc2)cc1,O=C(Cn1ccnc1[N+](=O)[O-])Nc1ccc(Oc2ccc(F)cc2)cc1,F->Cl,1,0.8243230675275981,1,0.9776288179147115,1,0.961238,1,0.9758829221446231,4,1,0.9347682085514726,1.0
O=C(Cn1ccnc1[N+](=O)[O-])Nc1ccc(Oc2ccc(Br)cc2)cc1,O=C(Cn1ccnc1[N+](=O)[O-])Nc1ccc(Oc2ccc(F)cc2)cc1,F->Br,1,0.753538610938466,1,0.7630661405897552,1,0.88993424,1,0.9338610287348112,4,1,0.8351000055086826,1.0
Cc1ccc(Oc2ccc(NC(=O)Cn3ccnc3[N+](=O)[O-])cc2)cc1,O=C(Cn1ccnc1[N+](=O)[O-])Nc1ccc(Oc2ccc(F)cc2)cc1,(F)->(C),1,0.8414644601438327,1,0.9318763735328947,1,0.969621,1,0.9700382722315399,4,1,0.9282500271455925,1.0
C=C(c1nc(-c2ccccc2)no1)C(N)c1cccc(Cl)c1,C=C(c1nc(-c2ccccc2)no1)C(O)c1cccc(Cl)c1,(O)->(N),0,0.41968565383390977,1,0.6337646096468158,1,0.7373183,1,0.5766179115320567,3,1,0.5918466130929477,0.75
Cc1cccc(Sc2c([N+](=O)[O-])cc(C(F)(F)Cl)cc2[N+](=O)[O-])c1,Cc1cccc(Sc2c([N+](=O)[O-])cc(C(F)(F)F)cc2[N+](=O)[O-])c1,F->Cl,1,0.7066627699425606,1,0.8722038389222964,1,0.8448502,1,0.9208417493676363,4,1,0.8361396351914393,1.0
Cc1cccc(Sc2c([N+](=O)[O-])cc(C(F)(F)Br)cc2[N+](=O)[O-])c1,Cc1cccc(Sc2c([N+](=O)[O-])cc(C(F)(F)F)cc2[N+](=O)[O-])c1,F->Br,1,0.7041999082985629,1,0.8252504052507451,1,0.7714575,1,0.8809470426933966,4,1,0.7954637123869778,1.0
Cc1cccc(Sc2c([N+](=O)[O-])cc(C(C)(F)F)cc2[N+](=O)[O-])c1,Cc1cccc(Sc2c([N+](=O)[O-])cc(C(F)(F)F)cc2[N+](=O)[O-])c1,(F)->(C),1,0.563198688208614,1,0.79155180129321,1,0.5439547,1,0.6238852630648,4,1,0.6306476057489634,1.0
O=C(CCCc1ccccc1)c1ccc(OC(F)Cl)c(OC2CCOC2)c1,O=C(CCCc1ccccc1)c1ccc(OC(F)F)c(OC2CCOC2)c1,F->Cl,1,0.5294482275366055,1,0.9179627536389616,1,0.71751535,1,0.7996912536491455,4,1,0.7411543960532088,1.0
O=C(CCCc1ccccc1)c1ccc(OC(F)Br)c(OC2CCOC2)c1,O=C(CCCc1ccccc1)c1ccc(OC(F)F)c(OC2CCOC2)c1,F->Br,1,0.5045032623189462,1,0.8275973886706078,1,0.66550994,1,0.6920187468363478,4,1,0.6724073342549068,1.0
CC(F)Oc1ccc(C(=O)CCCc2ccccc2)cc1OC1CCOC1,O=C(CCCc1ccccc1)c1ccc(OC(F)F)c(OC2CCOC2)c1,(F)->(C),1,0.5012837467699538,1,0.894140545976195,1,0.81861275,1,0.7875599688149262,4,1,0.7503992539765039,1.0
Nc1nc(O)nc(Nc2ccc([As]3SCC(CO)S3)cc2)n1,Nc1nc(N)nc(Nc2ccc([As]3SCC(CO)S3)cc2)n1,(N)->(O),1,0.6342590237045405,1,0.6391799519764128,1,0.88427377,1,0.7857452551865127,4,1,0.7358644995846949,1.0
Cc1cc(F)c2c(C)nc(Nc3nc(C)cc(C)n3)nc2c1,Cc1cc(C)c2c(C)nc(Nc3nc(C)cc(C)n3)nc2c1,(C)->(F),1,0.563569783392618,1,0.6687146627727839,1,0.6733963,1,0.7722793026711602,4,1,0.6694900095462911,1.0
Cc1cc(Cl)c2c(C)nc(Nc3nc(C)cc(C)n3)nc2c1,Cc1cc(C)c2c(C)nc(Nc3nc(C)cc(C)n3)nc2c1,(C)->(Cl),1,0.5971370912443004,1,0.7899658114311441,1,0.69101167,1,0.7962770474426443,4,1,0.7185979043424189,1.0
O=C(Cn1cnc([N+](=O)[O-])n1)Nc1cc(-c2ccc(Cl)cc2)on1,O=C(Cn1cnc([N+](=O)[O-])n1)Nc1cc(-c2ccc(F)cc2)on1,F->Cl,1,0.9053290633780134,1,0.936092513028831,1,0.989899,1,0.9921012250009668,4,1,0.955855445267915,1.0
O=C(Cn1cnc([N+](=O)[O-])n1)Nc1cc(-c2ccc(Br)cc2)on1,O=C(Cn1cnc([N+](=O)[O-])n1)Nc1cc(-c2ccc(F)cc2)on1,F->Br,1,0.7853487917921388,1,0.8172506756483787,1,0.95166963,1,0.9768708257942609,4,1,0.8827849816558244,1.0
Cc1ccc(-c2cc(NC(=O)Cn3cnc([N+](=O)[O-])n3)no2)cc1,O=C(Cn1cnc([N+](=O)[O-])n1)Nc1cc(-c2ccc(F)cc2)on1,(F)->(C),1,0.8735056708549488,1,0.9417376963437624,1,0.9801396,1,0.9893288452599882,4,1,0.9461779564025624,1.0
CSC[C@H]1O[C@@H](n2cnc3c(N)nc(Cl)nc32)[C@H](O)[C@@H]1O,CSC[C@H]1O[C@@H](n2cnc3c(N)nc(F)nc32)[C@H](O)[C@@H]1O,F->Cl,0,0.22459826213198159,0,0.1280823881400267,0,0.049662966,0,0.048942151312178654,0,0,0.11282144196634064,0.0
CSC[C@H]1O[C@@H](n2cnc3c(N)nc(Br)nc32)[C@H](O)[C@@H]1O,CSC[C@H]1O[C@@H](n2cnc3c(N)nc(F)nc32)[C@H](O)[C@@H]1O,F->Br,0,0.198274862414242,0,0.24978688757958947,0,0.029812003,0,0.029678716050688454,0,0,0.12688811714976395,0.0
CSC[C@H]1O[C@@H](n2cnc3c(N)nc(C)nc32)[C@H](O)[C@@H]1O,CSC[C@H]1O[C@@H](n2cnc3c(N)nc(F)nc32)[C@H](O)[C@@H]1O,(F)->(C),0,0.2018368606196946,0,0.06950329012569145,0,0.068286836,0,0.07222650032230178,0,0,0.10296337180374905,0.0
CSC[C@H]1O[C@@H](n2cnc3c(N)nc(F)nc32)[C@H](N)[C@@H]1O,CSC[C@H]1O[C@@H](n2cnc3c(N)nc(F)nc32)[C@H](O)[C@@H]1O,(O)->(N),0,0.30150120762361626,1,0.7926407249320122,0,0.22264084,0,0.28567079914043236,1,0,0.4006133934738466,0.25
CSC[C@H]1O[C@@H](n2cnc3c(O)nc(F)nc32)[C@H](O)[C@@H]1O,CSC[C@H]1O[C@@H](n2cnc3c(N)nc(F)nc32)[C@H](O)[C@@H]1O,(N)->(O),0,0.3647581007256451,0,0.34812013293102334,0,0.42903733,0,0.31700024446785413,0,0,0.36472895266482813,0.0
COc1cncc(C(O)(c2ccc(C(F)(F)Cl)cc2)c2ccc(Cl)cc2F)c1,COc1cncc(C(O)(c2ccc(C(F)(F)F)cc2)c2ccc(Cl)cc2F)c1,F->Cl,1,0.948388282003372,1,0.9014789930312624,1,0.99086785,1,0.9950921272365282,4,1,0.9589568138589588,1.0
COc1cncc(C(O)(c2ccc(C(F)(F)F)cc2)c2ccc(F)cc2F)c1,COc1cncc(C(O)(c2ccc(C(F)(F)F)cc2)c2ccc(Cl)cc2F)c1,Cl->F,1,0.9516162830441807,1,0.8669177694365258,1,0.9868352,1,0.9936104507558206,4,1,0.9497449212374078,1.0
COc1cncc(C(O)(c2ccc(C(F)(F)F)cc2)c2ccc(Br)cc2F)c1,COc1cncc(C(O)(c2ccc(C(F)(F)F)cc2)c2ccc(Cl)cc2F)c1,Cl->Br,1,0.9054491192487786,1,0.8516904062600261,1,0.9881269,1,0.993321665355508,4,1,0.9346470162085861,1.0
COc1cncc(C(O)(c2ccc(C(F)(F)Br)cc2)c2ccc(Cl)cc2F)c1,COc1cncc(C(O)(c2ccc(C(F)(F)F)cc2)c2ccc(Cl)cc2F)c1,F->Br,1,0.8706989408229314,1,0.8615250800244815,1,0.98511076,1,0.9917012335999902,4,1,0.9272590035456276,1.0
COc1cncc(C(O)(c2ccc(C(C)(F)F)cc2)c2ccc(Cl)cc2F)c1,COc1cncc(C(O)(c2ccc(C(F)(F)F)cc2)c2ccc(Cl)cc2F)c1,(F)->(C),1,0.9311978124665596,1,0.8502210116870841,1,0.98758173,1,0.9914341523517812,4,1,0.9401086765985852,1.0
COc1cncc(C(N)(c2ccc(C(F)(F)F)cc2)c2ccc(Cl)cc2F)c1,COc1cncc(C(O)(c2ccc(C(F)(F)F)cc2)c2ccc(Cl)cc2F)c1,(O)->(N),1,0.9255005347877303,1,0.7681533002721794,1,0.9883437,1,0.9913385917327886,4,1,0.9183340356151057,1.0
O=C(c1ccc(O)c(F)c1)N1CCN(c2cnccn2)CC1,O=C(c1ccc(O)c(Cl)c1)N1CCN(c2cnccn2)CC1,Cl->F,0,0.3941091525706086,1,0.8548205838922643,1,0.6568055,1,0.562589016733336,3,1,0.6170810671213789,0.75
O=C(c1ccc(O)c(Br)c1)N1CCN(c2cnccn2)CC1,O=C(c1ccc(O)c(Cl)c1)N1CCN(c2cnccn2)CC1,Cl->Br,0,0.40543297263339095,1,0.7852545577798759,1,0.5841172,1,0.6663486078366597,3,1,0.6102883280996215,0.75
Nc1ccc(C(=O)N2CCN(c3cnccn3)CC2)cc1Cl,O=C(c1ccc(O)c(Cl)c1)N1CCN(c2cnccn2)CC1,(O)->(N),0,0.3210250756797693,0,0.44995010680502145,0,0.33075348,0,0.38099362340563886,0,0,0.3706805703295143,0.0
CC1(COc2ccc(OC(F)(F)Cl)cc2)Cn2cc([N+](=O)[O-])nc2[S+]1[O-],CC1(COc2ccc(OC(F)(F)F)cc2)Cn2cc([N+](=O)[O-])nc2[S+]1[O-],F->Cl,1,0.8239166891214854,1,0.8265228712994354,1,0.90060985,1,0.9502790015035903,4,1,0.8753321032019987,1.0
CC1(COc2ccc(OC(F)(F)Br)cc2)Cn2cc([N+](=O)[O-])nc2[S+]1[O-],CC1(COc2ccc(OC(F)(F)F)cc2)Cn2cc([N+](=O)[O-])nc2[S+]1[O-],F->Br,1,0.7167745367351098,1,0.7152702642507225,1,0.9133985,1,0.9198716707091338,4,1,0.816328743988042,1.0
CC(F)(F)Oc1ccc(OCC2(C)Cn3cc([N+](=O)[O-])nc3[S+]2[O-])cc1,CC1(COc2ccc(OC(F)(F)F)cc2)Cn2cc([N+](=O)[O-])nc2[S+]1[O-],(F)->(C),1,0.8296826135617986,1,0.7102716746203559,1,0.78038216,1,0.8815020183165347,4,1,0.8004596157176899,1.0
Cc1cc(F)nc(N2CCC(N(Cc3cccnc3)C(=O)c3cccc(C#N)c3)CC2)n1,Cc1cc(C)nc(N2CCC(N(Cc3cccnc3)C(=O)c3cccc(C#N)c3)CC2)n1,(C)->(F),1,0.9340443580576491,1,0.8702882592318552,1,0.9800862,1,0.990068823773031,4,1,0.9436219121130918,1.0
Cc1cc(Cl)nc(N2CCC(N(Cc3cccnc3)C(=O)c3cccc(C#N)c3)CC2)n1,Cc1cc(C)nc(N2CCC(N(Cc3cccnc3)C(=O)c3cccc(C#N)c3)CC2)n1,(C)->(Cl),1,0.9415050113936492,1,0.8750429176942083,1,0.9494903,1,0.9733934539655076,4,1,0.9348579229537404,1.0
OC/C=C/c1ccc2cc(F)ccc2n1,OC/C=C/c1ccc2cc(Cl)ccc2n1,Cl->F,0,0.1479478043650801,0,0.07625704956644065,0,0.07217523,0,0.03471677920822685,0,0,0.08277421506134128,0.0
OC/C=C/c1ccc2cc(Br)ccc2n1,OC/C=C/c1ccc2cc(Cl)ccc2n1,Cl->Br,0,0.38630429126685656,0,0.49472999150763347,1,0.80006766,1,0.7627884536606258,2,0,0.6109725999069662,0.5
O/C=C/c1ccc2cc(Cl)ccc2n1,OC/C=C/c1ccc2cc(Cl)ccc2n1,OC->O,0,0.2930106353178365,1,0.7424672117733802,0,0.27085268,0,0.4477720854041886,1,0,0.43852565436751895,0.25
C=CCOc1cc(O)c(C(=O)/C=C/c2ccccn2)c(OCC=C)c1,C=CCOc1cc(OC)c(C(=O)/C=C/c2ccccn2)c(OCC=C)c1,OC->O,0,0.48529350691778683,1,0.790198077024328,1,0.7644693,1,0.7908946309193401,3,1,0.7077138851009762,0.75
COc1ccc(S(=O)(=O)Nc2ccc([Se][Se]c3ccc(NS(=O)(=O)c4ccc(O)cc4)cc3)cc2)cc1,COc1ccc(S(=O)(=O)Nc2ccc([Se][Se]c3ccc(NS(=O)(=O)c4ccc(OC)cc4)cc3)cc2)cc1,OC->O,1,0.7607767737139823,1,0.6391809198031254,1,0.94115114,1,0.9383149823957787,4,1,0.819855954508312,1.0
Nc1c(-c2csc3ccccc23)oc2ccc(Br)cc2c1=O,O=c1c(O)c(-c2csc3ccccc23)oc2ccc(Br)cc12,(O)->(N),1,0.5197353743567125,1,0.8723738768085066,1,0.6543592,1,0.6968535113876739,4,1,0.685830496002832,1.0
CC(C)CN1CCN(C(=O)C(c2ccc(F)cc2)c2cccnc2)CC1,CC(C)CN1CCN(C(=O)C(c2ccc(Cl)cc2)c2cccnc2)CC1,Cl->F,1,0.9493205483123192,1,0.9234665485679605,1,0.98748744,1,0.9907237567923535,4,1,0.9627495722533785,1.0
CC(C)CN1CCN(C(=O)C(c2ccc(Br)cc2)c2cccnc2)CC1,CC(C)CN1CCN(C(=O)C(c2ccc(Cl)cc2)c2cccnc2)CC1,Cl->Br,1,0.8757391557293407,1,0.859905522981017,1,0.9903054,1,0.9939398777404669,4,1,0.9299724950468493,1.0
CC(F)CN1CCN(C(=O)C(c2ccc(Cl)cc2)c2cccnc2)CC1,CC(C)CN1CCN(C(=O)C(c2ccc(Cl)cc2)c2cccnc2)CC1,(C)->(F),1,0.9443748662399466,1,0.8202646884005595,1,0.98070127,1,0.98975136819046,4,1,0.9337730476375588,1.0
CC(Cl)CN1CCN(C(=O)C(c2ccc(Cl)cc2)c2cccnc2)CC1,CC(C)CN1CCN(C(=O)C(c2ccc(Cl)cc2)c2cccnc2)CC1,(C)->(Cl),1,0.9557495077032533,1,0.9427075629506451,1,0.9880884,1,0.9931674201481903,4,1,0.96992822994406,1.0
CCCN(CCC)c1ccc2nc3ccc(N4CCOC4)cc3[o+]c2c1,CCCN(CCC)c1ccc2nc3ccc(N4CCOCC4)cc3[o+]c2c1,OC->O,1,0.6870037710876519,1,0.8220260088765798,1,0.9095458,1,0.9052737035416726,4,1,0.8309623156835287,1.0
COC(=O)[C@H]1C(C)(C)CCC[C@]1(C)C1=C(O)C(=O)C(C(C)C)=CC1=O,COCC(=O)[C@H]1C(C)(C)CCC[C@]1(C)C1=C(O)C(=O)C(C(C)C)=CC1=O,OC->O,0,0.4997215272959733,1,0.6245597798145941,1,0.56211233,1,0.5964803409171978,3,1,0.5707184948545365,0.75
COCC(=O)[C@H]1C(C)(F)CCC[C@]1(C)C1=C(O)C(=O)C(C(C)C)=CC1=O,COCC(=O)[C@H]1C(C)(C)CCC[C@]1(C)C1=C(O)C(=O)C(C(C)C)=CC1=O,(C)->(F),1,0.5336960635313602,1,0.7834434150966434,1,0.77927333,1,0.665461360487943,4,1,0.6904685425703151,1.0
COCC(=O)[C@H]1C(C)(Cl)CCC[C@]1(C)C1=C(O)C(=O)C(C(C)C)=CC1=O,COCC(=O)[C@H]1C(C)(C)CCC[C@]1(C)C1=C(O)C(=O)C(C(C)C)=CC1=O,(C)->(Cl),1,0.5350052727664995,1,0.8096233473772685,1,0.86513495,1,0.7799906470238436,4,1,0.7474385554050316,1.0
COCC(=O)[C@H]1C(C)(C)CCC[C@]1(C)C1=C(N)C(=O)C(C(C)C)=CC1=O,COCC(=O)[C@H]1C(C)(C)CCC[C@]1(C)C1=C(O)C(=O)C(C(C)C)=CC1=O,(O)->(N),1,0.5885186064536692,1,0.7883025920384499,1,0.90646595,1,0.8982994291226278,4,1,0.7953966438106921,1.0
CC1(COc2ccc(-c3ccc(Cl)nc3)cn2)Cn2cc([N+](=O)[O-])nc2O1,CC1(COc2ccc(-c3ccc(F)nc3)cn2)Cn2cc([N+](=O)[O-])nc2O1,F->Cl,1,0.9196661607071269,1,0.9510664928239115,1,0.99375135,1,0.9938619033234296,4,1,0.96458647597986,1.0
CC1(COc2ccc(-c3ccc(Br)nc3)cn2)Cn2cc([N+](=O)[O-])nc2O1,CC1(COc2ccc(-c3ccc(F)nc3)cn2)Cn2cc([N+](=O)[O-])nc2O1,F->Br,1,0.8051678498690011,1,0.8782612003422247,1,0.97509104,1,0.9793303736005063,4,1,0.9094626159865404,1.0
Cc1ccc(-c2ccc(OCC3(C)Cn4cc([N+](=O)[O-])nc4O3)nc2)cn1,CC1(COc2ccc(-c3ccc(F)nc3)cn2)Cn2cc([N+](=O)[O-])nc2O1,(F)->(C),1,0.880012326521111,1,0.9112911781260142,1,0.9911283,1,0.9947800685547579,4,1,0.9443029746660561,1.0
O=[N+]([O-])c1c(CS(=O)(=O)c2ccccc2)nc2c(Sc3ccccc3F)cc(F)cn12,O=[N+]([O-])c1c(CS(=O)(=O)c2ccccc2)nc2c(Sc3ccccc3F)cc(Cl)cn12,Cl->F,1,0.815569209906673,1,0.8977715317382783,1,0.94027215,1,0.9756041498428921,4,1,0.9073042609779255,1.0
O=[N+]([O-])c1c(CS(=O)(=O)c2ccccc2)nc2c(Sc3ccccc3F)cc(Br)cn12,O=[N+]([O-])c1c(CS(=O)(=O)c2ccccc2)nc2c(Sc3ccccc3F)cc(Cl)cn12,Cl->Br,1,0.8750695290114238,1,0.9340282110631235,1,0.993097,1,0.9920394595323808,4,1,0.9485585517203889,1.0
O=[N+]([O-])c1c(CS(=O)(=O)c2ccccc2)nc2c(Sc3ccccc3Br)cc(Cl)cn12,O=[N+]([O-])c1c(CS(=O)(=O)c2ccccc2)nc2c(Sc3ccccc3F)cc(Cl)cn12,F->Br,1,0.8462799464688259,1,0.9283553284881578,1,0.9930952,1,0.9915233008664824,4,1,0.9398134487396876,1.0
Fc1ccc(CCOc2cccc(Cn3ccnc3)c2)cc1,Clc1ccc(CCOc2cccc(Cn3ccnc3)c2)cc1,Cl->F,1,0.6214333476183194,1,0.852646101813229,1,0.6276792,1,0.7221910409813518,4,1,0.7059874297988885,1.0
Brc1ccc(CCOc2cccc(Cn3ccnc3)c2)cc1,Clc1ccc(CCOc2cccc(Cn3ccnc3)c2)cc1,Cl->Br,1,0.7125185434347947,1,0.7659574037631732,1,0.89947546,1,0.9286423320968433,4,1,0.8266484336447325,1.0
Cc1nc(C(=O)NC2CCN(C(c3ccc(C(F)(F)Cl)cc3)c3cccnc3)CC2)cs1,Cc1nc(C(=O)NC2CCN(C(c3ccc(C(F)(F)F)cc3)c3cccnc3)CC2)cs1,F->Cl,1,0.980706249017058,1,0.9250065341848085,1,0.9942492,1,0.9976083874080761,4,1,0.9743925988181807,1.0
Cc1nc(C(=O)NC2CCN(C(c3ccc(C(F)(F)Br)cc3)c3cccnc3)CC2)cs1,Cc1nc(C(=O)NC2CCN(C(c3ccc(C(F)(F)F)cc3)c3cccnc3)CC2)cs1,F->Br,1,0.9275481055605672,1,0.881676131567825,1,0.9940562,1,0.9970268833610763,4,1,0.9500768363281166,1.0
Cc1nc(C(=O)NC2CCN(C(c3ccc(C(C)(F)F)cc3)c3cccnc3)CC2)cs1,Cc1nc(C(=O)NC2CCN(C(c3ccc(C(F)(F)F)cc3)c3cccnc3)CC2)cs1,(F)->(C),1,0.980372518958774,1,0.8982842462738464,1,0.9906282,1,0.9964228730473034,4,1,0.9664269552919886,1.0
CCC1=C(F)C(=O)C2(Cc3c(O)c(CC=C(C)C)c(O)c(C(C)=O)c3O2)O1,CCC1=C(C)C(=O)C2(Cc3c(O)c(CC=C(C)C)c(O)c(C(C)=O)c3O2)O1,(C)->(F),1,0.5822823480084723,1,0.8274251671573206,1,0.8105754,1,0.7617511675475792,4,1,0.7455085270845548,1.0
CCC1=C(Cl)C(=O)C2(Cc3c(O)c(CC=C(C)C)c(O)c(C(C)=O)c3O2)O1,CCC1=C(C)C(=O)C2(Cc3c(O)c(CC=C(C)C)c(O)c(C(C)=O)c3O2)O1,(C)->(Cl),1,0.624253364618603,1,0.8189331997711417,1,0.84443766,1,0.8280675603272537,4,1,0.778922945875943,1.0
CCC1=C(C)C(=O)C2(Cc3c(N)c(CC=C(C)C)c(O)c(C(C)=O)c3O2)O1,CCC1=C(C)C(=O)C2(Cc3c(O)c(CC=C(C)C)c(O)c(C(C)=O)c3O2)O1,(O)->(N),1,0.6422083814424328,1,0.7942521629084204,1,0.8189276,1,0.8892870768651269,4,1,0.7861688018236559,1.0
Cc1cc(F)c2cc(C(=O)Nc3ccccc3-n3cncn3)[nH]c2c1,Cc1cc(C)c2cc(C(=O)Nc3ccccc3-n3cncn3)[nH]c2c1,(C)->(F),1,0.724236900774302,1,0.8787410739695147,1,0.9464843,1,0.9494477530442681,4,1,0.8747275137760923,1.0
Cc1cc(Cl)c2cc(C(=O)Nc3ccccc3-n3cncn3)[nH]c2c1,Cc1cc(C)c2cc(C(=O)Nc3ccccc3-n3cncn3)[nH]c2c1,(C)->(Cl),1,0.6558976902020469,1,0.8315032642852105,1,0.8613967,1,0.8842039448610686,4,1,0.8082503924224544,1.0
CC1(F)OC2=C(C(=O)C(=O)c3ccccc32)C1n1cc(-c2ccccc2)nn1,CC1(C)OC2=C(C(=O)C(=O)c3ccccc32)C1n1cc(-c2ccccc2)nn1,(C)->(F),1,0.501737969361172,1,0.861480496366667,1,0.6581544,1,0.5558086540058149,4,1,0.6442953869347181,1.0
CC1(Cl)OC2=C(C(=O)C(=O)c3ccccc32)C1n1cc(-c2ccccc2)nn1,CC1(C)OC2=C(C(=O)C(=O)c3ccccc32)C1n1cc(-c2ccccc2)nn1,(C)->(Cl),0,0.4405518153231424,1,0.8336240488897481,0,0.30657315,0,0.316631080935189,1,0,0.47434502442254844,0.25
COc1cc2c3c(n(CCCN4CCOC4)c(=O)c2cc1OC)-c1cc2c(cc1C3=O)OCO2,COc1cc2c3c(n(CCCN4CCOCC4)c(=O)c2cc1OC)-c1cc2c(cc1C3=O)OCO2,OC->O,1,0.5542795617926259,1,0.8241336817118412,1,0.6963308,1,0.8278664074960435,4,1,0.7256526091879634,1.0
N#Cc1ccccc1N1CCC(NC(c2cccnc2)c2ccc(Cl)cc2Cl)CC1,N#Cc1ccccc1N1CCC(NC(c2cccnc2)c2ccc(Cl)cc2F)CC1,F->Cl,1,0.9571914616878976,1,0.9267968774795203,1,0.99321353,1,0.9937619369406384,4,1,0.9677409526158051,1.0
N#Cc1ccccc1N1CCC(NC(c2cccnc2)c2ccc(F)cc2F)CC1,N#Cc1ccccc1N1CCC(NC(c2cccnc2)c2ccc(Cl)cc2F)CC1,Cl->F,1,0.9931147579527994,1,0.931179031030599,1,0.9979431,1,0.9976943374030127,4,1,0.9799828074249642,1.0
N#Cc1ccccc1N1CCC(NC(c2cccnc2)c2ccc(Br)cc2F)CC1,N#Cc1ccccc1N1CCC(NC(c2cccnc2)c2ccc(Cl)cc2F)CC1,Cl->Br,1,0.9622908305572877,1,0.8532390789456107,1,0.99748564,1,0.9976243150161788,4,1,0.952659965545968,1.0
N#Cc1ccccc1N1CCC(NC(c2cccnc2)c2ccc(Cl)cc2Br)CC1,N#Cc1ccccc1N1CCC(NC(c2cccnc2)c2ccc(Cl)cc2F)CC1,F->Br,1,0.8885564587658109,1,0.870271990595077,1,0.9815291,1,0.9853338765798871,4,1,0.9314228606428323,1.0
O=C(Cn1cnc([N+](=O)[O-])n1)Nc1cc(-c2ccc(F)cc2)no1,O=C(Cn1cnc([N+](=O)[O-])n1)Nc1cc(-c2ccc(Cl)cc2)no1,Cl->F,1,0.8644491008005145,1,0.9190179353282079,1,0.98602957,1,0.988680597640265,4,1,0.9395442997758268,1.0
O=C(Cn1cnc([N+](=O)[O-])n1)Nc1cc(-c2ccc(Br)cc2)no1,O=C(Cn1cnc([N+](=O)[O-])n1)Nc1cc(-c2ccc(Cl)cc2)no1,Cl->Br,1,0.7906434532547407,1,0.7881481313325215,1,0.9406591,1,0.974467500970655,4,1,0.8734795478339143,1.0
O=S(=O)(NCC(c1cccnc1)N1CCN(c2ccc(Cl)cc2)CC1)c1cccs1,O=S(=O)(NCC(c1cccnc1)N1CCN(c2ccc(F)cc2)CC1)c1cccs1,F->Cl,1,0.788377331526963,1,0.8830154949485218,1,0.95925003,1,0.9702302395149491,4,1,0.9002182747230495,1.0
O=S(=O)(NCC(c1cccnc1)N1CCN(c2ccc(Br)cc2)CC1)c1cccs1,O=S(=O)(NCC(c1cccnc1)N1CCN(c2ccc(F)cc2)CC1)c1cccs1,F->Br,1,0.7167587864958066,1,0.7883347721732008,1,0.92041886,1,0.9397152403473981,4,1,0.8413069143861357,1.0
Cc1ccc(N2CCN(C(CNS(=O)(=O)c3cccs3)c3cccnc3)CC2)cc1,O=S(=O)(NCC(c1cccnc1)N1CCN(c2ccc(F)cc2)CC1)c1cccs1,(F)->(C),1,0.7553172388690658,1,0.8136766859326484,1,0.8807116,1,0.9447117946865262,4,1,0.8486043336434606,1.0
CC1(COCc2ccc(OC(F)(F)Cl)cc2)CCn2cc([N+](=O)[O-])nc2O1,CC1(COCc2ccc(OC(F)(F)F)cc2)CCn2cc([N+](=O)[O-])nc2O1,F->Cl,1,0.9509535633395122,1,0.9629733143733584,1,0.9890997,1,0.9792626112245137,4,1,0.9705722925786988,1.0
CC1(COCc2ccc(OC(F)(F)Br)cc2)CCn2cc([N+](=O)[O-])nc2O1,CC1(COCc2ccc(OC(F)(F)F)cc2)CCn2cc([N+](=O)[O-])nc2O1,F->Br,1,0.8210773160411994,1,0.91198287125421,1,0.9764757,1,0.9619955732803407,4,1,0.9178828690532392,1.0
CC(F)(F)Oc1ccc(COCC2(C)CCn3cc([N+](=O)[O-])nc3O2)cc1,CC1(COCc2ccc(OC(F)(F)F)cc2)CCn2cc([N+](=O)[O-])nc2O1,(F)->(C),1,0.9238754360542796,1,0.9539396868513561,1,0.9743222,1,0.9830027852740657,4,1,0.9587850270002934,1.0
NC(=O)c1nn([C@@H]2O[C@H](CO)[C@@H](N)[C@H]2O)c2ncnc(N)c12,NC(=O)c1nn([C@@H]2O[C@H](CO)[C@@H](O)[C@H]2O)c2ncnc(N)c12,(O)->(N),1,0.5159155060695444,1,0.8657455615222697,1,0.67011786,1,0.7821556436439567,4,1,0.7084836415769481,1.0
NC(=O)c1nn([C@@H]2O[C@H](CO)[C@@H](O)[C@H]2O)c2ncnc(O)c12,NC(=O)c1nn([C@@H]2O[C@H](CO)[C@@H](O)[C@H]2O)c2ncnc(N)c12,(N)->(O),1,0.5909020555662475,1,0.6244903512224134,1,0.8301021,1,0.8033854313278281,4,1,0.7122199810459222,1.0
C=C(F)[C@@H]1CC[C@]2(C(=O)O)CC[C@]3(C)[C@H](CC[C@@H]4[C@@]5(C)CCC(=O)NC(C)(C)[C@@H]5CC[C@]43C)[C@@H]12,C=C(C)[C@@H]1CC[C@]2(C(=O)O)CC[C@]3(C)[C@H](CC[C@@H]4[C@@]5(C)CCC(=O)NC(C)(C)[C@@H]5CC[C@]43C)[C@@H]12,(C)->(F),1,0.5526489951683138,1,0.8588655735283092,1,0.7538347,1,0.8408461993290812,4,1,0.7515488731129935,1.0
C=C(Cl)[C@@H]1CC[C@]2(C(=O)O)CC[C@]3(C)[C@H](CC[C@@H]4[C@@]5(C)CCC(=O)NC(C)(C)[C@@H]5CC[C@]43C)[C@@H]12,C=C(C)[C@@H]1CC[C@]2(C(=O)O)CC[C@]3(C)[C@H](CC[C@@H]4[C@@]5(C)CCC(=O)NC(C)(C)[C@@H]5CC[C@]43C)[C@@H]12,(C)->(Cl),1,0.62504776448883,1,0.8572304588721542,1,0.9159902,1,0.8630057626016067,4,1,0.815318539944818,1.0
O=[N+]([O-])c1cn2c(n1)OC[C@@H](OCc1cccc(-c3ccc(OC(F)(F)Cl)cc3F)n1)C2,O=[N+]([O-])c1cn2c(n1)OC[C@@H](OCc1cccc(-c3ccc(OC(F)(F)F)cc3F)n1)C2,F->Cl,1,0.889512583367642,1,0.9031479608727936,1,0.96614456,1,0.9846388329856753,4,1,0.9358609847484223,1.0
O=[N+]([O-])c1cn2c(n1)OC[C@@H](OCc1cccc(-c3ccc(OC(F)(F)Br)cc3F)n1)C2,O=[N+]([O-])c1cn2c(n1)OC[C@@H](OCc1cccc(-c3ccc(OC(F)(F)F)cc3F)n1)C2,F->Br,1,0.7774357333115766,1,0.8523843177834891,1,0.94586915,1,0.9612120707273941,4,1,0.8842253174000043,1.0
O=[N+]([O-])c1cn2c(n1)O[C@@H](OCc1cccc(-c3ccc(OC(F)(F)F)cc3F)n1)C2,O=[N+]([O-])c1cn2c(n1)OC[C@@H](OCc1cccc(-c3ccc(OC(F)(F)F)cc3F)n1)C2,OC->O,1,0.8284644548358576,1,0.8829177371858894,1,0.97813183,1,0.9839786493672741,4,1,0.9183731680203281,1.0
CC(F)(F)Oc1ccc(-c2cccc(CO[C@@H]3COc4nc([N+](=O)[O-])cn4C3)n2)c(F)c1,O=[N+]([O-])c1cn2c(n1)OC[C@@H](OCc1cccc(-c3ccc(OC(F)(F)F)cc3F)n1)C2,(F)->(C),1,0.892004593241881,1,0.8789389428538645,1,0.96490234,1,0.9798457526583787,4,1,0.9289229075299846,1.0
CCCC(=O)NC[C@]1(F)CCC[C@]2(C)c3ccc(C(C)C)cc3CC[C@@H]12,CCCC(=O)NC[C@]1(C)CCC[C@]2(C)c3ccc(C(C)C)cc3CC[C@@H]12,(C)->(F),1,0.5713983221309283,1,0.7890165216262748,1,0.7126476,1,0.8072753252368517,4,1,0.7200844464643265,1.0
CCCC(=O)NC[C@]1(Cl)CCC[C@]2(C)c3ccc(C(C)C)cc3CC[C@@H]12,CCCC(=O)NC[C@]1(C)CCC[C@]2(C)c3ccc(C(C)C)cc3CC[C@@H]12,(C)->(Cl),1,0.6167758829319809,1,0.7901957580004765,1,0.87459666,1,0.8774735964571075,4,1,0.7897604731895924,1.0
CCCCCCC[C@H](F)OC(=O)/C=C/c1ccc(O)c(O)c1,CCCCCCC[C@H](C)OC(=O)/C=C/c1ccc(O)c(O)c1,(C)->(F),0,0.3781433767559031,1,0.8157395995428263,0,0.32489547,0,0.4199430625741012,1,0,0.484680377551822,0.25
CCCCCCC[C@H](Cl)OC(=O)/C=C/c1ccc(O)c(O)c1,CCCCCCC[C@H](C)OC(=O)/C=C/c1ccc(O)c(O)c1,(C)->(Cl),0,0.3315968921405742,1,0.864830045511697,0,0.4460745,0,0.4185028233602713,1,0,0.5152510616978377,0.25
CCCCCCC[C@H](C)OC(=O)/C=C/c1ccc(N)c(O)c1,CCCCCCC[C@H](C)OC(=O)/C=C/c1ccc(O)c(O)c1,(O)->(N),0,0.3633204993825461,0,0.4844784370506549,1,0.640816,1,0.6710269299099387,2,0,0.5399104599062501,0.5
O=[N+]([O-])c1ncn(CCCNCc2ccc(C(F)(F)Cl)cc2)n1,O=[N+]([O-])c1ncn(CCCNCc2ccc(C(F)(F)F)cc2)n1,F->Cl,1,0.6623363347073,1,0.7675460130625988,1,0.84280354,1,0.9102313639972467,4,1,0.7957293124031892,1.0
O=[N+]([O-])c1ncn(CCCNCc2ccc(C(F)(F)Br)cc2)n1,O=[N+]([O-])c1ncn(CCCNCc2ccc(C(F)(F)F)cc2)n1,F->Br,1,0.5907204885901648,1,0.661552771177776,1,0.7953772,1,0.7692312480806061,4,1,0.7042204256824964,1.0
CC(F)(F)c1ccc(CNCCCn2cnc([N+](=O)[O-])n2)cc1,O=[N+]([O-])c1ncn(CCCNCc2ccc(C(F)(F)F)cc2)n1,(F)->(C),1,0.6272465569830173,1,0.8193816814424888,1,0.69178617,1,0.7094987599849253,4,1,0.7119782921040574,1.0
CCc1oc(=O)c(Cc2c(O)c(CC=C(F)CCC=C(C)C)c(O)c(C(=O)C(C)C)c2O)c(O)c1C,CCc1oc(=O)c(Cc2c(O)c(CC=C(C)CCC=C(C)C)c(O)c(C(=O)C(C)C)c2O)c(O)c1C,(C)->(F),1,0.5564143589549757,1,0.7013959066760175,1,0.67089325,1,0.7235349927076878,4,1,0.6630596275586464,1.0
CCc1oc(=O)c(Cc2c(O)c(CC=C(Cl)CCC=C(C)C)c(O)c(C(=O)C(C)C)c2O)c(O)c1C,CCc1oc(=O)c(Cc2c(O)c(CC=C(C)CCC=C(C)C)c(O)c(C(=O)C(C)C)c2O)c(O)c1C,(C)->(Cl),1,0.6096058399452325,1,0.7364961611773204,1,0.6976215,1,0.7666836886987921,4,1,0.7026018035388247,1.0
CCc1oc(=O)c(Cc2c(N)c(CC=C(C)CCC=C(C)C)c(O)c(C(=O)C(C)C)c2O)c(O)c1C,CCc1oc(=O)c(Cc2c(O)c(CC=C(C)CCC=C(C)C)c(O)c(C(=O)C(C)C)c2O)c(O)c1C,(O)->(N),1,0.633609469944031,1,0.8355412322164966,1,0.86940753,1,0.8358872561087698,4,1,0.7936113732171504,1.0
COc1ccc2c(F)c(C(=O)N3CCC3)sc2c1Cl,COc1ccc2c(Cl)c(C(=O)N3CCC3)sc2c1Cl,Cl->F,1,0.5398454676707576,1,0.7999655825316,1,0.9271184,1,0.8813271286875626,4,1,0.7870641498727028,1.0
COc1ccc2c(Br)c(C(=O)N3CCC3)sc2c1Cl,COc1ccc2c(Cl)c(C(=O)N3CCC3)sc2c1Cl,Cl->Br,1,0.6578696900577932,1,0.8997850705818725,1,0.9658054,1,0.9480404008123325,4,1,0.8678751431977011,1.0
COc1cc(-c2nc(NCCN(C)C)c3ccccc3n2)cc(O)c1OC,COc1cc(-c2nc(NCCN(C)C)c3ccccc3n2)cc(OC)c1OC,OC->O,1,0.5637777131669012,1,0.8747171290956949,1,0.6965921,1,0.8084097034606793,4,1,0.7358741595593283,1.0
COc1cc(-c2nc(NCCN(C)F)c3ccccc3n2)cc(OC)c1OC,COc1cc(-c2nc(NCCN(C)C)c3ccccc3n2)cc(OC)c1OC,(C)->(F),0,0.48979034059044047,1,0.7165175389643906,0,0.4299758,0,0.4764309839102892,1,0,0.5281786677829747,0.25
COc1cc(-c2nc(NCCN(C)Cl)c3ccccc3n2)cc(OC)c1OC,COc1cc(-c2nc(NCCN(C)C)c3ccccc3n2)cc(OC)c1OC,(C)->(Cl),0,0.49646489244858805,1,0.7659321980855186,1,0.6869786,1,0.7165591485828133,3,1,0.6664837044211063,0.75
O=C(N/N=C/c1ccc2no[n+]([O-])c2c1)c1ccc2ooc2c1,O=C(N/N=C/c1ccc2no[n+]([O-])c2c1)c1ccc2c(c1)OCO2,OC->O,0,0.4845409140639792,0,0.4453556752953284,1,0.51726276,1,0.7585819753082588,2,0,0.551435330373015,0.5
OC/C=C/c1cc(N2CCOCC2)c2cc(Cl)c(Cl)cc2n1,OC/C=C/c1cc(N2CCOCC2)c2cc(Cl)c(F)cc2n1,F->Cl,1,0.7039019434418018,1,0.9020257055436112,1,0.93763053,1,0.9586532314725733,4,1,0.875552853657511,1.0
OC/C=C/c1cc(N2CCOCC2)c2cc(F)c(F)cc2n1,OC/C=C/c1cc(N2CCOCC2)c2cc(Cl)c(F)cc2n1,Cl->F,1,0.5864253503151196,1,0.7838690460497044,1,0.69190276,1,0.7204644294271567,4,1,0.6956653956207399,1.0
OC/C=C/c1cc(N2CCOCC2)c2cc(Br)c(F)cc2n1,OC/C=C/c1cc(N2CCOCC2)c2cc(Cl)c(F)cc2n1,Cl->Br,1,0.6460461557459699,1,0.8773218644858619,1,0.9213217,1,0.9380585150001344,4,1,0.8456870563286291,1.0
OC/C=C/c1cc(N2CCOCC2)c2cc(Cl)c(Br)cc2n1,OC/C=C/c1cc(N2CCOCC2)c2cc(Cl)c(F)cc2n1,F->Br,1,0.6412184682902067,1,0.8758408102103166,1,0.92779905,1,0.9223385153254011,4,1,0.8417992099663765,1.0
O/C=C/c1cc(N2CCOCC2)c2cc(Cl)c(F)cc2n1,OC/C=C/c1cc(N2CCOCC2)c2cc(Cl)c(F)cc2n1,OC->O,1,0.5366283875359918,1,0.6273655127811935,1,0.60602486,1,0.731408089394658,4,1,0.6253567127618994,1.0
Cc1cc2nc(/C=C/CO)cc(N3CCOCC3)c2cc1Cl,OC/C=C/c1cc(N2CCOCC2)c2cc(Cl)c(F)cc2n1,(F)->(C),1,0.6263159215265898,1,0.8933874916496171,1,0.87183344,1,0.8822093434059967,4,1,0.8184365500559665,1.0
CCCCCCCCCCCCC/C=C1/CCC[C@@H](NCCCC)[C@@H]1OC(=O)F,CCCCCCCCCCCCC/C=C1/CCC[C@@H](NCCCC)[C@@H]1OC(C)=O,(C)->(F),0,0.47728039800179434,1,0.7305617332893694,1,0.653195,1,0.6060682632840244,3,1,0.6167763545279675,0.75
CCCCCCCCCCCCC/C=C1/CCC[C@@H](NCCCC)[C@@H]1OC(=O)Cl,CCCCCCCCCCCCC/C=C1/CCC[C@@H](NCCCC)[C@@H]1OC(C)=O,(C)->(Cl),1,0.5245371118228587,1,0.7314472048861437,0,0.47798544,1,0.576123439974488,3,1,0.5775232995920533,0.75
CC1(COc2cnc(C(F)(F)Cl)cn2)Cn2cc([N+](=O)[O-])nc2O1,CC1(COc2cnc(C(F)(F)F)cn2)Cn2cc([N+](=O)[O-])nc2O1,F->Cl,1,0.9010503694116556,1,0.9487032893644614,1,0.9908839,1,0.9862482948005028,4,1,0.9567214600976843,1.0
CC1(COc2cnc(C(F)(F)Br)cn2)Cn2cc([N+](=O)[O-])nc2O1,CC1(COc2cnc(C(F)(F)F)cn2)Cn2cc([N+](=O)[O-])nc2O1,F->Br,1,0.7801312101821426,1,0.8796916603641016,1,0.97945637,1,0.968497809930703,4,1,0.9019442613963593,1.0
CC1(COc2cnc(C(C)(F)F)cn2)Cn2cc([N+](=O)[O-])nc2O1,CC1(COc2cnc(C(F)(F)F)cn2)Cn2cc([N+](=O)[O-])nc2O1,(F)->(C),1,0.904189593363562,1,0.9322503028391506,1,0.98702997,1,0.9882374463311471,4,1,0.9529268280565224,1.0
COP(=O)(O)C(Nc1ccccc1)c1ccccc1O,COP(=O)(OC)C(Nc1ccccc1)c1ccccc1O,OC->O,0,0.28318592002167076,1,0.6903899752026572,0,0.465942,0,0.35273331256462903,1,0,0.44806280079281646,0.25
COc1ccc(C2Sc3ccccc3N=C3C2=C(N)c2ccccc23)cc1,COc1ccc(C2Sc3ccccc3N=C3C2=C(O)c2ccccc23)cc1,(O)->(N),0,0.41681881707660445,1,0.7852688306608993,1,0.6620969,1,0.7730374338964817,3,1,0.6593054998158069,0.75
Fc1c(CNCCCNc2ccnc3cc(Cl)ccc23)cccc1-c1csc2ccc(Cl)cc12,Fc1ccc2scc(-c3cccc(CNCCCNc4ccnc5cc(Cl)ccc45)c3F)c2c1,F->Cl,1,0.7462676057828745,1,0.8707052773257858,1,0.96865743,1,0.9542241156355717,4,1,0.884963608182724,1.0
Fc1ccc2c(NCCCNCc3cccc(-c4csc5ccc(F)cc45)c3F)ccnc2c1,Fc1ccc2scc(-c3cccc(CNCCCNc4ccnc5cc(Cl)ccc45)c3F)c2c1,Cl->F,1,0.8400865928568735,1,0.9159641536652152,1,0.97623074,1,0.982642299242585,4,1,0.9287309465779634,1.0
Fc1ccc2scc(-c3cccc(CNCCCNc4ccnc5cc(Br)ccc45)c3F)c2c1,Fc1ccc2scc(-c3cccc(CNCCCNc4ccnc5cc(Cl)ccc45)c3F)c2c1,Cl->Br,1,0.8257551310162431,1,0.8651678333129416,1,0.9799942,1,0.9779521214300345,4,1,0.9122173158943794,1.0
Fc1c(CNCCCNc2ccnc3cc(Cl)ccc23)cccc1-c1csc2ccc(Br)cc12,Fc1ccc2scc(-c3cccc(CNCCCNc4ccnc5cc(Cl)ccc45)c3F)c2c1,F->Br,1,0.7187153863279753,1,0.8396350109229153,1,0.96154124,1,0.9453166819264444,4,1,0.8663020786560662,1.0
CC1(COc2ccc(Br)cc2)Cn2cc([N+](=O)[O-])nc2O1,CC1(COc2ccc(Cl)cc2)Cn2cc([N+](=O)[O-])nc2O1,Cl->Br,1,0.7716992473931473,1,0.746267289590822,1,0.9602603,1,0.9646876550971897,4,1,0.8607286160268053,1.0
CC1(COc2ccc(-c3ccc(C(F)(F)Cl)cc3)nc2)Cn2cc([N+](=O)[O-])nc2O1,CC1(COc2ccc(-c3ccc(C(F)(F)F)cc3)nc2)Cn2cc([N+](=O)[O-])nc2O1,F->Cl,1,0.9153726687899995,1,0.8587832849005194,1,0.9616574,1,0.9752874730205477,4,1,0.927775207902666,1.0
CC1(COc2ccc(-c3ccc(C(F)(F)Br)cc3)nc2)Cn2cc([N+](=O)[O-])nc2O1,CC1(COc2ccc(-c3ccc(C(F)(F)F)cc3)nc2)Cn2cc([N+](=O)[O-])nc2O1,F->Br,1,0.8341200417030441,1,0.7634683568512567,1,0.93986994,1,0.9576877526089441,4,1,0.8737865228610397,1.0
CC1(COc2ccc(-c3ccc(C(C)(F)F)cc3)nc2)Cn2cc([N+](=O)[O-])nc2O1,CC1(COc2ccc(-c3ccc(C(F)(F)F)cc3)nc2)Cn2cc([N+](=O)[O-])nc2O1,(F)->(C),1,0.9210449626663049,1,0.8451573080465762,1,0.97304714,1,0.9888796037261954,4,1,0.9320322529248785,1.0
Cc1cc(C)c(Oc2nc(N)nc(Nc3ccc(F)cc3)n2)c(C)c1,Cc1cc(C)c(Oc2nc(N)nc(Nc3ccc(Cl)cc3)n2)c(C)c1,Cl->F,0,0.4821057796674386,0,0.4423691864053266,1,0.6369575,1,0.8123473883133714,2,0,0.5934449701482767,0.5
Cc1cc(C)c(Oc2nc(N)nc(Nc3ccc(Br)cc3)n2)c(C)c1,Cc1cc(C)c(Oc2nc(N)nc(Nc3ccc(Cl)cc3)n2)c(C)c1,Cl->Br,1,0.5662735853636884,0,0.4072894338435916,1,0.7092684,1,0.759029611896409,3,1,0.610465255559011,0.75
Cc1cc(C)c(Oc2nc(N)nc(Nc3ccc(Cl)cc3)n2)c(F)c1,Cc1cc(C)c(Oc2nc(N)nc(Nc3ccc(Cl)cc3)n2)c(C)c1,(C)->(F),1,0.5576812923424815,1,0.6262547787666669,1,0.8606983,1,0.8799843650068225,4,1,0.7311546797086573,1.0
Cc1cc(C)c(Oc2nc(N)nc(Nc3ccc(Cl)cc3)n2)c(Cl)c1,Cc1cc(C)c(Oc2nc(N)nc(Nc3ccc(Cl)cc3)n2)c(C)c1,(C)->(Cl),1,0.5621714971394244,1,0.810092669808663,1,0.7345272,1,0.7885123088897097,4,1,0.7238259116239771,1.0
Cc1cc(C)c(Oc2nc(O)nc(Nc3ccc(Cl)cc3)n2)c(C)c1,Cc1cc(C)c(Oc2nc(N)nc(Nc3ccc(Cl)cc3)n2)c(C)c1,(N)->(O),1,0.6382043490784215,1,0.9446434265901705,1,0.8833163,1,0.9197457364617563,4,1,0.8464774476469975,1.0
Cc1nocc1C(=O)N1CCC(NC(c2ccc(C(F)(F)Cl)cc2)c2cccnc2)CC1,Cc1nocc1C(=O)N1CCC(NC(c2ccc(C(F)(F)F)cc2)c2cccnc2)CC1,F->Cl,1,0.9900878766809236,1,0.9349444045298908,1,0.9981012,1,0.9980213735799114,4,1,0.9802887074055291,1.0
Cc1nocc1C(=O)N1CCC(NC(c2ccc(C(F)(F)Br)cc2)c2cccnc2)CC1,Cc1nocc1C(=O)N1CCC(NC(c2ccc(C(F)(F)F)cc2)c2cccnc2)CC1,F->Br,1,0.956258710886994,1,0.8899156768019093,1,0.9946104,1,0.996766295448285,4,1,0.959387777986827,1.0
Cc1nocc1C(=O)N1CCC(NC(c2ccc(C(C)(F)F)cc2)c2cccnc2)CC1,Cc1nocc1C(=O)N1CCC(NC(c2ccc(C(F)(F)F)cc2)c2cccnc2)CC1,(F)->(C),1,0.9805468963401455,1,0.9026136901528784,1,0.99727637,1,0.9984802197347281,4,1,0.9697292929961852,1.0
COc1ccc(CCN2CCC(CN(F)Cc3cnn(-c4ccccc4)c3)CC2)cc1,COc1ccc(CCN2CCC(CN(C)Cc3cnn(-c4ccccc4)c3)CC2)cc1,(C)->(F),1,0.6359569661241895,1,0.8199348590389833,1,0.73164433,1,0.8275607361397612,4,1,0.7537742234279597,1.0
COc1ccc(CCN2CCC(CN(Cl)Cc3cnn(-c4ccccc4)c3)CC2)cc1,COc1ccc(CCN2CCC(CN(C)Cc3cnn(-c4ccccc4)c3)CC2)cc1,(C)->(Cl),1,0.6942523710980175,1,0.8800977141027045,1,0.7211151,1,0.8451441905836673,4,1,0.7851523470222692,1.0
N#Cc1cccc(CN2CCC(N(Cc3cccnc3)C(=O)c3cc(Cl)c(F)cc3F)CC2)c1,N#Cc1cccc(CN2CCC(N(Cc3cccnc3)C(=O)c3cc(F)c(F)cc3F)CC2)c1,F->Cl,1,0.9167728406802567,1,0.8934257971585519,1,0.9873533,1,0.9931074904433976,4,1,0.9476648632930857,1.0
N#Cc1cccc(CN2CCC(N(Cc3cccnc3)C(=O)c3cc(Br)c(F)cc3F)CC2)c1,N#Cc1cccc(CN2CCC(N(Cc3cccnc3)C(=O)c3cc(F)c(F)cc3F)CC2)c1,F->Br,1,0.8581002120492165,1,0.7894139414386812,1,0.9862467,1,0.9848934666791664,4,1,0.9046635813055752,1.0
Cc1cc(C(=O)N(Cc2cccnc2)C2CCN(Cc3cccc(C#N)c3)CC2)c(F)cc1F,N#Cc1cccc(CN2CCC(N(Cc3cccnc3)C(=O)c3cc(F)c(F)cc3F)CC2)c1,(F)->(C),1,0.9082662161354469,1,0.872363122024018,1,0.9617366,1,0.980260490526172,4,1,0.9306566120395352,1.0
CN1/C(=C/c2cc[n+](C)c3cccc(F)c23)Sc2ccccc21,CN1/C(=C/c2cc[n+](C)c3cccc(Cl)c23)Sc2ccccc21,Cl->F,1,0.8168625589610593,1,0.9243405119303892,1,0.9695217,1,0.9758447936154483,4,1,0.921642391460701,1.0
CN1/C(=C/c2cc[n+](C)c3cccc(Br)c23)Sc2ccccc21,CN1/C(=C/c2cc[n+](C)c3cccc(Cl)c23)Sc2ccccc21,Cl->Br,1,0.830782525292986,1,0.918518988218763,1,0.97742486,1,0.9883646516683036,4,1,0.9287727562951658,1.0
CN1/C(=C/c2cc[n+](F)c3cccc(Cl)c23)Sc2ccccc21,CN1/C(=C/c2cc[n+](C)c3cccc(Cl)c23)Sc2ccccc21,(C)->(F),1,0.6934608925846049,1,0.9066361165111066,1,0.96478015,1,0.9533705608087514,4,1,0.8795619304371219,1.0
CN1/C(=C/c2cc[n+](Cl)c3cccc(Cl)c23)Sc2ccccc21,CN1/C(=C/c2cc[n+](C)c3cccc(Cl)c23)Sc2ccccc21,(C)->(Cl),1,0.7810845762692641,1,0.9090043907562876,1,0.9639656,1,0.97493533123762,4,1,0.9072474732579239,1.0
O=C(Nc1cc2nc(-c3ccc(Cl)c(F)c3)cn2cn1)N1CC[C@H](F)C1,O=C(Nc1cc2nc(-c3ccc(F)c(F)c3)cn2cn1)N1CC[C@H](F)C1,F->Cl,1,0.8550392061498626,1,0.8655114787309351,1,0.9851836,1,0.9906992289800217,4,1,0.9241083776179606,1.0
O=C(Nc1cc2nc(-c3ccc(Br)c(F)c3)cn2cn1)N1CC[C@H](F)C1,O=C(Nc1cc2nc(-c3ccc(F)c(F)c3)cn2cn1)N1CC[C@H](F)C1,F->Br,1,0.7976872628128404,1,0.8472423426014645,1,0.9717927,1,0.9741160529910995,4,1,0.8977095890779746,1.0
Cc1ccc(-c2cn3cnc(NC(=O)N4CC[C@H](F)C4)cc3n2)cc1F,O=C(Nc1cc2nc(-c3ccc(F)c(F)c3)cn2cn1)N1CC[C@H](F)C1,(F)->(C),1,0.8112577015018905,1,0.8772251242988198,1,0.926215,1,0.9822106416969194,4,1,0.899227115124415,1.0
O=C(Nc1ccc(F)c(Cl)c1)c1cc(Cl)cc(Cl)c1O,O=C(Nc1ccc(Cl)c(Cl)c1)c1cc(Cl)cc(Cl)c1O,Cl->F,1,0.7932711348452149,1,0.8957779690391885,1,0.9497837,1,0.9666589989404051,4,1,0.9013729464119975,1.0
O=C(Nc1ccc(Br)c(Cl)c1)c1cc(Cl)cc(Cl)c1O,O=C(Nc1ccc(Cl)c(Cl)c1)c1cc(Cl)cc(Cl)c1O,Cl->Br,1,0.8322425640670194,1,0.9164681989235803,1,0.95728356,1,0.9796665318741055,4,1,0.9214152128315098,1.0
Cc1nc(C(=O)N2CCC(NC(c3ccc(C(F)(F)Cl)cc3)c3cccnc3)CC2)co1,Cc1nc(C(=O)N2CCC(NC(c3ccc(C(F)(F)F)cc3)c3cccnc3)CC2)co1,F->Cl,1,0.9832731787838018,1,0.9419186191418619,1,0.99720544,1,0.9979747876673196,4,1,0.9800930054556722,1.0
Cc1nc(C(=O)N2CCC(NC(c3ccc(C(F)(F)Br)cc3)c3cccnc3)CC2)co1,Cc1nc(C(=O)N2CCC(NC(c3ccc(C(F)(F)F)cc3)c3cccnc3)CC2)co1,F->Br,1,0.9545799074124555,1,0.8939738633990314,1,0.9957854,1,0.9971427206733326,4,1,0.9603704766643492,1.0
Cc1nc(C(=O)N2CCC(NC(c3ccc(C(C)(F)F)cc3)c3cccnc3)CC2)co1,Cc1nc(C(=O)N2CCC(NC(c3ccc(C(F)(F)F)cc3)c3cccnc3)CC2)co1,(F)->(C),1,0.9752050711535367,1,0.8985633751556019,1,0.99648225,1,0.9976416276713248,4,1,0.9669730817637774,1.0
O=[N+]([O-])c1cn2c(n1)[S+]([O-])CC(OCc1ccc(-c3ccc(OC(F)(F)Cl)cc3)cn1)C2,O=[N+]([O-])c1cn2c(n1)[S+]([O-])CC(OCc1ccc(-c3ccc(OC(F)(F)F)cc3)cn1)C2,F->Cl,1,0.8826331753724889,1,0.9102660499356703,1,0.96140397,1,0.9854689789450238,4,1,0.9349430425507987,1.0
O=[N+]([O-])c1cn2c(n1)[S+]([O-])CC(OCc1ccc(-c3ccc(OC(F)(F)Br)cc3)cn1)C2,O=[N+]([O-])c1cn2c(n1)[S+]([O-])CC(OCc1ccc(-c3ccc(OC(F)(F)F)cc3)cn1)C2,F->Br,1,0.8027345440199418,1,0.8615701216743293,1,0.96576816,1,0.9745583693049364,4,1,0.9011577983587573,1.0
O=[N+]([O-])c1cn2c(n1)[S+]([O-])CC(Oc1ccc(-c3ccc(OC(F)(F)F)cc3)cn1)C2,O=[N+]([O-])c1cn2c(n1)[S+]([O-])CC(OCc1ccc(-c3ccc(OC(F)(F)F)cc3)cn1)C2,OC->O,1,0.8307065112120887,1,0.8421763495717548,1,0.90687674,1,0.961645564265784,4,1,0.8853512919723603,1.0
CC(F)(F)Oc1ccc(-c2ccc(COC3Cn4cc([N+](=O)[O-])nc4[S+]([O-])C3)nc2)cc1,O=[N+]([O-])c1cn2c(n1)[S+]([O-])CC(OCc1ccc(-c3ccc(OC(F)(F)F)cc3)cn1)C2,(F)->(C),1,0.8416638529319629,1,0.8842725899261847,1,0.9478324,1,0.9702486827686463,4,1,0.9110043827984907,1.0
OCCN1C2CCC1CC(=NOC(c1ccccc1)c1ccc(F)cc1)C2,OCCN1C2CCC1CC(=NOC(c1ccccc1)c1ccc(Cl)cc1)C2,Cl->F,1,0.598759884400891,1,0.8538128370169259,1,0.6676845,1,0.9084246678582969,4,1,0.757170471181295,1.0
OCCN1C2CCC1CC(=NOC(c1ccccc1)c1ccc(Br)cc1)C2,OCCN1C2CCC1CC(=NOC(c1ccccc1)c1ccc(Cl)cc1)C2,Cl->Br,1,0.750559947343989,1,0.8587148582000073,1,0.95323217,1,0.9700555034698026,4,1,0.8831406195412762,1.0
OCN1C2CCC1CC(=NOC(c1ccccc1)c1ccc(Cl)cc1)C2,OCCN1C2CCC1CC(=NOC(c1ccccc1)c1ccc(Cl)cc1)C2,OC->O,1,0.7577494329150921,1,0.9238371803255325,1,0.91746026,1,0.9658595716361136,4,1,0.8912266119130399,1.0
Cc1ccnc2c1c(I)cn2[C@@H]1O[C@H](CO)[C@@H](N)[C@H]1O,Cc1ccnc2c1c(I)cn2[C@@H]1O[C@H](CO)[C@@H](O)[C@H]1O,(O)->(N),1,0.5963134828429476,1,0.8301421833037355,1,0.7926234,1,0.8179926272858772,4,1,0.7592679235301829,1.0
O=[N+]([O-])c1cc(C(F)(F)Cl)cc([N+](=O)[O-])c1Sc1ccccc1,O=[N+]([O-])c1cc(C(F)(F)F)cc([N+](=O)[O-])c1Sc1ccccc1,F->Cl,1,0.7235098499005997,1,0.8696744613925486,1,0.9234864,1,0.942951871969072,4,1,0.8649056487084308,1.0
O=[N+]([O-])c1cc(C(F)(F)Br)cc([N+](=O)[O-])c1Sc1ccccc1,O=[N+]([O-])c1cc(C(F)(F)F)cc([N+](=O)[O-])c1Sc1ccccc1,F->Br,1,0.7061019384057963,1,0.8176111939402153,1,0.93299705,1,0.8978962608573327,4,1,0.8386516102761243,1.0
CC(F)(F)c1cc([N+](=O)[O-])c(Sc2ccccc2)c([N+](=O)[O-])c1,O=[N+]([O-])c1cc(C(F)(F)F)cc([N+](=O)[O-])c1Sc1ccccc1,(F)->(C),1,0.5731124915063033,1,0.7875376038140194,1,0.7981329,1,0.6988571422197317,4,1,0.7144100334908486,1.0
O=C(N[C@@H](Cc1c[nH]c2ccccc12)C(=O)Nc1ccncc1)c1ccc(-c2cccc(Cl)c2)cc1F,O=C(N[C@@H](Cc1c[nH]c2ccccc12)C(=O)Nc1ccncc1)c1ccc(-c2cccc(F)c2)cc1F,F->Cl,1,0.9602398336375486,1,0.9183671974147306,1,0.9950427,1,0.9973032868882613,4,1,0.9677382499086428,1.0
O=C(N[C@@H](Cc1c[nH]c2ccccc12)C(=O)Nc1ccncc1)c1ccc(-c2cccc(Br)c2)cc1F,O=C(N[C@@H](Cc1c[nH]c2ccccc12)C(=O)Nc1ccncc1)c1ccc(-c2cccc(F)c2)cc1F,F->Br,1,0.8909893901907129,1,0.8604286144536225,1,0.9852727,1,0.99191958313932,4,1,0.9321525733346544,1.0
Cc1cccc(-c2ccc(C(=O)N[C@@H](Cc3c[nH]c4ccccc34)C(=O)Nc3ccncc3)c(F)c2)c1,O=C(N[C@@H](Cc1c[nH]c2ccccc12)C(=O)Nc1ccncc1)c1ccc(-c2cccc(F)c2)cc1F,(F)->(C),1,0.9358589538415758,1,0.930275051333006,1,0.9930166,1,0.9955084331139702,4,1,0.9636647597243444,1.0
CCCCCCCCCCCCCC[C@@H]1CCC[C@H](N)[C@H]1N,CCCCCCCCCCCCCC[C@@H]1CCC[C@H](O)[C@H]1N,(O)->(N),1,0.7027582846293879,1,0.7842566910130697,1,0.89712656,1,0.9617164050187157,4,1,0.8364644840259958,1.0
O=c1cc(Oc2ccc(F)cc2)c2cccc([N+](=O)[O-])c2[nH]1,O=c1cc(Oc2ccc(Cl)cc2)c2cccc([N+](=O)[O-])c2[nH]1,Cl->F,0,0.47164928782049276,1,0.651351897919025,1,0.80078393,1,0.8465456900170756,3,1,0.6925827019914021,0.75
O=c1cc(Oc2ccc(Br)cc2)c2cccc([N+](=O)[O-])c2[nH]1,O=c1cc(Oc2ccc(Cl)cc2)c2cccc([N+](=O)[O-])c2[nH]1,Cl->Br,1,0.668193644303674,1,0.8456851077301696,1,0.84234434,1,0.9290691227689689,4,1,0.8213230546162686,1.0
COc1ccc(C(=O)NC2CCN(CCn3c(=O)ccc4ncc(Cl)cc43)CC2)cc1Cl,COc1ccc(C(=O)NC2CCN(CCn3c(=O)ccc4ncc(F)cc43)CC2)cc1Cl,F->Cl,1,0.6724821858242345,1,0.8620666362255227,1,0.75950503,1,0.7593941009122431,4,1,0.7633619891137606,1.0
COc1ccc(C(=O)NC2CCN(CCn3c(=O)ccc4ncc(F)cc43)CC2)cc1F,COc1ccc(C(=O)NC2CCN(CCn3c(=O)ccc4ncc(F)cc43)CC2)cc1Cl,Cl->F,1,0.691016827414293,1,0.9093238841897057,1,0.8834143,1,0.8752359899978893,4,1,0.8397477574250464,1.0
COc1ccc(C(=O)NC2CCN(CCn3c(=O)ccc4ncc(F)cc43)CC2)cc1Br,COc1ccc(C(=O)NC2CCN(CCn3c(=O)ccc4ncc(F)cc43)CC2)cc1Cl,Cl->Br,1,0.7511344525394741,1,0.8478961157322399,1,0.8451292,1,0.9076286997768372,4,1,0.8379471149810023,1.0
COc1ccc(C(=O)NC2CCN(CCn3c(=O)ccc4ncc(Br)cc43)CC2)cc1Cl,COc1ccc(C(=O)NC2CCN(CCn3c(=O)ccc4ncc(F)cc43)CC2)cc1Cl,F->Br,1,0.6373668080964441,1,0.785179367986526,1,0.64745426,1,0.687990252640755,4,1,0.6894976726258776,1.0
COc1ccc(C(=O)NC2CCN(CCn3c(=O)ccc4ncc(C)cc43)CC2)cc1Cl,COc1ccc(C(=O)NC2CCN(CCn3c(=O)ccc4ncc(F)cc43)CC2)cc1Cl,(F)->(C),1,0.6762420998304051,1,0.7682684216706739,1,0.6940151,1,0.7476829424831817,4,1,0.7215521374203586,1.0
Clc1cccc(COc2ccc(Nc3ncnc4cc(C#CCN5CCCC5)sc34)cc2Cl)c1,Fc1cccc(COc2ccc(Nc3ncnc4cc(C#CCN5CCCC5)sc34)cc2Cl)c1,F->Cl,1,0.745806927201118,1,0.8270810453959844,1,0.9583042,1,0.9314427035714186,4,1,0.8656587256417472,1.0
Fc1cccc(COc2ccc(Nc3ncnc4cc(C#CCN5CCCC5)sc34)cc2F)c1,Fc1cccc(COc2ccc(Nc3ncnc4cc(C#CCN5CCCC5)sc34)cc2Cl)c1,Cl->F,1,0.7519813584053892,1,0.8911040824604336,1,0.91757506,1,0.9427602918093947,4,1,0.875855198499119,1.0
Fc1cccc(COc2ccc(Nc3ncnc4cc(C#CCN5CCCC5)sc34)cc2Br)c1,Fc1cccc(COc2ccc(Nc3ncnc4cc(C#CCN5CCCC5)sc34)cc2Cl)c1,Cl->Br,1,0.810454921407286,1,0.8757049325203247,1,0.9562606,1,0.9659189344680882,4,1,0.9020848524858495,1.0
Clc1cc(Nc2ncnc3cc(C#CCN4CCCC4)sc23)ccc1OCc1cccc(Br)c1,Fc1cccc(COc2ccc(Nc3ncnc4cc(C#CCN5CCCC5)sc34)cc2Cl)c1,F->Br,1,0.7390223678955811,1,0.7871264970919852,1,0.9474069,1,0.9468459353937656,4,1,0.8551004220973624,1.0
CC(F)NC(=O)NCCc1csc(-c2ccccc2)n1,CC(C)NC(=O)NCCc1csc(-c2ccccc2)n1,(C)->(F),1,0.558815005525381,1,0.8209014625131416,1,0.7380259,1,0.7119950494713848,4,1,0.7074343553029224,1.0
CC(Cl)NC(=O)NCCc1csc(-c2ccccc2)n1,CC(C)NC(=O)NCCc1csc(-c2ccccc2)n1,(C)->(Cl),1,0.607609423458181,1,0.8829748281844317,1,0.7651739,1,0.6886192684752119,4,1,0.7360943580415411,1.0
Clc1ccc(C2CCN(c3nc(-c4ccccn4)nc4ccccc34)C2)cc1,Fc1ccc(C2CCN(c3nc(-c4ccccn4)nc4ccccc34)C2)cc1,F->Cl,1,0.8652980801694592,1,0.9442831815792329,1,0.971943,1,0.9892525057502387,4,1,0.9426941970798871,1.0
Brc1ccc(C2CCN(c3nc(-c4ccccn4)nc4ccccc34)C2)cc1,Fc1ccc(C2CCN(c3nc(-c4ccccn4)nc4ccccc34)C2)cc1,F->Br,1,0.8357829797947258,1,0.8511560566248989,1,0.9309369,1,0.9789671436563778,4,1,0.8992107632587849,1.0
COc1ccc2c(c1O)CC/C2=N\NC(N)=S,COc1ccc2c(c1OC)CC/C2=N\NC(N)=S,OC->O,0,0.4583604004944444,1,0.8292313540431415,0,0.39036587,0,0.352724327377098,1,0,0.5076704876803807,0.25
COc1ccc2c(c1OC)CC/C2=N\NC(O)=S,COc1ccc2c(c1OC)CC/C2=N\NC(N)=S,(N)->(O),0,0.426081397251165,0,0.5,1,0.53219616,1,0.6046980797844619,2,0,0.5157439102916979,0.5
CNC(=O)c1nn(F)c2c1C(C)(C)Cc1cnc(Nc3ccc(N4CCN(C)CC4)cc3)nc1-2,CNC(=O)c1nn(C)c2c1C(C)(C)Cc1cnc(Nc3ccc(N4CCN(C)CC4)cc3)nc1-2,(C)->(F),1,0.6840501992395221,1,0.850487832239421,1,0.84577245,1,0.9026977412093528,4,1,0.8207520544725425,1.0
CNC(=O)c1nn(Cl)c2c1C(C)(C)Cc1cnc(Nc3ccc(N4CCN(C)CC4)cc3)nc1-2,CNC(=O)c1nn(C)c2c1C(C)(C)Cc1cnc(Nc3ccc(N4CCN(C)CC4)cc3)nc1-2,(C)->(Cl),1,0.6727049265422007,1,0.8780273107935381,1,0.80034125,1,0.8905488571121479,4,1,0.8104055857400386,1.0
CC1(COc2ccc(OCc3ccccc3)cc2)Cn2cc([N+](=O)[O-])nc2S1(=O)=O,CC1(COCc2ccc(OCc3ccccc3)cc2)Cn2cc([N+](=O)[O-])nc2S1(=O)=O,OC->O,1,0.6732686216001798,1,0.9694670634790438,1,0.8159901,1,0.7993276215455625,4,1,0.8145133492487411,1.0
CCCCN(CCCC)c1c([N+](=O)[O-])cc(S(=O)(=O)Nc2cccc(Cl)c2)cc1[N+](=O)[O-],CCCCN(CCCC)c1c([N+](=O)[O-])cc(S(=O)(=O)Nc2cccc(F)c2)cc1[N+](=O)[O-],F->Cl,1,0.5667681927442718,1,0.9678490780778176,1,0.7631124,1,0.9010921636306785,4,1,0.7997054650642266,1.0
CCCCN(CCCC)c1c([N+](=O)[O-])cc(S(=O)(=O)Nc2cccc(Br)c2)cc1[N+](=O)[O-],CCCCN(CCCC)c1c([N+](=O)[O-])cc(S(=O)(=O)Nc2cccc(F)c2)cc1[N+](=O)[O-],F->Br,1,0.5362438187326596,1,0.9104408960927024,1,0.66810125,1,0.8309134469822785,4,1,0.736424853233244,1.0
CCCCN(CCCC)c1c([N+](=O)[O-])cc(S(=O)(=O)Nc2cccc(C)c2)cc1[N+](=O)[O-],CCCCN(CCCC)c1c([N+](=O)[O-])cc(S(=O)(=O)Nc2cccc(F)c2)cc1[N+](=O)[O-],(F)->(C),0,0.4680401499402363,1,0.9116174697822448,1,0.5938092,1,0.7667910261358645,3,1,0.6850644583176518,0.75
COCc1ccn2c(Nc3cccc(Cl)c3)c(-c3ccccn3)nc2c1,COCc1ccn2c(Nc3cccc(F)c3)c(-c3ccccn3)nc2c1,F->Cl,1,0.836737292940262,1,0.9558373540340004,1,0.97667354,1,0.9702061448242554,4,1,0.9348635838129336,1.0
COCc1ccn2c(Nc3cccc(Br)c3)c(-c3ccccn3)nc2c1,COCc1ccn2c(Nc3cccc(F)c3)c(-c3ccccn3)nc2c1,F->Br,1,0.802350089760006,1,0.8834888789632142,1,0.9594742,1,0.971919353284479,4,1,0.9043081319946158,1.0
COc1ccn2c(Nc3cccc(F)c3)c(-c3ccccn3)nc2c1,COCc1ccn2c(Nc3cccc(F)c3)c(-c3ccccn3)nc2c1,OC->O,1,0.9316135464412995,1,0.9376309637336744,1,0.9793829,1,0.9916174868204001,4,1,0.960061217394214,1.0
COCc1ccn2c(Nc3cccc(C)c3)c(-c3ccccn3)nc2c1,COCc1ccn2c(Nc3cccc(F)c3)c(-c3ccccn3)nc2c1,(F)->(C),1,0.8200783573386644,1,0.9392143109154837,1,0.9781039,1,0.9683547201509176,4,1,0.9264378161297394,1.0
OC(c1ccc(F)cc1)(c1ccc(Br)cc1)c1cncnc1,OC(c1ccc(Cl)cc1)(c1ccc(Br)cc1)c1cncnc1,Cl->F,1,0.8543948348875908,1,0.8935006130177519,1,0.97794867,1,0.9814271841772636,4,1,0.9268178244253757,1.0
OC(c1ccc(Br)cc1)(c1ccc(Br)cc1)c1cncnc1,OC(c1ccc(Cl)cc1)(c1ccc(Br)cc1)c1cncnc1,Cl->Br,1,0.8299019130631554,1,0.852248944215641,1,0.98108715,1,0.9864288710091001,4,1,0.9124167191193603,1.0
c1ccc(OCCCOc2ccc(-c3cc4cc(C5=NCCN5)ccc4o3)cc2)cc1,c1ccc(OCCCCOc2ccc(-c3cc4cc(C5=NCCN5)ccc4o3)cc2)cc1,OC->O,1,0.6936279360865314,1,0.985610380522263,1,0.9071375,1,0.9263507709389316,4,1,0.8781816501771079,1.0
O=[N+]([O-])c1cn2c(n1)OC[C@H](Oc1cccc(-c3ccc(OC(F)(F)Cl)cc3)n1)C2,O=[N+]([O-])c1cn2c(n1)OC[C@H](Oc1cccc(-c3ccc(OC(F)(F)F)cc3)n1)C2,F->Cl,1,0.8390923212246946,1,0.8908912353817218,1,0.9652985,1,0.98236409975306,4,1,0.919411532548617,1.0
O=[N+]([O-])c1cn2c(n1)OC[C@H](Oc1cccc(-c3ccc(OC(F)(F)Br)cc3)n1)C2,O=[N+]([O-])c1cn2c(n1)OC[C@H](Oc1cccc(-c3ccc(OC(F)(F)F)cc3)n1)C2,F->Br,1,0.7298565460534574,1,0.8163624901764714,1,0.91846025,1,0.9625423027337743,4,1,0.8568053972161302,1.0
O=[N+]([O-])c1cn2c(n1)O[C@H](Oc1cccc(-c3ccc(OC(F)(F)F)cc3)n1)C2,O=[N+]([O-])c1cn2c(n1)OC[C@H](Oc1cccc(-c3ccc(OC(F)(F)F)cc3)n1)C2,OC->O,1,0.8560890397211685,1,0.9240389086123758,1,0.9739976,1,0.9769774158530564,4,1,0.9327757392781566,1.0
CC(F)(F)Oc1ccc(-c2cccc(O[C@H]3COc4nc([N+](=O)[O-])cn4C3)n2)cc1,O=[N+]([O-])c1cn2c(n1)OC[C@H](Oc1cccc(-c3ccc(OC(F)(F)F)cc3)n1)C2,(F)->(C),1,0.8162577931625795,1,0.8551349977744344,1,0.9259216,1,0.9618808456479224,4,1,0.8897988138808455,1.0
COc1ccc2c(c1)O/C(=C/c1cc(N)cc(O)c1)C2=O,COc1ccc2c(c1)O/C(=C/c1cc(O)cc(O)c1)C2=O,(O)->(N),0,0.45958420077975737,1,0.8827022054141217,1,0.8500297,1,0.6893217242078034,3,1,0.7204094593391597,0.75
C/C=C/c1nc2cc(O)ccc2n2cccc12,C/C=C/c1nc2cc(OC)ccc2n2cccc12,OC->O,0,0.45880575975876936,1,0.7194829967848598,1,0.65466046,1,0.6310507599260465,3,1,0.6159999949507015,0.75
NC1CCN(S(=O)(=O)c2ccc(NC(=O)c3ccc([N+](=O)[O-])o3)cc2)CC1,O=C(Nc1ccc(S(=O)(=O)N2CCC(O)CC2)cc1)c1ccc([N+](=O)[O-])o1,(O)->(N),1,0.6860238487493412,1,0.8536080494426049,1,0.78239834,1,0.8300721832947869,4,1,0.7880256061432439,1.0
Clc1cccc(Nc2nc(N3CCCC3)nc3c2CNCC3)c1,Fc1cccc(Nc2nc(N3CCCC3)nc3c2CNCC3)c1,F->Cl,1,0.5568442780825286,1,0.8372056655864298,1,0.7406195,1,0.7376191410809516,4,1,0.7180721413399509,1.0
Brc1cccc(Nc2nc(N3CCCC3)nc3c2CNCC3)c1,Fc1cccc(Nc2nc(N3CCCC3)nc3c2CNCC3)c1,F->Br,1,0.5630613126713961,1,0.7459805348236731,1,0.726155,1,0.6416229020426684,4,1,0.6692049331453521,1.0
CC(C)(F)[C@H]1CC[C@@H](n2c(=O)[nH]c3ncc(N)cc3c2=O)CC1,CC(C)(C)[C@H]1CC[C@@H](n2c(=O)[nH]c3ncc(N)cc3c2=O)CC1,(C)->(F),1,0.7367055494125472,1,0.8851661267309504,1,0.9529329,1,0.9602704116052845,4,1,0.8837687454946678,1.0
CC(C)(Cl)[C@H]1CC[C@@H](n2c(=O)[nH]c3ncc(N)cc3c2=O)CC1,CC(C)(C)[C@H]1CC[C@@H](n2c(=O)[nH]c3ncc(N)cc3c2=O)CC1,(C)->(Cl),1,0.8052016919039116,1,0.9046280769457785,1,0.95368,1,0.9439042534313931,4,1,0.9018535002821467,1.0
CC(C)(C)[C@H]1CC[C@@H](n2c(=O)[nH]c3ncc(O)cc3c2=O)CC1,CC(C)(C)[C@H]1CC[C@@H](n2c(=O)[nH]c3ncc(N)cc3c2=O)CC1,(N)->(O),1,0.8072311284077189,1,0.8972930710843897,1,0.96963644,1,0.9678319956409303,4,1,0.9104981588525347,1.0
O=C(Nc1c(O)cccc1-c1nc2c(C(=O)O)cccc2o1)c1ncccc1Cl,O=C(Nc1c(O)cccc1-c1nc2c(C(=O)O)cccc2o1)c1ncccc1F,F->Cl,1,0.794859780975932,1,0.9495788174769536,1,0.9769207,1,0.9791944080255782,4,1,0.925138432598391,1.0
O=C(Nc1c(O)cccc1-c1nc2c(C(=O)O)cccc2o1)c1ncccc1Br,O=C(Nc1c(O)cccc1-c1nc2c(C(=O)O)cccc2o1)c1ncccc1F,F->Br,1,0.75511386312763,1,0.9216264618042539,1,0.9652785,1,0.9590351800562439,4,1,0.9002635028167798,1.0
Nc1cccc(-c2nc3c(C(=O)O)cccc3o2)c1NC(=O)c1ncccc1F,O=C(Nc1c(O)cccc1-c1nc2c(C(=O)O)cccc2o1)c1ncccc1F,(O)->(N),1,0.7938755435423364,1,0.8530737164211354,1,0.96922785,1,0.9773634533354418,4,1,0.8983851409340196,1.0
NC(=O)CCN1CSC(=S)N(CCCCCCN2CN(CCC(=O)O)CSC2=S)C1,O=C(O)CCN1CSC(=S)N(CCCCCCN2CN(CCC(=O)O)CSC2=S)C1,(O)->(N),1,0.6213251525616059,1,0.8645214971487825,1,0.81971335,1,0.88918556820275,4,1,0.798686393005964,1.0
Cc1cc(Br)c(Nc2nc(O)nc(Nc3ccccc3)n2)c(Br)c1,Cc1cc(Br)c(Nc2nc(N)nc(Nc3ccccc3)n2)c(Br)c1,(N)->(O),1,0.5560194297200051,1,0.862415590089666,1,0.7878965,1,0.8131974823084089,4,1,0.7548822540142459,1.0
COc1cccc(/C=C2\CCC/C(=C\c3ccc(Cl)cc3)C2=O)c1OC,COc1cccc(/C=C2\CCC/C(=C\c3ccc(F)cc3)C2=O)c1OC,F->Cl,0,0.24385801421095016,0,0.22484987660844033,0,0.31207502,0,0.13962658432149697,0,0,0.23010237350590973,0.0
COc1cccc(/C=C2\CCC/C(=C\c3ccc(Br)cc3)C2=O)c1OC,COc1cccc(/C=C2\CCC/C(=C\c3ccc(F)cc3)C2=O)c1OC,F->Br,0,0.1479477335189621,0,0.07614724581800161,0,0.067979686,0,0.029096575419434938,0,0,0.0802928101796497,0.0
COc1cccc(/C=C2\CCC/C(=C\c3ccc(F)cc3)C2=O)c1O,COc1cccc(/C=C2\CCC/C(=C\c3ccc(F)cc3)C2=O)c1OC,OC->O,0,0.25031044351947696,1,0.5673696816996168,0,0.29050377,0,0.2063310488829549,1,0,0.32862873605376,0.25
COc1cccc(/C=C2\CCC/C(=C\c3ccc(C)cc3)C2=O)c1OC,COc1cccc(/C=C2\CCC/C(=C\c3ccc(F)cc3)C2=O)c1OC,(F)->(C),0,0.23342335800695374,0,0.268759661618529,0,0.20493653,0,0.19634981401053336,0,0,0.22586734195058805,0.0
Cc1cc(Oc2cccc(Cn3ccnc3)c2)cc(C)c1F,Cc1cc(Oc2cccc(Cn3ccnc3)c2)cc(C)c1Cl,Cl->F,1,0.6916230771800864,1,0.9289026319527158,1,0.9218579,1,0.9460068360286423,4,1,0.8720976096570985,1.0
Cc1cc(Oc2cccc(Cn3ccnc3)c2)cc(C)c1Br,Cc1cc(Oc2cccc(Cn3ccnc3)c2)cc(C)c1Cl,Cl->Br,1,0.7652823006122145,1,0.8986116271055611,1,0.97677416,1,0.9790181765941565,4,1,0.9049215651013823,1.0
Cc1cc(Oc2cccc(Cn3ccnc3)c2)cc(F)c1Cl,Cc1cc(Oc2cccc(Cn3ccnc3)c2)cc(C)c1Cl,(C)->(F),1,0.7600632617986469,1,0.9320293968842762,1,0.91674155,1,0.9561551758226294,4,1,0.8912473461185679,1.0
Cc1cc(Oc2cccc(Cn3ccnc3)c2)cc(Cl)c1Cl,Cc1cc(Oc2cccc(Cn3ccnc3)c2)cc(C)c1Cl,(C)->(Cl),1,0.8022568930963204,1,0.9428444697877302,1,0.9623409,1,0.9579367479351824,4,1,0.9163447505451174,1.0
O=[N+]([O-])c1ncn(CCCNCc2ccc3ccc(F)cc3n2)n1,O=[N+]([O-])c1ncn(CCCNCc2ccc3ccc(Cl)cc3n2)n1,Cl->F,1,0.6943935299747,1,0.7924013580515843,1,0.6638942,1,0.8118520596326244,4,1,0.7406352810355157,1.0
O=[N+]([O-])c1ncn(CCCNCc2ccc3ccc(Br)cc3n2)n1,O=[N+]([O-])c1ncn(CCCNCc2ccc3ccc(Cl)cc3n2)n1,Cl->Br,1,0.6507701404146181,1,0.6450776159959828,1,0.75453687,1,0.7661446607696983,4,1,0.7041323210805057,1.0
O=S(=O)(c1ccc(F)cc1)N1CCN(C(c2ccc(Cl)cc2)c2cccnc2)CC1,O=S(=O)(c1ccc(Cl)cc1)N1CCN(C(c2ccc(Cl)cc2)c2cccnc2)CC1,Cl->F,1,0.9525095184048429,1,0.967515003263773,1,0.9972414,1,0.9980980790575913,4,1,0.9788409946391782,1.0
O=S(=O)(c1ccc(Br)cc1)N1CCN(C(c2ccc(Cl)cc2)c2cccnc2)CC1,O=S(=O)(c1ccc(Cl)cc1)N1CCN(C(c2ccc(Cl)cc2)c2cccnc2)CC1,Cl->Br,1,0.8742700047463129,1,0.8894432590918573,1,0.993554,1,0.9972951975261833,4,1,0.9386406143626185,1.0
O=C(c1ccccc1C(F)(F)Cl)N1CCC(N(c2ccc(C(F)(F)F)cc2)c2cccnc2)CC1,O=C(c1ccccc1C(F)(F)F)N1CCC(N(c2ccc(C(F)(F)F)cc2)c2cccnc2)CC1,F->Cl,1,0.9347364038938967,1,0.9452528882728466,1,0.9843536,1,0.9941496928734704,4,1,0.9646231467431848,1.0
O=C(c1ccccc1C(F)(F)Br)N1CCC(N(c2ccc(C(F)(F)F)cc2)c2cccnc2)CC1,O=C(c1ccccc1C(F)(F)F)N1CCC(N(c2ccc(C(F)(F)F)cc2)c2cccnc2)CC1,F->Br,1,0.8979280711156555,1,0.9119647916961766,1,0.9833051,1,0.9924162587758468,4,1,0.9464035545534902,1.0
CC(F)(F)c1ccccc1C(=O)N1CCC(N(c2ccc(C(F)(F)F)cc2)c2cccnc2)CC1,O=C(c1ccccc1C(F)(F)F)N1CCC(N(c2ccc(C(F)(F)F)cc2)c2cccnc2)CC1,(F)->(C),1,0.9837902425489743,1,0.9318795653302487,1,0.99074125,1,0.9964019994807123,4,1,0.9757032650647763,1.0
O=C(Nc1cc(F)cc(Cl)c1)c1ccccc1O,O=C(Nc1cc(Cl)cc(Cl)c1)c1ccccc1O,Cl->F,1,0.5107790118439962,1,0.8754287220482628,1,0.70212865,1,0.7554902627966303,4,1,0.710956661361706,1.0
O=C(Nc1cc(Cl)cc(Br)c1)c1ccccc1O,O=C(Nc1cc(Cl)cc(Cl)c1)c1ccccc1O,Cl->Br,1,0.7859320746155994,1,0.9119361137472671,1,0.97458637,1,0.9753569682382366,4,1,0.911952881052055,1.0
CC[C@H]1CC[C@H](n2c(=O)[nH]c3ccc(O)cc3c2=O)CC1,CC[C@H]1CC[C@H](n2c(=O)[nH]c3ccc(N)cc3c2=O)CC1,(N)->(O),1,0.7056308070879849,1,0.8799966373740741,1,0.9184229,1,0.9190114826523892,4,1,0.855765451225748,1.0
Cc1cccc(-c2cn([C@@H]3O[C@H](CO)C[C@H]3O)c3ncnc(O)c23)c1,Cc1cccc(-c2cn([C@@H]3O[C@H](CO)C[C@H]3O)c3ncnc(N)c23)c1,(N)->(O),1,0.7062939978761696,1,0.8875663365468455,1,0.9173857,1,0.9421163041976593,4,1,0.8633405839963704,1.0
COc1ccc(Cn2nc(C(=O)Nc3ccc(Cl)c(C(=O)N[C@H]4C[C@@H](N5CCOCC5)C4)c3)ccc2=O)cc1F,COc1ccc(Cn2nc(C(=O)Nc3ccc(F)c(C(=O)N[C@H]4C[C@@H](N5CCOCC5)C4)c3)ccc2=O)cc1F,F->Cl,1,0.8378023453632165,1,0.8851310227484418,1,0.9722015,1,0.9857735878559116,4,1,0.9202271205331446,1.0
COc1ccc(Cn2nc(C(=O)Nc3ccc(Br)c(C(=O)N[C@H]4C[C@@H](N5CCOCC5)C4)c3)ccc2=O)cc1F,COc1ccc(Cn2nc(C(=O)Nc3ccc(F)c(C(=O)N[C@H]4C[C@@H](N5CCOCC5)C4)c3)ccc2=O)cc1F,F->Br,1,0.825217527450045,1,0.8634927493043071,1,0.9548126,1,0.9722040155674424,4,1,0.9039317196573301,1.0
COc1ccc(Cn2nc(C(=O)Nc3ccc(F)c(C(=O)N[C@H]4C[C@@H](N5CCOC5)C4)c3)ccc2=O)cc1F,COc1ccc(Cn2nc(C(=O)Nc3ccc(F)c(C(=O)N[C@H]4C[C@@H](N5CCOCC5)C4)c3)ccc2=O)cc1F,OC->O,1,0.8654272772727949,1,0.8320505488518364,1,0.99002165,1,0.9933145388184199,4,1,0.9202035027414619,1.0
COc1ccc(Cn2nc(C(=O)Nc3ccc(C)c(C(=O)N[C@H]4C[C@@H](N5CCOCC5)C4)c3)ccc2=O)cc1F,COc1ccc(Cn2nc(C(=O)Nc3ccc(F)c(C(=O)N[C@H]4C[C@@H](N5CCOCC5)C4)c3)ccc2=O)cc1F,(F)->(C),1,0.8244672875949067,1,0.8630727833431086,1,0.9445707,1,0.9760567511431085,4,1,0.9020418855692235,1.0
C[n+]1ccccc1/C=C/[C@H](Cc1ccccc1)NC(=O)[C@H](Cc1ccccc1)NC(=O)Oc1ccccc1,C[n+]1ccccc1/C=C/[C@H](Cc1ccccc1)NC(=O)[C@H](Cc1ccccc1)NC(=O)OCc1ccccc1,OC->O,1,0.5719928829378053,1,0.8429239908973434,1,0.5831756,1,0.780756041855424,4,1,0.6947121288164038,1.0
Fc1ccc(C(c2ccc(Cl)cc2)c2cccnc2)cc1,Clc1ccc(C(c2ccc(Cl)cc2)c2cccnc2)cc1,Cl->F,1,0.8394753375707831,1,0.9311826963594758,1,0.9786551,1,0.974747361399078,4,1,0.9310151237995278,1.0
Clc1ccc(C(c2ccc(Br)cc2)c2cccnc2)cc1,Clc1ccc(C(c2ccc(Cl)cc2)c2cccnc2)cc1,Cl->Br,1,0.9246150950127814,1,0.9179135058034723,1,0.98742604,1,0.9915660973227858,4,1,0.9553801851739505,1.0
CC(C)(C)OC(=O)N1CCC(CNC(c2ccc(C(F)(F)Cl)cc2)c2cnccn2)CC1,CC(C)(C)OC(=O)N1CCC(CNC(c2ccc(C(F)(F)F)cc2)c2cnccn2)CC1,F->Cl,1,0.968580056639829,1,0.912326669540939,1,0.9768866,1,0.9946705126869153,4,1,0.9631159523303318,1.0
CC(C)(C)OC(=O)N1CCC(CNC(c2ccc(C(F)(F)Br)cc2)c2cnccn2)CC1,CC(C)(C)OC(=O)N1CCC(CNC(c2ccc(C(F)(F)F)cc2)c2cnccn2)CC1,F->Br,1,0.9332313358405162,1,0.8623191618160638,1,0.9830972,1,0.9919044068303632,4,1,0.942638025028062,1.0
CC(C)(F)OC(=O)N1CCC(CNC(c2ccc(C(F)(F)F)cc2)c2cnccn2)CC1,CC(C)(C)OC(=O)N1CCC(CNC(c2ccc(C(F)(F)F)cc2)c2cnccn2)CC1,(C)->(F),1,0.9801766352372174,1,0.9316114168868563,1,0.9823644,1,0.9931298825155933,4,1,0.9718205876905258,1.0
CC(C)(Cl)OC(=O)N1CCC(CNC(c2ccc(C(F)(F)F)cc2)c2cnccn2)CC1,CC(C)(C)OC(=O)N1CCC(CNC(c2ccc(C(F)(F)F)cc2)c2cnccn2)CC1,(C)->(Cl),1,0.9708366382719057,1,0.9322951640499347,1,0.9764522,1,0.9922243650061439,4,1,0.9679520847826262,1.0
CC(C)(C)OC(=O)N1CCC(CNC(c2ccc(C(C)(F)F)cc2)c2cnccn2)CC1,CC(C)(C)OC(=O)N1CCC(CNC(c2ccc(C(F)(F)F)cc2)c2cnccn2)CC1,(F)->(C),1,0.9450675565650696,1,0.8802128270509392,1,0.9734038,1,0.9911944910215753,4,1,0.9474696715230893,1.0
Fc1ccc2c(NCCSc3nnc4c(n3)[nH]c3ccc(Br)cc34)ccnc2c1,Clc1ccc2c(NCCSc3nnc4c(n3)[nH]c3ccc(Br)cc34)ccnc2c1,Cl->F,1,0.6934466167327171,1,0.7976236757306971,1,0.831023,1,0.9136567295046012,4,1,0.8089374999492487,1.0
Brc1ccc2c(NCCSc3nnc4c(n3)[nH]c3ccc(Br)cc34)ccnc2c1,Clc1ccc2c(NCCSc3nnc4c(n3)[nH]c3ccc(Br)cc34)ccnc2c1,Cl->Br,1,0.660998033207153,1,0.8303828159874843,1,0.90764433,1,0.9441727025341737,4,1,0.8357994707960104,1.0
CC(F)Nc1nc(NC2CC2)c2ccccc2n1,CC(C)Nc1nc(NC2CC2)c2ccccc2n1,(C)->(F),0,0.4521415120793365,1,0.5511352599755145,0,0.37623376,0,0.3919405542082084,1,0,0.4428627707013163,0.25
CC(Cl)Nc1nc(NC2CC2)c2ccccc2n1,CC(C)Nc1nc(NC2CC2)c2ccccc2n1,(C)->(Cl),1,0.6257786768117543,1,0.7910669331935737,1,0.82053864,1,0.8111780472995059,4,1,0.762140574331778,1.0
CC(C)(C)c1cc(N2CCC(NC(c3ccc(F)cc3)c3cccnc3)CC2)[nH]n1,CC(C)(C)c1cc(N2CCC(NC(c3ccc(Cl)cc3)c3cccnc3)CC2)[nH]n1,Cl->F,1,0.9028358976779025,1,0.8873640138460663,1,0.97624797,1,0.9924207271931889,4,1,0.9397171512516694,1.0
CC(C)(C)c1cc(N2CCC(NC(c3ccc(Br)cc3)c3cccnc3)CC2)[nH]n1,CC(C)(C)c1cc(N2CCC(NC(c3ccc(Cl)cc3)c3cccnc3)CC2)[nH]n1,Cl->Br,1,0.8923310800071037,1,0.8240427995832575,1,0.99434185,1,0.9916840212942464,4,1,0.9255999377913424,1.0
CC(C)(F)c1cc(N2CCC(NC(c3ccc(Cl)cc3)c3cccnc3)CC2)[nH]n1,CC(C)(C)c1cc(N2CCC(NC(c3ccc(Cl)cc3)c3cccnc3)CC2)[nH]n1,(C)->(F),1,0.9734342389747627,1,0.9153282475314907,1,0.98954684,1,0.9960824959209887,4,1,0.9685979544624395,1.0
CC(C)(Cl)c1cc(N2CCC(NC(c3ccc(Cl)cc3)c3cccnc3)CC2)[nH]n1,CC(C)(C)c1cc(N2CCC(NC(c3ccc(Cl)cc3)c3cccnc3)CC2)[nH]n1,(C)->(Cl),1,0.9541893863660365,1,0.9349441775244672,1,0.9884471,1,0.9955086008498175,4,1,0.9682723236166828,1.0
CC(F)Oc1ccc(C(NC2CCN(C(=O)Nc3ccccc3)CC2)c2cccnc2)cc1,CC(C)Oc1ccc(C(NC2CCN(C(=O)Nc3ccccc3)CC2)c2cccnc2)cc1,(C)->(F),1,0.9790013546610146,1,0.890276982190974,1,0.9922775,1,0.9969753425366948,4,1,0.9646327956005736,1.0
CC(Cl)Oc1ccc(C(NC2CCN(C(=O)Nc3ccccc3)CC2)c2cccnc2)cc1,CC(C)Oc1ccc(C(NC2CCN(C(=O)Nc3ccccc3)CC2)c2cccnc2)cc1,(C)->(Cl),1,0.9765236663658698,1,0.9375255161221158,1,0.99536884,1,0.9970809194161734,4,1,0.9766247350536001,1.0
O=[N+]([O-])c1cc(C(F)(F)Cl)cc([N+](=O)[O-])c1Cl,O=[N+]([O-])c1cc(C(F)(F)F)cc([N+](=O)[O-])c1Cl,F->Cl,1,0.5765177260574399,1,0.639905203562972,1,0.89764005,1,0.8238839845592517,4,1,0.7344867409093034,1.0
O=[N+]([O-])c1cc(C(F)(F)F)cc([N+](=O)[O-])c1F,O=[N+]([O-])c1cc(C(F)(F)F)cc([N+](=O)[O-])c1Cl,Cl->F,1,0.5748206883728061,1,0.6397667531574022,1,0.77486944,1,0.7715165867290598,4,1,0.690243367561338,1.0
O=[N+]([O-])c1cc(C(F)(F)F)cc([N+](=O)[O-])c1Br,O=[N+]([O-])c1cc(C(F)(F)F)cc([N+](=O)[O-])c1Cl,Cl->Br,1,0.621127497822998,1,0.6401523375732444,1,0.8560012,1,0.8438575808116197,4,1,0.7402846536249101,1.0
O=[N+]([O-])c1cc(C(F)(F)Br)cc([N+](=O)[O-])c1Cl,O=[N+]([O-])c1cc(C(F)(F)F)cc([N+](=O)[O-])c1Cl,F->Br,1,0.5483797123628963,1,0.6395065949549574,1,0.83315593,1,0.7883315278758954,4,1,0.702343441309004,1.0
CC(F)(F)c1cc([N+](=O)[O-])c(Cl)c([N+](=O)[O-])c1,O=[N+]([O-])c1cc(C(F)(F)F)cc([N+](=O)[O-])c1Cl,(F)->(C),0,0.46480652974331194,1,0.6377759560784436,1,0.72200066,1,0.5444589041369802,3,1,0.5922605121177128,0.75
C=C1C(=O)O[C@H]2/C=C(/C)[C@@H](O)C/C=C(\C=O)C[C@H](OC(=O)/C(F)=C\C)[C@@H]12,C=C1C(=O)O[C@H]2/C=C(/C)[C@@H](O)C/C=C(\C=O)C[C@H](OC(=O)/C(C)=C\C)[C@@H]12,(C)->(F),0,0.42548419075419647,1,0.798897416759718,1,0.6343979,1,0.5914426274641229,3,1,0.6125555397311044,0.75
C=C1C(=O)O[C@H]2/C=C(/C)[C@@H](O)C/C=C(\C=O)C[C@H](OC(=O)/C(Cl)=C\C)[C@@H]12,C=C1C(=O)O[C@H]2/C=C(/C)[C@@H](O)C/C=C(\C=O)C[C@H](OC(=O)/C(C)=C\C)[C@@H]12,(C)->(Cl),0,0.42189922617473474,1,0.8281444088917824,1,0.73895276,1,0.6955138064777404,3,1,0.6711275493680743,0.75
C=C1C(=O)O[C@H]2/C=C(/C)[C@@H](N)C/C=C(\C=O)C[C@H](OC(=O)/C(C)=C\C)[C@@H]12,C=C1C(=O)O[C@H]2/C=C(/C)[C@@H](O)C/C=C(\C=O)C[C@H](OC(=O)/C(C)=C\C)[C@@H]12,(O)->(N),0,0.4698177864189707,1,0.8598062449168116,1,0.6602134,1,0.843326672209775,3,1,0.7082910285999742,0.75
CCN(CCNC(=O)[C@@H](N)CC(C)C)Cc1cc(Nc2ccnc3cc(F)ccc23)ccc1O,CCN(CCNC(=O)[C@@H](N)CC(C)C)Cc1cc(Nc2ccnc3cc(Cl)ccc23)ccc1O,Cl->F,1,0.6811844843806575,1,0.8608862963605435,1,0.7719863,1,0.7901819077574465,4,1,0.7760597485530752,1.0
CCN(CCNC(=O)[C@@H](N)CC(C)C)Cc1cc(Nc2ccnc3cc(Br)ccc23)ccc1O,CCN(CCNC(=O)[C@@H](N)CC(C)C)Cc1cc(Nc2ccnc3cc(Cl)ccc23)ccc1O,Cl->Br,1,0.6686488227026997,1,0.8110506869650473,1,0.8433276,1,0.9122765740990254,4,1,0.8088259164123124,1.0
CCN(CCNC(=O)[C@@H](N)CC(C)F)Cc1cc(Nc2ccnc3cc(Cl)ccc23)ccc1O,CCN(CCNC(=O)[C@@H](N)CC(C)C)Cc1cc(Nc2ccnc3cc(Cl)ccc23)ccc1O,(C)->(F),1,0.5503325168358283,1,0.52868789998387,0,0.34565827,0,0.36260513616173895,2,0,0.44682095637156094,0.5
CCN(CCNC(=O)[C@@H](N)CC(C)Cl)Cc1cc(Nc2ccnc3cc(Cl)ccc23)ccc1O,CCN(CCNC(=O)[C@@H](N)CC(C)C)Cc1cc(Nc2ccnc3cc(Cl)ccc23)ccc1O,(C)->(Cl),1,0.5842784334888286,1,0.6181624089328227,0,0.4566058,1,0.5654930734909324,3,1,0.5561349269895443,0.75
CCN(CCNC(=O)[C@@H](O)CC(C)C)Cc1cc(Nc2ccnc3cc(Cl)ccc23)ccc1O,CCN(CCNC(=O)[C@@H](N)CC(C)C)Cc1cc(Nc2ccnc3cc(Cl)ccc23)ccc1O,(N)->(O),1,0.6863393421259302,1,0.8354936585729227,1,0.7657537,1,0.8120093176221282,4,1,0.7748990011872628,1.0
N=C(N)c1ccc2oc(CCCCCCCc3cc4cc(C(=N)O)ccc4o3)cc2c1,N=C(N)c1ccc2oc(CCCCCCCc3cc4cc(C(=N)N)ccc4o3)cc2c1,(N)->(O),1,0.8023308980460029,1,0.8656280665682698,1,0.83706605,1,0.9363386066373912,4,1,0.8603409063989602,1.0
Nc1ncnc2c1c(-c1ccc(Br)cc1)nn2[C@@H]1O[C@H](CO)[C@@H](O)[C@H]1O,Nc1ncnc2c1c(-c1ccc(Cl)cc1)nn2[C@@H]1O[C@H](CO)[C@@H](O)[C@H]1O,Cl->Br,1,0.6645590084859957,1,0.8539917434856696,1,0.6684615,1,0.8260338807796469,4,1,0.7532615335874175,1.0
Nc1ncnc2c1c(-c1ccc(Cl)cc1)nn2[C@@H]1O[C@H](CO)[C@@H](N)[C@H]1O,Nc1ncnc2c1c(-c1ccc(Cl)cc1)nn2[C@@H]1O[C@H](CO)[C@@H](O)[C@H]1O,(O)->(N),1,0.6585993826427716,1,0.9471316906629262,1,0.7478224,1,0.907972746406719,4,1,0.8153815559050482,1.0
CC1(CNC(=O)Cc2ccc(OC(F)(F)Cl)cc2)CCn2cc([N+](=O)[O-])nc2O1,CC1(CNC(=O)Cc2ccc(OC(F)(F)F)cc2)CCn2cc([N+](=O)[O-])nc2O1,F->Cl,1,0.9451203538200863,1,0.9320413227086838,1,0.9882492,1,0.9898477586863091,4,1,0.9638146544790475,1.0
CC1(CNC(=O)Cc2ccc(OC(F)(F)Br)cc2)CCn2cc([N+](=O)[O-])nc2O1,CC1(CNC(=O)Cc2ccc(OC(F)(F)F)cc2)CCn2cc([N+](=O)[O-])nc2O1,F->Br,1,0.8322986044630161,1,0.8746279320247748,1,0.983979,1,0.9877026132350024,4,1,0.9196520341157264,1.0
CC(F)(F)Oc1ccc(CC(=O)NCC2(C)CCn3cc([N+](=O)[O-])nc3O2)cc1,CC1(CNC(=O)Cc2ccc(OC(F)(F)F)cc2)CCn2cc([N+](=O)[O-])nc2O1,(F)->(C),1,0.9218839825235379,1,0.9138774020690982,1,0.98307014,1,0.9861055157539356,4,1,0.9512342588657872,1.0
O=c1[nH]c(=O)n([C@H]2C[C@H](O)[C@@H](CO)O2)cc1-c1cc(-c2ccc(Cl)cc2)on1,O=c1[nH]c(=O)n([C@H]2C[C@H](O)[C@@H](CO)O2)cc1-c1cc(-c2ccc(F)cc2)on1,F->Cl,1,0.7265679987103092,1,0.9259014573528697,1,0.89914644,1,0.9496865290723925,4,1,0.8753256056951324,1.0
O=c1[nH]c(=O)n([C@H]2C[C@H](O)[C@@H](CO)O2)cc1-c1cc(-c2ccc(Br)cc2)on1,O=c1[nH]c(=O)n([C@H]2C[C@H](O)[C@@H](CO)O2)cc1-c1cc(-c2ccc(F)cc2)on1,F->Br,1,0.6518513656218486,1,0.8170342042529853,1,0.76943386,1,0.8888229946841735,4,1,0.7817856051423611,1.0
N[C@H]1C[C@H](n2cc(-c3cc(-c4ccc(F)cc4)on3)c(=O)[nH]c2=O)O[C@@H]1CO,O=c1[nH]c(=O)n([C@H]2C[C@H](O)[C@@H](CO)O2)cc1-c1cc(-c2ccc(F)cc2)on1,(O)->(N),1,0.8058270847584643,1,0.8957001394437544,1,0.9548842,1,0.9753878540255114,4,1,0.9079498124284078,1.0
O=[N+]([O-])c1cn2c(n1)OC(COC1CCN(c3ccc(Cl)cc3)CC1)CC2,O=[N+]([O-])c1cn2c(n1)OC(COC1CCN(c3ccc(F)cc3)CC1)CC2,F->Cl,1,0.8484657841248641,1,0.8086265108594338,1,0.922379,1,0.9589602254047481,4,1,0.8846078843163167,1.0
O=[N+]([O-])c1cn2c(n1)OC(COC1CCN(c3ccc(Br)cc3)CC1)CC2,O=[N+]([O-])c1cn2c(n1)OC(COC1CCN(c3ccc(F)cc3)CC1)CC2,F->Br,1,0.6916145615928447,1,0.653754153407809,1,0.82747614,1,0.8558278626681565,4,1,0.7571681803764464,1.0
Cc1ccc(N2CCC(OCC3CCn4cc([N+](=O)[O-])nc4O3)CC2)cc1,O=[N+]([O-])c1cn2c(n1)OC(COC1CCN(c3ccc(F)cc3)CC1)CC2,(F)->(C),1,0.7808776002518544,1,0.7988596685544223,1,0.87727773,1,0.9090269767283842,4,1,0.8415104943575269,1.0
O=[N+]([O-])c1cc(C(F)(F)Cl)cc([N+](=O)[O-])c1Sc1ccc(Cl)cc1Cl,O=[N+]([O-])c1cc(C(F)(F)F)cc([N+](=O)[O-])c1Sc1ccc(Cl)cc1Cl,F->Cl,1,0.7526936446563006,1,0.8370836312514861,1,0.97619313,1,0.9498502371168476,4,1,0.8789551607602403,1.0
O=[N+]([O-])c1cc(C(F)(F)F)cc([N+](=O)[O-])c1Sc1ccc(F)cc1Cl,O=[N+]([O-])c1cc(C(F)(F)F)cc([N+](=O)[O-])c1Sc1ccc(Cl)cc1Cl,Cl->F,1,0.8169099024414952,1,0.8963838460884078,1,0.9675399,1,0.9749820227883461,4,1,0.9139539194550048,1.0
O=[N+]([O-])c1cc(C(F)(F)F)cc([N+](=O)[O-])c1Sc1ccc(Br)cc1Cl,O=[N+]([O-])c1cc(C(F)(F)F)cc([N+](=O)[O-])c1Sc1ccc(Cl)cc1Cl,Cl->Br,1,0.794279754153776,1,0.8431813125615049,1,0.9732642,1,0.9604027577756143,4,1,0.8927820104669011,1.0
O=[N+]([O-])c1cc(C(F)(F)Br)cc([N+](=O)[O-])c1Sc1ccc(Cl)cc1Cl,O=[N+]([O-])c1cc(C(F)(F)F)cc([N+](=O)[O-])c1Sc1ccc(Cl)cc1Cl,F->Br,1,0.7095765968106436,1,0.7726929274330021,1,0.95195496,1,0.9296988593184435,4,1,0.840980836096287,1.0
CC(F)(F)c1cc([N+](=O)[O-])c(Sc2ccc(Cl)cc2Cl)c([N+](=O)[O-])c1,O=[N+]([O-])c1cc(C(F)(F)F)cc([N+](=O)[O-])c1Sc1ccc(Cl)cc1Cl,(F)->(C),1,0.692831469360424,1,0.7939330768937242,1,0.8790821,1,0.9205842091114168,4,1,0.8216077097669131,1.0
CC1(COc2cccc(-c3ccc(Cl)cc3F)n2)CCn2cc([N+](=O)[O-])nc2O1,CC1(COc2cccc(-c3ccc(F)cc3F)n2)CCn2cc([N+](=O)[O-])nc2O1,F->Cl,1,0.9717507709860949,1,0.9490505150829638,1,0.99566287,1,0.9952702340135225,4,1,0.977933597026375,1.0
CC1(COc2cccc(-c3ccc(Br)cc3F)n2)CCn2cc([N+](=O)[O-])nc2O1,CC1(COc2cccc(-c3ccc(F)cc3F)n2)CCn2cc([N+](=O)[O-])nc2O1,F->Br,1,0.8536904211391221,1,0.8233212213757078,1,0.9920244,1,0.9779533093792266,4,1,0.9117473433964878,1.0
Cc1ccc(-c2cccc(OCC3(C)CCn4cc([N+](=O)[O-])nc4O3)n2)c(F)c1,CC1(COc2cccc(-c3ccc(F)cc3F)n2)CCn2cc([N+](=O)[O-])nc2O1,(F)->(C),1,0.9662681148706087,1,0.8947950345326335,1,0.98594,1,0.9932548809347997,4,1,0.9600645024728162,1.0
CS(=O)(=O)c1cccc(-c2cnc(O)c3c(-c4ccc(CO)cc4)csc23)c1,CS(=O)(=O)c1cccc(-c2cnc(N)c3c(-c4ccc(CO)cc4)csc23)c1,(N)->(O),1,0.6011354561071224,1,0.7862449674233015,1,0.62635714,1,0.7313777803962646,4,1,0.6862788355208949,1.0
CC(C)(C)NC(=O)N1CCN(C(c2ccc(F)cc2)c2cncnc2)CC1,CC(C)(C)NC(=O)N1CCN(C(c2ccc(Cl)cc2)c2cncnc2)CC1,Cl->F,1,0.9651945340275982,1,0.8967520711313448,1,0.99041253,1,0.99129481315708,4,1,0.9609134878998142,1.0
CC(C)(C)NC(=O)N1CCN(C(c2ccc(Br)cc2)c2cncnc2)CC1,CC(C)(C)NC(=O)N1CCN(C(c2ccc(Cl)cc2)c2cncnc2)CC1,Cl->Br,1,0.8751968004537922,1,0.840435861630633,1,0.9854651,1,0.9917516448359757,4,1,0.9232123540671745,1.0
CC(C)(F)NC(=O)N1CCN(C(c2ccc(Cl)cc2)c2cncnc2)CC1,CC(C)(C)NC(=O)N1CCN(C(c2ccc(Cl)cc2)c2cncnc2)CC1,(C)->(F),1,0.9601371012271629,1,0.9460125656964177,1,0.9897809,1,0.9944760649768584,4,1,0.9726016586907469,1.0
CC(C)(Cl)NC(=O)N1CCN(C(c2ccc(Cl)cc2)c2cncnc2)CC1,CC(C)(C)NC(=O)N1CCN(C(c2ccc(Cl)cc2)c2cncnc2)CC1,(C)->(Cl),1,0.9604497506188479,1,0.9494973048103263,1,0.98852587,1,0.9958879489558004,4,1,0.9735902179617831,1.0
O=S(=O)(c1ccc(F)cc1)N1CCNCC1,O=S(=O)(c1ccc(Cl)cc1)N1CCNCC1,Cl->F,0,0.313925068404408,1,0.6748148606658696,0,0.37012696,0,0.4904497077797547,1,0,0.4623291498779439,0.25
O=S(=O)(c1ccc(Br)cc1)N1CCNCC1,O=S(=O)(c1ccc(Cl)cc1)N1CCNCC1,Cl->Br,0,0.423202480177058,1,0.8178315995196861,1,0.666839,1,0.7229877717984152,3,1,0.6577152137645217,0.75
CC(=O)c1c(O)c(C=O)c2c(c1O)C[C@H]1C[C@H]3[C@@H](C[C@@]1(F)O2)C3(C)C,CC(=O)c1c(O)c(C=O)c2c(c1O)C[C@H]1C[C@H]3[C@@H](C[C@@]1(C)O2)C3(C)C,(C)->(F),1,0.6695130136994013,1,0.787609248334549,1,0.8053588,1,0.9556127856381181,4,1,0.8045234686965433,1.0
CC(=O)c1c(O)c(C=O)c2c(c1O)C[C@H]1C[C@H]3[C@@H](C[C@@]1(Cl)O2)C3(C)C,CC(=O)c1c(O)c(C=O)c2c(c1O)C[C@H]1C[C@H]3[C@@H](C[C@@]1(C)O2)C3(C)C,(C)->(Cl),1,0.7656429955881713,1,0.8707508247932823,1,0.96777993,1,0.9836006576887355,4,1,0.8969436031191174,1.0
CC(=O)c1c(N)c(C=O)c2c(c1O)C[C@H]1C[C@H]3[C@@H](C[C@@]1(C)O2)C3(C)C,CC(=O)c1c(O)c(C=O)c2c(c1O)C[C@H]1C[C@H]3[C@@H](C[C@@]1(C)O2)C3(C)C,(O)->(N),1,0.7441992051035616,1,0.8583679730670701,1,0.95589167,1,0.9801815698403389,4,1,0.8846601042018775,1.0
COc1ccc(C(=O)CCN2CCN(c3ccc(Br)cc3)CC2)cc1,COc1ccc(C(=O)CCN2CCN(c3ccc(Cl)cc3)CC2)cc1,Cl->Br,0,0.34561064426623495,1,0.5911380318742984,0,0.46974182,0,0.4908963842239149,1,0,0.47434672041337766,0.25
CC(C)OC(=O)Nc1cnc2nc(-c3cc(NC(=O)c4ccco4)ccc3F)nn2c1,CC(C)OC(=O)Nc1cnc2nc(-c3cc(NC(=O)c4ccco4)ccc3Cl)nn2c1,Cl->F,1,0.7917004156440003,1,0.9249181599259154,1,0.9650056,1,0.9851264902837507,4,1,0.9166876606160579,1.0
CC(C)OC(=O)Nc1cnc2nc(-c3cc(NC(=O)c4ccco4)ccc3Br)nn2c1,CC(C)OC(=O)Nc1cnc2nc(-c3cc(NC(=O)c4ccco4)ccc3Cl)nn2c1,Cl->Br,1,0.7397148868279788,1,0.8770648221437167,1,0.91882837,1,0.9686271466176695,4,1,0.876058805944079,1.0
CC(F)OC(=O)Nc1cnc2nc(-c3cc(NC(=O)c4ccco4)ccc3Cl)nn2c1,CC(C)OC(=O)Nc1cnc2nc(-c3cc(NC(=O)c4ccco4)ccc3Cl)nn2c1,(C)->(F),1,0.7756760814157937,1,0.8600518953733846,1,0.8055034,1,0.9548403651872518,4,1,0.8490179424896901,1.0
CC(Cl)OC(=O)Nc1cnc2nc(-c3cc(NC(=O)c4ccco4)ccc3Cl)nn2c1,CC(C)OC(=O)Nc1cnc2nc(-c3cc(NC(=O)c4ccco4)ccc3Cl)nn2c1,(C)->(Cl),1,0.7563836219365837,1,0.9125813045449622,1,0.9080746,1,0.9491057209303274,4,1,0.8815363161994344,1.0
O=[N+]([O-])c1ncn(CCCNc2nc3ccc(F)cc3s2)n1,O=[N+]([O-])c1ncn(CCCNc2nc3ccc(Cl)cc3s2)n1,Cl->F,1,0.6600840775619867,1,0.6388473550699125,1,0.7723739,1,0.8983645506062464,4,1,0.7424174744891934,1.0
O=[N+]([O-])c1ncn(CCCNc2nc3ccc(Br)cc3s2)n1,O=[N+]([O-])c1ncn(CCCNc2nc3ccc(Cl)cc3s2)n1,Cl->Br,1,0.6595299230886433,1,0.6668682985673509,1,0.8181592,1,0.8057862122181452,4,1,0.7375859141192459,1.0
CC(C)(C)C(=O)N1CCN(C(c2ccc(C(F)(F)Cl)cc2)c2cccnc2)CC1,CC(C)(C)C(=O)N1CCN(C(c2ccc(C(F)(F)F)cc2)c2cccnc2)CC1,F->Cl,1,0.9684775641555086,1,0.9435851306818327,1,0.9949479,1,0.9963185860456365,4,1,0.9758322977979539,1.0
CC(C)(C)C(=O)N1CCN(C(c2ccc(C(F)(F)Br)cc2)c2cccnc2)CC1,CC(C)(C)C(=O)N1CCN(C(c2ccc(C(F)(F)F)cc2)c2cccnc2)CC1,F->Br,1,0.92934568165943,1,0.9029529393524637,1,0.99449277,1,0.9962746779153664,4,1,0.9557665170421483,1.0
CC(C)(F)C(=O)N1CCN(C(c2ccc(C(F)(F)F)cc2)c2cccnc2)CC1,CC(C)(C)C(=O)N1CCN(C(c2ccc(C(F)(F)F)cc2)c2cccnc2)CC1,(C)->(F),1,0.9764514595567485,1,0.9540505821186773,1,0.9941702,1,0.9984549827275854,4,1,0.980781803326705,1.0
CC(C)(Cl)C(=O)N1CCN(C(c2ccc(C(F)(F)F)cc2)c2cccnc2)CC1,CC(C)(C)C(=O)N1CCN(C(c2ccc(C(F)(F)F)cc2)c2cccnc2)CC1,(C)->(Cl),1,0.9805791671388768,1,0.950436463585537,1,0.9960454,1,0.9978161471146615,4,1,0.9812192971180407,1.0
CC(C)(C)C(=O)N1CCN(C(c2ccc(C(C)(F)F)cc2)c2cccnc2)CC1,CC(C)(C)C(=O)N1CCN(C(c2ccc(C(F)(F)F)cc2)c2cccnc2)CC1,(F)->(C),1,0.9616672654985573,1,0.9349795911344273,1,0.9951115,1,0.9947488049827469,4,1,0.9716267966686194,1.0
FC(F)(Cl)Cn1cc(C(NC2CCN(c3ccc(OC(F)(F)F)cc3)CC2)c2cccnc2)cn1,FC(F)(F)Cn1cc(C(NC2CCN(c3ccc(OC(F)(F)F)cc3)CC2)c2cccnc2)cn1,F->Cl,1,0.9741159755751202,1,0.9375389559413653,1,0.986844,1,0.9934757586719399,4,1,0.9729936733472392,1.0
FC(F)(Br)Cn1cc(C(NC2CCN(c3ccc(OC(F)(F)F)cc3)CC2)c2cccnc2)cn1,FC(F)(F)Cn1cc(C(NC2CCN(c3ccc(OC(F)(F)F)cc3)CC2)c2cccnc2)cn1,F->Br,1,0.9262738413951679,1,0.8707883691907355,1,0.9817059,1,0.990813339501441,4,1,0.9423953635235756,1.0
CC(F)(F)Cn1cc(C(NC2CCN(c3ccc(OC(F)(F)F)cc3)CC2)c2cccnc2)cn1,FC(F)(F)Cn1cc(C(NC2CCN(c3ccc(OC(F)(F)F)cc3)CC2)c2cccnc2)cn1,(F)->(C),1,0.9530158713911836,1,0.9317751926910809,1,0.98206985,1,0.9927308575610788,4,1,0.964897942902825,1.0
[O-][n+]1onc2ccc(/C=C/Sc3ccc(Br)cc3)cc21,[O-][n+]1onc2ccc(/C=C/Sc3ccc(F)cc3)cc21,F->Br,1,0.8167886917714567,1,0.8743342870943898,1,0.9686478,1,0.9770979164263579,4,1,0.9092171683316037,1.0
CC(C)(F)n1nnnc1C(c1ccccc1)N1CCc2c([nH]c3ccccc23)C1,CC(C)(C)n1nnnc1C(c1ccccc1)N1CCc2c([nH]c3ccccc23)C1,(C)->(F),0,0.4448335446302009,1,0.5391485009457387,0,0.40211007,1,0.5918047107227604,2,0,0.4944742065722145,0.5
CC(C)(Cl)n1nnnc1C(c1ccccc1)N1CCc2c([nH]c3ccccc23)C1,CC(C)(C)n1nnnc1C(c1ccccc1)N1CCc2c([nH]c3ccccc23)C1,(C)->(Cl),1,0.535841997246904,1,0.8125727382728346,1,0.6832746,1,0.6809620412812342,4,1,0.6781628508832113,1.0
COc1cccc(-c2c(F)nn(-c3nc(N)nc(-c4ccccn4)n3)c2N)c1,COc1cccc(-c2c(C)nn(-c3nc(N)nc(-c4ccccn4)n3)c2N)c1,(C)->(F),1,0.7606683876358351,1,0.8483984491768196,1,0.94419885,1,0.953579115574747,4,1,0.8767111998011046,1.0
COc1cccc(-c2c(Cl)nn(-c3nc(N)nc(-c4ccccn4)n3)c2N)c1,COc1cccc(-c2c(C)nn(-c3nc(N)nc(-c4ccccn4)n3)c2N)c1,(C)->(Cl),1,0.7600904483587597,1,0.916985384810086,1,0.9188802,1,0.9680092302204241,4,1,0.8909913219042938,1.0
COc1cccc(-c2c(C)nn(-c3nc(O)nc(-c4ccccn4)n3)c2N)c1,COc1cccc(-c2c(C)nn(-c3nc(N)nc(-c4ccccn4)n3)c2N)c1,(N)->(O),1,0.7618862742992716,1,0.9010044177771427,1,0.9606307,1,0.9676912054199239,4,1,0.8978031530974199,1.0
Cc1ccc(Oc2nc(N)nc(Nc3ccc(Cl)cc3)n2)c(Cl)c1,Cc1ccc(Oc2nc(N)nc(Nc3ccc(F)cc3)n2)c(Cl)c1,F->Cl,0,0.4481028244555752,0,0.15011170988602754,0,0.2730869,0,0.35064693917307055,0,0,0.3054870947485261,0.0
Cc1ccc(Oc2nc(N)nc(Nc3ccc(F)cc3)n2)c(F)c1,Cc1ccc(Oc2nc(N)nc(Nc3ccc(F)cc3)n2)c(Cl)c1,Cl->F,1,0.5731596313466796,0,0.34462044424840693,1,0.52854884,1,0.6710937611752631,3,1,0.5293556683696046,0.75
Cc1ccc(Oc2nc(N)nc(Nc3ccc(F)cc3)n2)c(Br)c1,Cc1ccc(Oc2nc(N)nc(Nc3ccc(F)cc3)n2)c(Cl)c1,Cl->Br,0,0.4278385110694716,0,0.08205962973140404,0,0.23478036,0,0.15415939943609866,0,0,0.22470947413123266,0.0
Cc1ccc(Oc2nc(N)nc(Nc3ccc(Br)cc3)n2)c(Cl)c1,Cc1ccc(Oc2nc(N)nc(Nc3ccc(F)cc3)n2)c(Cl)c1,F->Br,0,0.43053091619590533,0,0.11156250382604559,0,0.21258202,0,0.25311765442874584,0,0,0.25194827410059306,0.0
Cc1ccc(Nc2nc(N)nc(Oc3ccc(C)cc3Cl)n2)cc1,Cc1ccc(Oc2nc(N)nc(Nc3ccc(F)cc3)n2)c(Cl)c1,(F)->(C),0,0.38086910288634596,0,0.06947657285716871,0,0.1311272,0,0.15626629399803246,0,0,0.18443479082792105,0.0
Cc1ccc(Oc2nc(O)nc(Nc3ccc(F)cc3)n2)c(Cl)c1,Cc1ccc(Oc2nc(N)nc(Nc3ccc(F)cc3)n2)c(Cl)c1,(N)->(O),0,0.432097943215448,0,0.14019183995561438,0,0.15425985,0,0.23502585134403653,0,0,0.24039387003238305,0.0
O=[N+]([O-])c1nc2n(n1)CC(OCc1ccc(-c3ccc(OC(F)(F)Cl)cc3)cn1)CO2,O=[N+]([O-])c1nc2n(n1)CC(OCc1ccc(-c3ccc(OC(F)(F)F)cc3)cn1)CO2,F->Cl,1,0.8764631712401322,1,0.9068961906404692,1,0.98993427,1,0.9932975404375813,4,1,0.9416477919829347,1.0
O=[N+]([O-])c1nc2n(n1)CC(OCc1ccc(-c3ccc(OC(F)(F)Br)cc3)cn1)CO2,O=[N+]([O-])c1nc2n(n1)CC(OCc1ccc(-c3ccc(OC(F)(F)F)cc3)cn1)CO2,F->Br,1,0.8209123158511191,1,0.8420723699378039,1,0.98537004,1,0.990353488912335,4,1,0.9096770536602846,1.0
O=[N+]([O-])c1nc2n(n1)CC(Oc1ccc(-c3ccc(OC(F)(F)F)cc3)cn1)CO2,O=[N+]([O-])c1nc2n(n1)CC(OCc1ccc(-c3ccc(OC(F)(F)F)cc3)cn1)CO2,OC->O,1,0.7956961853399814,1,0.8943915248250269,1,0.9779286,1,0.9879159151904497,4,1,0.9139830510522663,1.0
CC(F)(F)Oc1ccc(-c2ccc(COC3COc4nc([N+](=O)[O-])nn4C3)nc2)cc1,O=[N+]([O-])c1nc2n(n1)CC(OCc1ccc(-c3ccc(OC(F)(F)F)cc3)cn1)CO2,(F)->(C),1,0.8395107471871436,1,0.8930597665325647,1,0.9676739,1,0.9854609570575368,4,1,0.9214263421301176,1.0
N=C(N)c1ccc(OCc2ccc(Oc3ccc(C(=N)N)cc3)cc2)cc1,N=C(N)c1ccc(OCc2ccc(COc3ccc(C(=N)N)cc3)cc2)cc1,OC->O,1,0.5743237588935954,1,0.9587568987970128,1,0.9178832,1,0.9054592124541395,4,1,0.8391057718698738,1.0
N=C(N)c1ccc(OCc2ccc(COc3ccc(C(=N)O)cc3)cc2)cc1,N=C(N)c1ccc(OCc2ccc(COc3ccc(C(=N)N)cc3)cc2)cc1,(N)->(O),1,0.6307328440866723,1,0.950324505655836,1,0.9503379,1,0.9187176496331088,4,1,0.8625282215464799,1.0
COC(=O)[C@]1(F)CCC[C@]2(C)c3cc(O)c(C(C)C)cc3CC[C@@H]12,COC(=O)[C@]1(C)CCC[C@]2(C)c3cc(O)c(C(C)C)cc3CC[C@@H]12,(C)->(F),0,0.3193777190959198,0,0.18067012131426347,0,0.16412061,0,0.2780524339843371,0,0,0.2355552222307941,0.0
COC(=O)[C@]1(Cl)CCC[C@]2(C)c3cc(O)c(C(C)C)cc3CC[C@@H]12,COC(=O)[C@]1(C)CCC[C@]2(C)c3cc(O)c(C(C)C)cc3CC[C@@H]12,(C)->(Cl),0,0.315866535748782,0,0.18733374263474498,0,0.17639588,0,0.1399510936163549,0,0,0.20488681254891114,0.0
COC(=O)[C@]1(C)CCC[C@]2(C)c3cc(N)c(C(C)C)cc3CC[C@@H]12,COC(=O)[C@]1(C)CCC[C@]2(C)c3cc(O)c(C(C)C)cc3CC[C@@H]12,(O)->(N),0,0.3703182523272979,0,0.2340954580672116,0,0.4987524,0,0.4623563861170191,0,0,0.3913806204723531,0.0
N=C(Nc1ccc(NC(=O)c2ccc(O)cn2)nc1)c1ccccn1,N=C(Nc1ccc(NC(=O)c2ccc(N)cn2)nc1)c1ccccn1,(N)->(O),1,0.7467248198055603,1,0.8946183562035547,1,0.9053569,1,0.9520373770676723,4,1,0.8746843592698682,1.0
c1ccc(OCCCCOc2ccc(-c3cc4ccc(C5=NCCN5)cc4o3)cc2)cc1,c1ccc(OCCCCCOc2ccc(-c3cc4ccc(C5=NCCN5)cc4o3)cc2)cc1,OC->O,1,0.5839096570514826,1,0.9877494416714685,1,0.6534729,1,0.724414301173721,4,1,0.7373865750718243,1.0
Cc1ccc(-n2cc(COC(=O)c3c(C)nc4ccc(F)cc4c3-c3ccccc3)nn2)cc1,Cc1ccc(-n2cc(COC(=O)c3c(C)nc4ccc(Cl)cc4c3-c3ccccc3)nn2)cc1,Cl->F,1,0.6151969726146913,1,0.5395823793489183,1,0.8211542,1,0.7640636410533881,4,1,0.6849992925514677,1.0
Cc1ccc(-n2cc(COC(=O)c3c(C)nc4ccc(Br)cc4c3-c3ccccc3)nn2)cc1,Cc1ccc(-n2cc(COC(=O)c3c(C)nc4ccc(Cl)cc4c3-c3ccccc3)nn2)cc1,Cl->Br,1,0.6864802921540775,1,0.6237598552822757,1,0.8719188,1,0.9423559303124404,4,1,0.7811287188104437,1.0
Cc1ccc(-n2cc(COC(=O)c3c(F)nc4ccc(Cl)cc4c3-c3ccccc3)nn2)cc1,Cc1ccc(-n2cc(COC(=O)c3c(C)nc4ccc(Cl)cc4c3-c3ccccc3)nn2)cc1,(C)->(F),1,0.6490147394929326,1,0.8651460225792292,1,0.9407084,1,0.8671286989509994,4,1,0.8304994649605327,1.0
Cc1ccc(-n2cc(COC(=O)c3c(Cl)nc4ccc(Cl)cc4c3-c3ccccc3)nn2)cc1,Cc1ccc(-n2cc(COC(=O)c3c(C)nc4ccc(Cl)cc4c3-c3ccccc3)nn2)cc1,(C)->(Cl),1,0.5990771633838909,1,0.8885155572379917,1,0.7935443,1,0.8049978477791845,4,1,0.7715337152127545,1.0
CCCC(=O)Nc1c(O)c2ccccc2n(F)c1=O,CCCC(=O)Nc1c(O)c2ccccc2n(C)c1=O,(C)->(F),0,0.30861389888104823,1,0.5159137728118683,0,0.1564527,0,0.20112242871434027,1,0,0.2955257002257442,0.25
CCCC(=O)Nc1c(O)c2ccccc2n(Cl)c1=O,CCCC(=O)Nc1c(O)c2ccccc2n(C)c1=O,(C)->(Cl),0,0.4044391698866864,1,0.5272950165345963,1,0.5025608,0,0.4180617633083898,2,0,0.4630891860207894,0.5
CCCC(=O)Nc1c(N)c2ccccc2n(C)c1=O,CCCC(=O)Nc1c(O)c2ccccc2n(C)c1=O,(O)->(N),0,0.33949311527331055,1,0.797756819519625,0,0.35170263,0,0.3677472940783392,1,0,0.4641749648477854,0.25
c1ccc(Oc2ccc(OC3CS3)cc2)cc1,c1ccc(Oc2ccc(OCC3CS3)cc2)cc1,OC->O,0,0.3846495035896323,0,0.49013887947012486,0,0.24087764,0,0.2533908704755339,0,0,0.34226422419071706,0.0
COc1cc2nc(N3CCN(C4=CC(=O)c5ccccc5C4=O)CC3)nc(N)c2cc1O,COc1cc2nc(N3CCN(C4=CC(=O)c5ccccc5C4=O)CC3)nc(N)c2cc1OC,OC->O,1,0.6036051149123222,1,0.830883921750419,1,0.64552355,1,0.7439182278200501,4,1,0.7059827031522531,1.0
COc1cc2nc(N3CCN(C4=CC(=O)c5ccccc5C4=O)CC3)nc(O)c2cc1OC,COc1cc2nc(N3CCN(C4=CC(=O)c5ccccc5C4=O)CC3)nc(N)c2cc1OC,(N)->(O),1,0.580324422734041,1,0.8585150252886233,1,0.6055649,1,0.50705736841374,4,1,0.6378654271821067,1.0
CSCCNc1nc(NC(C)F)nc2ccccc12,CSCCNc1nc(NC(C)C)nc2ccccc12,(C)->(F),0,0.42925199187433605,0,0.4933227071859429,0,0.40391183,0,0.4313503012725165,0,0,0.4394592073318866,0.0
CSCCNc1nc(NC(C)Cl)nc2ccccc12,CSCCNc1nc(NC(C)C)nc2ccccc12,(C)->(Cl),1,0.5919118823443618,1,0.7520502771848958,1,0.7851141,1,0.8314334720791865,4,1,0.740127435281147,1.0
C[Si](C)(F)C#Cc1cccc(C(=O)NCCc2csc(-c3ccccc3)n2)c1,C[Si](C)(C)C#Cc1cccc(C(=O)NCCc2csc(-c3ccccc3)n2)c1,(C)->(F),1,0.5559374193017232,1,0.8164413387559956,1,0.52752274,1,0.7117705547028748,4,1,0.6529180138772135,1.0
C[Si](C)(Cl)C#Cc1cccc(C(=O)NCCc2csc(-c3ccccc3)n2)c1,C[Si](C)(C)C#Cc1cccc(C(=O)NCCc2csc(-c3ccccc3)n2)c1,(C)->(Cl),1,0.5681462205898107,1,0.852577041151425,1,0.79327613,1,0.7967748491411711,4,1,0.7526935605088784,1.0
CC1(COc2ncc(C(F)(F)Cl)cc2F)CCn2cc([N+](=O)[O-])nc2O1,CC1(COc2ncc(C(F)(F)F)cc2F)CCn2cc([N+](=O)[O-])nc2O1,F->Cl,1,0.9255043111160522,1,0.9733399022630639,1,0.9939029,1,0.9934578384099761,4,1,0.971551243366432,1.0
CC1(COc2ncc(C(F)(F)Br)cc2F)CCn2cc([N+](=O)[O-])nc2O1,CC1(COc2ncc(C(F)(F)F)cc2F)CCn2cc([N+](=O)[O-])nc2O1,F->Br,1,0.8444008043896601,1,0.9345436810941306,1,0.98674417,1,0.9846562439491128,4,1,0.9375862237133589,1.0
CC1(COc2ncc(C(C)(F)F)cc2F)CCn2cc([N+](=O)[O-])nc2O1,CC1(COc2ncc(C(F)(F)F)cc2F)CCn2cc([N+](=O)[O-])nc2O1,(F)->(C),1,0.9061320836428449,1,0.9599915154322467,1,0.99054587,1,0.996638584502523,4,1,0.9633270131128027,1.0
N[C@@H](CC(=O)N1C[C@H](CO)[C@@H](c2ccc(Cl)c(NC(=O)Cc3ccc(Cl)cc3)c2)C1)Cc1ccc(Cl)cc1,N[C@@H](CC(=O)N1C[C@H](CO)[C@@H](c2ccc(Cl)c(NC(=O)Cc3ccc(F)cc3)c2)C1)Cc1ccc(Cl)cc1,F->Cl,1,0.7196873206397393,1,0.9207460194769431,1,0.9353774,1,0.9232997246003738,4,1,0.8747776209279898,1.0
N[C@@H](CC(=O)N1C[C@H](CO)[C@@H](c2ccc(F)c(NC(=O)Cc3ccc(F)cc3)c2)C1)Cc1ccc(Cl)cc1,N[C@@H](CC(=O)N1C[C@H](CO)[C@@H](c2ccc(Cl)c(NC(=O)Cc3ccc(F)cc3)c2)C1)Cc1ccc(Cl)cc1,Cl->F,1,0.6583010441171906,1,0.8940006828116583,1,0.9386309,1,0.960511340636006,4,1,0.8628609866225446,1.0
N[C@@H](CC(=O)N1C[C@H](CO)[C@@H](c2ccc(Br)c(NC(=O)Cc3ccc(F)cc3)c2)C1)Cc1ccc(Cl)cc1,N[C@@H](CC(=O)N1C[C@H](CO)[C@@H](c2ccc(Cl)c(NC(=O)Cc3ccc(F)cc3)c2)C1)Cc1ccc(Cl)cc1,Cl->Br,1,0.7267134024812631,1,0.8980808757906421,1,0.9224732,1,0.9374289474218893,4,1,0.8711741044771901,1.0
N[C@@H](CC(=O)N1C[C@H](CO)[C@@H](c2ccc(Cl)c(NC(=O)Cc3ccc(Br)cc3)c2)C1)Cc1ccc(Cl)cc1,N[C@@H](CC(=O)N1C[C@H](CO)[C@@H](c2ccc(Cl)c(NC(=O)Cc3ccc(F)cc3)c2)C1)Cc1ccc(Cl)cc1,F->Br,1,0.6900184514579119,1,0.8579507151883297,1,0.88634354,1,0.8824727382570088,4,1,0.8291963609160973,1.0
Cc1ccc(CC(=O)Nc2cc([C@H]3CN(C(=O)C[C@H](N)Cc4ccc(Cl)cc4)C[C@@H]3CO)ccc2Cl)cc1,N[C@@H](CC(=O)N1C[C@H](CO)[C@@H](c2ccc(Cl)c(NC(=O)Cc3ccc(F)cc3)c2)C1)Cc1ccc(Cl)cc1,(F)->(C),1,0.6689522170478165,1,0.8847435831914272,1,0.8725484,1,0.9237993162150514,4,1,0.8375108794525096,1.0
CC1(F)CCN(S(=O)(=O)c2ccc(NC(=O)c3ccc([N+](=O)[O-])o3)cc2)CC1,CC1(C)CCN(S(=O)(=O)c2ccc(NC(=O)c3ccc([N+](=O)[O-])o3)cc2)CC1,(C)->(F),1,0.6338617641030605,1,0.8823345523745831,1,0.6869386,1,0.867401447721003,4,1,0.7676340870123768,1.0
CC1(Cl)CCN(S(=O)(=O)c2ccc(NC(=O)c3ccc([N+](=O)[O-])o3)cc2)CC1,CC1(C)CCN(S(=O)(=O)c2ccc(NC(=O)c3ccc([N+](=O)[O-])o3)cc2)CC1,(C)->(Cl),1,0.7347159972837125,1,0.8887691278142041,1,0.8578156,1,0.9372015566174791,4,1,0.8546255762496955,1.0
O=C(CCc1ccc(C(F)(F)Cl)cc1)N[C@@H](Cc1c[nH]c2ccccc12)C(=O)Nc1ccncc1,O=C(CCc1ccc(C(F)(F)F)cc1)N[C@@H](Cc1c[nH]c2ccccc12)C(=O)Nc1ccncc1,F->Cl,1,0.8675446470004777,1,0.9303488107558828,1,0.97523504,1,0.9665091231838415,4,1,0.9349094064741024,1.0
O=C(CCc1ccc(C(F)(F)Br)cc1)N[C@@H](Cc1c[nH]c2ccccc12)C(=O)Nc1ccncc1,O=C(CCc1ccc(C(F)(F)F)cc1)N[C@@H](Cc1c[nH]c2ccccc12)C(=O)Nc1ccncc1,F->Br,1,0.8226962694722265,1,0.8970656938987888,1,0.9598345,1,0.9474874850786865,4,1,0.9067709911245332,1.0
CC(F)(F)c1ccc(CCC(=O)N[C@@H](Cc2c[nH]c3ccccc23)C(=O)Nc2ccncc2)cc1,O=C(CCc1ccc(C(F)(F)F)cc1)N[C@@H](Cc1c[nH]c2ccccc12)C(=O)Nc1ccncc1,(F)->(C),1,0.8538309773263634,1,0.9164931006467317,1,0.93657875,1,0.9489867282838809,4,1,0.9139723892168319,1.0
Clc1cccc(COc2ccc(Nc3ncnc4ccc(-c5ccccc5)cc34)cc2Cl)c1,Fc1cccc(COc2ccc(Nc3ncnc4ccc(-c5ccccc5)cc34)cc2Cl)c1,F->Cl,1,0.6897797843214573,1,0.8592898816751183,1,0.89251167,1,0.9439762289225595,4,1,0.8463893901850525,1.0
Fc1cccc(COc2ccc(Nc3ncnc4ccc(-c5ccccc5)cc34)cc2F)c1,Fc1cccc(COc2ccc(Nc3ncnc4ccc(-c5ccccc5)cc34)cc2Cl)c1,Cl->F,1,0.7355551080110415,1,0.8996729951637678,1,0.9411768,1,0.9770094128846218,4,1,0.8883535720442615,1.0
Fc1cccc(COc2ccc(Nc3ncnc4ccc(-c5ccccc5)cc34)cc2Br)c1,Fc1cccc(COc2ccc(Nc3ncnc4ccc(-c5ccccc5)cc34)cc2Cl)c1,Cl->Br,1,0.7643764970103726,1,0.8752430372827563,1,0.8797425,1,0.9210925061755063,4,1,0.8601136359087085,1.0
Clc1cc(Nc2ncnc3ccc(-c4ccccc4)cc23)ccc1OCc1cccc(Br)c1,Fc1cccc(COc2ccc(Nc3ncnc4ccc(-c5ccccc5)cc34)cc2Cl)c1,F->Br,1,0.6626460796627728,1,0.8274019048551199,1,0.89360386,1,0.9027199826406791,4,1,0.8215929571226279,1.0
O=[N+]([O-])c1cn2c(n1)OC(COc1ccc(-c3ccc(OC(F)(F)Cl)cc3)nc1)CC2,O=[N+]([O-])c1cn2c(n1)OC(COc1ccc(-c3ccc(OC(F)(F)F)cc3)nc1)CC2,F->Cl,1,0.9784517428847069,1,0.9475185564484745,1,0.98606884,1,0.9957174130986081,4,1,0.9769391393067541,1.0
O=[N+]([O-])c1cn2c(n1)OC(COc1ccc(-c3ccc(OC(F)(F)Br)cc3)nc1)CC2,O=[N+]([O-])c1cn2c(n1)OC(COc1ccc(-c3ccc(OC(F)(F)F)cc3)nc1)CC2,F->Br,1,0.8767426101556005,1,0.887332491596273,1,0.9722225,1,0.9875575167825112,4,1,0.9309637813835886,1.0
CC(F)(F)Oc1ccc(-c2ccc(OCC3CCn4cc([N+](=O)[O-])nc4O3)cn2)cc1,O=[N+]([O-])c1cn2c(n1)OC(COc1ccc(-c3ccc(OC(F)(F)F)cc3)nc1)CC2,(F)->(C),1,0.9280515983273192,1,0.9381766629925814,1,0.96435136,1,0.98838434920959,4,1,0.9547409916397502,1.0
Cc1noc(C)c1C(=O)N1CCC(CN(c2ccc(C(F)(F)Cl)cc2)c2cccnc2)CC1,Cc1noc(C)c1C(=O)N1CCC(CN(c2ccc(C(F)(F)F)cc2)c2cccnc2)CC1,F->Cl,1,0.9676081802687473,1,0.8963883492537955,1,0.98871684,1,0.9940974496984836,4,1,0.9617027049912612,1.0
Cc1noc(C)c1C(=O)N1CCC(CN(c2ccc(C(F)(F)Br)cc2)c2cccnc2)CC1,Cc1noc(C)c1C(=O)N1CCC(CN(c2ccc(C(F)(F)F)cc2)c2cccnc2)CC1,F->Br,1,0.9345274105013934,1,0.8309609999880274,1,0.98082,1,0.9925706928260738,4,1,0.9347197758717889,1.0
Cc1noc(F)c1C(=O)N1CCC(CN(c2ccc(C(F)(F)F)cc2)c2cccnc2)CC1,Cc1noc(C)c1C(=O)N1CCC(CN(c2ccc(C(F)(F)F)cc2)c2cccnc2)CC1,(C)->(F),1,0.9813903100181162,1,0.8830557269429589,1,0.98862654,1,0.9951360868657229,4,1,0.9620521658834955,1.0
Cc1noc(Cl)c1C(=O)N1CCC(CN(c2ccc(C(F)(F)F)cc2)c2cccnc2)CC1,Cc1noc(C)c1C(=O)N1CCC(CN(c2ccc(C(F)(F)F)cc2)c2cccnc2)CC1,(C)->(Cl),1,0.9485206130236131,1,0.8987735421647953,1,0.98393166,1,0.9948772161862117,4,1,0.9565257580066953,1.0
Cc1noc(C)c1C(=O)N1CCC(CN(c2ccc(C(C)(F)F)cc2)c2cccnc2)CC1,Cc1noc(C)c1C(=O)N1CCC(CN(c2ccc(C(F)(F)F)cc2)c2cccnc2)CC1,(F)->(C),1,0.9500701480329089,1,0.8181802696805739,1,0.9767964,1,0.9890360209951311,4,1,0.933520706833678,1.0
O=[N+]([O-])c1cn2c(n1)OC[C@H](OCc1ccccc1-c1ccc(OC(F)(F)Cl)cc1)C2,O=[N+]([O-])c1cn2c(n1)OC[C@H](OCc1ccccc1-c1ccc(OC(F)(F)F)cc1)C2,F->Cl,1,0.8885847752544157,1,0.8724680210457535,1,0.96027654,1,0.9777667226065087,4,1,0.9247740157501909,1.0
O=[N+]([O-])c1cn2c(n1)OC[C@H](OCc1ccccc1-c1ccc(OC(F)(F)Br)cc1)C2,O=[N+]([O-])c1cn2c(n1)OC[C@H](OCc1ccccc1-c1ccc(OC(F)(F)F)cc1)C2,F->Br,1,0.7662534226974561,1,0.798821409912878,1,0.92646223,1,0.9479484146867028,4,1,0.8598713700908989,1.0
O=[N+]([O-])c1cn2c(n1)O[C@H](OCc1ccccc1-c1ccc(OC(F)(F)F)cc1)C2,O=[N+]([O-])c1cn2c(n1)OC[C@H](OCc1ccccc1-c1ccc(OC(F)(F)F)cc1)C2,OC->O,1,0.8512859364008883,1,0.8955200883991735,1,0.95703334,1,0.9860110626991165,4,1,0.9224626059154364,1.0
CC(F)(F)Oc1ccc(-c2ccccc2CO[C@H]2COc3nc([N+](=O)[O-])cn3C2)cc1,O=[N+]([O-])c1cn2c(n1)OC[C@H](OCc1ccccc1-c1ccc(OC(F)(F)F)cc1)C2,(F)->(C),1,0.8701700424736819,1,0.8290762950342204,1,0.94282466,1,0.957902313818914,4,1,0.899993328264634,1.0
O=C(Nc1ncc(-c2ccccc2)o1)c1ccc(Br)cc1,O=C(Nc1ncc(-c2ccccc2)o1)c1ccc(F)cc1,F->Br,1,0.6159187286366511,1,0.6354014815903175,1,0.84977275,1,0.8786134371744356,4,1,0.7449265996831833,1.0
CC1(COc2ccc(-c3ccc(Cl)cc3)cc2)Cn2cc([N+](=O)[O-])nc2O1,CC1(COc2ccc(-c3ccc(F)cc3)cc2)Cn2cc([N+](=O)[O-])nc2O1,F->Cl,1,0.9060124648814666,1,0.9396741398956323,1,0.9951238,1,0.9948179241278894,4,1,0.9589070831301396,1.0
CC1(COc2ccc(-c3ccc(Br)cc3)cc2)Cn2cc([N+](=O)[O-])nc2O1,CC1(COc2ccc(-c3ccc(F)cc3)cc2)Cn2cc([N+](=O)[O-])nc2O1,F->Br,1,0.7668693079007827,1,0.7775419756256011,1,0.9789409,1,0.9820091724813508,4,1,0.8763403400370517,1.0
Cc1ccc(-c2ccc(OCC3(C)Cn4cc([N+](=O)[O-])nc4O3)cc2)cc1,CC1(COc2ccc(-c3ccc(F)cc3)cc2)Cn2cc([N+](=O)[O-])nc2O1,(F)->(C),1,0.896199876497636,1,0.9016524570597907,1,0.9935394,1,0.9951311968266903,4,1,0.9466307308330669,1.0
O=[N+]([O-])c1cn2c(n1)OC[C@H](OCc1ncccc1-c1ccc(OC(F)(F)Cl)cc1)C2,O=[N+]([O-])c1cn2c(n1)OC[C@H](OCc1ncccc1-c1ccc(OC(F)(F)F)cc1)C2,F->Cl,1,0.8166407199605583,1,0.8816771016705566,1,0.97309834,1,0.9849862325976708,4,1,0.9141005979697712,1.0
O=[N+]([O-])c1cn2c(n1)OC[C@H](OCc1ncccc1-c1ccc(OC(F)(F)Br)cc1)C2,O=[N+]([O-])c1cn2c(n1)OC[C@H](OCc1ncccc1-c1ccc(OC(F)(F)F)cc1)C2,F->Br,1,0.7196570764179391,1,0.8062926702973597,1,0.96737325,1,0.9694413106648183,4,1,0.8656910773237738,1.0
O=[N+]([O-])c1cn2c(n1)O[C@H](OCc1ncccc1-c1ccc(OC(F)(F)F)cc1)C2,O=[N+]([O-])c1cn2c(n1)OC[C@H](OCc1ncccc1-c1ccc(OC(F)(F)F)cc1)C2,OC->O,1,0.7931074279208828,1,0.9082665081562533,1,0.9773372,1,0.9848722300468182,4,1,0.915895836923025,1.0
CC(F)(F)Oc1ccc(-c2cccnc2CO[C@H]2COc3nc([N+](=O)[O-])cn3C2)cc1,O=[N+]([O-])c1cn2c(n1)OC[C@H](OCc1ncccc1-c1ccc(OC(F)(F)F)cc1)C2,(F)->(C),1,0.8259258940271518,1,0.8289397600547747,1,0.9473505,1,0.9733615545834267,4,1,0.8938944276698784,1.0
O=C(C1CCCCC1)N1CCN(C(c2ccc(F)cc2)c2cncnc2)CC1,O=C(C1CCCCC1)N1CCN(C(c2ccc(Cl)cc2)c2cncnc2)CC1,Cl->F,1,0.9759986686487635,1,0.8965903601857187,1,0.9860692,1,0.9940841966392212,4,1,0.9631856069741997,1.0
O=C(C1CCCCC1)N1CCN(C(c2ccc(Br)cc2)c2cncnc2)CC1,O=C(C1CCCCC1)N1CCN(C(c2ccc(Cl)cc2)c2cncnc2)CC1,Cl->Br,1,0.9117036111632867,1,0.8226352462770141,1,0.98801893,1,0.9932004257674658,4,1,0.9288895532915276,1.0
COc1ccc(/C=C2\CCC/C(=C\c3ccccc3Cl)C2=O)cc1,COc1ccc(/C=C2\CCC/C(=C\c3ccccc3F)C2=O)cc1,F->Cl,0,0.1452229181043506,0,0.07613322122201033,0,0.08020412,0,0.05051689479581535,0,0,0.0880192889726627,0.0
COc1ccc(/C=C2\CCC/C(=C\c3ccccc3Br)C2=O)cc1,COc1ccc(/C=C2\CCC/C(=C\c3ccccc3F)C2=O)cc1,F->Br,0,0.2760171306359754,0,0.1942576832070918,0,0.26788497,0,0.24492654512818354,0,0,0.24577158217063863,0.0
CC1(F)CC2=C(O1)c1ccccc1C(=O)C2=O,CC1(C)CC2=C(O1)c1ccccc1C(=O)C2=O,(C)->(F),0,0.35554416989844445,1,0.7589865772755541,0,0.374197,1,0.5784381344057956,2,0,0.516791471951345,0.5
CC1(Cl)CC2=C(O1)c1ccccc1C(=O)C2=O,CC1(C)CC2=C(O1)c1ccccc1C(=O)C2=O,(C)->(Cl),0,0.34698434384385735,1,0.7243793617460053,0,0.42655438,0,0.3965665016693098,1,0,0.4736211472766385,0.25
COc1ccc2c(c1)CC/C2=N\NC(O)=S,COc1ccc2c(c1)CC/C2=N\NC(N)=S,(N)->(O),0,0.42181589232916455,0,0.4705808078104318,1,0.52207565,1,0.5336691637364105,2,0,0.48703537923804463,0.5
COc1cc(-c2nc(N3CCOCC3)sc2-c2ccnc(NC3CCOCC3)n2)ccc1F,COc1cc(-c2nc(N3CCOCC3)sc2-c2ccnc(NC3CCOCC3)n2)ccc1Cl,Cl->F,1,0.7185579705173988,1,0.8711131912152597,1,0.90758634,1,0.8745986775735239,4,1,0.8429640438605117,1.0
COc1cc(-c2nc(N3CCOCC3)sc2-c2ccnc(NC3CCOCC3)n2)ccc1Br,COc1cc(-c2nc(N3CCOCC3)sc2-c2ccnc(NC3CCOCC3)n2)ccc1Cl,Cl->Br,1,0.7086809206856232,1,0.8516293468397477,1,0.8861753,1,0.9399646851443726,4,1,0.8466125568796704,1.0
COc1cc(-c2nc(N3CCOC3)sc2-c2ccnc(NC3CCOCC3)n2)ccc1Cl,COc1cc(-c2nc(N3CCOCC3)sc2-c2ccnc(NC3CCOCC3)n2)ccc1Cl,OC->O,1,0.6949150177339304,1,0.8362883080997998,1,0.8802228,1,0.9408616380174768,4,1,0.8380719403112515,1.0
Cc1nc(N2CCC(NC(c3cccnc3)c3ccc(Cl)cc3Cl)CC2)no1,Cc1nc(N2CCC(NC(c3cccnc3)c3ccc(Cl)cc3F)CC2)no1,F->Cl,1,0.9255779288274608,1,0.9203244999858764,1,0.96364236,1,0.9889970386759178,4,1,0.9496354565672906,1.0
Cc1nc(N2CCC(NC(c3cccnc3)c3ccc(F)cc3F)CC2)no1,Cc1nc(N2CCC(NC(c3cccnc3)c3ccc(Cl)cc3F)CC2)no1,Cl->F,1,0.9909376455411253,1,0.9330934068600083,1,0.99717605,1,0.9975711132049357,4,1,0.9796945541864752,1.0
Cc1nc(N2CCC(NC(c3cccnc3)c3ccc(Br)cc3F)CC2)no1,Cc1nc(N2CCC(NC(c3cccnc3)c3ccc(Cl)cc3F)CC2)no1,Cl->Br,1,0.9608938786484348,1,0.8319247432103086,1,0.99500567,1,0.9972498140947577,4,1,0.9462685257907817,1.0
Cc1nc(N2CCC(NC(c3cccnc3)c3ccc(Cl)cc3Br)CC2)no1,Cc1nc(N2CCC(NC(c3cccnc3)c3ccc(Cl)cc3F)CC2)no1,F->Br,1,0.8777172035203282,1,0.8508468456234938,1,0.921739,1,0.9780338093896547,4,1,0.9070842101835248,1.0
COc1ccnc(-c2csc(Nc3ccc(F)cn3)n2)c1,COc1ccnc(-c2csc(Nc3ccc(Cl)cn3)n2)c1,Cl->F,1,0.5733983701832421,1,0.8637239801658508,1,0.6465667,1,0.7642366048229209,4,1,0.7119814110466122,1.0
COc1ccnc(-c2csc(Nc3ccc(Br)cn3)n2)c1,COc1ccnc(-c2csc(Nc3ccc(Cl)cn3)n2)c1,Cl->Br,1,0.6563300753360959,1,0.8499110524444892,1,0.84577024,1,0.8018127919862098,4,1,0.788456039899203,1.0
CC(C)(F)NCC(P(=O)(O)O)P(=O)(O)O,CC(C)(C)NCC(P(=O)(O)O)P(=O)(O)O,(C)->(F),1,0.5419785035964224,1,0.7214496761041109,1,0.51224774,1,0.5804783183467194,4,1,0.5890385598174086,1.0
CC(C)(Cl)NCC(P(=O)(O)O)P(=O)(O)O,CC(C)(C)NCC(P(=O)(O)O)P(=O)(O)O,(C)->(Cl),1,0.582077326502778,1,0.778566416907234,1,0.6303318,1,0.8231146628248056,4,1,0.7035225551309776,1.0
CC(C)(C)NCC(P(N)(=O)O)P(=O)(O)O,CC(C)(C)NCC(P(=O)(O)O)P(=O)(O)O,(O)->(N),1,0.6219990553118447,1,0.8607631533001306,1,0.7696319,1,0.8871917029754635,4,1,0.7848964584581162,1.0
O=C(N/N=C/c1ccc([N+](=O)[O-])s1)c1ccc(Cl)c(F)c1,O=C(N/N=C/c1ccc([N+](=O)[O-])s1)c1ccc(F)c(F)c1,F->Cl,1,0.9185357852493671,1,0.9625218243012866,1,0.99117917,1,0.9924731527076539,4,1,0.9661774826206606,1.0
O=C(N/N=C/c1ccc([N+](=O)[O-])s1)c1ccc(Br)c(F)c1,O=C(N/N=C/c1ccc([N+](=O)[O-])s1)c1ccc(F)c(F)c1,F->Br,1,0.8184925485035399,1,0.9273042479252503,1,0.96082956,1,0.9831657157243286,4,1,0.9224480170353577,1.0
Cc1ccc(C(=O)N/N=C/c2ccc([N+](=O)[O-])s2)cc1F,O=C(N/N=C/c1ccc([N+](=O)[O-])s1)c1ccc(F)c(F)c1,(F)->(C),1,0.7883538714960757,1,0.9499159633951598,1,0.98153794,1,0.9832318315830593,4,1,0.9257599011480689,1.0
CC(F)(CN1CN(CC(=O)O)CSC1=S)CN1CN(CC(=O)O)CSC1=S,CC(C)(CN1CN(CC(=O)O)CSC1=S)CN1CN(CC(=O)O)CSC1=S,(C)->(F),1,0.5657907491012149,1,0.7528576866342449,1,0.8447267,1,0.8705502816518544,4,1,0.7584813497741509,1.0
CC(Cl)(CN1CN(CC(=O)O)CSC1=S)CN1CN(CC(=O)O)CSC1=S,CC(C)(CN1CN(CC(=O)O)CSC1=S)CN1CN(CC(=O)O)CSC1=S,(C)->(Cl),1,0.5993010533235354,1,0.8131565357674734,1,0.66225016,1,0.8864776932896844,4,1,0.7402963608879132,1.0
CC1(COc2ccc(OC(F)(F)Cl)cc2)Cn2cc([N+](=O)[O-])nc2O1,CC1(COc2ccc(OC(F)(F)F)cc2)Cn2cc([N+](=O)[O-])nc2O1,F->Cl,1,0.9296440715682055,1,0.8832517664314652,1,0.9794941,1,0.9796727977798078,4,1,0.9430156826570278,1.0
CC1(COc2ccc(OC(F)(F)Br)cc2)Cn2cc([N+](=O)[O-])nc2O1,CC1(COc2ccc(OC(F)(F)F)cc2)Cn2cc([N+](=O)[O-])nc2O1,F->Br,1,0.7920184824647183,1,0.7459642422601038,1,0.94742584,1,0.9544249951561298,4,1,0.859958390541527,1.0
CC(F)(F)Oc1ccc(OCC2(C)Cn3cc([N+](=O)[O-])nc3O2)cc1,CC1(COc2ccc(OC(F)(F)F)cc2)Cn2cc([N+](=O)[O-])nc2O1,(F)->(C),1,0.9026900887264768,1,0.8672980135099279,1,0.9675207,1,0.985241306009566,4,1,0.9306875305130308,1.0
O=[N+]([O-])c1cn2c(n1)OC(COCc1ccc(OCc3ccccc3)cc1)C2,O=[N+]([O-])c1cn2c(n1)OCC(COCc1ccc(OCc3ccccc3)cc1)C2,OC->O,1,0.8842466989760172,1,0.9662136212296338,1,0.96405345,1,0.976949847400592,4,1,0.9478659049052915,1.0
CC1(COc2ccc(C(F)(F)Cl)cc2)Cn2cc([N+](=O)[O-])nc2O1,CC1(COc2ccc(C(F)(F)F)cc2)Cn2cc([N+](=O)[O-])nc2O1,F->Cl,1,0.9320361860953604,1,0.9747051955938694,1,0.9753779,1,0.982087563610633,4,1,0.9660517156473991,1.0
CC1(COc2ccc(C(F)(F)Br)cc2)Cn2cc([N+](=O)[O-])nc2O1,CC1(COc2ccc(C(F)(F)F)cc2)Cn2cc([N+](=O)[O-])nc2O1,F->Br,1,0.8083759291278022,1,0.9156608170771343,1,0.9612635,1,0.9648470975711396,4,1,0.9125368303945882,1.0
CC1(COc2ccc(C(C)(F)F)cc2)Cn2cc([N+](=O)[O-])nc2O1,CC1(COc2ccc(C(F)(F)F)cc2)Cn2cc([N+](=O)[O-])nc2O1,(F)->(C),1,0.922566583268956,1,0.9586998286058466,1,0.9692992,1,0.9794174246240428,4,1,0.9574957584239515,1.0
CCc1ccc2c(c1)[C@@H](c1ccc(O)cc1)[C@H](C)[C@@H](c1ccccc1)N2,CCc1ccc2c(c1)[C@@H](c1ccc(OC)cc1)[C@H](C)[C@@H](c1ccccc1)N2,OC->O,1,0.5114821874741968,1,0.7636840321269179,0,0.4915369,1,0.6631714067424846,3,1,0.6074686279608884,0.75
CCc1ccc2c(c1)[C@@H](c1ccc(OC)cc1)[C@H](F)[C@@H](c1ccccc1)N2,CCc1ccc2c(c1)[C@@H](c1ccc(OC)cc1)[C@H](C)[C@@H](c1ccccc1)N2,(C)->(F),0,0.4289240845092071,1,0.7272567439915223,1,0.7436758,1,0.6110067055166636,3,1,0.6277158404993586,0.75
CCc1ccc2c(c1)[C@@H](c1ccc(OC)cc1)[C@H](Cl)[C@@H](c1ccccc1)N2,CCc1ccc2c(c1)[C@@H](c1ccc(OC)cc1)[C@H](C)[C@@H](c1ccccc1)N2,(C)->(Cl),0,0.4516464228720051,1,0.8202826416148248,1,0.6342746,1,0.5514741085321927,3,1,0.6144194437388407,0.75
Nc1ncnc2c1c(-c1ccc(F)cc1)nn2[C@H]1C[C@H](O)[C@@H](CO)O1,Nc1ncnc2c1c(-c1ccc(Cl)cc1)nn2[C@H]1C[C@H](O)[C@@H](CO)O1,Cl->F,1,0.6453122559147608,1,0.8252967113666714,1,0.7406676,1,0.7094396186734534,4,1,0.7301790418782783,1.0
Nc1ncnc2c1c(-c1ccc(Br)cc1)nn2[C@H]1C[C@H](O)[C@@H](CO)O1,Nc1ncnc2c1c(-c1ccc(Cl)cc1)nn2[C@H]1C[C@H](O)[C@@H](CO)O1,Cl->Br,1,0.6339417002931554,1,0.7614496071972627,1,0.56185865,1,0.7301292484306727,4,1,0.6718448024858269,1.0
Nc1ncnc2c1c(-c1ccc(Cl)cc1)nn2[C@H]1C[C@H](N)[C@@H](CO)O1,Nc1ncnc2c1c(-c1ccc(Cl)cc1)nn2[C@H]1C[C@H](O)[C@@H](CO)O1,(O)->(N),1,0.6291974519116483,1,0.8865738956308385,1,0.8141423,1,0.8373399826515211,4,1,0.791813404242876,1.0
CCNc1nc(NC(C)F)nc2ccccc12,CCNc1nc(NC(C)C)nc2ccccc12,(C)->(F),0,0.4379778634328912,0,0.44056721514393177,0,0.32467592,0,0.33293082628827425,0,0,0.3840379556226311,0.0
CCNc1nc(NC(C)Cl)nc2ccccc12,CCNc1nc(NC(C)C)nc2ccccc12,(C)->(Cl),1,0.620473529872292,1,0.7523833489503134,1,0.8096988,1,0.8439361519163088,4,1,0.7566229627132625,1.0
CCN(Cc1ccccc1)S(=O)(=O)c1cc(O)ccc1OC,CCN(Cc1ccccc1)S(=O)(=O)c1cc(OC)ccc1OC,OC->O,0,0.4227201113034946,1,0.8218943085265716,1,0.70803535,1,0.7743126750201033,3,1,0.6817406111740139,0.75
NCCN(C(=O)c1ccc(F)cc1Cl)c1ccc(OCc2ccc(Cl)cc2)cc1,NCCN(C(=O)c1ccc(Cl)cc1Cl)c1ccc(OCc2ccc(Cl)cc2)cc1,Cl->F,0,0.47034700057332174,1,0.8860451097372851,1,0.6012906,1,0.7328810620060701,3,1,0.6726409389818029,0.75
NCCN(C(=O)c1ccc(Br)cc1Cl)c1ccc(OCc2ccc(Cl)cc2)cc1,NCCN(C(=O)c1ccc(Cl)cc1Cl)c1ccc(OCc2ccc(Cl)cc2)cc1,Cl->Br,1,0.5556396609221983,1,0.8439382745978059,1,0.7412143,1,0.8805331951587915,4,1,0.7553313515097259,1.0
NCCN(C(=O)c1ccc(Cl)cc1Cl)c1ccc(Oc2ccc(Cl)cc2)cc1,NCCN(C(=O)c1ccc(Cl)cc1Cl)c1ccc(OCc2ccc(Cl)cc2)cc1,OC->O,0,0.4707184922913812,1,0.8305637331507044,1,0.53264356,1,0.7173925960169859,3,1,0.63782959451348,0.75
CC1(COc2ccc(-c3ccc(Cl)cc3)nc2)Cn2cc([N+](=O)[O-])nc2O1,CC1(COc2ccc(-c3ccc(F)cc3)nc2)Cn2cc([N+](=O)[O-])nc2O1,F->Cl,1,0.9076777828850665,1,0.8827490193354577,1,0.9914916,1,0.9901008820245326,4,1,0.943004825004326,1.0
CC1(COc2ccc(-c3ccc(Br)cc3)nc2)Cn2cc([N+](=O)[O-])nc2O1,CC1(COc2ccc(-c3ccc(F)cc3)nc2)Cn2cc([N+](=O)[O-])nc2O1,F->Br,1,0.7941902406672903,1,0.7055616640738249,1,0.98498154,1,0.9745957478215597,4,1,0.8648322973569773,1.0
Cc1ccc(-c2ccc(OCC3(C)Cn4cc([N+](=O)[O-])nc4O3)cn2)cc1,CC1(COc2ccc(-c3ccc(F)cc3)nc2)Cn2cc([N+](=O)[O-])nc2O1,(F)->(C),1,0.9023520249641273,1,0.8821349697252305,1,0.9886418,1,0.9911948445758628,4,1,0.9410809094403667,1.0
CN1CCCN(c2ncc(-c3ccc4c(Nc5ccc(OC(F)(F)Cl)cc5)ccnc4c3)cn2)CC1,CN1CCCN(c2ncc(-c3ccc4c(Nc5ccc(OC(F)(F)F)cc5)ccnc4c3)cn2)CC1,F->Cl,1,0.8014959291072609,1,0.8703845744128292,1,0.92032635,1,0.9648301837440764,4,1,0.8892592598459031,1.0
CN1CCCN(c2ncc(-c3ccc4c(Nc5ccc(OC(F)(F)Br)cc5)ccnc4c3)cn2)CC1,CN1CCCN(c2ncc(-c3ccc4c(Nc5ccc(OC(F)(F)F)cc5)ccnc4c3)cn2)CC1,F->Br,1,0.7746484178660454,1,0.8180422396186807,1,0.9012089,1,0.9263792702894075,4,1,0.8550697013344026,1.0
CN1CCCN(c2ncc(-c3ccc4c(Nc5ccc(OC(C)(F)F)cc5)ccnc4c3)cn2)CC1,CN1CCCN(c2ncc(-c3ccc4c(Nc5ccc(OC(F)(F)F)cc5)ccnc4c3)cn2)CC1,(F)->(C),1,0.7950644813822378,1,0.8446025365717656,1,0.9162514,1,0.915144086205098,4,1,0.8677656312834582,1.0
CC(=O)c1c(C(F)(F)Cl)[n+]([O-])c2cc(F)c(N3CCCCC3)cc2[n+]1[O-],CC(=O)c1c(C(F)(F)F)[n+]([O-])c2cc(F)c(N3CCCCC3)cc2[n+]1[O-],F->Cl,1,0.7280853637492242,1,0.8857820900463914,1,0.9225187,1,0.9538868941525354,4,1,0.8725682546267701,1.0
CC(=O)c1c(C(F)(F)Br)[n+]([O-])c2cc(F)c(N3CCCCC3)cc2[n+]1[O-],CC(=O)c1c(C(F)(F)F)[n+]([O-])c2cc(F)c(N3CCCCC3)cc2[n+]1[O-],F->Br,1,0.6720231416734614,1,0.8296124068951513,1,0.8421112,1,0.9038346802854725,4,1,0.8118953497864965,1.0
CC(=O)c1c(C(C)(F)F)[n+]([O-])c2cc(F)c(N3CCCCC3)cc2[n+]1[O-],CC(=O)c1c(C(F)(F)F)[n+]([O-])c2cc(F)c(N3CCCCC3)cc2[n+]1[O-],(F)->(C),1,0.6543893148579182,1,0.8515241360896514,1,0.8096673,1,0.8658672187494338,4,1,0.7953619897385132,1.0
COc1ccc2nc(F)c([S+](C)[O-])nc2c1,COc1ccc2nc(Cl)c([S+](C)[O-])nc2c1,Cl->F,0,0.3330805721807369,1,0.8207032960630738,0,0.4372862,0,0.35345680418319875,1,0,0.48613171764155,0.25
COc1ccc2nc(Br)c([S+](C)[O-])nc2c1,COc1ccc2nc(Cl)c([S+](C)[O-])nc2c1,Cl->Br,1,0.5788718907528511,1,0.8826826344273121,1,0.9141715,1,0.9128098114169041,4,1,0.8221339633730903,1.0
COc1ccc2nc(Cl)c([S+]([O-])F)nc2c1,COc1ccc2nc(Cl)c([S+](C)[O-])nc2c1,(C)->(F),1,0.5399819369059654,1,0.8204861928988554,1,0.8749643,1,0.7696634967270066,4,1,0.7512739808374017,1.0
COc1ccc2nc(Cl)c([S+]([O-])Cl)nc2c1,COc1ccc2nc(Cl)c([S+](C)[O-])nc2c1,(C)->(Cl),1,0.5608346044211963,1,0.8627930361215651,1,0.8325755,1,0.8216893103918685,4,1,0.7694731127365184,1.0
OC(c1ccc(F)cc1)(c1cncnc1)c1ccccc1F,OC(c1ccc(F)cc1)(c1cncnc1)c1ccccc1Cl,Cl->F,1,0.8402073555674546,1,0.8455495721018006,1,0.9250894,1,0.9655594488539221,4,1,0.8941014488528174,1.0
OC(c1ccc(F)cc1)(c1cncnc1)c1ccccc1Br,OC(c1ccc(F)cc1)(c1cncnc1)c1ccccc1Cl,Cl->Br,1,0.8368345014110112,1,0.8970220122355563,1,0.9518595,1,0.974201441064093,4,1,0.9149793572231973,1.0
OC(c1ccc(Br)cc1)(c1cncnc1)c1ccccc1Cl,OC(c1ccc(F)cc1)(c1cncnc1)c1ccccc1Cl,F->Br,1,0.9458839197098157,1,0.9174746683937627,1,0.9891242,1,0.9916397379774523,4,1,0.961030626241861,1.0
Cc1ccc(C(O)(c2cncnc2)c2ccccc2Cl)cc1,OC(c1ccc(F)cc1)(c1cncnc1)c1ccccc1Cl,(F)->(C),1,0.9058396777145894,1,0.9202606253485321,1,0.97106856,1,0.9796783293837337,4,1,0.9442117983809932,1.0
O=[N+]([O-])c1cn2c(n1)OC[C@H](Oc1ncc(-c3ccc(OC(F)(F)Cl)cc3)cn1)C2,O=[N+]([O-])c1cn2c(n1)OC[C@H](Oc1ncc(-c3ccc(OC(F)(F)F)cc3)cn1)C2,F->Cl,1,0.9027513657057376,1,0.9157806600701377,1,0.9636351,1,0.972592495880882,4,1,0.9386899021675004,1.0
O=[N+]([O-])c1cn2c(n1)OC[C@H](Oc1ncc(-c3ccc(OC(F)(F)Br)cc3)cn1)C2,O=[N+]([O-])c1cn2c(n1)OC[C@H](Oc1ncc(-c3ccc(OC(F)(F)F)cc3)cn1)C2,F->Br,1,0.8101726934582408,1,0.8433957654845247,1,0.92637366,1,0.9525858919891215,4,1,0.8831320028740774,1.0
O=[N+]([O-])c1cn2c(n1)O[C@H](Oc1ncc(-c3ccc(OC(F)(F)F)cc3)cn1)C2,O=[N+]([O-])c1cn2c(n1)OC[C@H](Oc1ncc(-c3ccc(OC(F)(F)F)cc3)cn1)C2,OC->O,1,0.8144225323350391,1,0.9146886199029255,1,0.9605833,1,0.9840590311497709,4,1,0.91843837814712,1.0
CC(F)(F)Oc1ccc(-c2cnc(O[C@H]3COc4nc([N+](=O)[O-])cn4C3)nc2)cc1,O=[N+]([O-])c1cn2c(n1)OC[C@H](Oc1ncc(-c3ccc(OC(F)(F)F)cc3)cn1)C2,(F)->(C),1,0.8670549163131755,1,0.8814040612164086,1,0.9355267,1,0.9532135006345331,4,1,0.9092998016985459,1.0
O=C(CC(=O)C1CCOC1)c1ccc(Oc2ccccc2)cc1,O=C(CC(=O)C1CCOCC1)c1ccc(Oc2ccccc2)cc1,OC->O,0,0.3978711422968683,1,0.8611035115221354,1,0.6550387,1,0.6931821565643393,3,1,0.6517988811980544,0.75
O=[N+]([O-])c1cn2c(n1)OC(COc1ccc(-c3ccc(Cl)cc3)nc1)CC2,O=[N+]([O-])c1cn2c(n1)OC(COc1ccc(-c3ccc(F)cc3)nc1)CC2,F->Cl,1,0.9155684422288408,1,0.859561754637189,1,0.9806609,1,0.992281469644368,4,1,0.9370181454712885,1.0
O=[N+]([O-])c1cn2c(n1)OC(COc1ccc(-c3ccc(Br)cc3)nc1)CC2,O=[N+]([O-])c1cn2c(n1)OC(COc1ccc(-c3ccc(F)cc3)nc1)CC2,F->Br,1,0.8098898389466987,1,0.706551026956656,1,0.95655125,1,0.9757994238972079,4,1,0.8621978858990466,1.0
Cc1ccc(-c2ccc(OCC3CCn4cc([N+](=O)[O-])nc4O3)cn2)cc1,O=[N+]([O-])c1cn2c(n1)OC(COc1ccc(-c3ccc(F)cc3)nc1)CC2,(F)->(C),1,0.8931873409727048,1,0.8930688090520774,1,0.97550654,1,0.9878145423110318,4,1,0.9373943091122433,1.0
CC1(COc2ccc(-c3ccc(OC(F)(F)Cl)cc3)cc2)CCn2cc([N+](=O)[O-])nc2O1,CC1(COc2ccc(-c3ccc(OC(F)(F)F)cc3)cc2)CCn2cc([N+](=O)[O-])nc2O1,F->Cl,1,0.9444545476535785,1,0.9614062130001638,1,0.97606236,1,0.9918736097087905,4,1,0.9684491819470556,1.0
CC1(COc2ccc(-c3ccc(OC(F)(F)Br)cc3)cc2)CCn2cc([N+](=O)[O-])nc2O1,CC1(COc2ccc(-c3ccc(OC(F)(F)F)cc3)cc2)CCn2cc([N+](=O)[O-])nc2O1,F->Br,1,0.8185658752844344,1,0.9088105273748268,1,0.9631571,1,0.982043454716511,4,1,0.9181442436856407,1.0
CC(F)(F)Oc1ccc(-c2ccc(OCC3(C)CCn4cc([N+](=O)[O-])nc4O3)cc2)cc1,CC1(COc2ccc(-c3ccc(OC(F)(F)F)cc3)cc2)CCn2cc([N+](=O)[O-])nc2O1,(F)->(C),1,0.9297026021502777,1,0.9531283205956986,1,0.9594946,1,0.9929520121770652,4,1,0.9588193814205797,1.0
O=C(Nc1ccccc1Cl)c1cc(Cl)ccc1O,O=C(Nc1ccccc1F)c1cc(Cl)ccc1O,F->Cl,1,0.7738508263120086,1,0.8776668173947417,1,0.89016664,1,0.9155783562740272,4,1,0.8643156600656137,1.0
O=C(Nc1ccccc1F)c1cc(F)ccc1O,O=C(Nc1ccccc1F)c1cc(Cl)ccc1O,Cl->F,0,0.47902089848684865,1,0.7244046250895606,1,0.62458843,1,0.6630682157044374,3,1,0.6227705423021681,0.75
O=C(Nc1ccccc1F)c1cc(Br)ccc1O,O=C(Nc1ccccc1F)c1cc(Cl)ccc1O,Cl->Br,1,0.6600057083894224,1,0.7865812909155071,1,0.89132994,1,0.9102984267084537,4,1,0.8120538425367854,1.0
O=C(Nc1ccccc1Br)c1cc(Cl)ccc1O,O=C(Nc1ccccc1F)c1cc(Cl)ccc1O,F->Br,1,0.7867131014984947,1,0.9103116382554677,1,0.9228468,1,0.9111125119477944,4,1,0.8827460114575437,1.0
COc1cccc2c1C(=O)C(Oc1ccc(Cl)cc1)=CC2=O,COc1cccc2c1C(=O)C(Oc1ccc(F)cc1)=CC2=O,F->Cl,0,0.4742099993206643,1,0.5542803410886071,1,0.7236034,1,0.5692367731216722,3,1,0.5803326352352673,0.75
COc1cccc2c1C(=O)C(Oc1ccc(Br)cc1)=CC2=O,COc1cccc2c1C(=O)C(Oc1ccc(F)cc1)=CC2=O,F->Br,1,0.5112379453895876,1,0.5780945576979561,1,0.649555,1,0.5488630248727326,4,1,0.5719376388612926,1.0
COc1cccc2c1C(=O)C(Oc1ccc(C)cc1)=CC2=O,COc1cccc2c1C(=O)C(Oc1ccc(F)cc1)=CC2=O,(F)->(C),0,0.30482090096207337,0,0.0761378526910516,0,0.20622595,0,0.10752061556182875,0,0,0.17367632894013865,0.0
NP(=O)(OCc1ccc([N+](=O)[O-])cc1C(F)(F)Cl)N(CCCl)CCCl,NP(=O)(OCc1ccc([N+](=O)[O-])cc1C(F)(F)F)N(CCCl)CCCl,F->Cl,1,0.7202382340563306,1,0.9340733754425429,1,0.94830215,1,0.9387732263056467,4,1,0.885346746394291,1.0
NP(=O)(OCc1ccc([N+](=O)[O-])cc1C(F)(F)F)N(CCF)CCCl,NP(=O)(OCc1ccc([N+](=O)[O-])cc1C(F)(F)F)N(CCCl)CCCl,Cl->F,1,0.6570790188344638,1,0.8573376874212775,1,0.90134937,1,0.9413333113848389,4,1,0.8392748458379481,1.0
NP(=O)(OCc1ccc([N+](=O)[O-])cc1C(F)(F)F)N(CCCl)CCBr,NP(=O)(OCc1ccc([N+](=O)[O-])cc1C(F)(F)F)N(CCCl)CCCl,Cl->Br,1,0.6949135775413054,1,0.8542221884126329,1,0.9432028,1,0.9278132899775164,4,1,0.8550379623824074,1.0
NP(=O)(OCc1ccc([N+](=O)[O-])cc1C(F)(F)Br)N(CCCl)CCCl,NP(=O)(OCc1ccc([N+](=O)[O-])cc1C(F)(F)F)N(CCCl)CCCl,F->Br,1,0.6971867954967512,1,0.8914701685027736,1,0.9319856,1,0.8662327112735871,4,1,0.846718822989268,1.0
NP(=O)(Oc1ccc([N+](=O)[O-])cc1C(F)(F)F)N(CCCl)CCCl,NP(=O)(OCc1ccc([N+](=O)[O-])cc1C(F)(F)F)N(CCCl)CCCl,OC->O,1,0.616419407471171,1,0.6409976787715375,1,0.83509576,1,0.808496450374703,4,1,0.7252523249559732,1.0
CC(F)(F)c1cc([N+](=O)[O-])ccc1COP(N)(=O)N(CCCl)CCCl,NP(=O)(OCc1ccc([N+](=O)[O-])cc1C(F)(F)F)N(CCCl)CCCl,(F)->(C),1,0.673368155369299,1,0.9194747928434055,1,0.8981083,1,0.9168216168726562,4,1,0.8519432171580665,1.0
Cn1c(-c2ccc(Br)cc2)cnc1NC(=O)c1ccc(Cl)cc1,Cn1c(-c2ccc(Br)cc2)cnc1NC(=O)c1ccc(F)cc1,F->Cl,1,0.6414404202144275,1,0.8117778717028302,1,0.69127345,1,0.795055486750727,4,1,0.7348868073798562,1.0
Cn1c(-c2ccc(Br)cc2)cnc1NC(=O)c1ccc(Br)cc1,Cn1c(-c2ccc(Br)cc2)cnc1NC(=O)c1ccc(F)cc1,F->Br,1,0.5498200189404461,0,0.46852929652660497,1,0.53843284,1,0.7077413155914191,3,1,0.5661308668977657,0.75
Cc1ccc(C(=O)Nc2ncc(-c3ccc(Br)cc3)n2C)cc1,Cn1c(-c2ccc(Br)cc2)cnc1NC(=O)c1ccc(F)cc1,(F)->(C),1,0.5925656537656587,1,0.5537714238064244,1,0.6183394,1,0.7332345935878855,4,1,0.6244777726312245,1.0
Nc1ncnc2c1c(-c1ccc(C(F)(F)Cl)cc1)cn2[C@@H]1O[C@H](CO)C[C@H]1O,Nc1ncnc2c1c(-c1ccc(C(F)(F)F)cc1)cn2[C@@H]1O[C@H](CO)C[C@H]1O,F->Cl,1,0.8399298508750342,1,0.9367608576626661,1,0.9367988,1,0.9684374865824003,4,1,0.9204817515197408,1.0
Nc1ncnc2c1c(-c1ccc(C(F)(F)Br)cc1)cn2[C@@H]1O[C@H](CO)C[C@H]1O,Nc1ncnc2c1c(-c1ccc(C(F)(F)F)cc1)cn2[C@@H]1O[C@H](CO)C[C@H]1O,F->Br,1,0.8090571234057468,1,0.8929002701327846,1,0.9100877,1,0.9202016626631443,4,1,0.883061690215046,1.0
CC(F)(F)c1ccc(-c2cn([C@@H]3O[C@H](CO)C[C@H]3O)c3ncnc(N)c23)cc1,Nc1ncnc2c1c(-c1ccc(C(F)(F)F)cc1)cn2[C@@H]1O[C@H](CO)C[C@H]1O,(F)->(C),1,0.8284556989811999,1,0.8953360305269428,1,0.9320918,1,0.9413446149050892,4,1,0.8993070292423841,1.0
OC(c1cc(C(F)(F)Cl)nc2c(C(F)(F)F)cccc12)C1CCCCN1,OC(c1cc(C(F)(F)F)nc2c(C(F)(F)F)cccc12)C1CCCCN1,F->Cl,1,0.6713622830376412,1,0.8605443103714794,1,0.8271598,1,0.8413951951283353,4,1,0.800115402631152,1.0
OC(c1cc(C(F)(F)Br)nc2c(C(F)(F)F)cccc12)C1CCCCN1,OC(c1cc(C(F)(F)F)nc2c(C(F)(F)F)cccc12)C1CCCCN1,F->Br,1,0.6355476611225774,1,0.8038142820843858,1,0.7131655,1,0.6954982209522262,4,1,0.7120064214452233,1.0
FC(F)(F)c1cc(OC2CCCCN2)c2cccc(C(F)(F)F)c2n1,OC(c1cc(C(F)(F)F)nc2c(C(F)(F)F)cccc12)C1CCCCN1,OC->O,1,0.6153524211414962,1,0.7970176994411639,1,0.613964,1,0.6223100194381674,4,1,0.6621610403066824,1.0
CC(F)(F)c1cc(C(O)C2CCCCN2)c2cccc(C(F)(F)F)c2n1,OC(c1cc(C(F)(F)F)nc2c(C(F)(F)F)cccc12)C1CCCCN1,(F)->(C),1,0.5781686084280837,1,0.7833589864052359,1,0.7998476,1,0.7474923467868312,4,1,0.7272168861160972,1.0
CN(C)S(=O)(=O)c1ccc(-c2cnc(N)c(-c3nc4ccc(Cl)cc4[nH]3)c2)cc1,CN(C)S(=O)(=O)c1ccc(-c2cnc(N)c(-c3nc4ccc(F)cc4[nH]3)c2)cc1,F->Cl,1,0.6836902714172766,1,0.8703429172162642,1,0.8243746,1,0.908925468339428,4,1,0.8218333182797641,1.0
CN(C)S(=O)(=O)c1ccc(-c2cnc(N)c(-c3nc4ccc(Br)cc4[nH]3)c2)cc1,CN(C)S(=O)(=O)c1ccc(-c2cnc(N)c(-c3nc4ccc(F)cc4[nH]3)c2)cc1,F->Br,1,0.6827219438003519,1,0.7545014972378707,1,0.84141046,1,0.8923479374310709,4,1,0.7927454591393037,1.0
CN(F)S(=O)(=O)c1ccc(-c2cnc(N)c(-c3nc4ccc(F)cc4[nH]3)c2)cc1,CN(C)S(=O)(=O)c1ccc(-c2cnc(N)c(-c3nc4ccc(F)cc4[nH]3)c2)cc1,(C)->(F),1,0.7434777593852624,1,0.8907591514403744,1,0.8994587,1,0.9154074848760818,4,1,0.8622757755201638,1.0
CN(Cl)S(=O)(=O)c1ccc(-c2cnc(N)c(-c3nc4ccc(F)cc4[nH]3)c2)cc1,CN(C)S(=O)(=O)c1ccc(-c2cnc(N)c(-c3nc4ccc(F)cc4[nH]3)c2)cc1,(C)->(Cl),1,0.7426252522729657,1,0.8943225562800708,1,0.8561259,1,0.9120456044256714,4,1,0.8512798260468392,1.0
Cc1ccc2nc(-c3cc(-c4ccc(S(=O)(=O)N(C)C)cc4)cnc3N)[nH]c2c1,CN(C)S(=O)(=O)c1ccc(-c2cnc(N)c(-c3nc4ccc(F)cc4[nH]3)c2)cc1,(F)->(C),1,0.6912557868828355,1,0.7959463288786521,1,0.8702804,1,0.8904682893460015,4,1,0.811987697531221,1.0
CN(C)S(=O)(=O)c1ccc(-c2cnc(O)c(-c3nc4ccc(F)cc4[nH]3)c2)cc1,CN(C)S(=O)(=O)c1ccc(-c2cnc(N)c(-c3nc4ccc(F)cc4[nH]3)c2)cc1,(N)->(O),1,0.7028756904381284,1,0.8969872908183811,1,0.91996145,1,0.9544036280688377,4,1,0.8685570154523696,1.0
CC(F)[C@H]1CC[C@@H](n2c(=O)[nH]c3ncc(N)cc3c2=O)CC1,CC(C)[C@H]1CC[C@@H](n2c(=O)[nH]c3ncc(N)cc3c2=O)CC1,(C)->(F),1,0.7023308023474047,1,0.7967038783521585,1,0.900889,1,0.910450501722561,4,1,0.8275935404642729,1.0
CC(Cl)[C@H]1CC[C@@H](n2c(=O)[nH]c3ncc(N)cc3c2=O)CC1,CC(C)[C@H]1CC[C@@H](n2c(=O)[nH]c3ncc(N)cc3c2=O)CC1,(C)->(Cl),1,0.7440948842298438,1,0.8804806493204452,1,0.9655619,1,0.9501707759403606,4,1,0.885077058963887,1.0
CC(C)[C@H]1CC[C@@H](n2c(=O)[nH]c3ncc(O)cc3c2=O)CC1,CC(C)[C@H]1CC[C@@H](n2c(=O)[nH]c3ncc(N)cc3c2=O)CC1,(N)->(O),1,0.803676502707409,1,0.8975738975285716,1,0.97165495,1,0.9812847361564618,4,1,0.9135475219912153,1.0
CCOC(=O)c1c(C(F)(F)Cl)[n+]([O-])c2ccc(F)cc2[n+]1[O-],CCOC(=O)c1c(C(F)(F)F)[n+]([O-])c2ccc(F)cc2[n+]1[O-],F->Cl,1,0.8607231043945287,1,0.9138347789219605,1,0.9811312,1,0.9890110679160484,4,1,0.9361750368136428,1.0
CCOC(=O)c1c(C(F)(F)Br)[n+]([O-])c2ccc(F)cc2[n+]1[O-],CCOC(=O)c1c(C(F)(F)F)[n+]([O-])c2ccc(F)cc2[n+]1[O-],F->Br,1,0.8297779066080587,1,0.8536409064914299,1,0.95805424,1,0.9808055137647782,4,1,0.9055696428456368,1.0
CCOC(=O)c1c(C(C)(F)F)[n+]([O-])c2ccc(F)cc2[n+]1[O-],CCOC(=O)c1c(C(F)(F)F)[n+]([O-])c2ccc(F)cc2[n+]1[O-],(F)->(C),1,0.6893272787589515,1,0.7600892928631633,1,0.7688938,1,0.8789568333276782,4,1,0.77431679581848,1.0
N=C(N)c1cccc(OCCCCCOc2cccc(C(=N)N)c2)c1,N=C(N)c1cccc(OCCCCCCOc2cccc(C(=N)N)c2)c1,OC->O,0,0.433956829739443,1,0.915042348039778,1,0.76014405,1,0.7536783184986354,3,1,0.7157053877918838,0.75
N=C(N)c1cccc(OCCCCCCOc2cccc(C(=N)O)c2)c1,N=C(N)c1cccc(OCCCCCCOc2cccc(C(=N)N)c2)c1,(N)->(O),0,0.3715899097612748,1,0.754816529563876,0,0.4293639,0,0.43958156076575855,1,0,0.4988379766186059,0.25
CN(C)C(=O)N1CCN(C(c2ccc(F)cc2)c2cncnc2)CC1,CN(C)C(=O)N1CCN(C(c2ccc(Cl)cc2)c2cncnc2)CC1,Cl->F,1,0.9291911660170852,1,0.9144541056568649,1,0.9769116,1,0.992931078272946,4,1,0.9533719885878363,1.0
CN(C)C(=O)N1CCN(C(c2ccc(Br)cc2)c2cncnc2)CC1,CN(C)C(=O)N1CCN(C(c2ccc(Cl)cc2)c2cncnc2)CC1,Cl->Br,1,0.8541348710713083,1,0.8268277132576306,1,0.9600416,1,0.9860721786020272,4,1,0.9067690863788369,1.0
CN(F)C(=O)N1CCN(C(c2ccc(Cl)cc2)c2cncnc2)CC1,CN(C)C(=O)N1CCN(C(c2ccc(Cl)cc2)c2cncnc2)CC1,(C)->(F),1,0.9304631027539343,1,0.9459442670144682,1,0.98572737,1,0.9957505789870814,4,1,0.9644713296351982,1.0
CN(Cl)C(=O)N1CCN(C(c2ccc(Cl)cc2)c2cncnc2)CC1,CN(C)C(=O)N1CCN(C(c2ccc(Cl)cc2)c2cncnc2)CC1,(C)->(Cl),1,0.9493154936017465,1,0.9379480326091445,1,0.9884588,1,0.9935972192680974,4,1,0.9673298894289435,1.0
O=C(/C=C/C=C/C=C/c1ccc2ooc2c1)N1CCCCC1,O=C(/C=C/C=C/C=C/c1ccc2c(c1)OCO2)N1CCCCC1,OC->O,0,0.26955908340128093,1,0.6146883665184483,0,0.32870585,0,0.4788529626731273,1,0,0.4229515649640482,0.25
Cc1cc(C(=O)N2CCC(NC(c3ccc(C(F)(F)Cl)cc3)c3cccnc3)CC2)on1,Cc1cc(C(=O)N2CCC(NC(c3ccc(C(F)(F)F)cc3)c3cccnc3)CC2)on1,F->Cl,1,0.9880336147688482,1,0.9324341467263242,1,0.99725264,1,0.9979588891170214,4,1,0.9789198234301404,1.0
Cc1cc(C(=O)N2CCC(NC(c3ccc(C(F)(F)Br)cc3)c3cccnc3)CC2)on1,Cc1cc(C(=O)N2CCC(NC(c3ccc(C(F)(F)F)cc3)c3cccnc3)CC2)on1,F->Br,1,0.9599946751861697,1,0.8819833753715377,1,0.9940585,1,0.9968915384031591,4,1,0.9582320196900915,1.0
Cc1cc(C(=O)N2CCC(NC(c3ccc(C(C)(F)F)cc3)c3cccnc3)CC2)on1,Cc1cc(C(=O)N2CCC(NC(c3ccc(C(F)(F)F)cc3)c3cccnc3)CC2)on1,(F)->(C),1,0.9812156937198705,1,0.9032302659277203,1,0.99545044,1,0.9980255817789139,4,1,0.9694804946238609,1.0
CC[C@@H]1CN2CCc3c([nH]c4ccccc34)[C@@H]2C[C@@H]1/C(=C\O)C(=O)OC,CC[C@@H]1CN2CCc3c([nH]c4ccccc34)[C@@H]2C[C@@H]1/C(=C\OC)C(=O)OC,OC->O,1,0.5395328980881476,1,0.7988909979019603,1,0.50344414,1,0.6795171583294033,4,1,0.6303462973771419,1.0
CC(C)S(=O)(=O)NC1CCN(C(c2ccc(C(F)(F)Cl)cc2)c2cnccn2)CC1,CC(C)S(=O)(=O)NC1CCN(C(c2ccc(C(F)(F)F)cc2)c2cnccn2)CC1,F->Cl,1,0.9846689959662972,1,0.9355137642649728,1,0.99378717,1,0.9968158126716208,4,1,0.9776964355898432,1.0
CC(C)S(=O)(=O)NC1CCN(C(c2ccc(C(F)(F)Br)cc2)c2cnccn2)CC1,CC(C)S(=O)(=O)NC1CCN(C(c2ccc(C(F)(F)F)cc2)c2cnccn2)CC1,F->Br,1,0.9185881524873378,1,0.8946358289588503,1,0.9939109,1,0.9961359671877689,4,1,0.9508177143332481,1.0
CC(F)S(=O)(=O)NC1CCN(C(c2ccc(C(F)(F)F)cc2)c2cnccn2)CC1,CC(C)S(=O)(=O)NC1CCN(C(c2ccc(C(F)(F)F)cc2)c2cnccn2)CC1,(C)->(F),1,0.9559121244340072,1,0.9197734621848576,1,0.9910815,1,0.9933077009443978,4,1,0.9650186909437026,1.0
CC(Cl)S(=O)(=O)NC1CCN(C(c2ccc(C(F)(F)F)cc2)c2cnccn2)CC1,CC(C)S(=O)(=O)NC1CCN(C(c2ccc(C(F)(F)F)cc2)c2cnccn2)CC1,(C)->(Cl),1,0.9767523352216644,1,0.9169918954344806,1,0.9947069,1,0.9967432529382291,4,1,0.9712986030810962,1.0
CC(C)S(=O)(=O)NC1CCN(C(c2ccc(C(C)(F)F)cc2)c2cnccn2)CC1,CC(C)S(=O)(=O)NC1CCN(C(c2ccc(C(F)(F)F)cc2)c2cnccn2)CC1,(F)->(C),1,0.9831981623374065,1,0.9080253258218565,1,0.98770183,1,0.9926946041616427,4,1,0.967904981392261,1.0
CCOc1ccccc1C(=O)Nc1nnc(-c2ccc3ooc3c2)s1,CCOc1ccccc1C(=O)Nc1nnc(-c2ccc3c(c2)OCO3)s1,OC->O,1,0.5540280777038008,1,0.7755267795768221,1,0.65851295,1,0.8383589102030957,4,1,0.7066066793568153,1.0
Cc1ccc2nc(-c3ccc(N(C)F)cc3)c(NC3CCCCC3)n2c1,Cc1ccc2nc(-c3ccc(N(C)C)cc3)c(NC3CCCCC3)n2c1,(C)->(F),1,0.5863156133604189,1,0.5816240827124349,1,0.5548743,1,0.7175255708711761,4,1,0.610084891975189,1.0
Cc1ccc2nc(-c3ccc(N(C)Cl)cc3)c(NC3CCCCC3)n2c1,Cc1ccc2nc(-c3ccc(N(C)C)cc3)c(NC3CCCCC3)n2c1,(C)->(Cl),1,0.6419588443787372,1,0.7230787567970159,1,0.7351993,1,0.8194370607172828,4,1,0.7299184836314088,1.0
O=[N+]([O-])c1cn2c(n1)OC(COc1cccc(-c3ccc(Cl)cc3)n1)CC2,O=[N+]([O-])c1cn2c(n1)OC(COc1cccc(-c3ccc(F)cc3)n1)CC2,F->Cl,1,0.9025425338385805,1,0.7501767418089551,1,0.9810983,1,0.9869131966475474,4,1,0.9051826916383002,1.0
O=[N+]([O-])c1cn2c(n1)OC(COc1cccc(-c3ccc(Br)cc3)n1)CC2,O=[N+]([O-])c1cn2c(n1)OC(COc1cccc(-c3ccc(F)cc3)n1)CC2,F->Br,1,0.7775145225833879,1,0.5754633266610458,1,0.9595876,1,0.9217084265957375,4,1,0.8085684624613246,1.0
Cc1ccc(-c2cccc(OCC3CCn4cc([N+](=O)[O-])nc4O3)n2)cc1,O=[N+]([O-])c1cn2c(n1)OC(COc1cccc(-c3ccc(F)cc3)n1)CC2,(F)->(C),1,0.8988327257552011,1,0.8146713601127719,1,0.9801568,1,0.9773872180501179,4,1,0.9177620208018341,1.0
Cc1nc(C)c(C(=O)Nc2ccc(Cl)c(-c3nc4ncc(-c5ccccn5)cn4n3)c2)o1,Cc1nc(C)c(C(=O)Nc2ccc(F)c(-c3nc4ncc(-c5ccccn5)cn4n3)c2)o1,F->Cl,1,0.8545964649742493,1,0.9065644557607963,1,0.9773951,1,0.9763986584945515,4,1,0.9287386741281162,1.0
Cc1nc(C)c(C(=O)Nc2ccc(Br)c(-c3nc4ncc(-c5ccccn5)cn4n3)c2)o1,Cc1nc(C)c(C(=O)Nc2ccc(F)c(-c3nc4ncc(-c5ccccn5)cn4n3)c2)o1,F->Br,1,0.826299667571762,1,0.8557530029761425,1,0.970227,1,0.9707740540308099,4,1,0.9057634319190622,1.0
Cc1nc(F)c(C(=O)Nc2ccc(F)c(-c3nc4ncc(-c5ccccn5)cn4n3)c2)o1,Cc1nc(C)c(C(=O)Nc2ccc(F)c(-c3nc4ncc(-c5ccccn5)cn4n3)c2)o1,(C)->(F),1,0.8868765367221482,1,0.9003340025503511,1,0.9915652,1,0.9889904899660203,4,1,0.9419415641867662,1.0
Cc1nc(Cl)c(C(=O)Nc2ccc(F)c(-c3nc4ncc(-c5ccccn5)cn4n3)c2)o1,Cc1nc(C)c(C(=O)Nc2ccc(F)c(-c3nc4ncc(-c5ccccn5)cn4n3)c2)o1,(C)->(Cl),1,0.8692618757825281,1,0.8966486529759506,1,0.9906482,1,0.9857182570742798,4,1,0.9355692489703585,1.0
Cc1nc(C)c(C(=O)Nc2ccc(C)c(-c3nc4ncc(-c5ccccn5)cn4n3)c2)o1,Cc1nc(C)c(C(=O)Nc2ccc(F)c(-c3nc4ncc(-c5ccccn5)cn4n3)c2)o1,(F)->(C),1,0.8351519562743399,1,0.855680272838384,1,0.95438546,1,0.9674006884126637,4,1,0.9031545942371132,1.0
OC(c1ccc(F)cc1)(c1cccnc1)c1cncs1,OC(c1ccc(Cl)cc1)(c1cccnc1)c1cncs1,Cl->F,1,0.7461825254782111,1,0.8855826179770028,1,0.93812525,1,0.9589450814437184,4,1,0.8822088694056565,1.0
OC(c1ccc(Br)cc1)(c1cccnc1)c1cncs1,OC(c1ccc(Cl)cc1)(c1cccnc1)c1cncs1,Cl->Br,1,0.8482672483322696,1,0.8543319400819823,1,0.98777837,1,0.9950898091326551,4,1,0.9213668407897343,1.0
Nc1ccc(N2CCN(C(=O)CCc3ccc(-c4ccccc4)o3)CC2)cc1,O=C(CCc1ccc(-c2ccccc2)o1)N1CCN(c2ccc(O)cc2)CC1,(O)->(N),0,0.49336293684806615,1,0.6825290627105207,0,0.46489418,1,0.681608696017383,2,0,0.5805987177763625,0.5
CC(C)CC(N(C)C)C1(c2ccc(F)cc2)CCC1,CC(C)CC(N(C)C)C1(c2ccc(Cl)cc2)CCC1,Cl->F,0,0.38193581572839197,1,0.7882010550525386,1,0.6044231,1,0.5481244005001741,3,1,0.5806710942494525,0.75
CC(C)CC(N(C)C)C1(c2ccc(Br)cc2)CCC1,CC(C)CC(N(C)C)C1(c2ccc(Cl)cc2)CCC1,Cl->Br,0,0.4969440788097912,1,0.7524515993436717,1,0.8461001,1,0.8460560776634111,3,1,0.7353879619377696,0.75
CC(F)CC(N(C)C)C1(c2ccc(Cl)cc2)CCC1,CC(C)CC(N(C)C)C1(c2ccc(Cl)cc2)CCC1,(C)->(F),0,0.36029859313495843,1,0.7086592568025171,0,0.37684286,0,0.49516100573001764,1,0,0.4852404280186646,0.25
CC(Cl)CC(N(C)C)C1(c2ccc(Cl)cc2)CCC1,CC(C)CC(N(C)C)C1(c2ccc(Cl)cc2)CCC1,(C)->(Cl),0,0.3853822395798295,1,0.7471771311007841,0,0.3996626,1,0.6634326075137589,2,0,0.5489136480157715,0.5
O=[N+]([O-])c1cn2c(n1)OC(COc1ccc(-c3ccc(OC(F)(F)Cl)cc3)nc1)C2,O=[N+]([O-])c1cn2c(n1)OC(COc1ccc(-c3ccc(OC(F)(F)F)cc3)nc1)C2,F->Cl,1,0.9362018698038606,1,0.8936128918450172,1,0.9460967,1,0.9687448539512304,4,1,0.9361640834778546,1.0
O=[N+]([O-])c1cn2c(n1)OC(COc1ccc(-c3ccc(OC(F)(F)Br)cc3)nc1)C2,O=[N+]([O-])c1cn2c(n1)OC(COc1ccc(-c3ccc(OC(F)(F)F)cc3)nc1)C2,F->Br,1,0.8099012828706859,1,0.8078492894673165,1,0.8963839,1,0.9210519611752344,4,1,0.8587966037705363,1.0
CC(F)(F)Oc1ccc(-c2ccc(OCC3Cn4cc([N+](=O)[O-])nc4O3)cn2)cc1,O=[N+]([O-])c1cn2c(n1)OC(COc1ccc(-c3ccc(OC(F)(F)F)cc3)nc1)C2,(F)->(C),1,0.8555570209520711,1,0.8541496908839156,1,0.92704433,1,0.9680225575909174,4,1,0.9011934003635849,1.0
COc1cc2nc(F)nc(NCCCCn3ccnc3[N+](=O)[O-])c2cc1OC,COc1cc2nc(Cl)nc(NCCCCn3ccnc3[N+](=O)[O-])c2cc1OC,Cl->F,1,0.6654351894880851,1,0.8982039261038164,1,0.74355835,1,0.7790439141938036,4,1,0.7715603442527236,1.0
COc1cc2nc(Br)nc(NCCCCn3ccnc3[N+](=O)[O-])c2cc1OC,COc1cc2nc(Cl)nc(NCCCCn3ccnc3[N+](=O)[O-])c2cc1OC,Cl->Br,1,0.6293259947259678,1,0.8361017204690939,1,0.8226783,1,0.8497466492471761,4,1,0.7844631730006657,1.0
COc1cc2nc(Cl)nc(NCCCCn3ccnc3[N+](=O)[O-])c2cc1O,COc1cc2nc(Cl)nc(NCCCCn3ccnc3[N+](=O)[O-])c2cc1OC,OC->O,1,0.6762710753984629,1,0.8730294560099381,1,0.9165124,1,0.8987921136572264,4,1,0.8411512686949576,1.0
CN1C2CCC1CC(=NOC(Cc1ccccc1)c1ccc(F)cc1)C2,CN1C2CCC1CC(=NOC(Cc1ccccc1)c1ccc(Cl)cc1)C2,Cl->F,1,0.748678541060746,1,0.8488313176045108,1,0.9169004,1,0.9550940857876837,4,1,0.8673760851999965,1.0
CN1C2CCC1CC(=NOC(Cc1ccccc1)c1ccc(Br)cc1)C2,CN1C2CCC1CC(=NOC(Cc1ccccc1)c1ccc(Cl)cc1)C2,Cl->Br,1,0.8773739499238629,1,0.8527826899581539,1,0.9856624,1,0.989112108462083,4,1,0.9262327872666508,1.0
O=[N+]([O-])c1cn2c(n1)OC(COc1ccc(-c3ccc(Cl)cc3F)nc1)CC2,O=[N+]([O-])c1cn2c(n1)OC(COc1ccc(-c3ccc(F)cc3F)nc1)CC2,F->Cl,1,0.9735423737159755,1,0.9245768227440176,1,0.9880471,1,0.9974049768919387,4,1,0.9708928240768135,1.0
O=[N+]([O-])c1cn2c(n1)OC(COc1ccc(-c3ccc(Br)cc3F)nc1)CC2,O=[N+]([O-])c1cn2c(n1)OC(COc1ccc(-c3ccc(F)cc3F)nc1)CC2,F->Br,1,0.8800887786293843,1,0.784589856269872,1,0.97940296,1,0.9893207325325123,4,1,0.9083505816946349,1.0
Cc1ccc(-c2ccc(OCC3CCn4cc([N+](=O)[O-])nc4O3)cn2)c(F)c1,O=[N+]([O-])c1cn2c(n1)OC(COc1ccc(-c3ccc(F)cc3F)nc1)CC2,(F)->(C),1,0.9639772169992963,1,0.8817547921487383,1,0.9864659,1,0.992357186393586,4,1,0.9561387667189242,1.0
O=C(CC1CCCCC1)c1ccc(OC(F)Cl)c(OC2CCOC2)c1,O=C(CC1CCCCC1)c1ccc(OC(F)F)c(OC2CCOC2)c1,F->Cl,1,0.6395974047195341,1,0.923428983841191,1,0.90760726,1,0.9302814942476538,4,1,0.8502287850436399,1.0
O=C(CC1CCCCC1)c1ccc(OC(F)Br)c(OC2CCOC2)c1,O=C(CC1CCCCC1)c1ccc(OC(F)F)c(OC2CCOC2)c1,F->Br,1,0.5822490538653003,1,0.8429930928621141,1,0.87255996,1,0.8881720599475075,4,1,0.7964935428329379,1.0
CC(F)Oc1ccc(C(=O)CC2CCCCC2)cc1OC1CCOC1,O=C(CC1CCCCC1)c1ccc(OC(F)F)c(OC2CCOC2)c1,(F)->(C),1,0.6032821178681331,1,0.9075104684978516,1,0.92826957,1,0.960179044431171,4,1,0.8498102989756484,1.0
CC(F)=CCc1cc(O)c2c(=O)c3cccc(O)c3oc2c1O,CC(C)=CCc1cc(O)c2c(=O)c3cccc(O)c3oc2c1O,(C)->(F),0,0.3312040245141398,1,0.7956583637903045,0,0.36788377,0,0.40269254079029143,1,0,0.4743596751881699,0.25
CC(Cl)=CCc1cc(O)c2c(=O)c3cccc(O)c3oc2c1O,CC(C)=CCc1cc(O)c2c(=O)c3cccc(O)c3oc2c1O,(C)->(Cl),0,0.39863161454683393,1,0.8463685088377766,0,0.36183837,1,0.584388986576628,2,0,0.5478068701307096,0.5
CC(C)=CCc1cc(N)c2c(=O)c3cccc(O)c3oc2c1O,CC(C)=CCc1cc(O)c2c(=O)c3cccc(O)c3oc2c1O,(O)->(N),0,0.37224362743226513,1,0.8333848226440707,0,0.4663529,1,0.7052119941653098,2,0,0.594298338511259,0.5
CC(C)(F)OC(=O)N[C@H]1Cc2ccc(cc2)Oc2ccc(cc2NC(=O)c2ccccn2)C(=O)CNC(=O)[C@H](Cc2ccccc2)NC1=O,CC(C)(C)OC(=O)N[C@H]1Cc2ccc(cc2)Oc2ccc(cc2NC(=O)c2ccccn2)C(=O)CNC(=O)[C@H](Cc2ccccc2)NC1=O,(C)->(F),1,0.6178475340760592,1,0.7244201011631244,1,0.7724298,1,0.6757764345793731,4,1,0.697618473423496,1.0
CC(C)(Cl)OC(=O)N[C@H]1Cc2ccc(cc2)Oc2ccc(cc2NC(=O)c2ccccn2)C(=O)CNC(=O)[C@H](Cc2ccccc2)NC1=O,CC(C)(C)OC(=O)N[C@H]1Cc2ccc(cc2)Oc2ccc(cc2NC(=O)c2ccccn2)C(=O)CNC(=O)[C@H](Cc2ccccc2)NC1=O,(C)->(Cl),1,0.6142039311135752,1,0.7818023493918609,1,0.7939836,1,0.7566497087187165,4,1,0.7366598919765246,1.0
COc1ccc(C2SCC(=O)N2CCNc2ccnc3cc(F)ccc23)cc1OC,COc1ccc(C2SCC(=O)N2CCNc2ccnc3cc(Cl)ccc23)cc1OC,Cl->F,1,0.6841017637341262,1,0.8448110952342601,1,0.8136257,1,0.8948115297800752,4,1,0.8093375205174224,1.0
COc1ccc(C2SCC(=O)N2CCNc2ccnc3cc(Br)ccc23)cc1OC,COc1ccc(C2SCC(=O)N2CCNc2ccnc3cc(Cl)ccc23)cc1OC,Cl->Br,1,0.6600867291817604,1,0.7719301681902211,1,0.8765728,1,0.9199594689854003,4,1,0.8071372885297675,1.0
O=c1[nH]c(C=Cc2cccc(OCOc3ccccc3)c2)nc(O)c1[N+](=O)[O-],O=c1[nH]c(C=Cc2cccc(OCCOc3ccccc3)c2)nc(O)c1[N+](=O)[O-],OC->O,1,0.6821037411941139,1,0.7894343878709915,1,0.72742105,1,0.840404827255412,4,1,0.7598410004059656,1.0
Nc1nc(C=Cc2cccc(OCCOc3ccccc3)c2)[nH]c(=O)c1[N+](=O)[O-],O=c1[nH]c(C=Cc2cccc(OCCOc3ccccc3)c2)nc(O)c1[N+](=O)[O-],(O)->(N),1,0.6828570464656064,1,0.8956856379030673,1,0.88625443,1,0.9125546953768566,4,1,0.8443379523906825,1.0
CC1(CN2CCC(c3ccc(Cl)cc3)CC2)CCn2cc([N+](=O)[O-])nc2O1,CC1(CN2CCC(c3ccc(F)cc3)CC2)CCn2cc([N+](=O)[O-])nc2O1,F->Cl,1,0.8471637473156837,1,0.9030800896938742,1,0.9905404,1,0.9848128886111202,4,1,0.9313992777167387,1.0
CC1(CN2CCC(c3ccc(Br)cc3)CC2)CCn2cc([N+](=O)[O-])nc2O1,CC1(CN2CCC(c3ccc(F)cc3)CC2)CCn2cc([N+](=O)[O-])nc2O1,F->Br,1,0.7115093541199977,1,0.7888524128461579,1,0.9675012,1,0.9303363803433298,4,1,0.8495498425991991,1.0
Cc1ccc(C2CCN(CC3(C)CCn4cc([N+](=O)[O-])nc4O3)CC2)cc1,CC1(CN2CCC(c3ccc(F)cc3)CC2)CCn2cc([N+](=O)[O-])nc2O1,(F)->(C),1,0.7658599961924082,1,0.8653257998366221,1,0.97565144,1,0.9790043368741994,4,1,0.8964603939769594,1.0
CC(Oc1ccncc1)c1ncc(-c2ccc3ccccc3c2)[nH]1,CC(OCc1ccncc1)c1ncc(-c2ccc3ccccc3c2)[nH]1,OC->O,1,0.6505510715690598,1,0.8461777469683203,1,0.67162615,1,0.7941009632771033,4,1,0.7406139831056365,1.0
O=[N+]([O-])c1c(CS(=O)(=O)c2ccccc2)nc2c(Br)cc(C(F)(F)Cl)cn12,O=[N+]([O-])c1c(CS(=O)(=O)c2ccccc2)nc2c(Br)cc(C(F)(F)F)cn12,F->Cl,1,0.7217509735344247,1,0.9354130899401557,1,0.91733336,1,0.9614278520679647,4,1,0.8839813200073099,1.0
O=[N+]([O-])c1c(CS(=O)(=O)c2ccccc2)nc2c(Br)cc(C(F)(F)Br)cn12,O=[N+]([O-])c1c(CS(=O)(=O)c2ccccc2)nc2c(Br)cc(C(F)(F)F)cn12,F->Br,1,0.704588220069093,1,0.8510483581186912,1,0.9405413,1,0.9579368695519314,4,1,0.863528693684845,1.0
CC(F)(F)c1cc(Br)c2nc(CS(=O)(=O)c3ccccc3)c([N+](=O)[O-])n2c1,O=[N+]([O-])c1c(CS(=O)(=O)c2ccccc2)nc2c(Br)cc(C(F)(F)F)cn12,(F)->(C),1,0.6704599923771194,1,0.8811183283748519,1,0.8344056,1,0.9450452012761348,4,1,0.8327572807631834,1.0
CC(F)=CCC/C(C)=C/CC/C(C)=C/CC/C(C)=C/C[n+]1cn(C)c2nc[nH]/c(=N\O)c21,CC(C)=CCC/C(C)=C/CC/C(C)=C/CC/C(C)=C/C[n+]1cn(C)c2nc[nH]/c(=N\O)c21,(C)->(F),1,0.57092232477855,1,0.8487191980667216,1,0.6619827,1,0.748807057822864,4,1,0.707607823949497,1.0
CC(Cl)=CCC/C(C)=C/CC/C(C)=C/CC/C(C)=C/C[n+]1cn(C)c2nc[nH]/c(=N\O)c21,CC(C)=CCC/C(C)=C/CC/C(C)=C/CC/C(C)=C/C[n+]1cn(C)c2nc[nH]/c(=N\O)c21,(C)->(Cl),1,0.639324780108922,1,0.8757221343961927,1,0.81618774,1,0.8220206441433202,4,1,0.7883138245051721,1.0
COC(=O)c1ccc(NCc2cncn2Cc2cccc(Cl)c2)cc1-c1ccccc1,COC(=O)c1ccc(NCc2cncn2Cc2cccc(C)c2)cc1-c1ccccc1,(C)->(Cl),1,0.9477531235740849,1,0.9077724960557851,1,0.98588955,1,0.9924953672448255,4,1,0.9584776352246096,1.0
CC(F)N(C)CC(O)COc1ccc2cc(Br)ccc2c1,CC(C)N(C)CC(O)COc1ccc2cc(Br)ccc2c1,(C)->(F),0,0.3575057127203943,1,0.830235884307599,1,0.71600616,1,0.7830454209945379,3,1,0.6716982944512352,0.75
CC(Cl)N(C)CC(O)COc1ccc2cc(Br)ccc2c1,CC(C)N(C)CC(O)COc1ccc2cc(Br)ccc2c1,(C)->(Cl),0,0.43868810082291293,1,0.8461889052451145,1,0.81016475,1,0.8395407848183335,3,1,0.7336456351271765,0.75
CC(C)N(C)CC(N)COc1ccc2cc(Br)ccc2c1,CC(C)N(C)CC(O)COc1ccc2cc(Br)ccc2c1,(O)->(N),0,0.45187528407786753,1,0.7449363377001551,1,0.8020473,1,0.78969480070929,3,1,0.6971384336867467,0.75
