molecule_chembl_id,std_smiles,canonical_smiles,pIC50,activity_class,standard_type,target_organism,organism_key,scaffold,assay_chembl_id,assay_description
CHEMBL589837,CC(=O)Nc1ccc(S(=O)(=O)N2c3ccccc3CCC2C)cc1,CC(=O)Nc1ccc(S(=O)(=O)N2c3ccccc3CCC2C)cc1,4.29,Inactive,IC50,Leishmania donovani,L_donovani,O=S(=O)(c1ccccc1)N1CCCc2ccccc21,CHEMBL1073485,Antileishmanial activity against Leishmania donovani infected in rat L6 cells
CHEMBL116,CC(C)CN(C[C@@H](O)[C@H](Cc1ccccc1)NC(=O)O[C@H]1CCOC1)S(=O)(=O)c1ccc(N)cc1,CC(C)CN(C[C@@H](O)[C@H](Cc1ccccc1)NC(=O)O[C@H]1CCOC1)S(=O)(=O)c1ccc(N)cc1,3.948731681129615,Inactive,IC50,Leishmania donovani,L_donovani,O=C(N[C@H](CCNS(=O)(=O)c1ccccc1)Cc1ccccc1)O[C@H]1CCOC1,CHEMBL3392942,"DNDI: Leish (axenic) in Vitro, 72 hour"
CHEMBL1323,CC(C)CN(C[C@@H](O)[C@H](Cc1ccccc1)NC(=O)O[C@H]1CO[C@H]2OCC[C@H]21)S(=O)(=O)c1ccc(N)cc1,CC(C)CN(C[C@@H](O)[C@H](Cc1ccccc1)NC(=O)O[C@H]1CO[C@H]2OCC[C@H]21)S(=O)(=O)c1ccc(N)cc1,3.902187592634711,Inactive,IC50,Leishmania donovani,L_donovani,O=C(N[C@H](CCNS(=O)(=O)c1ccccc1)Cc1ccccc1)O[C@H]1CO[C@H]2OCC[C@H]21,CHEMBL3392942,"DNDI: Leish (axenic) in Vitro, 72 hour"
CHEMBL3431092,CC(C)COC(=O)Nc1ccc(N2CCC(CNS(=O)(=O)c3ccccc3)CC2)c(F)c1,CC(C)COC(=O)Nc1ccc(N2CCC(CNS(=O)(=O)c3ccccc3)CC2)c(F)c1,5.7,Active,IC50,Leishmania donovani,L_donovani,O=S(=O)(NCC1CCN(c2ccccc2)CC1)c1ccccc1,CHEMBL3431451,"GSK_TCAKS: pIC50 Leishmania donovani Imaging: Infected Macrophages. Assay plates (384-well) were prepared by adding 250nL of compound to each well. For single shot assay, the final compound concentration was 5 uM. For potency determinations, eleven-point one in three dilution curves were generated with a top concentration of 50 uM. Two exposure images were taken for each well using 405 nm and 488 nm laser excitation. Automated image analysis was performed with a script developed on Acapella High Content Imaging and Analysis Software (PerkinElmer). Output: Percent of infected macrophage cells were reported for each well."
CHEMBL4529700,CC(C)CS(=O)(=O)N[C@H]1CC[C@H](Nc2ncc3c(-c4ccccn4)[nH]nc3n2)CC1,CC(C)CS(=O)(=O)N[C@H]1CC[C@H](Nc2ncc3c(-c4ccccn4)n[nH]c3n2)CC1,7.1,Active,EC50,Leishmania donovani,L_donovani,c1ccc(-c2[nH]nc3nc(NC4CCCCC4)ncc23)nc1,CHEMBL4369850,Antileishmanial activity against Leishmania donovani axenic amastigote infected in human THP1 cells by intramacrophage assay
CHEMBL4440539,CC(C)CS(=O)(=O)N[C@H]1CC[C@H](Nc2ncc3c(N4CCOCC4)[nH]nc3n2)CC1,CC(C)CS(=O)(=O)N[C@H]1CC[C@H](Nc2ncc3c(N4CCOCC4)n[nH]c3n2)CC1,6.3,Active,EC50,Leishmania donovani,L_donovani,c1nc(NC2CCCCC2)nc2n[nH]c(N3CCOCC3)c12,CHEMBL4369850,Antileishmanial activity against Leishmania donovani axenic amastigote infected in human THP1 cells by intramacrophage assay
CHEMBL4476391,CC(C)CS(=O)(=O)N[C@H]1CC[C@H](Nc2ncc3c(Oc4ccccc4)[nH]nc3n2)CC1,CC(C)CS(=O)(=O)N[C@H]1CC[C@H](Nc2ncc3c(Oc4ccccc4)n[nH]c3n2)CC1,7.7,Active,EC50,Leishmania donovani,L_donovani,c1ccc(Oc2[nH]nc3nc(NC4CCCCC4)ncc23)cc1,CHEMBL4369850,Antileishmanial activity against Leishmania donovani axenic amastigote infected in human THP1 cells by intramacrophage assay
CHEMBL4795691,CC(C)Cc1[nH]nc2nc(NC3CCN(S(=O)(=O)Cc4ccccc4)CC3)ncc12,CC(C)Cc1n[nH]c2nc(NC3CCN(S(=O)(=O)Cc4ccccc4)CC3)ncc12,4.9,Inactive,EC50,Leishmania donovani,L_donovani,O=S(=O)(Cc1ccccc1)N1CCC(Nc2ncc3c[nH]nc3n2)CC1,CHEMBL4673626,Antileishmanial activity against promastigote stage of Leishmania donovani infected in human THP-1 cells incubated for 72 hrs by resazurin dye based assay
CHEMBL4587581,CC(C)Cc1[nH]nc2nc(N[C@H]3CC[C@@H](NS(=O)(=O)CC(C)C)CC3)ncc12,CC(C)Cc1n[nH]c2nc(N[C@H]3CC[C@@H](NS(=O)(=O)CC(C)C)CC3)ncc12,6.2,Active,EC50,Leishmania donovani,L_donovani,c1nc(NC2CCCCC2)nc2n[nH]cc12,CHEMBL4369850,Antileishmanial activity against Leishmania donovani axenic amastigote infected in human THP1 cells by intramacrophage assay
CHEMBL4533328,CC(C)Cc1[nH]nc2nc(N[C@H]3CC[C@@H](NS(=O)(=O)Cc4ccccc4)CC3)ncc12,CC(C)Cc1n[nH]c2nc(N[C@H]3CC[C@@H](NS(=O)(=O)Cc4ccccc4)CC3)ncc12,4.7,Inactive,EC50,Leishmania donovani,L_donovani,O=S(=O)(Cc1ccccc1)N[C@H]1CC[C@@H](Nc2ncc3c[nH]nc3n2)CC1,CHEMBL4369850,Antileishmanial activity against Leishmania donovani axenic amastigote infected in human THP1 cells by intramacrophage assay
CHEMBL4483752,CC(C)Cc1[nH]nc2nc(N[C@H]3CC[C@H](NS(=O)(=O)CCC(F)(F)F)CC3)ncc12,CC(C)Cc1n[nH]c2nc(N[C@H]3CC[C@H](NS(=O)(=O)CCC(F)(F)F)CC3)ncc12,5.9,Active,EC50,Leishmania donovani,L_donovani,c1nc(NC2CCCCC2)nc2n[nH]cc12,CHEMBL4369850,Antileishmanial activity against Leishmania donovani axenic amastigote infected in human THP1 cells by intramacrophage assay
CHEMBL4564231,CC(C)Cc1[nH]nc2nc(N[C@H]3CC[C@H](NS(=O)(=O)Cc4ccccc4)CC3)ncc12,CC(C)Cc1n[nH]c2nc(N[C@H]3CC[C@H](NS(=O)(=O)Cc4ccccc4)CC3)ncc12,6.15,Active,EC50,Leishmania donovani,L_donovani,O=S(=O)(Cc1ccccc1)N[C@H]1CC[C@H](Nc2ncc3c[nH]nc3n2)CC1,CHEMBL4369850,Antileishmanial activity against Leishmania donovani axenic amastigote infected in human THP1 cells by intramacrophage assay
CHEMBL3431355,CC(CNS(=O)(=O)c1ccc(OC(F)F)cc1)c1ccc(NC(=O)c2ccncc2)cc1,CC(CNS(=O)(=O)c1ccc(OC(F)F)cc1)c1ccc(NC(=O)c2ccncc2)cc1,5.05,Active,IC50,Leishmania donovani,L_donovani,O=C(Nc1ccc(CCNS(=O)(=O)c2ccccc2)cc1)c1ccncc1,CHEMBL3431452,"GSK_TCAKS: pIC50 Leishmania donovani Imaging: Amastigotes/Macrophages. Assay plates (384-well) were prepared by adding 250nL of compound to each well. For single shot assay, the final compound concentration was 5 uM. For potency determinations, eleven-point one in three dilution curves were generated with a top concentration of 50 uM. Two exposure images were taken for each well using 405 nm and 488 nm laser excitation. Automated image analysis was performed with a script developed on Acapella High Content Imaging and Analysis Software (PerkinElmer). Output: Average number of amastigotes per macrophage cell were reported for each well."
CHEMBL591981,CC1CCc2ccccc2N1S(=O)(=O)c1ccc(Br)cc1,CC1CCc2ccccc2N1S(=O)(=O)c1ccc(Br)cc1,4.67,Inactive,IC50,Leishmania donovani,L_donovani,O=S(=O)(c1ccccc1)N1CCCc2ccccc21,CHEMBL1073485,Antileishmanial activity against Leishmania donovani infected in rat L6 cells
CHEMBL4075894,CC1CCc2ccccc2N1S(=O)(=O)c1ccc(C(C)(C)C)cc1,CC1CCc2ccccc2N1S(=O)(=O)c1ccc(C(C)(C)C)cc1,5.67,Active,IC50,Leishmania donovani,L_donovani,O=S(=O)(c1ccccc1)N1CCCc2ccccc21,CHEMBL4045491,Antiparasitic activity against Leishmania donovani MHOM-ET-67/L82 axenic amastigotes after 72 hrs by Alamar blue assay
CHEMBL591980,CC1CCc2ccccc2N1S(=O)(=O)c1ccc(Cl)cc1,CC1CCc2ccccc2N1S(=O)(=O)c1ccc(Cl)cc1,4.72,Inactive,IC50,Leishmania donovani,L_donovani,O=S(=O)(c1ccccc1)N1CCCc2ccccc21,CHEMBL1073485,Antileishmanial activity against Leishmania donovani infected in rat L6 cells
CHEMBL591979,CC1CCc2ccccc2N1S(=O)(=O)c1ccc(F)cc1,CC1CCc2ccccc2N1S(=O)(=O)c1ccc(F)cc1,3.7771015273905784,Inactive,IC50,Leishmania donovani,L_donovani,O=S(=O)(c1ccccc1)N1CCCc2ccccc21,CHEMBL1073485,Antileishmanial activity against Leishmania donovani infected in rat L6 cells
CHEMBL600838,CC1CCc2ccccc2N1S(=O)(=O)c1ccc(N)cc1,CC1CCc2ccccc2N1S(=O)(=O)c1ccc(N)cc1,4.25,Inactive,IC50,Leishmania donovani,L_donovani,O=S(=O)(c1ccccc1)N1CCCc2ccccc21,CHEMBL1073485,Antileishmanial activity against Leishmania donovani infected in rat L6 cells
CHEMBL589568,CC1CCc2ccccc2N1S(=O)(=O)c1cccc([N+](=O)[O-])c1,CC1CCc2ccccc2N1S(=O)(=O)c1cccc([N+](=O)[O-])c1,4.6,Inactive,IC50,Leishmania donovani,L_donovani,O=S(=O)(c1ccccc1)N1CCCc2ccccc21,CHEMBL1073485,Antileishmanial activity against Leishmania donovani infected in rat L6 cells
CHEMBL589836,CC1CCc2ccccc2N1S(=O)(=O)c1ccccc1,CC1CCc2ccccc2N1S(=O)(=O)c1ccccc1,3.7591513415146394,Inactive,IC50,Leishmania donovani,L_donovani,O=S(=O)(c1ccccc1)N1CCCc2ccccc21,CHEMBL1073485,Antileishmanial activity against Leishmania donovani infected in rat L6 cells
CHEMBL3431036,CC1CN(S(=O)(=O)c2ccc(NC(=O)c3cc(C4CC4)nc4c3cnn4C(C)C)cc2)CC(C)O1,CC1CN(S(=O)(=O)c2ccc(NC(=O)c3cc(C4CC4)nc4c3cnn4C(C)C)cc2)CC(C)O1,4.85,Inactive,IC50,Leishmania donovani,L_donovani,O=C(Nc1ccc(S(=O)(=O)N2CCOCC2)cc1)c1cc(C2CC2)nc2[nH]ncc12,CHEMBL3431453,"GSK_TCAKS: pIC50 Leishmania donovani Imaging: THP-1 Host Macrophages. Assay plates (384-well) were prepared by adding 250nL of compound to each well. For single shot assay, the final compound concentration was 5 uM. For potency determinations, eleven-point one in three dilution curves were generated with a top concentration of 50 uM. Two exposure images were taken for each well using 405 nm and 488 nm laser excitation. Automated image analysis was performed with a script developed on Acapella High Content Imaging and Analysis Software (PerkinElmer). Output: THP-1 cell count were reported for each well."
CHEMBL4574526,CC1COCCN1c1[nH]nc2nc(N[C@H]3CC[C@H](NS(=O)(=O)CCC(F)(F)F)CC3)ncc12,CC1COCCN1c1n[nH]c2nc(N[C@H]3CC[C@H](NS(=O)(=O)CCC(F)(F)F)CC3)ncc12,5.65,Active,EC50,Leishmania donovani,L_donovani,c1nc(NC2CCCCC2)nc2n[nH]c(N3CCOCC3)c12,CHEMBL4369850,Antileishmanial activity against Leishmania donovani axenic amastigote infected in human THP1 cells by intramacrophage assay
CHEMBL4094002,CC1Cc2ccccc2N1S(=O)(=O)c1ccc(C(C)(C)C)cc1,CC1Cc2ccccc2N1S(=O)(=O)c1ccc(C(C)(C)C)cc1,5.82,Active,IC50,Leishmania donovani,L_donovani,O=S(=O)(c1ccccc1)N1CCc2ccccc21,CHEMBL4045491,Antiparasitic activity against Leishmania donovani MHOM-ET-67/L82 axenic amastigotes after 72 hrs by Alamar blue assay
CHEMBL3431162,CCC1Oc2cc(S(=O)(=O)N(C)CC(=O)N3CCc4ccccc4C3)c(C)cc2NC1=O,CCC1Oc2cc(S(=O)(=O)N(C)CC(=O)N3CCc4ccccc4C3)c(C)cc2NC1=O,4.5,Inactive,IC50,Leishmania donovani,L_donovani,O=C1COc2cc(S(=O)(=O)NCC(=O)N3CCc4ccccc4C3)ccc2N1,CHEMBL3431452,"GSK_TCAKS: pIC50 Leishmania donovani Imaging: Amastigotes/Macrophages. Assay plates (384-well) were prepared by adding 250nL of compound to each well. For single shot assay, the final compound concentration was 5 uM. For potency determinations, eleven-point one in three dilution curves were generated with a top concentration of 50 uM. Two exposure images were taken for each well using 405 nm and 488 nm laser excitation. Automated image analysis was performed with a script developed on Acapella High Content Imaging and Analysis Software (PerkinElmer). Output: Average number of amastigotes per macrophage cell were reported for each well."
CHEMBL54078,CCCCCCN(CCCCCC)S(=O)(=O)c1cc([N+](=O)[O-])c(N(CCC)CCC)c([N+](=O)[O-])c1,CCCCCCN(CCCCCC)S(=O)(=O)c1cc([N+](=O)[O-])c(N(CCC)CCC)c([N+](=O)[O-])c1,4.0,Inactive,IC50,Leishmania donovani,L_donovani,c1ccccc1,CHEMBL1217009,Antimicrobial activity against Leishmania donovani
CHEMBL78530,CCCCCCN(CCCCCC)c1c([N+](=O)[O-])cc(S(N)(=O)=O)cc1[N+](=O)[O-],CCCCCCN(CCCCCC)c1c([N+](=O)[O-])cc(S(N)(=O)=O)cc1[N+](=O)[O-],4.92,Inactive,IC50,Leishmania donovani,L_donovani,c1ccccc1,CHEMBL712526,Inhibitory activity against Leishmania donovani promastigotes
CHEMBL52127,CCCCCCNS(=O)(=O)c1cc([N+](=O)[O-])c(N(CCC)CCC)c([N+](=O)[O-])c1,CCCCCCNS(=O)(=O)c1cc([N+](=O)[O-])c(N(CCC)CCC)c([N+](=O)[O-])c1,4.58,Inactive,IC50,Leishmania donovani,L_donovani,c1ccccc1,CHEMBL712536,Inhibitory concentration against Leishmania donovani axenic amastigotes was determined in vitro
CHEMBL80689,CCCCCN(CCCCC)c1c([N+](=O)[O-])cc(S(N)(=O)=O)cc1[N+](=O)[O-],CCCCCN(CCCCC)c1c([N+](=O)[O-])cc(S(N)(=O)=O)cc1[N+](=O)[O-],5.05,Active,IC50,Leishmania donovani,L_donovani,c1ccccc1,CHEMBL712526,Inhibitory activity against Leishmania donovani promastigotes
CHEMBL54012,CCCCCNS(=O)(=O)c1cc([N+](=O)[O-])c(N(CCC)CCC)c([N+](=O)[O-])c1,CCCCCNS(=O)(=O)c1cc([N+](=O)[O-])c(N(CCC)CCC)c([N+](=O)[O-])c1,4.37,Inactive,IC50,Leishmania donovani,L_donovani,c1ccccc1,CHEMBL712536,Inhibitory concentration against Leishmania donovani axenic amastigotes was determined in vitro
CHEMBL4751773,CCCCCOc1cc(C)c(C)cc1S(=O)(=O)NC1CCCC1,CCCCCOc1cc(C)c(C)cc1S(=O)(=O)NC1CCCC1,4.92,Inactive,IC50,Leishmania donovani,L_donovani,O=S(=O)(NC1CCCC1)c1ccccc1,CHEMBL4673567,Antileishmanial activity against amastigote stage of Leishmania donovani MHOM/ET/67/L82 infected in mouse peritoneal macrophage assessed as parasite growth inhibition incubated for 5 days by Giemsa staining based microscopic analysis
CHEMBL4790550,CCCCCOc1cc(C)c(Cl)cc1S(=O)(=O)NCc1cccs1,CCCCCOc1cc(C)c(Cl)cc1S(=O)(=O)NCc1cccs1,5.36,Active,IC50,Leishmania donovani,L_donovani,O=S(=O)(NCc1cccs1)c1ccccc1,CHEMBL4673567,Antileishmanial activity against amastigote stage of Leishmania donovani MHOM/ET/67/L82 infected in mouse peritoneal macrophage assessed as parasite growth inhibition incubated for 5 days by Giemsa staining based microscopic analysis
CHEMBL52905,CCCCN(CCCC)S(=O)(=O)c1cc([N+](=O)[O-])c(N(CCC)CCC)c([N+](=O)[O-])c1,CCCCN(CCCC)S(=O)(=O)c1cc([N+](=O)[O-])c(N(CCC)CCC)c([N+](=O)[O-])c1,4.32,Inactive,IC50,Leishmania donovani,L_donovani,c1ccccc1,CHEMBL712536,Inhibitory concentration against Leishmania donovani axenic amastigotes was determined in vitro
CHEMBL393580,CCCCN(CCCC)c1c(C#N)cc(S(=O)(=O)Nc2ccccc2)cc1C#N,CCCCN(CCCC)c1c(C#N)cc(S(=O)(=O)Nc2ccccc2)cc1C#N,5.36,Active,IC50,Leishmania donovani,L_donovani,O=S(=O)(Nc1ccccc1)c1ccccc1,CHEMBL896686,Growth inhibition against Leishmania donovani
CHEMBL236826,CCCCN(CCCC)c1c(C(C)=O)cc(S(=O)(=O)Nc2ccccc2)cc1C(C)=O,CCCCN(CCCC)c1c(C(C)=O)cc(S(=O)(=O)Nc2ccccc2)cc1C(C)=O,4.52,Inactive,IC50,Leishmania donovani,L_donovani,O=S(=O)(Nc1ccccc1)c1ccccc1,CHEMBL896686,Growth inhibition against Leishmania donovani
CHEMBL393396,CCCCN(CCCC)c1c(Cl)cc(S(=O)(=O)Nc2ccccc2)cc1Cl,CCCCN(CCCC)c1c(Cl)cc(S(=O)(=O)Nc2ccccc2)cc1Cl,4.96,Inactive,IC50,Leishmania donovani,L_donovani,O=S(=O)(Nc1ccccc1)c1ccccc1,CHEMBL896686,Growth inhibition against Leishmania donovani
CHEMBL236160,CCCCN(CCCC)c1c(N)cc(S(=O)(=O)Nc2ccccc2)cc1N,CCCCN(CCCC)c1c(N)cc(S(=O)(=O)Nc2ccccc2)cc1N,4.92,Inactive,IC50,Leishmania donovani,L_donovani,O=S(=O)(Nc1ccccc1)c1ccccc1,CHEMBL896686,Growth inhibition against Leishmania donovani
CHEMBL212331,CCCCN(CCCC)c1c([N+](=O)[O-])cc(S(=O)(=O)Nc2ccc(F)cc2)cc1[N+](=O)[O-],CCCCN(CCCC)c1c([N+](=O)[O-])cc(S(=O)(=O)Nc2ccc(F)cc2)cc1[N+](=O)[O-],5.25,Active,IC50,Leishmania donovani,L_donovani,O=S(=O)(Nc1ccccc1)c1ccccc1,CHEMBL853376,Antileishmanial activity against Leishmania donovani axenic amastigotes
CHEMBL212263,CCCCN(CCCC)c1c([N+](=O)[O-])cc(S(=O)(=O)Nc2cccc(F)c2)cc1[N+](=O)[O-],CCCCN(CCCC)c1c([N+](=O)[O-])cc(S(=O)(=O)Nc2cccc(F)c2)cc1[N+](=O)[O-],5.24,Active,IC50,Leishmania donovani,L_donovani,O=S(=O)(Nc1ccccc1)c1ccccc1,CHEMBL853376,Antileishmanial activity against Leishmania donovani axenic amastigotes
CHEMBL55225,CCCCN(CCCC)c1c([N+](=O)[O-])cc(S(=O)(=O)Nc2ccccc2)cc1[N+](=O)[O-],CCCCN(CCCC)c1c([N+](=O)[O-])cc(S(=O)(=O)Nc2ccccc2)cc1[N+](=O)[O-],5.58,Active,IC50,Leishmania donovani,L_donovani,O=S(=O)(Nc1ccccc1)c1ccccc1,CHEMBL712536,Inhibitory concentration against Leishmania donovani axenic amastigotes was determined in vitro
CHEMBL78502,CCCCN(CCCC)c1c([N+](=O)[O-])cc(S(N)(=O)=O)cc1[N+](=O)[O-],CCCCN(CCCC)c1c([N+](=O)[O-])cc(S(N)(=O)=O)cc1[N+](=O)[O-],4.7,Inactive,IC50,Leishmania donovani,L_donovani,c1ccccc1,CHEMBL712526,Inhibitory activity against Leishmania donovani promastigotes
CHEMBL299414,CCCCNS(=O)(=O)c1cc([N+](=O)[O-])c(N(CCC)CCC)c([N+](=O)[O-])c1,CCCCNS(=O)(=O)c1cc([N+](=O)[O-])c(N(CCC)CCC)c([N+](=O)[O-])c1,4.3,Inactive,IC50,Leishmania donovani,L_donovani,c1ccccc1,CHEMBL712536,Inhibitory concentration against Leishmania donovani axenic amastigotes was determined in vitro
CHEMBL296401,CCCN(CCC)c1c([N+](=O)[O-])cc(S(=O)(=O)N(C)C)cc1[N+](=O)[O-],CCCN(CCC)c1c([N+](=O)[O-])cc(S(=O)(=O)N(C)C)cc1[N+](=O)[O-],4.0,Inactive,IC50,Leishmania donovani,L_donovani,c1ccccc1,CHEMBL1217009,Antimicrobial activity against Leishmania donovani
CHEMBL298397,CCCN(CCC)c1c([N+](=O)[O-])cc(S(=O)(=O)N(C)c2ccccc2)cc1[N+](=O)[O-],CCCN(CCC)c1c([N+](=O)[O-])cc(S(=O)(=O)N(C)c2ccccc2)cc1[N+](=O)[O-],4.68,Inactive,IC50,Leishmania donovani,L_donovani,O=S(=O)(Nc1ccccc1)c1ccccc1,CHEMBL712536,Inhibitory concentration against Leishmania donovani axenic amastigotes was determined in vitro
CHEMBL299079,CCCN(CCC)c1c([N+](=O)[O-])cc(S(=O)(=O)N(CC)CC)cc1[N+](=O)[O-],CCCN(CCC)c1c([N+](=O)[O-])cc(S(=O)(=O)N(CC)CC)cc1[N+](=O)[O-],4.57,Inactive,IC50,Leishmania donovani,L_donovani,c1ccccc1,CHEMBL712536,Inhibitory concentration against Leishmania donovani axenic amastigotes was determined in vitro
CHEMBL51330,CCCN(CCC)c1c([N+](=O)[O-])cc(S(=O)(=O)N(CCC)CCC)cc1[N+](=O)[O-],CCCN(CCC)c1c([N+](=O)[O-])cc(S(=O)(=O)N(CCC)CCC)cc1[N+](=O)[O-],4.26,Inactive,IC50,Leishmania donovani,L_donovani,c1ccccc1,CHEMBL712536,Inhibitory concentration against Leishmania donovani axenic amastigotes was determined in vitro
CHEMBL52478,CCCN(CCC)c1c([N+](=O)[O-])cc(S(=O)(=O)N(c2ccccc2)c2ccccc2)cc1[N+](=O)[O-],CCCN(CCC)c1c([N+](=O)[O-])cc(S(=O)(=O)N(c2ccccc2)c2ccccc2)cc1[N+](=O)[O-],4.0,Inactive,IC50,Leishmania donovani,L_donovani,O=S(=O)(c1ccccc1)N(c1ccccc1)c1ccccc1,CHEMBL1217009,Antimicrobial activity against Leishmania donovani
CHEMBL51916,CCCN(CCC)c1c([N+](=O)[O-])cc(S(=O)(=O)N2CCCC2)cc1[N+](=O)[O-],CCCN(CCC)c1c([N+](=O)[O-])cc(S(=O)(=O)N2CCCC2)cc1[N+](=O)[O-],4.33,Inactive,IC50,Leishmania donovani,L_donovani,O=S(=O)(c1ccccc1)N1CCCC1,CHEMBL712536,Inhibitory concentration against Leishmania donovani axenic amastigotes was determined in vitro
CHEMBL52017,CCCN(CCC)c1c([N+](=O)[O-])cc(S(=O)(=O)N2CCOCC2)cc1[N+](=O)[O-],CCCN(CCC)c1c([N+](=O)[O-])cc(S(=O)(=O)N2CCOCC2)cc1[N+](=O)[O-],4.0,Inactive,IC50,Leishmania donovani,L_donovani,O=S(=O)(c1ccccc1)N1CCOCC1,CHEMBL1217009,Antimicrobial activity against Leishmania donovani
CHEMBL53586,CCCN(CCC)c1c([N+](=O)[O-])cc(S(=O)(=O)NC(C)C)cc1[N+](=O)[O-],CCCN(CCC)c1c([N+](=O)[O-])cc(S(=O)(=O)NC(C)C)cc1[N+](=O)[O-],4.0,Inactive,IC50,Leishmania donovani,L_donovani,c1ccccc1,CHEMBL1217009,Antimicrobial activity against Leishmania donovani
CHEMBL53263,CCCN(CCC)c1c([N+](=O)[O-])cc(S(=O)(=O)NC)cc1[N+](=O)[O-],CCCN(CCC)c1c([N+](=O)[O-])cc(S(=O)(=O)NC)cc1[N+](=O)[O-],4.0,Inactive,IC50,Leishmania donovani,L_donovani,c1ccccc1,CHEMBL1217009,Antimicrobial activity against Leishmania donovani
CHEMBL298362,CCCN(CCC)c1c([N+](=O)[O-])cc(S(=O)(=O)NC2CC2)cc1[N+](=O)[O-],CCCN(CCC)c1c([N+](=O)[O-])cc(S(=O)(=O)NC2CC2)cc1[N+](=O)[O-],4.37,Inactive,IC50,Leishmania donovani,L_donovani,O=S(=O)(NC1CC1)c1ccccc1,CHEMBL712536,Inhibitory concentration against Leishmania donovani axenic amastigotes was determined in vitro
CHEMBL431345,CCCN(CCC)c1c([N+](=O)[O-])cc(S(=O)(=O)NC2CCCC2)cc1[N+](=O)[O-],CCCN(CCC)c1c([N+](=O)[O-])cc(S(=O)(=O)NC2CCCC2)cc1[N+](=O)[O-],4.3,Inactive,IC50,Leishmania donovani,L_donovani,O=S(=O)(NC1CCCC1)c1ccccc1,CHEMBL712536,Inhibitory concentration against Leishmania donovani axenic amastigotes was determined in vitro
CHEMBL53423,CCCN(CCC)c1c([N+](=O)[O-])cc(S(=O)(=O)NCC)cc1[N+](=O)[O-],CCCN(CCC)c1c([N+](=O)[O-])cc(S(=O)(=O)NCC)cc1[N+](=O)[O-],4.0,Inactive,IC50,Leishmania donovani,L_donovani,c1ccccc1,CHEMBL1217009,Antimicrobial activity against Leishmania donovani
CHEMBL298564,CCCN(CCC)c1c([N+](=O)[O-])cc(S(=O)(=O)Nc2cc(Cl)cc(Cl)c2)cc1[N+](=O)[O-],CCCN(CCC)c1c([N+](=O)[O-])cc(S(=O)(=O)Nc2cc(Cl)cc(Cl)c2)cc1[N+](=O)[O-],5.43,Active,IC50,Leishmania donovani,L_donovani,O=S(=O)(Nc1ccccc1)c1ccccc1,CHEMBL712536,Inhibitory concentration against Leishmania donovani axenic amastigotes was determined in vitro
CHEMBL52182,CCCN(CCC)c1c([N+](=O)[O-])cc(S(=O)(=O)Nc2ccc(C)cc2)cc1[N+](=O)[O-],CCCN(CCC)c1c([N+](=O)[O-])cc(S(=O)(=O)Nc2ccc(C)cc2)cc1[N+](=O)[O-],4.5,Inactive,IC50,Leishmania donovani,L_donovani,O=S(=O)(Nc1ccccc1)c1ccccc1,CHEMBL712536,Inhibitory concentration against Leishmania donovani axenic amastigotes was determined in vitro
CHEMBL51746,CCCN(CCC)c1c([N+](=O)[O-])cc(S(=O)(=O)Nc2ccc(Cl)c(Cl)c2)cc1[N+](=O)[O-],CCCN(CCC)c1c([N+](=O)[O-])cc(S(=O)(=O)Nc2ccc(Cl)c(Cl)c2)cc1[N+](=O)[O-],5.3,Active,IC50,Leishmania donovani,L_donovani,O=S(=O)(Nc1ccccc1)c1ccccc1,CHEMBL712536,Inhibitory concentration against Leishmania donovani axenic amastigotes was determined in vitro
CHEMBL298557,CCCN(CCC)c1c([N+](=O)[O-])cc(S(=O)(=O)Nc2ccc(Cl)cc2)cc1[N+](=O)[O-],CCCN(CCC)c1c([N+](=O)[O-])cc(S(=O)(=O)Nc2ccc(Cl)cc2)cc1[N+](=O)[O-],4.89,Inactive,IC50,Leishmania donovani,L_donovani,O=S(=O)(Nc1ccccc1)c1ccccc1,CHEMBL712536,Inhibitory concentration against Leishmania donovani axenic amastigotes was determined in vitro
CHEMBL54952,CCCN(CCC)c1c([N+](=O)[O-])cc(S(=O)(=O)Nc2ccc(OC)cc2)cc1[N+](=O)[O-],CCCN(CCC)c1c([N+](=O)[O-])cc(S(=O)(=O)Nc2ccc(OC)cc2)cc1[N+](=O)[O-],4.5,Inactive,IC50,Leishmania donovani,L_donovani,O=S(=O)(Nc1ccccc1)c1ccccc1,CHEMBL712536,Inhibitory concentration against Leishmania donovani axenic amastigotes was determined in vitro
CHEMBL52597,CCCN(CCC)c1c([N+](=O)[O-])cc(S(=O)(=O)Nc2cccc(C)c2)cc1[N+](=O)[O-],CCCN(CCC)c1c([N+](=O)[O-])cc(S(=O)(=O)Nc2cccc(C)c2)cc1[N+](=O)[O-],4.64,Inactive,IC50,Leishmania donovani,L_donovani,O=S(=O)(Nc1ccccc1)c1ccccc1,CHEMBL712536,Inhibitory concentration against Leishmania donovani axenic amastigotes was determined in vitro
CHEMBL53033,CCCN(CCC)c1c([N+](=O)[O-])cc(S(=O)(=O)Nc2cccc(Cl)c2)cc1[N+](=O)[O-],CCCN(CCC)c1c([N+](=O)[O-])cc(S(=O)(=O)Nc2cccc(Cl)c2)cc1[N+](=O)[O-],5.26,Active,IC50,Leishmania donovani,L_donovani,O=S(=O)(Nc1ccccc1)c1ccccc1,CHEMBL712536,Inhibitory concentration against Leishmania donovani axenic amastigotes was determined in vitro
CHEMBL208854,CCCN(CCC)c1c([N+](=O)[O-])cc(S(=O)(=O)Nc2cccc(F)c2)cc1[N+](=O)[O-],CCCN(CCC)c1c([N+](=O)[O-])cc(S(=O)(=O)Nc2cccc(F)c2)cc1[N+](=O)[O-],5.6,Active,IC50,Leishmania donovani,L_donovani,O=S(=O)(Nc1ccccc1)c1ccccc1,CHEMBL853376,Antileishmanial activity against Leishmania donovani axenic amastigotes
CHEMBL298774,CCCN(CCC)c1c([N+](=O)[O-])cc(S(=O)(=O)Nc2cccc(OC)c2)cc1[N+](=O)[O-],CCCN(CCC)c1c([N+](=O)[O-])cc(S(=O)(=O)Nc2cccc(OC)c2)cc1[N+](=O)[O-],5.09,Active,IC50,Leishmania donovani,L_donovani,O=S(=O)(Nc1ccccc1)c1ccccc1,CHEMBL712536,Inhibitory concentration against Leishmania donovani axenic amastigotes was determined in vitro
CHEMBL53153,CCCN(CCC)c1c([N+](=O)[O-])cc(S(=O)(=O)Nc2ccccc2)cc1[N+](=O)[O-],CCCN(CCC)c1c([N+](=O)[O-])cc(S(=O)(=O)Nc2ccccc2)cc1[N+](=O)[O-],5.3,Active,IC50,Leishmania donovani,L_donovani,O=S(=O)(Nc1ccccc1)c1ccccc1,CHEMBL712536,Inhibitory concentration against Leishmania donovani axenic amastigotes was determined in vitro
CHEMBL54094,CCCN(CCC)c1c([N+](=O)[O-])cc(S(=O)(=O)Nc2ccccn2)cc1[N+](=O)[O-],CCCN(CCC)c1c([N+](=O)[O-])cc(S(=O)(=O)Nc2ccccn2)cc1[N+](=O)[O-],4.22,Inactive,IC50,Leishmania donovani,L_donovani,O=S(=O)(Nc1ccccn1)c1ccccc1,CHEMBL712536,Inhibitory concentration against Leishmania donovani axenic amastigotes was determined in vitro
CHEMBL295960,CCCN(CCC)c1c([N+](=O)[O-])cc(S(N)(=O)=O)cc1[N+](=O)[O-],CCCN(CCC)c1c([N+](=O)[O-])cc(S(N)(=O)=O)cc1[N+](=O)[O-],4.19,Inactive,IC50,Leishmania donovani,L_donovani,c1ccccc1,CHEMBL712536,Inhibitory concentration against Leishmania donovani axenic amastigotes was determined in vitro
CHEMBL1214498,CCCN(CCC)c1ccc(S(=O)(=O)N([N+](=O)[O-])[N+](=O)[O-])cc1,CCCN(CCC)c1ccc(S(=O)(=O)N([N+](=O)[O-])[N+](=O)[O-])cc1,4.19,Inactive,IC50,Leishmania donovani,L_donovani,c1ccccc1,CHEMBL1217009,Antimicrobial activity against Leishmania donovani
CHEMBL54551,CCCN(CCC)c1ccc(S(=O)(=O)Nc2ccccc2)cc1,CCCN(CCC)c1ccc(S(=O)(=O)Nc2ccccc2)cc1,4.37,Inactive,IC50,Leishmania donovani,L_donovani,O=S(=O)(Nc1ccccc1)c1ccccc1,CHEMBL712536,Inhibitory concentration against Leishmania donovani axenic amastigotes was determined in vitro
CHEMBL1213746,CCCN(CCC)c1ccc(S(=O)(=O)Nc2ccccc2)cc1[N+](=O)[O-],CCCN(CCC)c1ccc(S(=O)(=O)Nc2ccccc2)cc1[N+](=O)[O-],4.37,Inactive,IC50,Leishmania donovani,L_donovani,O=S(=O)(Nc1ccccc1)c1ccccc1,CHEMBL1217009,Antimicrobial activity against Leishmania donovani
CHEMBL78983,CCCN(CCC)c1ccc(S(N)(=O)=O)cc1[N+](=O)[O-],CCCN(CCC)c1ccc(S(N)(=O)=O)cc1[N+](=O)[O-],4.05,Inactive,IC50,Leishmania donovani,L_donovani,c1ccccc1,CHEMBL712526,Inhibitory activity against Leishmania donovani promastigotes
CHEMBL3431369,CCCN1CCN(Cc2ccc(S(=O)(=O)Nc3cccc(C)c3)cc2)CC1,CCCN1CCN(Cc2ccc(S(=O)(=O)Nc3cccc(C)c3)cc2)CC1.O=C(O)C(F)(F)F.O=C(O)C(F)(F)F,4.6,Inactive,IC50,Leishmania donovani,L_donovani,O=S(=O)(Nc1ccccc1)c1ccc(CN2CCNCC2)cc1,CHEMBL3431450,"GSK_TCAKS: pIC50 Leishmania donovani viability assay using fluorescence intensity. Assay plates (1536-well) were prepared by adding 30nL per well of compound. For single shot assay, the final compound concentration was 5uM. For potency determinations, eleven-point one in three dilution curves were generated with a top concentration of 50uM. Briefly, eGFP LdBOB axenic amastigotes were harvested, fixed and counted in a CASY cell counter (Roche-Applied Science). A final concentration of 1.5 * 10^5 cells per well were prepared in amastigote media containing 500 U/mL penicillin/streptomycin (Invitrogen) and 6uL was dispensed to each experimental well using a Multidrop Combi dispenser (Thermo Scientific). 6uL of assay media was dispensed to control columns used as reference for 100% compound response. Following incubation for 72 h at 37C, 5% CO2, 2 uL of resazurin was added to each well at a final concentration of 0.5 mM in phosphate buffered saline (PBS) with IGEPAL (Sigma-Aldrich), 0.05% (v/v). The plates were incubated for 4 h at room temperature and resorufin fluorescence was detected using a PerkinElmer EnVision plate reader with excitation at 528 nm and emission at 590 nm."
CHEMBL298794,CCCNS(=O)(=O)c1cc([N+](=O)[O-])c(N(CCC)CCC)c([N+](=O)[O-])c1,CCCNS(=O)(=O)c1cc([N+](=O)[O-])c(N(CCC)CCC)c([N+](=O)[O-])c1,4.27,Inactive,IC50,Leishmania donovani,L_donovani,c1ccccc1,CHEMBL712536,Inhibitory concentration against Leishmania donovani axenic amastigotes was determined in vitro
CHEMBL310237,CCCNc1c([N+](=O)[O-])cc(S(N)(=O)=O)cc1[N+](=O)[O-],CCCNc1c([N+](=O)[O-])cc(S(N)(=O)=O)cc1[N+](=O)[O-],4.17,Inactive,IC50,Leishmania donovani,L_donovani,c1ccccc1,CHEMBL712526,Inhibitory activity against Leishmania donovani promastigotes
CHEMBL183041,CCC[C@@]1(CCc2ccccc2)CC(=O)C([C@H](CC)c2cccc(NS(=O)(=O)c3ccc(C(F)(F)F)cn3)c2)C(=O)O1,CCC[C@@]1(CCc2ccccc2)CC(=O)C([C@H](CC)c2cccc(NS(=O)(=O)c3ccc(C(F)(F)F)cn3)c2)=C(O)O1,5.79,Active,IC50,Leishmania donovani,L_donovani,O=C1CC(CCc2ccccc2)OC(=O)C1Cc1cccc(NS(=O)(=O)c2ccccn2)c1,CHEMBL3392942,"DNDI: Leish (axenic) in Vitro, 72 hour"
CHEMBL3431105,CCN(CC)S(=O)(=O)c1ccc(C(=O)Nc2cc(C)nn2-c2nc(=O)c(C)c(C)[nH]2)cc1,CCN(CC)S(=O)(=O)c1ccc(C(=O)Nc2cc(C)nn2-c2nc(C)c(C)c(=O)[nH]2)cc1,5.9,Active,IC50,Leishmania donovani,L_donovani,O=C(Nc1ccnn1-c1nc(=O)cc[nH]1)c1ccccc1,CHEMBL3431453,"GSK_TCAKS: pIC50 Leishmania donovani Imaging: THP-1 Host Macrophages. Assay plates (384-well) were prepared by adding 250nL of compound to each well. For single shot assay, the final compound concentration was 5 uM. For potency determinations, eleven-point one in three dilution curves were generated with a top concentration of 50 uM. Two exposure images were taken for each well using 405 nm and 488 nm laser excitation. Automated image analysis was performed with a script developed on Acapella High Content Imaging and Analysis Software (PerkinElmer). Output: THP-1 cell count were reported for each well."
CHEMBL53698,CCN(CC)c1c([N+](=O)[O-])cc(S(=O)(=O)Nc2ccccc2)cc1[N+](=O)[O-],CCN(CC)c1c([N+](=O)[O-])cc(S(=O)(=O)Nc2ccccc2)cc1[N+](=O)[O-],4.96,Inactive,IC50,Leishmania donovani,L_donovani,O=S(=O)(Nc1ccccc1)c1ccccc1,CHEMBL712536,Inhibitory concentration against Leishmania donovani axenic amastigotes was determined in vitro
CHEMBL79168,CCN(CC)c1c([N+](=O)[O-])cc(S(N)(=O)=O)cc1[N+](=O)[O-],CCN(CC)c1c([N+](=O)[O-])cc(S(N)(=O)=O)cc1[N+](=O)[O-],4.16,Inactive,IC50,Leishmania donovani,L_donovani,c1ccccc1,CHEMBL712526,Inhibitory activity against Leishmania donovani promastigotes
CHEMBL203593,CCOC(=O)C1CCN(S(=O)(=O)c2ccc(CNC(=O)c3ccccc3)s2)CC1,CCOC(=O)C1CCN(S(=O)(=O)c2ccc(CNC(=O)c3ccccc3)s2)CC1,4.3,Inactive,IC50,Leishmania donovani,L_donovani,O=C(NCc1ccc(S(=O)(=O)N2CCCCC2)s1)c1ccccc1,CHEMBL862351,Antileishmanial activity against Leishmania donovani promastigotes
CHEMBL5646622,CCOC(=O)c1c(C)nn(-c2ccc(NS(=O)(=O)c3ccc(OC)cc3)cc2)c1C,CCOC(=O)c1c(C)nn(-c2ccc(NS(=O)(=O)c3ccc(OC)cc3)cc2)c1C,4.86,Inactive,IC50,Leishmania donovani,L_donovani,O=S(=O)(Nc1ccc(-n2cccn2)cc1)c1ccccc1,CHEMBL5634231,Antileishmanial activity against Leishmania donovani promastigote assessed as reduction in parasite growth measured after 72 hrs
CHEMBL1650079,CCON(CCNC(=S)Nc1ccc(Nc2ccc(NC(=S)NCCN(OCC)S(=O)(=O)c3ccccc3[N+](=O)[O-])cc2)cc1)S(=O)(=O)c1ccccc1[N+](=O)[O-],CCON(CCNC(=S)Nc1ccc(Nc2ccc(NC(=S)NCCN(OCC)S(=O)(=O)c3ccccc3[N+](=O)[O-])cc2)cc1)S(=O)(=O)c1ccccc1[N+](=O)[O-],4.85,Inactive,IC50,Leishmania donovani,L_donovani,O=S(=O)(NCCNC(=S)Nc1ccc(Nc2ccc(NC(=S)NCCNS(=O)(=O)c3ccccc3)cc2)cc1)c1ccccc1,CHEMBL1663721,Antiprotozoal activity against amastigotes of Leishmania donovani MHOM/ET/67/L82 by alamar blue assay
CHEMBL3431041,CCOc1ccc(N(C)S(=O)(=O)c2ccc3[nH]cc(C(=O)NC4CCCC4)c(=O)c3c2)cc1,CCOc1ccc(N(C)S(=O)(=O)c2ccc3[nH]cc(C(=O)NC4CCCC4)c(=O)c3c2)cc1,4.5,Inactive,IC50,Leishmania donovani,L_donovani,O=C(NC1CCCC1)c1c[nH]c2ccc(S(=O)(=O)Nc3ccccc3)cc2c1=O,CHEMBL3431451,"GSK_TCAKS: pIC50 Leishmania donovani Imaging: Infected Macrophages. Assay plates (384-well) were prepared by adding 250nL of compound to each well. For single shot assay, the final compound concentration was 5 uM. For potency determinations, eleven-point one in three dilution curves were generated with a top concentration of 50 uM. Two exposure images were taken for each well using 405 nm and 488 nm laser excitation. Automated image analysis was performed with a script developed on Acapella High Content Imaging and Analysis Software (PerkinElmer). Output: Percent of infected macrophage cells were reported for each well."
CHEMBL2095130,CCS(=O)(=O)N1CCCc2ccc(NS(=O)(=O)c3ccccc3F)cc21,CCS(=O)(=O)N1CCCc2ccc(NS(=O)(=O)c3ccccc3F)cc21,5.58,Active,IC50,Leishmania donovani,L_donovani,O=S(=O)(Nc1ccc2c(c1)NCCC2)c1ccccc1,CHEMBL2095147,"DNDI: Inhibition of formation of Leishmania donovani (strain MHOM/ET/67/L82) axenic amastigotes, in vitro."
CHEMBL4759503,CCS(=O)(=O)N[C@H]1CC[C@H](Nc2ncc3c(CC(C)C)[nH]nc3n2)CC1,CCS(=O)(=O)N[C@H]1CC[C@H](Nc2ncc3c(CC(C)C)n[nH]c3n2)CC1,6.2,Active,EC50,Leishmania donovani,L_donovani,c1nc(NC2CCCCC2)nc2n[nH]cc12,CHEMBL4673626,Antileishmanial activity against promastigote stage of Leishmania donovani infected in human THP-1 cells incubated for 72 hrs by resazurin dye based assay
CHEMBL3430983,CCS(=O)(=O)Nc1ccc(C2=NN(C(=O)c3cccs3)C(c3ccccc3OC)C2)cc1,CCS(=O)(=O)Nc1ccc(C2=NN(C(=O)c3cccs3)C(c3ccccc3OC)C2)cc1,5.1,Active,IC50,Leishmania donovani,L_donovani,O=C(c1cccs1)N1N=C(c2ccccc2)CC1c1ccccc1,CHEMBL3431451,"GSK_TCAKS: pIC50 Leishmania donovani Imaging: Infected Macrophages. Assay plates (384-well) were prepared by adding 250nL of compound to each well. For single shot assay, the final compound concentration was 5 uM. For potency determinations, eleven-point one in three dilution curves were generated with a top concentration of 50 uM. Two exposure images were taken for each well using 405 nm and 488 nm laser excitation. Automated image analysis was performed with a script developed on Acapella High Content Imaging and Analysis Software (PerkinElmer). Output: Percent of infected macrophage cells were reported for each well."
CHEMBL3430963,CN(C)CCN(C)Cc1ccc(Cl)cc1NS(=O)(=O)c1ccc(Cl)c(Cl)c1,CN(C)CCN(C)Cc1ccc(Cl)cc1NS(=O)(=O)c1ccc(Cl)c(Cl)c1,5.25,Active,IC50,Leishmania donovani,L_donovani,O=S(=O)(Nc1ccccc1)c1ccccc1,CHEMBL3431451,"GSK_TCAKS: pIC50 Leishmania donovani Imaging: Infected Macrophages. Assay plates (384-well) were prepared by adding 250nL of compound to each well. For single shot assay, the final compound concentration was 5 uM. For potency determinations, eleven-point one in three dilution curves were generated with a top concentration of 50 uM. Two exposure images were taken for each well using 405 nm and 488 nm laser excitation. Automated image analysis was performed with a script developed on Acapella High Content Imaging and Analysis Software (PerkinElmer). Output: Percent of infected macrophage cells were reported for each well."
CHEMBL3431426,CN(C)CCOc1ccc(N2CCN(S(=O)(=O)c3ccc(Cl)cc3)CC2)cc1,CN(C)CCOc1ccc(N2CCN(S(=O)(=O)c3ccc(Cl)cc3)CC2)cc1,4.5,Inactive,IC50,Leishmania donovani,L_donovani,O=S(=O)(c1ccccc1)N1CCN(c2ccccc2)CC1,CHEMBL3431450,"GSK_TCAKS: pIC50 Leishmania donovani viability assay using fluorescence intensity. Assay plates (1536-well) were prepared by adding 30nL per well of compound. For single shot assay, the final compound concentration was 5uM. For potency determinations, eleven-point one in three dilution curves were generated with a top concentration of 50uM. Briefly, eGFP LdBOB axenic amastigotes were harvested, fixed and counted in a CASY cell counter (Roche-Applied Science). A final concentration of 1.5 * 10^5 cells per well were prepared in amastigote media containing 500 U/mL penicillin/streptomycin (Invitrogen) and 6uL was dispensed to each experimental well using a Multidrop Combi dispenser (Thermo Scientific). 6uL of assay media was dispensed to control columns used as reference for 100% compound response. Following incubation for 72 h at 37C, 5% CO2, 2 uL of resazurin was added to each well at a final concentration of 0.5 mM in phosphate buffered saline (PBS) with IGEPAL (Sigma-Aldrich), 0.05% (v/v). The plates were incubated for 4 h at room temperature and resorufin fluorescence was detected using a PerkinElmer EnVision plate reader with excitation at 528 nm and emission at 590 nm."
CHEMBL3431427,CN(C)Cc1ccc(N2CCC(NS(=O)(=O)c3ccc(Cl)cc3)CC2)cc1,CN(C)Cc1ccc(N2CCC(NS(=O)(=O)c3ccc(Cl)cc3)CC2)cc1,4.6,Inactive,IC50,Leishmania donovani,L_donovani,O=S(=O)(NC1CCN(c2ccccc2)CC1)c1ccccc1,CHEMBL3431450,"GSK_TCAKS: pIC50 Leishmania donovani viability assay using fluorescence intensity. Assay plates (1536-well) were prepared by adding 30nL per well of compound. For single shot assay, the final compound concentration was 5uM. For potency determinations, eleven-point one in three dilution curves were generated with a top concentration of 50uM. Briefly, eGFP LdBOB axenic amastigotes were harvested, fixed and counted in a CASY cell counter (Roche-Applied Science). A final concentration of 1.5 * 10^5 cells per well were prepared in amastigote media containing 500 U/mL penicillin/streptomycin (Invitrogen) and 6uL was dispensed to each experimental well using a Multidrop Combi dispenser (Thermo Scientific). 6uL of assay media was dispensed to control columns used as reference for 100% compound response. Following incubation for 72 h at 37C, 5% CO2, 2 uL of resazurin was added to each well at a final concentration of 0.5 mM in phosphate buffered saline (PBS) with IGEPAL (Sigma-Aldrich), 0.05% (v/v). The plates were incubated for 4 h at room temperature and resorufin fluorescence was detected using a PerkinElmer EnVision plate reader with excitation at 528 nm and emission at 590 nm."
CHEMBL3431225,CN(C)S(=O)(=O)c1ccc(-c2cnc(N)c(-c3nc4cc(F)ccc4[nH]3)c2)cc1,CN(C)S(=O)(=O)c1ccc(-c2cnc(N)c(-c3nc4ccc(F)cc4[nH]3)c2)cc1,5.699999999999999,Active,IC50,Leishmania donovani,L_donovani,c1ccc(-c2cncc(-c3nc4ccccc4[nH]3)c2)cc1,CHEMBL3431450,"GSK_TCAKS: pIC50 Leishmania donovani viability assay using fluorescence intensity. Assay plates (1536-well) were prepared by adding 30nL per well of compound. For single shot assay, the final compound concentration was 5uM. For potency determinations, eleven-point one in three dilution curves were generated with a top concentration of 50uM. Briefly, eGFP LdBOB axenic amastigotes were harvested, fixed and counted in a CASY cell counter (Roche-Applied Science). A final concentration of 1.5 * 10^5 cells per well were prepared in amastigote media containing 500 U/mL penicillin/streptomycin (Invitrogen) and 6uL was dispensed to each experimental well using a Multidrop Combi dispenser (Thermo Scientific). 6uL of assay media was dispensed to control columns used as reference for 100% compound response. Following incubation for 72 h at 37C, 5% CO2, 2 uL of resazurin was added to each well at a final concentration of 0.5 mM in phosphate buffered saline (PBS) with IGEPAL (Sigma-Aldrich), 0.05% (v/v). The plates were incubated for 4 h at room temperature and resorufin fluorescence was detected using a PerkinElmer EnVision plate reader with excitation at 528 nm and emission at 590 nm."
CHEMBL3431097,CN(C)S(=O)(=O)c1ccc(Cl)c(C(=O)Nc2nc(-c3ccccn3)cs2)c1,CN(C)S(=O)(=O)c1ccc(Cl)c(C(=O)Nc2nc(-c3ccccn3)cs2)c1,5.25,Active,IC50,Leishmania donovani,L_donovani,O=C(Nc1nc(-c2ccccn2)cs1)c1ccccc1,CHEMBL3431451,"GSK_TCAKS: pIC50 Leishmania donovani Imaging: Infected Macrophages. Assay plates (384-well) were prepared by adding 250nL of compound to each well. For single shot assay, the final compound concentration was 5 uM. For potency determinations, eleven-point one in three dilution curves were generated with a top concentration of 50 uM. Two exposure images were taken for each well using 405 nm and 488 nm laser excitation. Automated image analysis was performed with a script developed on Acapella High Content Imaging and Analysis Software (PerkinElmer). Output: Percent of infected macrophage cells were reported for each well."
CHEMBL3430969,CN(C)S(=O)(=O)c1cccc(C(=O)Nc2nc(-c3ccccn3)cs2)c1,CN(C)S(=O)(=O)c1cccc(C(=O)Nc2nc(-c3ccccn3)cs2)c1,5.4,Active,IC50,Leishmania donovani,L_donovani,O=C(Nc1nc(-c2ccccn2)cs1)c1ccccc1,CHEMBL3431451,"GSK_TCAKS: pIC50 Leishmania donovani Imaging: Infected Macrophages. Assay plates (384-well) were prepared by adding 250nL of compound to each well. For single shot assay, the final compound concentration was 5 uM. For potency determinations, eleven-point one in three dilution curves were generated with a top concentration of 50 uM. Two exposure images were taken for each well using 405 nm and 488 nm laser excitation. Automated image analysis was performed with a script developed on Acapella High Content Imaging and Analysis Software (PerkinElmer). Output: Percent of infected macrophage cells were reported for each well."
CHEMBL3431070,CN(C)S(=O)(=O)c1cccc(CSc2nnc(-c3ccc4c(c3)OCO4)o2)c1,CN(C)S(=O)(=O)c1cccc(CSc2nnc(-c3ccc4c(c3)OCO4)o2)c1,6.0,Active,IC50,Leishmania donovani,L_donovani,c1ccc(CSc2nnc(-c3ccc4c(c3)OCO4)o2)cc1,CHEMBL3431451,"GSK_TCAKS: pIC50 Leishmania donovani Imaging: Infected Macrophages. Assay plates (384-well) were prepared by adding 250nL of compound to each well. For single shot assay, the final compound concentration was 5 uM. For potency determinations, eleven-point one in three dilution curves were generated with a top concentration of 50 uM. Two exposure images were taken for each well using 405 nm and 488 nm laser excitation. Automated image analysis was performed with a script developed on Acapella High Content Imaging and Analysis Software (PerkinElmer). Output: Percent of infected macrophage cells were reported for each well."
CHEMBL3430974,CN(C)c1ccc(N)cc1CN(CC1CCCO1)S(C)(=O)=O,CN(C)c1ccc(N)cc1CN(CC1CCCO1)S(C)(=O)=O,5.0,Active,IC50,Leishmania donovani,L_donovani,c1ccc(CNCC2CCCO2)cc1,CHEMBL3431451,"GSK_TCAKS: pIC50 Leishmania donovani Imaging: Infected Macrophages. Assay plates (384-well) were prepared by adding 250nL of compound to each well. For single shot assay, the final compound concentration was 5 uM. For potency determinations, eleven-point one in three dilution curves were generated with a top concentration of 50 uM. Two exposure images were taken for each well using 405 nm and 488 nm laser excitation. Automated image analysis was performed with a script developed on Acapella High Content Imaging and Analysis Software (PerkinElmer). Output: Percent of infected macrophage cells were reported for each well."
CHEMBL1447267,CN(CC1CCCO1)S(=O)(=O)c1ccc(C(=O)Nc2nc(-c3ccccn3)cs2)cc1,CN(CC1CCCO1)S(=O)(=O)c1ccc(C(=O)Nc2nc(-c3ccccn3)cs2)cc1,5.35,Active,IC50,Leishmania donovani,L_donovani,O=C(Nc1nc(-c2ccccn2)cs1)c1ccc(S(=O)(=O)NCC2CCCO2)cc1,CHEMBL3431450,"GSK_TCAKS: pIC50 Leishmania donovani viability assay using fluorescence intensity. Assay plates (1536-well) were prepared by adding 30nL per well of compound. For single shot assay, the final compound concentration was 5uM. For potency determinations, eleven-point one in three dilution curves were generated with a top concentration of 50uM. Briefly, eGFP LdBOB axenic amastigotes were harvested, fixed and counted in a CASY cell counter (Roche-Applied Science). A final concentration of 1.5 * 10^5 cells per well were prepared in amastigote media containing 500 U/mL penicillin/streptomycin (Invitrogen) and 6uL was dispensed to each experimental well using a Multidrop Combi dispenser (Thermo Scientific). 6uL of assay media was dispensed to control columns used as reference for 100% compound response. Following incubation for 72 h at 37C, 5% CO2, 2 uL of resazurin was added to each well at a final concentration of 0.5 mM in phosphate buffered saline (PBS) with IGEPAL (Sigma-Aldrich), 0.05% (v/v). The plates were incubated for 4 h at room temperature and resorufin fluorescence was detected using a PerkinElmer EnVision plate reader with excitation at 528 nm and emission at 590 nm."
CHEMBL3452347,CN1CCC(N(Cc2ccco2)S(=O)(=O)c2cc(Br)ccc2Br)CC1,CN1CCC(N(Cc2ccco2)S(=O)(=O)c2cc(Br)ccc2Br)CC1,4.8100000000000005,Inactive,IC50,Leishmania donovani,L_donovani,O=S(=O)(c1ccccc1)N(Cc1ccco1)C1CCNCC1,CHEMBL4649942,Leishmania intramacrophage assay
CHEMBL3452346,CN1CCC(N(Cc2ccco2)S(=O)(=O)c2ccc(Br)cc2Cl)CC1,CN1CCC(N(Cc2ccco2)S(=O)(=O)c2ccc(Br)cc2Cl)CC1,4.66,Inactive,IC50,Leishmania donovani,L_donovani,O=S(=O)(c1ccccc1)N(Cc1ccco1)C1CCNCC1,CHEMBL4649942,Leishmania intramacrophage assay
CHEMBL145155,CN1CCN(S(=O)(=O)c2cc(C(F)(F)F)ccc2Cl)CC1,CN1CCN(S(=O)(=O)c2cc(C(F)(F)F)ccc2Cl)CC1,3.493494967595128,Inactive,IC50,Leishmania donovani,L_donovani,O=S(=O)(c1ccccc1)N1CCNCC1,CHEMBL712523,In vitro inhibition of Leishmania donovani parasite
CHEMBL358747,CN1CCN(S(=O)(=O)c2cc(C(F)(F)F)ccc2F)CC1,CN1CCN(S(=O)(=O)c2cc(C(F)(F)F)ccc2F)CC1,3.701146923590293,Inactive,IC50,Leishmania donovani,L_donovani,O=S(=O)(c1ccccc1)N1CCNCC1,CHEMBL712523,In vitro inhibition of Leishmania donovani parasite
CHEMBL4589398,CN1CCN(c2ccc(S(=O)(=O)NCc3ccc(-c4nc(-c5cccnc5)no4)cc3)cc2)CC1,CN1CCN(c2ccc(S(=O)(=O)NCc3ccc(-c4nc(-c5cccnc5)no4)cc3)cc2)CC1,4.31,Inactive,IC50,Leishmania donovani,L_donovani,O=S(=O)(NCc1ccc(-c2nc(-c3cccnc3)no2)cc1)c1ccc(N2CCNCC2)cc1,CHEMBL4343683,Antileishmanial activity against Leishmania donovani MHOM/ET/67/L82 amastigotes assessed as growth inhibition after 72 hrs by plate reader based Alamar blue assay
CHEMBL3431229,CNS(=O)(=O)c1ccccc1Nc1nc(Nc2cc(C)nn2C)ncc1Cl,CNS(=O)(=O)c1ccccc1Nc1nc(Nc2cc(C)nn2C)ncc1Cl,6.6,Active,IC50,Leishmania donovani,L_donovani,c1ccc(Nc2ccnc(Nc3ccn[nH]3)n2)cc1,CHEMBL3431450,"GSK_TCAKS: pIC50 Leishmania donovani viability assay using fluorescence intensity. Assay plates (1536-well) were prepared by adding 30nL per well of compound. For single shot assay, the final compound concentration was 5uM. For potency determinations, eleven-point one in three dilution curves were generated with a top concentration of 50uM. Briefly, eGFP LdBOB axenic amastigotes were harvested, fixed and counted in a CASY cell counter (Roche-Applied Science). A final concentration of 1.5 * 10^5 cells per well were prepared in amastigote media containing 500 U/mL penicillin/streptomycin (Invitrogen) and 6uL was dispensed to each experimental well using a Multidrop Combi dispenser (Thermo Scientific). 6uL of assay media was dispensed to control columns used as reference for 100% compound response. Following incubation for 72 h at 37C, 5% CO2, 2 uL of resazurin was added to each well at a final concentration of 0.5 mM in phosphate buffered saline (PBS) with IGEPAL (Sigma-Aldrich), 0.05% (v/v). The plates were incubated for 4 h at room temperature and resorufin fluorescence was detected using a PerkinElmer EnVision plate reader with excitation at 528 nm and emission at 590 nm."
CHEMBL3431230,CNS(=O)(=O)c1ccccc1Nc1nc(Nc2ccnn2C)ncc1Cl,CNS(=O)(=O)c1ccccc1Nc1nc(Nc2ccnn2C)ncc1Cl,6.45,Active,IC50,Leishmania donovani,L_donovani,c1ccc(Nc2ccnc(Nc3ccn[nH]3)n2)cc1,CHEMBL3431450,"GSK_TCAKS: pIC50 Leishmania donovani viability assay using fluorescence intensity. Assay plates (1536-well) were prepared by adding 30nL per well of compound. For single shot assay, the final compound concentration was 5uM. For potency determinations, eleven-point one in three dilution curves were generated with a top concentration of 50uM. Briefly, eGFP LdBOB axenic amastigotes were harvested, fixed and counted in a CASY cell counter (Roche-Applied Science). A final concentration of 1.5 * 10^5 cells per well were prepared in amastigote media containing 500 U/mL penicillin/streptomycin (Invitrogen) and 6uL was dispensed to each experimental well using a Multidrop Combi dispenser (Thermo Scientific). 6uL of assay media was dispensed to control columns used as reference for 100% compound response. Following incubation for 72 h at 37C, 5% CO2, 2 uL of resazurin was added to each well at a final concentration of 0.5 mM in phosphate buffered saline (PBS) with IGEPAL (Sigma-Aldrich), 0.05% (v/v). The plates were incubated for 4 h at room temperature and resorufin fluorescence was detected using a PerkinElmer EnVision plate reader with excitation at 528 nm and emission at 590 nm."
CHEMBL4127882,COCCCNc1cc(-n2nc(C)c3c2CN(S(C)(=O)=O)CC3=O)ccc1C(N)=O,COCCCNc1cc(-n2nc(C)c3c2CN(S(C)(=O)=O)CC3=O)ccc1C(N)=O,5.27,Active,IC50,Leishmania donovani,L_donovani,O=C1CNCc2c1cnn2-c1ccccc1,CHEMBL4119801,Antileishmanial activity against Leishmania donovani axenic amastigotes infected in mouse J774 cells after 72 hrs by Draq5 staining based assay
CHEMBL1650078,CON(CCNC(=S)Nc1ccc(Nc2ccc(NC(=S)NCCN(OC)S(=O)(=O)c3ccccc3[N+](=O)[O-])cc2)cc1)S(=O)(=O)c1ccccc1[N+](=O)[O-],CON(CCNC(=S)Nc1ccc(Nc2ccc(NC(=S)NCCN(OC)S(=O)(=O)c3ccccc3[N+](=O)[O-])cc2)cc1)S(=O)(=O)c1ccccc1[N+](=O)[O-],4.17,Inactive,IC50,Leishmania donovani,L_donovani,O=S(=O)(NCCNC(=S)Nc1ccc(Nc2ccc(NC(=S)NCCNS(=O)(=O)c3ccccc3)cc2)cc1)c1ccccc1,CHEMBL1663721,Antiprotozoal activity against amastigotes of Leishmania donovani MHOM/ET/67/L82 by alamar blue assay
CHEMBL3431101,COc1cc(OC)cc(C(NS(=O)(=O)c2ccc(Cl)c(C(F)(F)F)c2)c2nccn2C)c1,COc1cc(OC)cc(C(NS(=O)(=O)c2ccc(Cl)c(C(F)(F)F)c2)c2nccn2C)c1,5.2,Active,IC50,Leishmania donovani,L_donovani,O=S(=O)(NC(c1ccccc1)c1ncc[nH]1)c1ccccc1,CHEMBL3431451,"GSK_TCAKS: pIC50 Leishmania donovani Imaging: Infected Macrophages. Assay plates (384-well) were prepared by adding 250nL of compound to each well. For single shot assay, the final compound concentration was 5 uM. For potency determinations, eleven-point one in three dilution curves were generated with a top concentration of 50 uM. Two exposure images were taken for each well using 405 nm and 488 nm laser excitation. Automated image analysis was performed with a script developed on Acapella High Content Imaging and Analysis Software (PerkinElmer). Output: Percent of infected macrophage cells were reported for each well."
CHEMBL4797175,COc1cc(S(=O)(=O)N(Cc2ccccc2)Cc2ccccc2)c(OC)cc1C,COc1cc(S(=O)(=O)N(Cc2ccccc2)Cc2ccccc2)c(OC)cc1C,5.82,Active,IC50,Leishmania donovani,L_donovani,O=S(=O)(c1ccccc1)N(Cc1ccccc1)Cc1ccccc1,CHEMBL4673567,Antileishmanial activity against amastigote stage of Leishmania donovani MHOM/ET/67/L82 infected in mouse peritoneal macrophage assessed as parasite growth inhibition incubated for 5 days by Giemsa staining based microscopic analysis
CHEMBL4471819,COc1cc([Te]Cc2ccc(S(N)(=O)=O)cc2)cc(OC)c1OC,COc1cc([Te]Cc2ccc(S(N)(=O)=O)cc2)cc(OC)c1OC,7.7,Active,IC50,Leishmania donovani,L_donovani,c1ccc(C[Te]c2ccccc2)cc1,CHEMBL4345530,Antileishmanial activity against Leishmania donovani axenic amastigotes assessed as reduction in parasite growth measured after 24 hrs by propidium iodide staining based flow cytometric method
CHEMBL3431173,COc1ccc(-c2cc(C)no2)cc1S(=O)(=O)Nc1ccc(C)c(C)c1,COc1ccc(-c2cc(C)no2)cc1S(=O)(=O)Nc1ccc(C)c(C)c1,5.6,Active,IC50,Leishmania donovani,L_donovani,O=S(=O)(Nc1ccccc1)c1cccc(-c2ccno2)c1,CHEMBL3431451,"GSK_TCAKS: pIC50 Leishmania donovani Imaging: Infected Macrophages. Assay plates (384-well) were prepared by adding 250nL of compound to each well. For single shot assay, the final compound concentration was 5 uM. For potency determinations, eleven-point one in three dilution curves were generated with a top concentration of 50 uM. Two exposure images were taken for each well using 405 nm and 488 nm laser excitation. Automated image analysis was performed with a script developed on Acapella High Content Imaging and Analysis Software (PerkinElmer). Output: Percent of infected macrophage cells were reported for each well."
CHEMBL3431031,COc1ccc(-c2cc(C)no2)cc1S(=O)(=O)Nc1ccc(F)c(Cl)c1,COc1ccc(-c2cc(C)no2)cc1S(=O)(=O)Nc1ccc(F)c(Cl)c1,4.6,Inactive,IC50,Leishmania donovani,L_donovani,O=S(=O)(Nc1ccccc1)c1cccc(-c2ccno2)c1,CHEMBL3431451,"GSK_TCAKS: pIC50 Leishmania donovani Imaging: Infected Macrophages. Assay plates (384-well) were prepared by adding 250nL of compound to each well. For single shot assay, the final compound concentration was 5 uM. For potency determinations, eleven-point one in three dilution curves were generated with a top concentration of 50 uM. Two exposure images were taken for each well using 405 nm and 488 nm laser excitation. Automated image analysis was performed with a script developed on Acapella High Content Imaging and Analysis Software (PerkinElmer). Output: Percent of infected macrophage cells were reported for each well."
CHEMBL3431174,COc1ccc(-c2cnc(C)o2)cc1S(=O)(=O)Nc1ccc(C)cc1C,COc1ccc(-c2cnc(C)o2)cc1S(=O)(=O)Nc1ccc(C)cc1C,5.5,Active,IC50,Leishmania donovani,L_donovani,O=S(=O)(Nc1ccccc1)c1cccc(-c2cnco2)c1,CHEMBL3431451,"GSK_TCAKS: pIC50 Leishmania donovani Imaging: Infected Macrophages. Assay plates (384-well) were prepared by adding 250nL of compound to each well. For single shot assay, the final compound concentration was 5 uM. For potency determinations, eleven-point one in three dilution curves were generated with a top concentration of 50 uM. Two exposure images were taken for each well using 405 nm and 488 nm laser excitation. Automated image analysis was performed with a script developed on Acapella High Content Imaging and Analysis Software (PerkinElmer). Output: Percent of infected macrophage cells were reported for each well."
CHEMBL3430981,COc1ccc(C2CC(c3ccc(NS(C)(=O)=O)cc3)=NN2C(=O)c2cccs2)cc1OC,COc1ccc(C2CC(c3ccc(NS(C)(=O)=O)cc3)=NN2C(=O)c2cccs2)cc1OC,5.3,Active,IC50,Leishmania donovani,L_donovani,O=C(c1cccs1)N1N=C(c2ccccc2)CC1c1ccccc1,CHEMBL3431451,"GSK_TCAKS: pIC50 Leishmania donovani Imaging: Infected Macrophages. Assay plates (384-well) were prepared by adding 250nL of compound to each well. For single shot assay, the final compound concentration was 5 uM. For potency determinations, eleven-point one in three dilution curves were generated with a top concentration of 50 uM. Two exposure images were taken for each well using 405 nm and 488 nm laser excitation. Automated image analysis was performed with a script developed on Acapella High Content Imaging and Analysis Software (PerkinElmer). Output: Percent of infected macrophage cells were reported for each well."
CHEMBL3430933,COc1ccc(CN(C)Cc2ccncc2)cc1-c1ccc(S(=O)(=O)NC2CCC2)s1,COc1ccc(CN(C)Cc2ccncc2)cc1-c1ccc(S(=O)(=O)NC2CCC2)s1.O=C(O)C(F)(F)F.O=C(O)C(F)(F)F,4.7,Inactive,IC50,Leishmania donovani,L_donovani,O=S(=O)(NC1CCC1)c1ccc(-c2cccc(CNCc3ccncc3)c2)s1,CHEMBL3431452,"GSK_TCAKS: pIC50 Leishmania donovani Imaging: Amastigotes/Macrophages. Assay plates (384-well) were prepared by adding 250nL of compound to each well. For single shot assay, the final compound concentration was 5 uM. For potency determinations, eleven-point one in three dilution curves were generated with a top concentration of 50 uM. Two exposure images were taken for each well using 405 nm and 488 nm laser excitation. Automated image analysis was performed with a script developed on Acapella High Content Imaging and Analysis Software (PerkinElmer). Output: Average number of amastigotes per macrophage cell were reported for each well."
CHEMBL472,COc1ccc(Cl)cc1C(=O)NCCc1ccc(S(=O)(=O)NC(=O)NC2CCCCC2)cc1,COc1ccc(Cl)cc1C(=O)NCCc1ccc(S(=O)(=O)NC(=O)NC2CCCCC2)cc1,5.01,Active,IC50,Leishmania donovani,L_donovani,O=C(NC1CCCCC1)NS(=O)(=O)c1ccc(CCNC(=O)c2ccccc2)cc1,CHEMBL3392942,"DNDI: Leish (axenic) in Vitro, 72 hour"
CHEMBL3430948,COc1ccc(NC(=O)c2ccc(NC(=O)CN(c3ccccc3C)S(C)(=O)=O)cc2)cc1,COc1ccc(NC(=O)c2ccc(NC(=O)CN(c3ccccc3C)S(C)(=O)=O)cc2)cc1,5.1,Active,IC50,Leishmania donovani,L_donovani,O=C(CNc1ccccc1)Nc1ccc(C(=O)Nc2ccccc2)cc1,CHEMBL3431452,"GSK_TCAKS: pIC50 Leishmania donovani Imaging: Amastigotes/Macrophages. Assay plates (384-well) were prepared by adding 250nL of compound to each well. For single shot assay, the final compound concentration was 5 uM. For potency determinations, eleven-point one in three dilution curves were generated with a top concentration of 50 uM. Two exposure images were taken for each well using 405 nm and 488 nm laser excitation. Automated image analysis was performed with a script developed on Acapella High Content Imaging and Analysis Software (PerkinElmer). Output: Average number of amastigotes per macrophage cell were reported for each well."
CHEMBL3431144,COc1ccc(NS(=O)(=O)c2cc(NC(=O)Cc3ccc(C)cc3)ccc2N2CCOCC2)cc1,COc1ccc(NS(=O)(=O)c2cc(NC(=O)Cc3ccc(C)cc3)ccc2N2CCOCC2)cc1,4.4,Inactive,IC50,Leishmania donovani,L_donovani,O=C(Cc1ccccc1)Nc1ccc(N2CCOCC2)c(S(=O)(=O)Nc2ccccc2)c1,CHEMBL3431450,"GSK_TCAKS: pIC50 Leishmania donovani viability assay using fluorescence intensity. Assay plates (1536-well) were prepared by adding 30nL per well of compound. For single shot assay, the final compound concentration was 5uM. For potency determinations, eleven-point one in three dilution curves were generated with a top concentration of 50uM. Briefly, eGFP LdBOB axenic amastigotes were harvested, fixed and counted in a CASY cell counter (Roche-Applied Science). A final concentration of 1.5 * 10^5 cells per well were prepared in amastigote media containing 500 U/mL penicillin/streptomycin (Invitrogen) and 6uL was dispensed to each experimental well using a Multidrop Combi dispenser (Thermo Scientific). 6uL of assay media was dispensed to control columns used as reference for 100% compound response. Following incubation for 72 h at 37C, 5% CO2, 2 uL of resazurin was added to each well at a final concentration of 0.5 mM in phosphate buffered saline (PBS) with IGEPAL (Sigma-Aldrich), 0.05% (v/v). The plates were incubated for 4 h at room temperature and resorufin fluorescence was detected using a PerkinElmer EnVision plate reader with excitation at 528 nm and emission at 590 nm."
CHEMBL3430952,COc1ccc(NS(=O)(=O)c2ccc(S(=O)(=O)N(C)C3CCCCC3)cc2)c2ncccc12,COc1ccc(NS(=O)(=O)c2ccc(S(=O)(=O)N(C)C3CCCCC3)cc2)c2ncccc12,6.65,Active,IC50,Leishmania donovani,L_donovani,O=S(=O)(Nc1cccc2cccnc12)c1ccc(S(=O)(=O)NC2CCCCC2)cc1,CHEMBL3431451,"GSK_TCAKS: pIC50 Leishmania donovani Imaging: Infected Macrophages. Assay plates (384-well) were prepared by adding 250nL of compound to each well. For single shot assay, the final compound concentration was 5 uM. For potency determinations, eleven-point one in three dilution curves were generated with a top concentration of 50 uM. Two exposure images were taken for each well using 405 nm and 488 nm laser excitation. Automated image analysis was performed with a script developed on Acapella High Content Imaging and Analysis Software (PerkinElmer). Output: Percent of infected macrophage cells were reported for each well."
CHEMBL3430954,COc1ccc(NS(=O)(=O)c2cccc(NC(=O)c3cc(F)cc(F)c3)c2)cc1,COc1ccc(NS(=O)(=O)c2cccc(NC(=O)c3cc(F)cc(F)c3)c2)cc1,5.1,Active,IC50,Leishmania donovani,L_donovani,O=C(Nc1cccc(S(=O)(=O)Nc2ccccc2)c1)c1ccccc1,CHEMBL3431452,"GSK_TCAKS: pIC50 Leishmania donovani Imaging: Amastigotes/Macrophages. Assay plates (384-well) were prepared by adding 250nL of compound to each well. For single shot assay, the final compound concentration was 5 uM. For potency determinations, eleven-point one in three dilution curves were generated with a top concentration of 50 uM. Two exposure images were taken for each well using 405 nm and 488 nm laser excitation. Automated image analysis was performed with a script developed on Acapella High Content Imaging and Analysis Software (PerkinElmer). Output: Average number of amastigotes per macrophage cell were reported for each well."
CHEMBL3431199,COc1ccc(OC)c(S(=O)(=O)N(Cc2c(F)cccc2F)[C@@H]2CCN(C#N)C2)c1,COc1ccc(OC)c(S(=O)(=O)N(Cc2c(F)cccc2F)[C@@H]2CCN(C#N)C2)c1,4.7,Inactive,IC50,Leishmania donovani,L_donovani,O=S(=O)(c1ccccc1)N(Cc1ccccc1)[C@@H]1CCNC1,CHEMBL3431451,"GSK_TCAKS: pIC50 Leishmania donovani Imaging: Infected Macrophages. Assay plates (384-well) were prepared by adding 250nL of compound to each well. For single shot assay, the final compound concentration was 5 uM. For potency determinations, eleven-point one in three dilution curves were generated with a top concentration of 50 uM. Two exposure images were taken for each well using 405 nm and 488 nm laser excitation. Automated image analysis was performed with a script developed on Acapella High Content Imaging and Analysis Software (PerkinElmer). Output: Percent of infected macrophage cells were reported for each well."
CHEMBL603822,COc1ccc(S(=O)(=O)N2c3ccccc3CCC2C)cc1,COc1ccc(S(=O)(=O)N2c3ccccc3CCC2C)cc1,4.57,Inactive,IC50,Leishmania donovani,L_donovani,O=S(=O)(c1ccccc1)N1CCCc2ccccc21,CHEMBL1073485,Antileishmanial activity against Leishmania donovani infected in rat L6 cells
CHEMBL3431081,COc1ccc(S(=O)(=O)NC(C)C)cc1Nc1ncc(-c2cccc(F)c2)cn1,COc1ccc(S(=O)(=O)NC(C)C)cc1Nc1ncc(-c2cccc(F)c2)cn1,5.2,Active,IC50,Leishmania donovani,L_donovani,c1ccc(Nc2ncc(-c3ccccc3)cn2)cc1,CHEMBL3431450,"GSK_TCAKS: pIC50 Leishmania donovani viability assay using fluorescence intensity. Assay plates (1536-well) were prepared by adding 30nL per well of compound. For single shot assay, the final compound concentration was 5uM. For potency determinations, eleven-point one in three dilution curves were generated with a top concentration of 50uM. Briefly, eGFP LdBOB axenic amastigotes were harvested, fixed and counted in a CASY cell counter (Roche-Applied Science). A final concentration of 1.5 * 10^5 cells per well were prepared in amastigote media containing 500 U/mL penicillin/streptomycin (Invitrogen) and 6uL was dispensed to each experimental well using a Multidrop Combi dispenser (Thermo Scientific). 6uL of assay media was dispensed to control columns used as reference for 100% compound response. Following incubation for 72 h at 37C, 5% CO2, 2 uL of resazurin was added to each well at a final concentration of 0.5 mM in phosphate buffered saline (PBS) with IGEPAL (Sigma-Aldrich), 0.05% (v/v). The plates were incubated for 4 h at room temperature and resorufin fluorescence was detected using a PerkinElmer EnVision plate reader with excitation at 528 nm and emission at 590 nm."
CHEMBL3431368,COc1ccc(S(=O)(=O)NCc2ccc(-c3ccc(CN(C)CCO)cc3)cc2)cc1,COc1ccc(S(=O)(=O)NCc2ccc(-c3ccc(CN(C)CCO)cc3)cc2)cc1.O=C(O)C(F)(F)F,4.7,Inactive,IC50,Leishmania donovani,L_donovani,O=S(=O)(NCc1ccc(-c2ccccc2)cc1)c1ccccc1,CHEMBL3431451,"GSK_TCAKS: pIC50 Leishmania donovani Imaging: Infected Macrophages. Assay plates (384-well) were prepared by adding 250nL of compound to each well. For single shot assay, the final compound concentration was 5 uM. For potency determinations, eleven-point one in three dilution curves were generated with a top concentration of 50 uM. Two exposure images were taken for each well using 405 nm and 488 nm laser excitation. Automated image analysis was performed with a script developed on Acapella High Content Imaging and Analysis Software (PerkinElmer). Output: Percent of infected macrophage cells were reported for each well."
CHEMBL3431322,COc1ccc(S(=O)(=O)Nc2ccc(CN3CCN(C(=O)c4cccc(C#N)c4)CC3)cc2)cc1,COc1ccc(S(=O)(=O)Nc2ccc(CN3CCN(C(=O)c4cccc(C#N)c4)CC3)cc2)cc1.O=C(O)C(F)(F)F,4.5,Inactive,IC50,Leishmania donovani,L_donovani,O=C(c1ccccc1)N1CCN(Cc2ccc(NS(=O)(=O)c3ccccc3)cc2)CC1,CHEMBL3431450,"GSK_TCAKS: pIC50 Leishmania donovani viability assay using fluorescence intensity. Assay plates (1536-well) were prepared by adding 30nL per well of compound. For single shot assay, the final compound concentration was 5uM. For potency determinations, eleven-point one in three dilution curves were generated with a top concentration of 50uM. Briefly, eGFP LdBOB axenic amastigotes were harvested, fixed and counted in a CASY cell counter (Roche-Applied Science). A final concentration of 1.5 * 10^5 cells per well were prepared in amastigote media containing 500 U/mL penicillin/streptomycin (Invitrogen) and 6uL was dispensed to each experimental well using a Multidrop Combi dispenser (Thermo Scientific). 6uL of assay media was dispensed to control columns used as reference for 100% compound response. Following incubation for 72 h at 37C, 5% CO2, 2 uL of resazurin was added to each well at a final concentration of 0.5 mM in phosphate buffered saline (PBS) with IGEPAL (Sigma-Aldrich), 0.05% (v/v). The plates were incubated for 4 h at room temperature and resorufin fluorescence was detected using a PerkinElmer EnVision plate reader with excitation at 528 nm and emission at 590 nm."
CHEMBL3431088,COc1ccc(S(=O)(=O)Nc2ccccc2OC)cc1NC(=O)CCCc1c[nH]c2ccccc12,COc1ccc(S(=O)(=O)Nc2ccccc2OC)cc1NC(=O)CCCc1c[nH]c2ccccc12,4.6,Inactive,IC50,Leishmania donovani,L_donovani,O=C(CCCc1c[nH]c2ccccc12)Nc1cccc(S(=O)(=O)Nc2ccccc2)c1,CHEMBL3431450,"GSK_TCAKS: pIC50 Leishmania donovani viability assay using fluorescence intensity. Assay plates (1536-well) were prepared by adding 30nL per well of compound. For single shot assay, the final compound concentration was 5uM. For potency determinations, eleven-point one in three dilution curves were generated with a top concentration of 50uM. Briefly, eGFP LdBOB axenic amastigotes were harvested, fixed and counted in a CASY cell counter (Roche-Applied Science). A final concentration of 1.5 * 10^5 cells per well were prepared in amastigote media containing 500 U/mL penicillin/streptomycin (Invitrogen) and 6uL was dispensed to each experimental well using a Multidrop Combi dispenser (Thermo Scientific). 6uL of assay media was dispensed to control columns used as reference for 100% compound response. Following incubation for 72 h at 37C, 5% CO2, 2 uL of resazurin was added to each well at a final concentration of 0.5 mM in phosphate buffered saline (PBS) with IGEPAL (Sigma-Aldrich), 0.05% (v/v). The plates were incubated for 4 h at room temperature and resorufin fluorescence was detected using a PerkinElmer EnVision plate reader with excitation at 528 nm and emission at 590 nm."
CHEMBL4453207,COc1ccc([Te]Cc2ccc(S(N)(=O)=O)cc2)cc1,COc1ccc([Te]Cc2ccc(S(N)(=O)=O)cc2)cc1,6.14,Active,IC50,Leishmania donovani,L_donovani,c1ccc(C[Te]c2ccccc2)cc1,CHEMBL4345530,Antileishmanial activity against Leishmania donovani axenic amastigotes assessed as reduction in parasite growth measured after 24 hrs by propidium iodide staining based flow cytometric method
CHEMBL3431391,COc1cccc(S(=O)(=O)Nc2ccc3c(c2)CC(N2CCC(NC(=O)C4CC4)CC2)C3)c1,COc1cccc(S(=O)(=O)Nc2ccc3c(c2)CC(N2CCC(NC(=O)C4CC4)CC2)C3)c1,4.6,Inactive,IC50,Leishmania donovani,L_donovani,O=C(NC1CCN(C2Cc3ccc(NS(=O)(=O)c4ccccc4)cc3C2)CC1)C1CC1,CHEMBL3431452,"GSK_TCAKS: pIC50 Leishmania donovani Imaging: Amastigotes/Macrophages. Assay plates (384-well) were prepared by adding 250nL of compound to each well. For single shot assay, the final compound concentration was 5 uM. For potency determinations, eleven-point one in three dilution curves were generated with a top concentration of 50 uM. Two exposure images were taken for each well using 405 nm and 488 nm laser excitation. Automated image analysis was performed with a script developed on Acapella High Content Imaging and Analysis Software (PerkinElmer). Output: Average number of amastigotes per macrophage cell were reported for each well."
CHEMBL4779068,COc1ccccc1-c1[nH]nc2nc(NC3CCN(S(=O)(=O)CCC(F)(F)F)CC3)ncc12,COc1ccccc1-c1n[nH]c2nc(NC3CCN(S(=O)(=O)CCC(F)(F)F)CC3)ncc12,6.7,Active,EC50,Leishmania donovani,L_donovani,c1ccc(-c2[nH]nc3nc(NC4CCNCC4)ncc23)cc1,CHEMBL4673626,Antileishmanial activity against promastigote stage of Leishmania donovani infected in human THP-1 cells incubated for 72 hrs by resazurin dye based assay
CHEMBL4516798,COc1ccccc1-c1[nH]nc2nc(N[C@H]3CC[C@H](NS(=O)(=O)CCC(F)(F)F)CC3)nc(OC)c12,COc1ccccc1-c1n[nH]c2nc(N[C@H]3CC[C@H](NS(=O)(=O)CCC(F)(F)F)CC3)nc(OC)c12,6.4,Active,EC50,Leishmania donovani,L_donovani,c1ccc(-c2[nH]nc3nc(NC4CCCCC4)ncc23)cc1,CHEMBL4369850,Antileishmanial activity against Leishmania donovani axenic amastigote infected in human THP1 cells by intramacrophage assay
CHEMBL3430982,COc1ccccc1C1CC(c2ccc(NS(C)(=O)=O)cc2)=NN1C(=O)c1cccs1,COc1ccccc1C1CC(c2ccc(NS(C)(=O)=O)cc2)=NN1C(=O)c1cccs1,5.4,Active,IC50,Leishmania donovani,L_donovani,O=C(c1cccs1)N1N=C(c2ccccc2)CC1c1ccccc1,CHEMBL3431451,"GSK_TCAKS: pIC50 Leishmania donovani Imaging: Infected Macrophages. Assay plates (384-well) were prepared by adding 250nL of compound to each well. For single shot assay, the final compound concentration was 5 uM. For potency determinations, eleven-point one in three dilution curves were generated with a top concentration of 50 uM. Two exposure images were taken for each well using 405 nm and 488 nm laser excitation. Automated image analysis was performed with a script developed on Acapella High Content Imaging and Analysis Software (PerkinElmer). Output: Percent of infected macrophage cells were reported for each well."
CHEMBL4449956,COc1nc(N[C@H]2CC[C@H](NS(=O)(=O)CC3CCCO3)CC2)nc2[nH]nc(N3CCOCC3)c12,COc1nc(N[C@H]2CC[C@H](NS(=O)(=O)CC3CCCO3)CC2)nc2[nH]nc(N3CCOCC3)c12,5.300000000000001,Active,EC50,Leishmania donovani,L_donovani,O=S(=O)(CC1CCCO1)N[C@H]1CC[C@H](Nc2ncc3c(N4CCOCC4)n[nH]c3n2)CC1,CHEMBL4369850,Antileishmanial activity against Leishmania donovani axenic amastigote infected in human THP1 cells by intramacrophage assay
CHEMBL4453951,COc1nc(N[C@H]2CC[C@H](NS(=O)(=O)CCC(C)C)CC2)nc2[nH]nc(N3CCOCC3)c12,COc1nc(N[C@H]2CC[C@H](NS(=O)(=O)CCC(C)C)CC2)nc2[nH]nc(N3CCOCC3)c12,6.7,Active,EC50,Leishmania donovani,L_donovani,c1nc(NC2CCCCC2)nc2[nH]nc(N3CCOCC3)c12,CHEMBL4369850,Antileishmanial activity against Leishmania donovani axenic amastigote infected in human THP1 cells by intramacrophage assay
CHEMBL4463236,COc1nc(N[C@H]2CC[C@H](NS(=O)(=O)CCC(C)C)CC2)nc2[nH]nc(N3CCOC[C@@H]3C)c12,COc1nc(N[C@H]2CC[C@H](NS(=O)(=O)CCC(C)C)CC2)nc2[nH]nc(N3CCOC[C@@H]3C)c12,6.0,Active,EC50,Leishmania donovani,L_donovani,c1nc(NC2CCCCC2)nc2[nH]nc(N3CCOCC3)c12,CHEMBL4369850,Antileishmanial activity against Leishmania donovani axenic amastigote infected in human THP1 cells by intramacrophage assay
CHEMBL4572962,COc1nc(N[C@H]2CC[C@H](NS(=O)(=O)CCC(C)C)CC2)nc2[nH]nc(N3CCOC[C@H]3C)c12,COc1nc(N[C@H]2CC[C@H](NS(=O)(=O)CCC(C)C)CC2)nc2[nH]nc(N3CCOC[C@H]3C)c12,6.6,Active,EC50,Leishmania donovani,L_donovani,c1nc(NC2CCCCC2)nc2[nH]nc(N3CCOCC3)c12,CHEMBL4369850,Antileishmanial activity against Leishmania donovani axenic amastigote infected in human THP1 cells by intramacrophage assay
CHEMBL4469958,COc1nc(N[C@H]2CC[C@H](NS(=O)(=O)CCC(F)(F)F)CC2)nc2[nH]nc(N3CCOCC3)c12,COc1nc(N[C@H]2CC[C@H](NS(=O)(=O)CCC(F)(F)F)CC2)nc2[nH]nc(N3CCOCC3)c12,5.9,Active,EC50,Leishmania donovani,L_donovani,c1nc(NC2CCCCC2)nc2[nH]nc(N3CCOCC3)c12,CHEMBL4369850,Antileishmanial activity against Leishmania donovani axenic amastigote infected in human THP1 cells by intramacrophage assay
CHEMBL3431168,COc1ncc(-c2ccc3nccc(-c4ccncc4)c3c2)cc1NS(=O)(=O)C1CC1,COc1ncc(-c2ccc3nccc(-c4ccncc4)c3c2)cc1NS(=O)(=O)C1CC1,5.95,Active,IC50,Leishmania donovani,L_donovani,O=S(=O)(Nc1cncc(-c2ccc3nccc(-c4ccncc4)c3c2)c1)C1CC1,CHEMBL3431451,"GSK_TCAKS: pIC50 Leishmania donovani Imaging: Infected Macrophages. Assay plates (384-well) were prepared by adding 250nL of compound to each well. For single shot assay, the final compound concentration was 5 uM. For potency determinations, eleven-point one in three dilution curves were generated with a top concentration of 50 uM. Two exposure images were taken for each well using 405 nm and 488 nm laser excitation. Automated image analysis was performed with a script developed on Acapella High Content Imaging and Analysis Software (PerkinElmer). Output: Percent of infected macrophage cells were reported for each well."
CHEMBL3431185,COc1ncc(-c2ccc3nccc(-c4ccncc4)c3c2)cc1NS(C)(=O)=O,COc1ncc(-c2ccc3nccc(-c4ccncc4)c3c2)cc1NS(C)(=O)=O,5.55,Active,IC50,Leishmania donovani,L_donovani,c1cncc(-c2ccc3nccc(-c4ccncc4)c3c2)c1,CHEMBL3431451,"GSK_TCAKS: pIC50 Leishmania donovani Imaging: Infected Macrophages. Assay plates (384-well) were prepared by adding 250nL of compound to each well. For single shot assay, the final compound concentration was 5 uM. For potency determinations, eleven-point one in three dilution curves were generated with a top concentration of 50 uM. Two exposure images were taken for each well using 405 nm and 488 nm laser excitation. Automated image analysis was performed with a script developed on Acapella High Content Imaging and Analysis Software (PerkinElmer). Output: Percent of infected macrophage cells were reported for each well."
CHEMBL3431181,COc1ncc(-c2ccc3ncnc(N4CCOCC4)c3c2)cc1NS(C)(=O)=O,COc1ncc(-c2ccc3ncnc(N4CCOCC4)c3c2)cc1NS(C)(=O)=O,5.75,Active,IC50,Leishmania donovani,L_donovani,c1cncc(-c2ccc3ncnc(N4CCOCC4)c3c2)c1,CHEMBL3431451,"GSK_TCAKS: pIC50 Leishmania donovani Imaging: Infected Macrophages. Assay plates (384-well) were prepared by adding 250nL of compound to each well. For single shot assay, the final compound concentration was 5 uM. For potency determinations, eleven-point one in three dilution curves were generated with a top concentration of 50 uM. Two exposure images were taken for each well using 405 nm and 488 nm laser excitation. Automated image analysis was performed with a script developed on Acapella High Content Imaging and Analysis Software (PerkinElmer). Output: Percent of infected macrophage cells were reported for each well."
CHEMBL2172404,CS(=O)(=O)N(CCOCCOc1ccc(-c2cc(=O)c3ccccc3o2)cc1)CCOCCOc1ccc(-c2cc(=O)c3ccccc3o2)cc1,CS(=O)(=O)N(CCOCCOc1ccc(-c2cc(=O)c3ccccc3o2)cc1)CCOCCOc1ccc(-c2cc(=O)c3ccccc3o2)cc1,6.085,Active,IC50,Leishmania donovani,L_donovani,O=c1cc(-c2ccc(OCCOCCNCCOCCOc3ccc(-c4cc(=O)c5ccccc5o4)cc3)cc2)oc2ccccc12,CHEMBL2175841,Antimicrobial activity against SSG-resistant Leishmania donovani 39 promastigote assessed as inhibition of parasite growth after 72 hrs by MTS assay
CHEMBL3431133,CS(=O)(=O)N[C@H]1CC[C@@H](Oc2cc3cnccc3cc2-c2ccsc2)CC1,CS(=O)(=O)N[C@H]1CC[C@@H](Oc2cc3cnccc3cc2-c2ccsc2)CC1.O=C(O)C(F)(F)F,4.6,Inactive,IC50,Leishmania donovani,L_donovani,c1cc2cc(-c3ccsc3)c(OC3CCCCC3)cc2cn1,CHEMBL3431451,"GSK_TCAKS: pIC50 Leishmania donovani Imaging: Infected Macrophages. Assay plates (384-well) were prepared by adding 250nL of compound to each well. For single shot assay, the final compound concentration was 5 uM. For potency determinations, eleven-point one in three dilution curves were generated with a top concentration of 50 uM. Two exposure images were taken for each well using 405 nm and 488 nm laser excitation. Automated image analysis was performed with a script developed on Acapella High Content Imaging and Analysis Software (PerkinElmer). Output: Percent of infected macrophage cells were reported for each well."
CHEMBL3431207,CS(=O)(=O)N[C@H]1CC[C@H](Nc2ncc(Br)c(Nc3ccccc3C(N)=O)n2)CC1,CS(=O)(=O)N[C@H]1CC[C@H](Nc2ncc(Br)c(Nc3ccccc3C(N)=O)n2)CC1,6.05,Active,IC50,Leishmania donovani,L_donovani,c1ccc(Nc2ccnc(NC3CCCCC3)n2)cc1,CHEMBL3431450,"GSK_TCAKS: pIC50 Leishmania donovani viability assay using fluorescence intensity. Assay plates (1536-well) were prepared by adding 30nL per well of compound. For single shot assay, the final compound concentration was 5uM. For potency determinations, eleven-point one in three dilution curves were generated with a top concentration of 50uM. Briefly, eGFP LdBOB axenic amastigotes were harvested, fixed and counted in a CASY cell counter (Roche-Applied Science). A final concentration of 1.5 * 10^5 cells per well were prepared in amastigote media containing 500 U/mL penicillin/streptomycin (Invitrogen) and 6uL was dispensed to each experimental well using a Multidrop Combi dispenser (Thermo Scientific). 6uL of assay media was dispensed to control columns used as reference for 100% compound response. Following incubation for 72 h at 37C, 5% CO2, 2 uL of resazurin was added to each well at a final concentration of 0.5 mM in phosphate buffered saline (PBS) with IGEPAL (Sigma-Aldrich), 0.05% (v/v). The plates were incubated for 4 h at room temperature and resorufin fluorescence was detected using a PerkinElmer EnVision plate reader with excitation at 528 nm and emission at 590 nm."
CHEMBL4471873,C[C@@H]1CN(c2[nH]nc3nc(N[C@H]4CC[C@H](NS(=O)(=O)CCC(F)(F)F)CC4)ncc23)CCO1,C[C@@H]1CN(c2n[nH]c3nc(N[C@H]4CC[C@H](NS(=O)(=O)CCC(F)(F)F)CC4)ncc23)CCO1,5.3,Active,EC50,Leishmania donovani,L_donovani,c1nc(NC2CCCCC2)nc2n[nH]c(N3CCOCC3)c12,CHEMBL4369850,Antileishmanial activity against Leishmania donovani axenic amastigote infected in human THP1 cells by intramacrophage assay
CHEMBL4563818,C[C@H]1CN(c2[nH]nc3nc(N[C@H]4CC[C@H](NS(=O)(=O)CCC(F)(F)F)CC4)ncc23)CCO1,C[C@H]1CN(c2n[nH]c3nc(N[C@H]4CC[C@H](NS(=O)(=O)CCC(F)(F)F)CC4)ncc23)CCO1,5.875,Active,EC50,Leishmania donovani,L_donovani,c1nc(NC2CCCCC2)nc2n[nH]c(N3CCOCC3)c12,CHEMBL4369850,Antileishmanial activity against Leishmania donovani axenic amastigote infected in human THP1 cells by intramacrophage assay
CHEMBL4104679,Cc1cc(C)c(C)c(S(=O)(=O)N2CCCc3ccccc32)c1C,Cc1cc(C)c(C)c(S(=O)(=O)N2CCCc3ccccc32)c1C,6.44,Active,IC50,Leishmania donovani,L_donovani,O=S(=O)(c1ccccc1)N1CCCc2ccccc21,CHEMBL4045491,Antiparasitic activity against Leishmania donovani MHOM-ET-67/L82 axenic amastigotes after 72 hrs by Alamar blue assay
CHEMBL4068026,Cc1cc(C)c(C)c(S(=O)(=O)N2CCc3ccccc32)c1C,Cc1cc(C)c(C)c(S(=O)(=O)N2CCc3ccccc32)c1C,6.14,Active,IC50,Leishmania donovani,L_donovani,O=S(=O)(c1ccccc1)N1CCc2ccccc21,CHEMBL4045491,Antiparasitic activity against Leishmania donovani MHOM-ET-67/L82 axenic amastigotes after 72 hrs by Alamar blue assay
CHEMBL4070401,Cc1cc(C)c(C)c(S(=O)(=O)N2CCc3ccccc3C2)c1C,Cc1cc(C)c(C)c(S(=O)(=O)N2CCc3ccccc3C2)c1C,6.12,Active,IC50,Leishmania donovani,L_donovani,O=S(=O)(c1ccccc1)N1CCc2ccccc2C1,CHEMBL4045491,Antiparasitic activity against Leishmania donovani MHOM-ET-67/L82 axenic amastigotes after 72 hrs by Alamar blue assay
CHEMBL4060175,Cc1cc(C)c(C)c(S(=O)(=O)N2c3ccccc3CC2C)c1C,Cc1cc(C)c(C)c(S(=O)(=O)N2c3ccccc3CC2C)c1C,6.64,Active,IC50,Leishmania donovani,L_donovani,O=S(=O)(c1ccccc1)N1CCc2ccccc21,CHEMBL4045491,Antiparasitic activity against Leishmania donovani MHOM-ET-67/L82 axenic amastigotes after 72 hrs by Alamar blue assay
CHEMBL4063225,Cc1cc(C)c(C)c(S(=O)(=O)N2c3ccccc3CCC2C)c1C,Cc1cc(C)c(C)c(S(=O)(=O)N2c3ccccc3CCC2C)c1C,6.21,Active,IC50,Leishmania donovani,L_donovani,O=S(=O)(c1ccccc1)N1CCCc2ccccc21,CHEMBL4045491,Antiparasitic activity against Leishmania donovani MHOM-ET-67/L82 axenic amastigotes after 72 hrs by Alamar blue assay
CHEMBL3430914,Cc1cc(C)cc(NS(=O)(=O)c2cc(-c3cc(C)[nH]n3)ccc2C)c1,Cc1cc(C)cc(NS(=O)(=O)c2cc(-c3cc(C)n[nH]3)ccc2C)c1,5.5,Active,IC50,Leishmania donovani,L_donovani,O=S(=O)(Nc1ccccc1)c1cccc(-c2cc[nH]n2)c1,CHEMBL3431451,"GSK_TCAKS: pIC50 Leishmania donovani Imaging: Infected Macrophages. Assay plates (384-well) were prepared by adding 250nL of compound to each well. For single shot assay, the final compound concentration was 5 uM. For potency determinations, eleven-point one in three dilution curves were generated with a top concentration of 50 uM. Two exposure images were taken for each well using 405 nm and 488 nm laser excitation. Automated image analysis was performed with a script developed on Acapella High Content Imaging and Analysis Software (PerkinElmer). Output: Percent of infected macrophage cells were reported for each well."
CHEMBL3431010,Cc1ccc(-c2csc(NC(=O)C=Cc3ccc(S(=O)(=O)N4CCOCC4)cc3)n2)o1,Cc1ccc(-c2csc(NC(=O)C=Cc3ccc(S(=O)(=O)N4CCOCC4)cc3)n2)o1,5.3,Active,IC50,Leishmania donovani,L_donovani,O=C(C=Cc1ccc(S(=O)(=O)N2CCOCC2)cc1)Nc1nc(-c2ccco2)cs1,CHEMBL3431451,"GSK_TCAKS: pIC50 Leishmania donovani Imaging: Infected Macrophages. Assay plates (384-well) were prepared by adding 250nL of compound to each well. For single shot assay, the final compound concentration was 5 uM. For potency determinations, eleven-point one in three dilution curves were generated with a top concentration of 50 uM. Two exposure images were taken for each well using 405 nm and 488 nm laser excitation. Automated image analysis was performed with a script developed on Acapella High Content Imaging and Analysis Software (PerkinElmer). Output: Percent of infected macrophage cells were reported for each well."
CHEMBL2172405,Cc1ccc(S(=O)(=O)N(CCOCCOc2ccc(-c3cc(=O)c4ccccc4o3)cc2)CCOCCOc2ccc(-c3cc(=O)c4ccccc4o3)cc2)cc1,Cc1ccc(S(=O)(=O)N(CCOCCOc2ccc(-c3cc(=O)c4ccccc4o3)cc2)CCOCCOc2ccc(-c3cc(=O)c4ccccc4o3)cc2)cc1,4.0,Inactive,IC50,Leishmania donovani,L_donovani,O=c1cc(-c2ccc(OCCOCCN(CCOCCOc3ccc(-c4cc(=O)c5ccccc5o4)cc3)S(=O)(=O)c3ccccc3)cc2)oc2ccccc12,CHEMBL2175842,Antimicrobial activity against wild-type Leishmania donovani AG83 promastigote assessed as inhibition of parasite growth after 72 hrs by MTS assay
CHEMBL591748,Cc1ccc(S(=O)(=O)N2c3ccccc3CCC2C)cc1,Cc1ccc(S(=O)(=O)N2c3ccccc3CCC2C)cc1,4.65,Inactive,IC50,Leishmania donovani,L_donovani,O=S(=O)(c1ccccc1)N1CCCc2ccccc21,CHEMBL1073485,Antileishmanial activity against Leishmania donovani infected in rat L6 cells
CHEMBL2070689,Cc1ccc(S(=O)(=O)NCCCn2cnc([N+](=O)[O-])n2)cc1,Cc1ccc(S(=O)(=O)NCCCn2cnc([N+](=O)[O-])n2)cc1,4.42,Inactive,IC50,Leishmania donovani,L_donovani,O=S(=O)(NCCCn1cncn1)c1ccccc1,CHEMBL2072680,Antileishmanial activity against Leishmania donovani MHOM-ET67/L82 amastigotes
CHEMBL3431323,Cc1ccc(S(=O)(=O)Nc2ccc(CN3CCN(C(=O)c4cccc(C#N)c4)CC3)cc2)cc1,Cc1ccc(S(=O)(=O)Nc2ccc(CN3CCN(C(=O)c4cccc(C#N)c4)CC3)cc2)cc1.O=C(O)C(F)(F)F,4.8,Inactive,IC50,Leishmania donovani,L_donovani,O=C(c1ccccc1)N1CCN(Cc2ccc(NS(=O)(=O)c3ccccc3)cc2)CC1,CHEMBL3431450,"GSK_TCAKS: pIC50 Leishmania donovani viability assay using fluorescence intensity. Assay plates (1536-well) were prepared by adding 30nL per well of compound. For single shot assay, the final compound concentration was 5uM. For potency determinations, eleven-point one in three dilution curves were generated with a top concentration of 50uM. Briefly, eGFP LdBOB axenic amastigotes were harvested, fixed and counted in a CASY cell counter (Roche-Applied Science). A final concentration of 1.5 * 10^5 cells per well were prepared in amastigote media containing 500 U/mL penicillin/streptomycin (Invitrogen) and 6uL was dispensed to each experimental well using a Multidrop Combi dispenser (Thermo Scientific). 6uL of assay media was dispensed to control columns used as reference for 100% compound response. Following incubation for 72 h at 37C, 5% CO2, 2 uL of resazurin was added to each well at a final concentration of 0.5 mM in phosphate buffered saline (PBS) with IGEPAL (Sigma-Aldrich), 0.05% (v/v). The plates were incubated for 4 h at room temperature and resorufin fluorescence was detected using a PerkinElmer EnVision plate reader with excitation at 528 nm and emission at 590 nm."
CHEMBL3431325,Cc1ccc(S(=O)(=O)Nc2ccc(CN3CCN(C(=O)c4cccc(C)c4)CC3)cc2)cc1,Cc1ccc(S(=O)(=O)Nc2ccc(CN3CCN(C(=O)c4cccc(C)c4)CC3)cc2)cc1.O=C(O)C(F)(F)F,4.45,Inactive,IC50,Leishmania donovani,L_donovani,O=C(c1ccccc1)N1CCN(Cc2ccc(NS(=O)(=O)c3ccccc3)cc2)CC1,CHEMBL3431450,"GSK_TCAKS: pIC50 Leishmania donovani viability assay using fluorescence intensity. Assay plates (1536-well) were prepared by adding 30nL per well of compound. For single shot assay, the final compound concentration was 5uM. For potency determinations, eleven-point one in three dilution curves were generated with a top concentration of 50uM. Briefly, eGFP LdBOB axenic amastigotes were harvested, fixed and counted in a CASY cell counter (Roche-Applied Science). A final concentration of 1.5 * 10^5 cells per well were prepared in amastigote media containing 500 U/mL penicillin/streptomycin (Invitrogen) and 6uL was dispensed to each experimental well using a Multidrop Combi dispenser (Thermo Scientific). 6uL of assay media was dispensed to control columns used as reference for 100% compound response. Following incubation for 72 h at 37C, 5% CO2, 2 uL of resazurin was added to each well at a final concentration of 0.5 mM in phosphate buffered saline (PBS) with IGEPAL (Sigma-Aldrich), 0.05% (v/v). The plates were incubated for 4 h at room temperature and resorufin fluorescence was detected using a PerkinElmer EnVision plate reader with excitation at 528 nm and emission at 590 nm."
CHEMBL5641528,Cc1ccc(S(=O)(=O)Nc2ccccc2Sc2ncnc3c(C)csc23)cc1,Cc1ccc(S(=O)(=O)Nc2ccccc2Sc2ncnc3c(C)csc23)cc1,4.49,Inactive,IC50,Leishmania donovani,L_donovani,O=S(=O)(Nc1ccccc1Sc1ncnc2ccsc12)c1ccccc1,CHEMBL5634231,Antileishmanial activity against Leishmania donovani promastigote assessed as reduction in parasite growth measured after 72 hrs
CHEMBL269225,Cc1ccc(S(=O)(=O)Nc2nc3[nH]c(-c4ccccc4)cc(=O)n3n2)cc1,Cc1ccc(S(=O)(=O)Nc2nc3nc(-c4ccccc4)cc(O)n3n2)cc1,5.7,Active,IC50,Leishmania donovani,L_donovani,O=c1cc(-c2ccccc2)[nH]c2nc(NS(=O)(=O)c3ccccc3)nn12,CHEMBL712541,The in vitro leishmanicidal activity by measuring the 3H thymidine incorporation in promastigotes of Leishmania donovani
CHEMBL11836,Cc1ccc(S(=O)(=O)Nc2nc3nc(C)cc(C)n3n2)cc1,Cc1ccc(S(=O)(=O)Nc2nc3nc(C)cc(C)n3n2)cc1,5.82,Active,IC50,Leishmania donovani,L_donovani,O=S(=O)(Nc1nc2ncccn2n1)c1ccccc1,CHEMBL712541,The in vitro leishmanicidal activity by measuring the 3H thymidine incorporation in promastigotes of Leishmania donovani
CHEMBL4532721,Cc1ccc([Te]Cc2ccc(S(N)(=O)=O)cc2)cc1,Cc1ccc([Te]Cc2ccc(S(N)(=O)=O)cc2)cc1,5.46,Active,IC50,Leishmania donovani,L_donovani,c1ccc(C[Te]c2ccccc2)cc1,CHEMBL4345530,Antileishmanial activity against Leishmania donovani axenic amastigotes assessed as reduction in parasite growth measured after 24 hrs by propidium iodide staining based flow cytometric method
CHEMBL11835,Cc1ccc2nc(NS(=O)(=O)c3ccc(N)cc3)oc2c1,Cc1ccc2nc(NS(=O)(=O)c3ccc(N)cc3)oc2c1,4.81,Inactive,IC50,Leishmania donovani,L_donovani,O=S(=O)(Nc1nc2ccccc2o1)c1ccccc1,CHEMBL712541,The in vitro leishmanicidal activity by measuring the 3H thymidine incorporation in promastigotes of Leishmania donovani
CHEMBL4453472,Cc1cccc(C)c1[Te]Cc1ccc(S(N)(=O)=O)cc1,Cc1cccc(C)c1[Te]Cc1ccc(S(N)(=O)=O)cc1,5.65,Active,IC50,Leishmania donovani,L_donovani,c1ccc(C[Te]c2ccccc2)cc1,CHEMBL4345530,Antileishmanial activity against Leishmania donovani axenic amastigotes assessed as reduction in parasite growth measured after 24 hrs by propidium iodide staining based flow cytometric method
CHEMBL3431201,Cc1cccc(NS(=O)(=O)c2cnc3sc(C)cn3c2=O)c1,Cc1cccc(NS(=O)(=O)c2cnc3sc(C)cn3c2=O)c1,5.3,Active,IC50,Leishmania donovani,L_donovani,O=c1c(S(=O)(=O)Nc2ccccc2)cnc2sccn12,CHEMBL3431452,"GSK_TCAKS: pIC50 Leishmania donovani Imaging: Amastigotes/Macrophages. Assay plates (384-well) were prepared by adding 250nL of compound to each well. For single shot assay, the final compound concentration was 5 uM. For potency determinations, eleven-point one in three dilution curves were generated with a top concentration of 50 uM. Two exposure images were taken for each well using 405 nm and 488 nm laser excitation. Automated image analysis was performed with a script developed on Acapella High Content Imaging and Analysis Software (PerkinElmer). Output: Average number of amastigotes per macrophage cell were reported for each well."
CHEMBL3431160,Cc1ccccc1NS(=O)(=O)c1ccc2[nH]cc(C(=O)NC3CCCC(C)C3C)c(=O)c2c1,Cc1ccccc1NS(=O)(=O)c1ccc2[nH]cc(C(=O)NC3CCCC(C)C3C)c(=O)c2c1,4.8,Inactive,IC50,Leishmania donovani,L_donovani,O=C(NC1CCCCC1)c1c[nH]c2ccc(S(=O)(=O)Nc3ccccc3)cc2c1=O,CHEMBL3431451,"GSK_TCAKS: pIC50 Leishmania donovani Imaging: Infected Macrophages. Assay plates (384-well) were prepared by adding 250nL of compound to each well. For single shot assay, the final compound concentration was 5 uM. For potency determinations, eleven-point one in three dilution curves were generated with a top concentration of 50 uM. Two exposure images were taken for each well using 405 nm and 488 nm laser excitation. Automated image analysis was performed with a script developed on Acapella High Content Imaging and Analysis Software (PerkinElmer). Output: Percent of infected macrophage cells were reported for each well."
CHEMBL3431389,Cc1ccccc1NS(=O)(=O)c1ccc2[nH]cc(C(=O)NC3CCCC3)c(=O)c2c1,Cc1ccccc1NS(=O)(=O)c1ccc2[nH]cc(C(=O)NC3CCCC3)c(=O)c2c1,4.45,Inactive,IC50,Leishmania donovani,L_donovani,O=C(NC1CCCC1)c1c[nH]c2ccc(S(=O)(=O)Nc3ccccc3)cc2c1=O,CHEMBL3431452,"GSK_TCAKS: pIC50 Leishmania donovani Imaging: Amastigotes/Macrophages. Assay plates (384-well) were prepared by adding 250nL of compound to each well. For single shot assay, the final compound concentration was 5 uM. For potency determinations, eleven-point one in three dilution curves were generated with a top concentration of 50 uM. Two exposure images were taken for each well using 405 nm and 488 nm laser excitation. Automated image analysis was performed with a script developed on Acapella High Content Imaging and Analysis Software (PerkinElmer). Output: Average number of amastigotes per macrophage cell were reported for each well."
CHEMBL1566898,Cc1ccccc1NS(=O)(=O)c1ccc2[nH]cc(C(=O)NC3CCCCC3)c(=O)c2c1,Cc1ccccc1NS(=O)(=O)c1ccc2[nH]cc(C(=O)NC3CCCCC3)c(=O)c2c1,4.4,Inactive,IC50,Leishmania donovani,L_donovani,O=C(NC1CCCCC1)c1c[nH]c2ccc(S(=O)(=O)Nc3ccccc3)cc2c1=O,CHEMBL3431451,"GSK_TCAKS: pIC50 Leishmania donovani Imaging: Infected Macrophages. Assay plates (384-well) were prepared by adding 250nL of compound to each well. For single shot assay, the final compound concentration was 5 uM. For potency determinations, eleven-point one in three dilution curves were generated with a top concentration of 50 uM. Two exposure images were taken for each well using 405 nm and 488 nm laser excitation. Automated image analysis was performed with a script developed on Acapella High Content Imaging and Analysis Software (PerkinElmer). Output: Percent of infected macrophage cells were reported for each well."
CHEMBL1354075,Cc1ccnc(NS(=O)(=O)c2ccc(NC(=O)c3ccc([N+](=O)[O-])s3)cc2)n1,Cc1ccnc(NS(=O)(=O)c2ccc(NC(=O)c3ccc([N+](=O)[O-])s3)cc2)n1,5.15,Active,IC50,Leishmania donovani,L_donovani,O=C(Nc1ccc(S(=O)(=O)Nc2ncccn2)cc1)c1cccs1,CHEMBL3431451,"GSK_TCAKS: pIC50 Leishmania donovani Imaging: Infected Macrophages. Assay plates (384-well) were prepared by adding 250nL of compound to each well. For single shot assay, the final compound concentration was 5 uM. For potency determinations, eleven-point one in three dilution curves were generated with a top concentration of 50 uM. Two exposure images were taken for each well using 405 nm and 488 nm laser excitation. Automated image analysis was performed with a script developed on Acapella High Content Imaging and Analysis Software (PerkinElmer). Output: Percent of infected macrophage cells were reported for each well."
CHEMBL212314,Cc1nc(-c2ccc(S(=O)(=O)Nc3ccc(Br)cc3Cl)s2)cs1,Cc1nc(-c2ccc(S(=O)(=O)Nc3ccc(Br)cc3Cl)s2)cs1,4.18,Inactive,IC50,Leishmania donovani,L_donovani,O=S(=O)(Nc1ccccc1)c1ccc(-c2cscn2)s1,CHEMBL853376,Antileishmanial activity against Leishmania donovani axenic amastigotes
CHEMBL474900,Cc1nc(-c2ccccn2)nc(N2CCN(S(=O)(=O)c3ccccc3)CC2)c1Cl,Cc1nc(-c2ccccn2)nc(N2CCN(S(=O)(=O)c3ccccc3)CC2)c1Cl,4.26,Inactive,IC50,Leishmania donovani,L_donovani,O=S(=O)(c1ccccc1)N1CCN(c2ccnc(-c3ccccn3)n2)CC1,CHEMBL1030594,Antileishmanial activity against Leishmania donovani
CHEMBL3358114,Cc1nn(C)c(C)c1N(C(F)F)S(=O)(=O)c1c(Cl)cc(CCCC2CCN(C)CC2)cc1Cl,Cc1nn(C)c(C)c1N(C(F)F)S(=O)(=O)c1c(Cl)cc(CCCC2CCN(C)CC2)cc1Cl,5.62,Active,EC50,Leishmania donovani,L_donovani,O=S(=O)(Nc1cn[nH]c1)c1ccc(CCCC2CCNCC2)cc1,CHEMBL5634219,Antileishmanial activity against Leishmania donovani MHOM/ET/67/HU3 axenic amastigotes
CHEMBL3358111,Cc1nn(C)c(C)c1N(C)S(=O)(=O)c1c(Cl)cc(CCCC2CCN(C)CC2)cc1Cl,Cc1nn(C)c(C)c1N(C)S(=O)(=O)c1c(Cl)cc(CCCC2CCN(C)CC2)cc1Cl,5.15,Active,EC50,Leishmania donovani,L_donovani,O=S(=O)(Nc1cn[nH]c1)c1ccc(CCCC2CCNCC2)cc1,CHEMBL5634219,Antileishmanial activity against Leishmania donovani MHOM/ET/67/HU3 axenic amastigotes
CHEMBL3357688,Cc1nn(C)c(C)c1NS(=O)(=O)c1c(Cl)cc(-c2ccnc(N3CCN(C)CC3)c2)cc1Cl,Cc1nn(C)c(C)c1NS(=O)(=O)c1c(Cl)cc(-c2ccnc(N3CCN(C)CC3)c2)cc1Cl,6.82,Active,EC50,Leishmania donovani,L_donovani,O=S(=O)(Nc1cn[nH]c1)c1ccc(-c2ccnc(N3CCNCC3)c2)cc1,CHEMBL5634216,Antileishmanial activity against Leishmania donovani amastigotes
CHEMBL1230468,Cc1nn(C)c(C)c1NS(=O)(=O)c1c(Cl)cc(-c2ccnc(N3CCNCC3)c2)cc1Cl,Cc1nn(C)c(C)c1NS(=O)(=O)c1c(Cl)cc(-c2ccnc(N3CCNCC3)c2)cc1Cl,4.9,Inactive,EC50,Leishmania donovani,L_donovani,O=S(=O)(Nc1cn[nH]c1)c1ccc(-c2ccnc(N3CCNCC3)c2)cc1,CHEMBL5634216,Antileishmanial activity against Leishmania donovani amastigotes
CHEMBL3972100,Cc1nn(C)c(Cl)c1S(=O)(=O)Nc1ccc(Oc2ccc(F)cc2)cc1,Cc1nn(C)c(Cl)c1S(=O)(=O)Nc1ccc(Oc2ccc(F)cc2)cc1,4.34,Inactive,IC50,Leishmania donovani,L_donovani,O=S(=O)(Nc1ccc(Oc2ccccc2)cc1)c1cn[nH]c1,CHEMBL5634231,Antileishmanial activity against Leishmania donovani promastigote assessed as reduction in parasite growth measured after 72 hrs
CHEMBL5641741,Cc1onc(-c2ccccc2)c1CNS(=O)(=O)c1cnn(-c2ccccc2)c1C,Cc1onc(-c2ccccc2)c1CNS(=O)(=O)c1cnn(-c2ccccc2)c1C,4.8,Inactive,IC50,Leishmania donovani,L_donovani,O=S(=O)(NCc1conc1-c1ccccc1)c1cnn(-c2ccccc2)c1,CHEMBL5634231,Antileishmanial activity against Leishmania donovani promastigote assessed as reduction in parasite growth measured after 72 hrs
CHEMBL2105542,Cn1c([N+](=O)[O-])cnc1N1CCN(S(C)(=O)=O)C1=O,Cn1c([N+](=O)[O-])cnc1N1CCN(S(C)(=O)=O)C1=O,4.98,Inactive,IC50,Leishmania donovani,L_donovani,O=C1NCCN1c1ncc[nH]1,CHEMBL3392942,"DNDI: Leish (axenic) in Vitro, 72 hour"
CHEMBL2322505,Cn1c2ccccc2c(=NCCCNS(=O)(=O)c2ccccc2)c2c3ccccc3[nH]c21,Cn1c2nc3ccccc3c-2c(NCCCNS(=O)(=O)c2ccccc2)c2ccccc21,4.24,Inactive,IC50,Leishmania donovani,L_donovani,O=S(=O)(NCCCN=c1c2ccccc2[nH]c2[nH]c3ccccc3c12)c1ccccc1,CHEMBL2327107,Antiparasitic activity against Leishmania donovani MHOM/ET/67/L82 axenic amastigotes after 70 hrs by by Alamar blue assay
CHEMBL2070693,Cn1ccnc1S(=O)(=O)NCCCn1cnc([N+](=O)[O-])n1,Cn1ccnc1S(=O)(=O)NCCCn1cnc([N+](=O)[O-])n1,3.6513641865719557,Inactive,IC50,Leishmania donovani,L_donovani,O=S(=O)(NCCCn1cncn1)c1ncc[nH]1,CHEMBL2072680,Antileishmanial activity against Leishmania donovani MHOM-ET67/L82 amastigotes
CHEMBL3431424,N#Cc1ccc(S(=O)(=O)N2CCN(Cc3cccc(-c4ccncc4)c3)CC2)cc1,N#Cc1ccc(S(=O)(=O)N2CCN(Cc3cccc(-c4ccncc4)c3)CC2)cc1,5.9,Active,IC50,Leishmania donovani,L_donovani,O=S(=O)(c1ccccc1)N1CCN(Cc2cccc(-c3ccncc3)c2)CC1,CHEMBL3431452,"GSK_TCAKS: pIC50 Leishmania donovani Imaging: Amastigotes/Macrophages. Assay plates (384-well) were prepared by adding 250nL of compound to each well. For single shot assay, the final compound concentration was 5 uM. For potency determinations, eleven-point one in three dilution curves were generated with a top concentration of 50 uM. Two exposure images were taken for each well using 405 nm and 488 nm laser excitation. Automated image analysis was performed with a script developed on Acapella High Content Imaging and Analysis Software (PerkinElmer). Output: Average number of amastigotes per macrophage cell were reported for each well."
CHEMBL3430947,N#Cc1ccccc1S(=O)(=O)N1CCN(C(=O)CNC(=O)c2ccc3c(c2)OCO3)CC1,N#Cc1ccccc1S(=O)(=O)N1CCN(C(=O)CNC(=O)c2ccc3c(c2)OCO3)CC1,5.8,Active,IC50,Leishmania donovani,L_donovani,O=C(NCC(=O)N1CCN(S(=O)(=O)c2ccccc2)CC1)c1ccc2c(c1)OCO2,CHEMBL3431451,"GSK_TCAKS: pIC50 Leishmania donovani Imaging: Infected Macrophages. Assay plates (384-well) were prepared by adding 250nL of compound to each well. For single shot assay, the final compound concentration was 5 uM. For potency determinations, eleven-point one in three dilution curves were generated with a top concentration of 50 uM. Two exposure images were taken for each well using 405 nm and 488 nm laser excitation. Automated image analysis was performed with a script developed on Acapella High Content Imaging and Analysis Software (PerkinElmer). Output: Percent of infected macrophage cells were reported for each well."
CHEMBL521092,NS(=O)(=O)c1cc(C(=O)N/N=C/c2ccc([N+](=O)[O-])o2)ccc1Cl,NS(=O)(=O)c1cc(C(=O)N/N=C/c2ccc([N+](=O)[O-])o2)ccc1Cl,4.42,Inactive,IC50,Leishmania donovani,L_donovani,O=C(N/N=C/c1ccco1)c1ccccc1,CHEMBL1022782,Antileishmanial activity against Leishmania donovani promastigotes after 48 hrs by alamar blue assay
CHEMBL524177,NS(=O)(=O)c1cc(C(=O)N/N=C/c2ccc([N+](=O)[O-])s2)ccc1Cl,NS(=O)(=O)c1cc(C(=O)N/N=C/c2ccc([N+](=O)[O-])s2)ccc1Cl,5.09,Active,IC50,Leishmania donovani,L_donovani,O=C(N/N=C/c1cccs1)c1ccccc1,CHEMBL1022782,Antileishmanial activity against Leishmania donovani promastigotes after 48 hrs by alamar blue assay
CHEMBL81762,NS(=O)(=O)c1cc([N+](=O)[O-])c(N2CCCC2)c([N+](=O)[O-])c1,NS(=O)(=O)c1cc([N+](=O)[O-])c(N2CCCC2)c([N+](=O)[O-])c1,4.01,Inactive,IC50,Leishmania donovani,L_donovani,c1ccc(N2CCCC2)cc1,CHEMBL712526,Inhibitory activity against Leishmania donovani promastigotes
CHEMBL3431388,NS(=O)(=O)c1ccc(CNC(=O)c2ccc([N+](=O)[O-])s2)cc1,NS(=O)(=O)c1ccc(CNC(=O)c2ccc([N+](=O)[O-])s2)cc1,4.55,Inactive,IC50,Leishmania donovani,L_donovani,O=C(NCc1ccccc1)c1cccs1,CHEMBL3431450,"GSK_TCAKS: pIC50 Leishmania donovani viability assay using fluorescence intensity. Assay plates (1536-well) were prepared by adding 30nL per well of compound. For single shot assay, the final compound concentration was 5uM. For potency determinations, eleven-point one in three dilution curves were generated with a top concentration of 50uM. Briefly, eGFP LdBOB axenic amastigotes were harvested, fixed and counted in a CASY cell counter (Roche-Applied Science). A final concentration of 1.5 * 10^5 cells per well were prepared in amastigote media containing 500 U/mL penicillin/streptomycin (Invitrogen) and 6uL was dispensed to each experimental well using a Multidrop Combi dispenser (Thermo Scientific). 6uL of assay media was dispensed to control columns used as reference for 100% compound response. Following incubation for 72 h at 37C, 5% CO2, 2 uL of resazurin was added to each well at a final concentration of 0.5 mM in phosphate buffered saline (PBS) with IGEPAL (Sigma-Aldrich), 0.05% (v/v). The plates were incubated for 4 h at room temperature and resorufin fluorescence was detected using a PerkinElmer EnVision plate reader with excitation at 528 nm and emission at 590 nm."
CHEMBL4482933,NS(=O)(=O)c1ccc(C[Te]c2ccc3ccccc3c2)cc1,NS(=O)(=O)c1ccc(C[Te]c2ccc3ccccc3c2)cc1,5.83,Active,IC50,Leishmania donovani,L_donovani,c1ccc(C[Te]c2ccc3ccccc3c2)cc1,CHEMBL4345530,Antileishmanial activity against Leishmania donovani axenic amastigotes assessed as reduction in parasite growth measured after 24 hrs by propidium iodide staining based flow cytometric method
CHEMBL4436859,NS(=O)(=O)c1ccc(C[Te]c2ccccc2)cc1,NS(=O)(=O)c1ccc(C[Te]c2ccccc2)cc1,6.25,Active,IC50,Leishmania donovani,L_donovani,c1ccc(C[Te]c2ccccc2)cc1,CHEMBL4345530,Antileishmanial activity against Leishmania donovani axenic amastigotes assessed as reduction in parasite growth measured after 24 hrs by propidium iodide staining based flow cytometric method
CHEMBL3431431,NS(=O)(=O)c1ccc(Nc2nccc(-c3cnn4ncccc34)n2)cc1,NS(=O)(=O)c1ccc(Nc2nccc(-c3cnn4ncccc34)n2)cc1,6.05,Active,IC50,Leishmania donovani,L_donovani,c1ccc(Nc2nccc(-c3cnn4ncccc34)n2)cc1,CHEMBL3431450,"GSK_TCAKS: pIC50 Leishmania donovani viability assay using fluorescence intensity. Assay plates (1536-well) were prepared by adding 30nL per well of compound. For single shot assay, the final compound concentration was 5uM. For potency determinations, eleven-point one in three dilution curves were generated with a top concentration of 50uM. Briefly, eGFP LdBOB axenic amastigotes were harvested, fixed and counted in a CASY cell counter (Roche-Applied Science). A final concentration of 1.5 * 10^5 cells per well were prepared in amastigote media containing 500 U/mL penicillin/streptomycin (Invitrogen) and 6uL was dispensed to each experimental well using a Multidrop Combi dispenser (Thermo Scientific). 6uL of assay media was dispensed to control columns used as reference for 100% compound response. Following incubation for 72 h at 37C, 5% CO2, 2 uL of resazurin was added to each well at a final concentration of 0.5 mM in phosphate buffered saline (PBS) with IGEPAL (Sigma-Aldrich), 0.05% (v/v). The plates were incubated for 4 h at room temperature and resorufin fluorescence was detected using a PerkinElmer EnVision plate reader with excitation at 528 nm and emission at 590 nm."
CHEMBL11886,Nc1ccc(S(=O)(=O)Nc2nc3ccccc3[nH]2)cc1,Nc1ccc(S(=O)(=O)Nc2nc3ccccc3[nH]2)cc1,4.98,Inactive,IC50,Leishmania donovani,L_donovani,O=S(=O)(Nc1nc2ccccc2[nH]1)c1ccccc1,CHEMBL712541,The in vitro leishmanicidal activity by measuring the 3H thymidine incorporation in promastigotes of Leishmania donovani
CHEMBL11875,Nc1ccc(S(=O)(=O)Nc2nc3ccccc3o2)cc1,Nc1ccc(S(=O)(=O)Nc2nc3ccccc3o2)cc1,5.19,Active,IC50,Leishmania donovani,L_donovani,O=S(=O)(Nc1nc2ccccc2o1)c1ccccc1,CHEMBL712541,The in vitro leishmanicidal activity by measuring the 3H thymidine incorporation in promastigotes of Leishmania donovani
CHEMBL439,Nc1ccc(S(=O)(=O)Nc2ncccn2)cc1,Nc1ccc(S(=O)(=O)Nc2ncccn2)cc1,3.9011141057476784,Inactive,IC50,Leishmania donovani,L_donovani,O=S(=O)(Nc1ncccn1)c1ccccc1,CHEMBL3392942,"DNDI: Leish (axenic) in Vitro, 72 hour"
CHEMBL11624,Nc1n[nH]c(NS(=O)(=O)c2ccccc2)n1,Nc1n[nH]c(NS(=O)(=O)c2ccccc2)n1,5.7,Active,IC50,Leishmania donovani,L_donovani,O=S(=O)(Nc1ncn[nH]1)c1ccccc1,CHEMBL712541,The in vitro leishmanicidal activity by measuring the 3H thymidine incorporation in promastigotes of Leishmania donovani
CHEMBL3431367,O=C(CN(c1cccc(C(F)(F)F)c1)S(=O)(=O)c1ccc(Cl)cc1)NCc1ccc(F)c(F)c1,O=C(CN(c1cccc(C(F)(F)F)c1)S(=O)(=O)c1ccc(Cl)cc1)NCc1ccc(F)c(F)c1,4.7,Inactive,IC50,Leishmania donovani,L_donovani,O=C(CN(c1ccccc1)S(=O)(=O)c1ccccc1)NCc1ccccc1,CHEMBL3431453,"GSK_TCAKS: pIC50 Leishmania donovani Imaging: THP-1 Host Macrophages. Assay plates (384-well) were prepared by adding 250nL of compound to each well. For single shot assay, the final compound concentration was 5 uM. For potency determinations, eleven-point one in three dilution curves were generated with a top concentration of 50 uM. Two exposure images were taken for each well using 405 nm and 488 nm laser excitation. Automated image analysis was performed with a script developed on Acapella High Content Imaging and Analysis Software (PerkinElmer). Output: THP-1 cell count were reported for each well."
CHEMBL3431356,O=C(CN1CCN(S(=O)(=O)c2cccc([N+](=O)[O-])c2)CC1)Nc1ccc(Oc2ccccc2)cc1,O=C(CN1CCN(S(=O)(=O)c2cccc([N+](=O)[O-])c2)CC1)Nc1ccc(Oc2ccccc2)cc1,5.4,Active,IC50,Leishmania donovani,L_donovani,O=C(CN1CCN(S(=O)(=O)c2ccccc2)CC1)Nc1ccc(Oc2ccccc2)cc1,CHEMBL3431450,"GSK_TCAKS: pIC50 Leishmania donovani viability assay using fluorescence intensity. Assay plates (1536-well) were prepared by adding 30nL per well of compound. For single shot assay, the final compound concentration was 5uM. For potency determinations, eleven-point one in three dilution curves were generated with a top concentration of 50uM. Briefly, eGFP LdBOB axenic amastigotes were harvested, fixed and counted in a CASY cell counter (Roche-Applied Science). A final concentration of 1.5 * 10^5 cells per well were prepared in amastigote media containing 500 U/mL penicillin/streptomycin (Invitrogen) and 6uL was dispensed to each experimental well using a Multidrop Combi dispenser (Thermo Scientific). 6uL of assay media was dispensed to control columns used as reference for 100% compound response. Following incubation for 72 h at 37C, 5% CO2, 2 uL of resazurin was added to each well at a final concentration of 0.5 mM in phosphate buffered saline (PBS) with IGEPAL (Sigma-Aldrich), 0.05% (v/v). The plates were incubated for 4 h at room temperature and resorufin fluorescence was detected using a PerkinElmer EnVision plate reader with excitation at 528 nm and emission at 590 nm."
CHEMBL3431392,O=C(NC1CCN(C2Cc3ccc(NS(=O)(=O)c4cc(F)cc(F)c4)cc3C2)CC1)C1CC1,O=C(NC1CCN(C2Cc3ccc(NS(=O)(=O)c4cc(F)cc(F)c4)cc3C2)CC1)C1CC1,4.9,Inactive,IC50,Leishmania donovani,L_donovani,O=C(NC1CCN(C2Cc3ccc(NS(=O)(=O)c4ccccc4)cc3C2)CC1)C1CC1,CHEMBL3431450,"GSK_TCAKS: pIC50 Leishmania donovani viability assay using fluorescence intensity. Assay plates (1536-well) were prepared by adding 30nL per well of compound. For single shot assay, the final compound concentration was 5uM. For potency determinations, eleven-point one in three dilution curves were generated with a top concentration of 50uM. Briefly, eGFP LdBOB axenic amastigotes were harvested, fixed and counted in a CASY cell counter (Roche-Applied Science). A final concentration of 1.5 * 10^5 cells per well were prepared in amastigote media containing 500 U/mL penicillin/streptomycin (Invitrogen) and 6uL was dispensed to each experimental well using a Multidrop Combi dispenser (Thermo Scientific). 6uL of assay media was dispensed to control columns used as reference for 100% compound response. Following incubation for 72 h at 37C, 5% CO2, 2 uL of resazurin was added to each well at a final concentration of 0.5 mM in phosphate buffered saline (PBS) with IGEPAL (Sigma-Aldrich), 0.05% (v/v). The plates were incubated for 4 h at room temperature and resorufin fluorescence was detected using a PerkinElmer EnVision plate reader with excitation at 528 nm and emission at 590 nm."
CHEMBL3431009,O=C(Nc1ccc(S(=O)(=O)N2CCCC2)cc1)c1ccc([N+](=O)[O-])s1,O=C(Nc1ccc(S(=O)(=O)N2CCCC2)cc1)c1ccc([N+](=O)[O-])s1,5.8,Active,IC50,Leishmania donovani,L_donovani,O=C(Nc1ccc(S(=O)(=O)N2CCCC2)cc1)c1cccs1,CHEMBL3431451,"GSK_TCAKS: pIC50 Leishmania donovani Imaging: Infected Macrophages. Assay plates (384-well) were prepared by adding 250nL of compound to each well. For single shot assay, the final compound concentration was 5 uM. For potency determinations, eleven-point one in three dilution curves were generated with a top concentration of 50 uM. Two exposure images were taken for each well using 405 nm and 488 nm laser excitation. Automated image analysis was performed with a script developed on Acapella High Content Imaging and Analysis Software (PerkinElmer). Output: Percent of infected macrophage cells were reported for each well."
CHEMBL222709,O=C(Nc1cccc(O)c1)c1cccc(S(=O)(=O)Nc2cccc(O)c2)c1,O=C(Nc1cccc(O)c1)c1cccc(S(=O)(=O)Nc2cccc(O)c2)c1,6.52,Active,IC50,Leishmania donovani,L_donovani,O=C(Nc1ccccc1)c1cccc(S(=O)(=O)Nc2ccccc2)c1,CHEMBL919609,Antileishmanial activity against Leishmania donovani promastigotes after 72 hrs by Alamar blue assay
CHEMBL4564866,O=C(Nc1cccnc1)c1ccc(CNS(=O)(=O)c2ccc(N3CCOCC3)cc2)cc1,O=C(Nc1cccnc1)c1ccc(CNS(=O)(=O)c2ccc(N3CCOCC3)cc2)cc1,3.744727494896694,Inactive,IC50,Leishmania donovani,L_donovani,O=C(Nc1cccnc1)c1ccc(CNS(=O)(=O)c2ccc(N3CCOCC3)cc2)cc1,CHEMBL4343683,Antileishmanial activity against Leishmania donovani MHOM/ET/67/L82 amastigotes assessed as growth inhibition after 72 hrs by plate reader based Alamar blue assay
CHEMBL3431114,O=C(Nc1nc(-c2ccc(S(=O)(=O)N3CCOCC3)cc2)cs1)c1ccc([N+](=O)[O-])cc1,O=C(Nc1nc(-c2ccc(S(=O)(=O)N3CCOCC3)cc2)cs1)c1ccc([N+](=O)[O-])cc1,5.5,Active,IC50,Leishmania donovani,L_donovani,O=C(Nc1nc(-c2ccc(S(=O)(=O)N3CCOCC3)cc2)cs1)c1ccccc1,CHEMBL3431452,"GSK_TCAKS: pIC50 Leishmania donovani Imaging: Amastigotes/Macrophages. Assay plates (384-well) were prepared by adding 250nL of compound to each well. For single shot assay, the final compound concentration was 5 uM. For potency determinations, eleven-point one in three dilution curves were generated with a top concentration of 50 uM. Two exposure images were taken for each well using 405 nm and 488 nm laser excitation. Automated image analysis was performed with a script developed on Acapella High Content Imaging and Analysis Software (PerkinElmer). Output: Average number of amastigotes per macrophage cell were reported for each well."
CHEMBL4521030,O=S(=O)(CCC(F)(F)F)N[C@H]1CC[C@H](Nc2ncc3c(-c4ccccn4)[nH]nc3n2)CC1,O=S(=O)(CCC(F)(F)F)N[C@H]1CC[C@H](Nc2ncc3c(-c4ccccn4)n[nH]c3n2)CC1,6.3,Active,EC50,Leishmania donovani,L_donovani,c1ccc(-c2[nH]nc3nc(NC4CCCCC4)ncc23)nc1,CHEMBL4369850,Antileishmanial activity against Leishmania donovani axenic amastigote infected in human THP1 cells by intramacrophage assay
CHEMBL4526584,O=S(=O)(CCC(F)(F)F)N[C@H]1CC[C@H](Nc2ncc3c(-c4cncnc4)[nH]nc3n2)CC1,O=S(=O)(CCC(F)(F)F)N[C@H]1CC[C@H](Nc2ncc3c(-c4cncnc4)n[nH]c3n2)CC1,5.2,Active,EC50,Leishmania donovani,L_donovani,c1ncc(-c2[nH]nc3nc(NC4CCCCC4)ncc23)cn1,CHEMBL4369850,Antileishmanial activity against Leishmania donovani axenic amastigote infected in human THP1 cells by intramacrophage assay
CHEMBL4452421,O=S(=O)(CCC(F)(F)F)N[C@H]1CC[C@H](Nc2ncc3c(C4CCOCC4)[nH]nc3n2)CC1,O=S(=O)(CCC(F)(F)F)N[C@H]1CC[C@H](Nc2ncc3c(C4CCOCC4)n[nH]c3n2)CC1,5.5,Active,EC50,Leishmania donovani,L_donovani,c1nc(NC2CCCCC2)nc2n[nH]c(C3CCOCC3)c12,CHEMBL4369850,Antileishmanial activity against Leishmania donovani axenic amastigote infected in human THP1 cells by intramacrophage assay
CHEMBL4452190,O=S(=O)(CCC(F)(F)F)N[C@H]1CC[C@H](Nc2ncc3c(N4CCCC4)[nH]nc3n2)CC1,O=S(=O)(CCC(F)(F)F)N[C@H]1CC[C@H](Nc2ncc3c(N4CCCC4)n[nH]c3n2)CC1,5.7,Active,EC50,Leishmania donovani,L_donovani,c1nc(NC2CCCCC2)nc2n[nH]c(N3CCCC3)c12,CHEMBL4369850,Antileishmanial activity against Leishmania donovani axenic amastigote infected in human THP1 cells by intramacrophage assay
CHEMBL4445818,O=S(=O)(CCC(F)(F)F)N[C@H]1CC[C@H](Nc2ncc3c(N4CCCCC4)[nH]nc3n2)CC1,O=S(=O)(CCC(F)(F)F)N[C@H]1CC[C@H](Nc2ncc3c(N4CCCCC4)n[nH]c3n2)CC1,5.8,Active,EC50,Leishmania donovani,L_donovani,c1nc(NC2CCCCC2)nc2n[nH]c(N3CCCCC3)c12,CHEMBL4369850,Antileishmanial activity against Leishmania donovani axenic amastigote infected in human THP1 cells by intramacrophage assay
CHEMBL4475819,O=S(=O)(CCC(F)(F)F)N[C@H]1CC[C@H](Nc2ncc3c(N4CCNCC4)[nH]nc3n2)CC1,O=S(=O)(CCC(F)(F)F)N[C@H]1CC[C@H](Nc2ncc3c(N4CCNCC4)n[nH]c3n2)CC1,4.5,Inactive,EC50,Leishmania donovani,L_donovani,c1nc(NC2CCCCC2)nc2n[nH]c(N3CCNCC3)c12,CHEMBL4369850,Antileishmanial activity against Leishmania donovani axenic amastigote infected in human THP1 cells by intramacrophage assay
CHEMBL4436347,O=S(=O)(CCC(F)(F)F)N[C@H]1CC[C@H](Nc2ncc3c(N4CCOCC4)[nH]nc3n2)CC1,O=S(=O)(CCC(F)(F)F)N[C@H]1CC[C@H](Nc2ncc3c(N4CCOCC4)n[nH]c3n2)CC1,5.5,Active,EC50,Leishmania donovani,L_donovani,c1nc(NC2CCCCC2)nc2n[nH]c(N3CCOCC3)c12,CHEMBL4369850,Antileishmanial activity against Leishmania donovani axenic amastigote infected in human THP1 cells by intramacrophage assay
CHEMBL592827,O=S(=O)(NCC(c1cccnc1)N1CCN(c2ccccc2F)CC1)c1ccc(F)cc1,O=S(=O)(NCC(c1cccnc1)N1CCN(c2ccccc2F)CC1)c1ccc(F)cc1,5.4,Active,IC50,Leishmania donovani,L_donovani,O=S(=O)(NCC(c1cccnc1)N1CCN(c2ccccc2)CC1)c1ccccc1,CHEMBL3431452,"GSK_TCAKS: pIC50 Leishmania donovani Imaging: Amastigotes/Macrophages. Assay plates (384-well) were prepared by adding 250nL of compound to each well. For single shot assay, the final compound concentration was 5 uM. For potency determinations, eleven-point one in three dilution curves were generated with a top concentration of 50 uM. Two exposure images were taken for each well using 405 nm and 488 nm laser excitation. Automated image analysis was performed with a script developed on Acapella High Content Imaging and Analysis Software (PerkinElmer). Output: Average number of amastigotes per macrophage cell were reported for each well."
CHEMBL380658,O=S(=O)(NCCSCc1ccco1)c1cc(S(=O)(=O)c2ccccc2)cs1,O=S(=O)(NCCSCc1ccco1)c1cc(S(=O)(=O)c2ccccc2)cs1,4.27,Inactive,IC50,Leishmania donovani,L_donovani,O=S(=O)(NCCSCc1ccco1)c1cc(S(=O)(=O)c2ccccc2)cs1,CHEMBL862351,Antileishmanial activity against Leishmania donovani promastigotes
CHEMBL210607,O=S(=O)(Nc1ccc(Oc2ccc(C(F)(F)F)cc2)cc1)c1cc(Cl)c(Cl)cc1Cl,O=S(=O)(Nc1ccc(Oc2ccc(C(F)(F)F)cc2)cc1)c1cc(Cl)c(Cl)cc1Cl,4.6,Inactive,IC50,Leishmania donovani,L_donovani,O=S(=O)(Nc1ccc(Oc2ccccc2)cc1)c1ccccc1,CHEMBL853376,Antileishmanial activity against Leishmania donovani axenic amastigotes
CHEMBL11757,O=S(=O)(Nc1nc2nc(-c3ccccc3)cc(-c3ccccc3)n2n1)c1ccc(Cl)cc1,O=S(=O)(Nc1nc2nc(-c3ccccc3)cc(-c3ccccc3)n2n1)c1ccc(Cl)cc1,5.7,Active,IC50,Leishmania donovani,L_donovani,O=S(=O)(Nc1nc2nc(-c3ccccc3)cc(-c3ccccc3)n2n1)c1ccccc1,CHEMBL712541,The in vitro leishmanicidal activity by measuring the 3H thymidine incorporation in promastigotes of Leishmania donovani
CHEMBL343690,O=S(=O)(c1cc(C(F)(F)F)ccc1Cl)N1CCCC1,O=S(=O)(c1cc(C(F)(F)F)ccc1Cl)N1CCCC1,3.939302159646388,Inactive,IC50,Leishmania donovani,L_donovani,O=S(=O)(c1ccccc1)N1CCCC1,CHEMBL712523,In vitro inhibition of Leishmania donovani parasite
CHEMBL359009,O=S(=O)(c1cc(C(F)(F)F)ccc1Cl)N1CCCCC1,O=S(=O)(c1cc(C(F)(F)F)ccc1Cl)N1CCCCC1,3.958607314841775,Inactive,IC50,Leishmania donovani,L_donovani,O=S(=O)(c1ccccc1)N1CCCCC1,CHEMBL712523,In vitro inhibition of Leishmania donovani parasite
CHEMBL357625,O=S(=O)(c1cc(C(F)(F)F)ccc1Cl)N1CCCCCC1,O=S(=O)(c1cc(C(F)(F)F)ccc1Cl)N1CCCCCC1,4.25,Inactive,IC50,Leishmania donovani,L_donovani,O=S(=O)(c1ccccc1)N1CCCCCC1,CHEMBL712523,In vitro inhibition of Leishmania donovani parasite
CHEMBL144584,O=S(=O)(c1cc(C(F)(F)F)ccc1Cl)N1CCN(c2ccccn2)CC1,O=S(=O)(c1cc(C(F)(F)F)ccc1Cl)N1CCN(c2ccccn2)CC1,4.36,Inactive,IC50,Leishmania donovani,L_donovani,O=S(=O)(c1ccccc1)N1CCN(c2ccccn2)CC1,CHEMBL712523,In vitro inhibition of Leishmania donovani parasite
CHEMBL344275,O=S(=O)(c1cc(C(F)(F)F)ccc1F)N1CCCCC1,O=S(=O)(c1cc(C(F)(F)F)ccc1F)N1CCCCC1,3.378823718224965,Inactive,IC50,Leishmania donovani,L_donovani,O=S(=O)(c1ccccc1)N1CCCCC1,CHEMBL712523,In vitro inhibition of Leishmania donovani parasite
CHEMBL343885,O=S(=O)(c1cc(C(F)(F)F)ccc1F)N1CCCCCC1,O=S(=O)(c1cc(C(F)(F)F)ccc1F)N1CCCCCC1,3.96657624451305,Inactive,IC50,Leishmania donovani,L_donovani,O=S(=O)(c1ccccc1)N1CCCCCC1,CHEMBL712523,In vitro inhibition of Leishmania donovani parasite
CHEMBL342750,O=S(=O)(c1cc(C(F)(F)F)ccc1N1CCCC1)N1CCCC1,O=S(=O)(c1cc(C(F)(F)F)ccc1N1CCCC1)N1CCCC1,4.64,Inactive,IC50,Leishmania donovani,L_donovani,O=S(=O)(c1ccccc1N1CCCC1)N1CCCC1,CHEMBL712523,In vitro inhibition of Leishmania donovani parasite
CHEMBL379005,O=S(=O)(c1ccc(Br)cc1)N1CCCc2ccccc21,O=S(=O)(c1ccc(Br)cc1)N1CCCc2ccccc21,4.67,Inactive,IC50,Leishmania donovani,L_donovani,O=S(=O)(c1ccccc1)N1CCCc2ccccc21,CHEMBL4045498,Antiparasitic activity against Leishmania donovani MHOM-ET-67/L82 axenic amastigotes
CHEMBL208810,O=S(=O)(c1ccc(Cl)cc1)N1CCCN(Cc2ccc(Cl)cc2Cl)CC1,O=S(=O)(c1ccc(Cl)cc1)N1CCCN(Cc2ccc(Cl)cc2Cl)CC1,4.14,Inactive,IC50,Leishmania donovani,L_donovani,O=S(=O)(c1ccccc1)N1CCCN(Cc2ccccc2)CC1,CHEMBL853376,Antileishmanial activity against Leishmania donovani axenic amastigotes
CHEMBL1452638,O=S(=O)(c1ccc(Cl)cc1)N1CCCc2ccccc21,O=S(=O)(c1ccc(Cl)cc1)N1CCCc2ccccc21,4.72,Inactive,IC50,Leishmania donovani,L_donovani,O=S(=O)(c1ccccc1)N1CCCc2ccccc21,CHEMBL4045498,Antiparasitic activity against Leishmania donovani MHOM-ET-67/L82 axenic amastigotes
CHEMBL203757,O=S(=O)(c1ccc2c(c1)C(=NO)c1cc(S(=O)(=O)N3CCOCC3)ccc1-2)N1CCOCC1,O=S(=O)(c1ccc2c(c1)C(=NO)c1cc(S(=O)(=O)N3CCOCC3)ccc1-2)N1CCOCC1,4.28,Inactive,IC50,Leishmania donovani,L_donovani,N=C1c2cc(S(=O)(=O)N3CCOCC3)ccc2-c2ccc(S(=O)(=O)N3CCOCC3)cc21,CHEMBL862351,Antileishmanial activity against Leishmania donovani promastigotes
CHEMBL3431033,O=S(=O)(c1cccc(CSc2nnc(-c3ccc4c(c3)OCO4)o2)c1)N1CCOCC1,O=S(=O)(c1cccc(CSc2nnc(-c3ccc4c(c3)OCO4)o2)c1)N1CCOCC1,6.3,Active,IC50,Leishmania donovani,L_donovani,O=S(=O)(c1cccc(CSc2nnc(-c3ccc4c(c3)OCO4)o2)c1)N1CCOCC1,CHEMBL3431451,"GSK_TCAKS: pIC50 Leishmania donovani Imaging: Infected Macrophages. Assay plates (384-well) were prepared by adding 250nL of compound to each well. For single shot assay, the final compound concentration was 5 uM. For potency determinations, eleven-point one in three dilution curves were generated with a top concentration of 50 uM. Two exposure images were taken for each well using 405 nm and 488 nm laser excitation. Automated image analysis was performed with a script developed on Acapella High Content Imaging and Analysis Software (PerkinElmer). Output: Percent of infected macrophage cells were reported for each well."
CHEMBL3431001,O=S(=O)(c1ccccc1C(F)(F)F)N1CCN(Cc2ccc(-n3ccnc3)cc2)CC1,O=S(=O)(c1ccccc1C(F)(F)F)N1CCN(Cc2ccc(-n3ccnc3)cc2)CC1,4.8,Inactive,IC50,Leishmania donovani,L_donovani,O=S(=O)(c1ccccc1)N1CCN(Cc2ccc(-n3ccnc3)cc2)CC1,CHEMBL3431452,"GSK_TCAKS: pIC50 Leishmania donovani Imaging: Amastigotes/Macrophages. Assay plates (384-well) were prepared by adding 250nL of compound to each well. For single shot assay, the final compound concentration was 5 uM. For potency determinations, eleven-point one in three dilution curves were generated with a top concentration of 50 uM. Two exposure images were taken for each well using 405 nm and 488 nm laser excitation. Automated image analysis was performed with a script developed on Acapella High Content Imaging and Analysis Software (PerkinElmer). Output: Average number of amastigotes per macrophage cell were reported for each well."
CHEMBL5412015,O=S(=O)(c1cccs1)N1CCc2nc(-c3ccccn3)nc(N3CCCCCC3)c2C1,O=S(=O)(c1cccs1)N1CCc2nc(-c3ccccn3)nc(N3CCCCCC3)c2C1,5.13,Active,IC50,Leishmania donovani,L_donovani,O=S(=O)(c1cccs1)N1CCc2nc(-c3ccccn3)nc(N3CCCCCC3)c2C1,CHEMBL5318228,Antileishmanial activity against intracellular Leishmania donovani infected in human THP-1 cells assessed as parasite growth inhibition incubated for 4 days by confocal microscopy
CHEMBL3444134,O=S1(=O)N=C(SCc2ccc(Cl)cc2)Nc2ccc(F)cc21,O=S1(=O)N=C(SCc2ccc(Cl)cc2)Nc2ccc(F)cc21,4.93,Inactive,IC50,Leishmania donovani,L_donovani,O=S1(=O)N=C(SCc2ccccc2)Nc2ccccc21,CHEMBL4649942,Leishmania intramacrophage assay
CHEMBL5563463,O=[N+]([O-])c1ccc(/C=N\NS(=O)(=O)c2ccc(-c3ccccc3)cc2)o1,O=[N+]([O-])c1ccc(/C=N\NS(=O)(=O)c2ccc(-c3ccccc3)cc2)o1,5.675000000000001,Active,IC50,Leishmania donovani,L_donovani,O=S(=O)(N/N=C\c1ccco1)c1ccc(-c2ccccc2)cc1,CHEMBL5528093,Antileishmanial activity against Leishmania donovani 9515 promastigotes assessed as inhibition of parasite growth incubated for 48 hrs by resazurin dye based assay
CHEMBL3358477,O=[N+]([O-])c1nccn1CCCNS(=O)(=O)c1cc(Cl)c(Cl)s1,O=[N+]([O-])c1nccn1CCCNS(=O)(=O)c1cc(Cl)c(Cl)s1,5.13,Active,IC50,Leishmania donovani,L_donovani,O=S(=O)(NCCCn1ccnc1)c1cccs1,CHEMBL3383478,Antiparasitic activity against axenic amastigote forms of Leishmania donovani MHOM/ET/67/L82 assessed as inhibition of growth after 72 hrs by resazurin assay
CHEMBL3358476,O=[N+]([O-])c1nccn1CCCNS(=O)(=O)c1cc(Cl)sc1Cl,O=[N+]([O-])c1nccn1CCCNS(=O)(=O)c1cc(Cl)sc1Cl,4.88,Inactive,IC50,Leishmania donovani,L_donovani,O=S(=O)(NCCCn1ccnc1)c1ccsc1,CHEMBL3383478,Antiparasitic activity against axenic amastigote forms of Leishmania donovani MHOM/ET/67/L82 assessed as inhibition of growth after 72 hrs by resazurin assay
CHEMBL2070682,O=[N+]([O-])c1nccn1CCCNS(=O)(=O)c1ccc(C(F)(F)F)cc1,O=[N+]([O-])c1nccn1CCCNS(=O)(=O)c1ccc(C(F)(F)F)cc1,4.81,Inactive,IC50,Leishmania donovani,L_donovani,O=S(=O)(NCCCn1ccnc1)c1ccccc1,CHEMBL2072680,Antileishmanial activity against Leishmania donovani MHOM-ET67/L82 amastigotes
CHEMBL3358475,O=[N+]([O-])c1ncn(CCCCNS(=O)(=O)c2cc(Cl)c(Cl)s2)n1,O=[N+]([O-])c1ncn(CCCCNS(=O)(=O)c2cc(Cl)c(Cl)s2)n1,4.97,Inactive,IC50,Leishmania donovani,L_donovani,O=S(=O)(NCCCCn1cncn1)c1cccs1,CHEMBL3383478,Antiparasitic activity against axenic amastigote forms of Leishmania donovani MHOM/ET/67/L82 assessed as inhibition of growth after 72 hrs by resazurin assay
CHEMBL2070685,O=[N+]([O-])c1ncn(CCCCNS(=O)(=O)c2ccc(C(F)(F)F)cc2)n1,O=[N+]([O-])c1ncn(CCCCNS(=O)(=O)c2ccc(C(F)(F)F)cc2)n1,5.11,Active,IC50,Leishmania donovani,L_donovani,O=S(=O)(NCCCCn1cncn1)c1ccccc1,CHEMBL2072680,Antileishmanial activity against Leishmania donovani MHOM-ET67/L82 amastigotes
CHEMBL3358472,O=[N+]([O-])c1ncn(CCCCNS(=O)(=O)c2ccc(Cl)s2)n1,O=[N+]([O-])c1ncn(CCCCNS(=O)(=O)c2ccc(Cl)s2)n1,4.7,Inactive,IC50,Leishmania donovani,L_donovani,O=S(=O)(NCCCCn1cncn1)c1cccs1,CHEMBL3383478,Antiparasitic activity against axenic amastigote forms of Leishmania donovani MHOM/ET/67/L82 assessed as inhibition of growth after 72 hrs by resazurin assay
CHEMBL2070690,O=[N+]([O-])c1ncn(CCCCNS(=O)(=O)c2ccc(OC(F)(F)F)cc2)n1,O=[N+]([O-])c1ncn(CCCCNS(=O)(=O)c2ccc(OC(F)(F)F)cc2)n1,5.11,Active,IC50,Leishmania donovani,L_donovani,O=S(=O)(NCCCCn1cncn1)c1ccccc1,CHEMBL2072680,Antileishmanial activity against Leishmania donovani MHOM-ET67/L82 amastigotes
CHEMBL2070531,O=[N+]([O-])c1ncn(CCCNS(=O)(=O)Cc2ccccc2)n1,O=[N+]([O-])c1ncn(CCCNS(=O)(=O)Cc2ccccc2)n1,4.1,Inactive,IC50,Leishmania donovani,L_donovani,O=S(=O)(Cc1ccccc1)NCCCn1cncn1,CHEMBL2072680,Antileishmanial activity against Leishmania donovani MHOM-ET67/L82 amastigotes
CHEMBL2070688,O=[N+]([O-])c1ncn(CCCNS(=O)(=O)c2cc(C(F)(F)F)cc(C(F)(F)F)c2)n1,O=[N+]([O-])c1ncn(CCCNS(=O)(=O)c2cc(C(F)(F)F)cc(C(F)(F)F)c2)n1,4.68,Inactive,IC50,Leishmania donovani,L_donovani,O=S(=O)(NCCCn1cncn1)c1ccccc1,CHEMBL2072680,Antileishmanial activity against Leishmania donovani MHOM-ET67/L82 amastigotes
CHEMBL2070686,O=[N+]([O-])c1ncn(CCCNS(=O)(=O)c2cc(C(F)(F)F)ccc2C(F)(F)F)n1,O=[N+]([O-])c1ncn(CCCNS(=O)(=O)c2cc(C(F)(F)F)ccc2C(F)(F)F)n1,4.34,Inactive,IC50,Leishmania donovani,L_donovani,O=S(=O)(NCCCn1cncn1)c1ccccc1,CHEMBL2072680,Antileishmanial activity against Leishmania donovani MHOM-ET67/L82 amastigotes
CHEMBL3358474,O=[N+]([O-])c1ncn(CCCNS(=O)(=O)c2cc(Cl)c(Cl)s2)n1,O=[N+]([O-])c1ncn(CCCNS(=O)(=O)c2cc(Cl)c(Cl)s2)n1,4.88,Inactive,IC50,Leishmania donovani,L_donovani,O=S(=O)(NCCCn1cncn1)c1cccs1,CHEMBL3383478,Antiparasitic activity against axenic amastigote forms of Leishmania donovani MHOM/ET/67/L82 assessed as inhibition of growth after 72 hrs by resazurin assay
CHEMBL3358473,O=[N+]([O-])c1ncn(CCCNS(=O)(=O)c2cc(Cl)sc2Cl)n1,O=[N+]([O-])c1ncn(CCCNS(=O)(=O)c2cc(Cl)sc2Cl)n1,4.75,Inactive,IC50,Leishmania donovani,L_donovani,O=S(=O)(NCCCn1cncn1)c1ccsc1,CHEMBL3383478,Antiparasitic activity against axenic amastigote forms of Leishmania donovani MHOM/ET/67/L82 assessed as inhibition of growth after 72 hrs by resazurin assay
CHEMBL2070695,O=[N+]([O-])c1ncn(CCCNS(=O)(=O)c2ccc(-c3ccccc3)cc2)n1,O=[N+]([O-])c1ncn(CCCNS(=O)(=O)c2ccc(-c3ccccc3)cc2)n1,5.12,Active,IC50,Leishmania donovani,L_donovani,O=S(=O)(NCCCn1cncn1)c1ccc(-c2ccccc2)cc1,CHEMBL2072680,Antileishmanial activity against Leishmania donovani MHOM-ET67/L82 amastigotes
CHEMBL2070684,O=[N+]([O-])c1ncn(CCCNS(=O)(=O)c2ccc(C(F)(F)F)cc2)n1,O=[N+]([O-])c1ncn(CCCNS(=O)(=O)c2ccc(C(F)(F)F)cc2)n1,4.88,Inactive,IC50,Leishmania donovani,L_donovani,O=S(=O)(NCCCn1cncn1)c1ccccc1,CHEMBL2072680,Antileishmanial activity against Leishmania donovani MHOM-ET67/L82 amastigotes
CHEMBL2070694,O=[N+]([O-])c1ncn(CCCNS(=O)(=O)c2ccc(Cl)s2)n1,O=[N+]([O-])c1ncn(CCCNS(=O)(=O)c2ccc(Cl)s2)n1,4.48,Inactive,IC50,Leishmania donovani,L_donovani,O=S(=O)(NCCCn1cncn1)c1cccs1,CHEMBL2072680,Antileishmanial activity against Leishmania donovani MHOM-ET67/L82 amastigotes
CHEMBL2070696,O=[N+]([O-])c1ncn(CCCNS(=O)(=O)c2cccc3cccnc23)n1,O=[N+]([O-])c1ncn(CCCNS(=O)(=O)c2cccc3cccnc23)n1,4.48,Inactive,IC50,Leishmania donovani,L_donovani,O=S(=O)(NCCCn1cncn1)c1cccc2cccnc12,CHEMBL2072680,Antileishmanial activity against Leishmania donovani MHOM-ET67/L82 amastigotes
CHEMBL2070691,O=[N+]([O-])c1ncn(CCNS(=O)(=O)Cc2ccccc2)n1,O=[N+]([O-])c1ncn(CCNS(=O)(=O)Cc2ccccc2)n1,3.9474599540659776,Inactive,IC50,Leishmania donovani,L_donovani,O=S(=O)(Cc1ccccc1)NCCn1cncn1,CHEMBL2072680,Antileishmanial activity against Leishmania donovani MHOM-ET67/L82 amastigotes
CHEMBL2070687,O=[N+]([O-])c1ncn(CCNS(=O)(=O)c2cc(C(F)(F)F)cc(C(F)(F)F)c2)n1,O=[N+]([O-])c1ncn(CCNS(=O)(=O)c2cc(C(F)(F)F)cc(C(F)(F)F)c2)n1,4.48,Inactive,IC50,Leishmania donovani,L_donovani,O=S(=O)(NCCn1cncn1)c1ccccc1,CHEMBL2072680,Antileishmanial activity against Leishmania donovani MHOM-ET67/L82 amastigotes
CHEMBL2070683,O=[N+]([O-])c1ncn(CCNS(=O)(=O)c2ccc(C(F)(F)F)cc2)n1,O=[N+]([O-])c1ncn(CCNS(=O)(=O)c2ccc(C(F)(F)F)cc2)n1,4.49,Inactive,IC50,Leishmania donovani,L_donovani,O=S(=O)(NCCn1cncn1)c1ccccc1,CHEMBL2072680,Antileishmanial activity against Leishmania donovani MHOM-ET67/L82 amastigotes
