molecule_chembl_id,std_smiles,canonical_smiles,pIC50,activity_class,standard_type,target_organism,organism_key,scaffold,assay_chembl_id,assay_description
CHEMBL4207987,C=CCN(C)Cc1ccc(N2CCC(N(C)S(=O)(=O)c3ccc(Cl)cc3)CC2)cc1,C=CCN(C)Cc1ccc(N2CCC(N(C)S(=O)(=O)c3ccc(Cl)cc3)CC2)cc1.Cl.Cl,6.96,Active,IC50,Trypanosoma cruzi,T_cruzi,O=S(=O)(NC1CCN(c2ccccc2)CC1)c1ccccc1,CHEMBL4190098,Antiparasitic activity against epimastigote stage of Trypanosoma cruzi Tulahuen assessed as inhibition of parasite proliferation after 48 hrs by Alamar Blue assay
CHEMBL5583603,CC(=O)Nc1ccc(S(=O)(=O)N2CCN(c3ccc(OCCN(C)C)cc3)CC2)cc1,CC(=O)Nc1ccc(S(=O)(=O)N2CCN(c3ccc(OCCN(C)C)cc3)CC2)cc1,3.728623128105925,Inactive,IC50,Trypanosoma cruzi,T_cruzi,O=S(=O)(c1ccccc1)N1CCN(c2ccccc2)CC1,CHEMBL5551394,Antitrypanosomal activity against Trypanosoma cruzi Tulahuen expressing Escherichia coli beta-galactosidase infected in L929 cells pretreated with parasite for 50 hrs followed by compound addition and measured after 96 hrs
CHEMBL589837,CC(=O)Nc1ccc(S(=O)(=O)N2c3ccccc3CCC2C)cc1,CC(=O)Nc1ccc(S(=O)(=O)N2c3ccccc3CCC2C)cc1,4.67,Inactive,IC50,Trypanosoma cruzi,T_cruzi,O=S(=O)(c1ccccc1)N1CCCc2ccccc21,CHEMBL1073484,Antitrypanosomal activity against Trypanosoma cruzi infected in rat L6 cells
CHEMBL4540665,CC(=O)Nc1ccc2[nH]c(=O)n(C3CCN(S(=O)(=O)c4ccccc4)CC3)c(=O)c2c1,CC(=O)Nc1ccc2[nH]c(=O)n(C3CCN(S(=O)(=O)c4ccccc4)CC3)c(=O)c2c1,4.28,Inactive,EC50,Trypanosoma cruzi,T_cruzi,O=c1[nH]c2ccccc2c(=O)n1C1CCN(S(=O)(=O)c2ccccc2)CC1,CHEMBL4404814,Antitrypanosomal activity against Trypanosoma cruzi Tulahuen strain C2C4 trypomastigotes infected in rat L6 cells incubated for 96 hrs by photometric method based assay
CHEMBL3735864,CC(C)(C)NS(=O)(=O)c1ccccc1-c1cc2ncnc(Nc3ccc(OCc4cccc(F)c4)c(Cl)c3)c2s1,CC(C)(C)NS(=O)(=O)c1ccccc1-c1cc2ncnc(Nc3ccc(OCc4cccc(F)c4)c(Cl)c3)c2s1,6.17,Active,EC50,Trypanosoma cruzi,T_cruzi,c1ccc(COc2ccc(Nc3ncnc4cc(-c5ccccc5)sc34)cc2)cc1,CHEMBL3737583,Antiparasitic activity against Trypanosoma cruzi
CHEMBL2347545,CC(C)(C)NS(=O)(=O)c1ccccc1-c1ccc2ncnc(Nc3ccc(OCc4cccc(F)c4)c(Cl)c3)c2c1,CC(C)(C)NS(=O)(=O)c1ccccc1-c1ccc2ncnc(Nc3ccc(OCc4cccc(F)c4)c(Cl)c3)c2c1,5.19,Active,EC50,Trypanosoma cruzi,T_cruzi,c1ccc(COc2ccc(Nc3ncnc4ccc(-c5ccccc5)cc34)cc2)cc1,CHEMBL3737583,Antiparasitic activity against Trypanosoma cruzi
CHEMBL3143774,CC(C)(C)[Si](C)(C)O[C@H]1C[C@H](n2ccc(=O)[nH]c2=O)O[C@@H]1COS(N)(=O)=O,CC(C)(C)[Si](C)(C)O[C@H]1C[C@H](n2ccc(=O)[nH]c2=O)O[C@@H]1COS(N)(=O)=O,3.795880017344075,Inactive,IC50,Trypanosoma cruzi,T_cruzi,O=c1ccn([C@H]2CCCO2)c(=O)[nH]1,CHEMBL883226,In vitro growth inhibitory activity against Trypanosoma cruzi in rat L-6 cells upon incubation at 37 degrees C in 5% CO2 atmosphere for 4 days
CHEMBL116,CC(C)CN(C[C@@H](O)[C@H](Cc1ccccc1)NC(=O)O[C@H]1CCOC1)S(=O)(=O)c1ccc(N)cc1,CC(C)CN(C[C@@H](O)[C@H](Cc1ccccc1)NC(=O)O[C@H]1CCOC1)S(=O)(=O)c1ccc(N)cc1,3.977942979398835,Inactive,IC50,Trypanosoma cruzi,T_cruzi,O=C(N[C@H](CCNS(=O)(=O)c1ccccc1)Cc1ccccc1)O[C@H]1CCOC1,CHEMBL3392937,"DNDI: Chagas in Vitro, 96 hour"
CHEMBL1323,CC(C)CN(C[C@@H](O)[C@H](Cc1ccccc1)NC(=O)O[C@H]1CO[C@H]2OCC[C@H]21)S(=O)(=O)c1ccc(N)cc1,CC(C)CN(C[C@@H](O)[C@H](Cc1ccccc1)NC(=O)O[C@H]1CO[C@H]2OCC[C@H]21)S(=O)(=O)c1ccc(N)cc1,4.04,Inactive,IC50,Trypanosoma cruzi,T_cruzi,O=C(N[C@H](CCNS(=O)(=O)c1ccccc1)Cc1ccccc1)O[C@H]1CO[C@H]2OCC[C@H]21,CHEMBL3392937,"DNDI: Chagas in Vitro, 96 hour"
CHEMBL3431092,CC(C)COC(=O)Nc1ccc(N2CCC(CNS(=O)(=O)c3ccccc3)CC2)c(F)c1,CC(C)COC(=O)Nc1ccc(N2CCC(CNS(=O)(=O)c3ccccc3)CC2)c(F)c1,5.1,Active,IC50,Trypanosoma cruzi,T_cruzi,O=S(=O)(NCC1CCN(c2ccccc2)CC1)c1ccccc1,CHEMBL3431448,"GSK_TCAKS: pIC50 Trypanosoma cruzi Imaging: Amastigotes/Cell. H9c2 cells were seeded in T-225 flasks (225cm^2 culture surface; Corning Inc., NY, USA) in DMEM-10% FBS for 4h to allow attachment. Cells were then washed once with PBS before infection. T. cruzi trypomastigotes, collected at days 5 to 8 after infection from LLC-MK2 parasite infected cultures, were allowed to swim out for 4h at 37C from a centrifuged pellet (2,500 rpm/10 min/room temperature). Trypomastigotes were then collected and counted in a CASY Cell Counter. Trypomastigotes, in supplemented DMEM, were added to H9c2 cultures in a multiplicity of infection of 1 and incubated for 18 h. Cells were washed once with PBS before incubation of the infected H9c2 monolayer with trypsin (Life-Technologies) to detach cells from the flask. Cells were counted in a CASY Cell Counter using a 150 um capillary and their density set at 5 * 10^4 cells per mL in supplemented assay DMEM. Infected H9c2 were dispensed into 384-well poly-lysine coated assay plates at 50uL per well using a Multidrop Combi dispenser. After seeding them, the plates were incubated at 37C, 5% CO2 for 72h. Cultures were then fixed and stained by addition of 50 uL of a solution containing 8% formaldehyde and 4 uM DRAQ5 DNA dye (BioStatus, UK) per well. Plates were kept light-protected and imaged one hour later in a Perkin-Elmer Opera microscope using a 20x air objective (NA 0.4) and the following acquisition set: a 635 nm laser excitation line and a 690/50 emission detection filter for DRAQ5 detection. Five images were collected per well for reliable statistical analysis. Automated image analysis was performed with a script developed on Acapella High Content Imaging and Analysis Software (PerkinElmer). Output: number of amastigotes per cell as infection level measurement."
CHEMBL4457950,CC(C)COc1ccc(CN(Cc2ccncc2)S(=O)(=O)c2ccc(F)c(F)c2)cc1,CC(C)COc1ccc(CN(Cc2ccncc2)S(=O)(=O)c2ccc(F)c(F)c2)cc1,6.41,Active,EC50,Trypanosoma cruzi,T_cruzi,O=S(=O)(c1ccccc1)N(Cc1ccccc1)Cc1ccncc1,CHEMBL4412312,Antimicrobial activity against Trypanosoma cruzi Y infected in human U2OS cells after 96 hrs by HCS assay
CHEMBL4591837,CC(C)COc1ccc(CN(Cc2ccncc2)S(=O)(=O)c2ccc(F)cc2F)cc1,CC(C)COc1ccc(CN(Cc2ccncc2)S(=O)(=O)c2ccc(F)cc2F)cc1,6.15,Active,EC50,Trypanosoma cruzi,T_cruzi,O=S(=O)(c1ccccc1)N(Cc1ccccc1)Cc1ccncc1,CHEMBL4412312,Antimicrobial activity against Trypanosoma cruzi Y infected in human U2OS cells after 96 hrs by HCS assay
CHEMBL4581694,CC(C)COc1ccc(CN(Cc2ccncc2)S(=O)(=O)c2cccc(F)c2)cc1,CC(C)COc1ccc(CN(Cc2ccncc2)S(=O)(=O)c2cccc(F)c2)cc1,3.700000003258169,Inactive,EC50,Trypanosoma cruzi,T_cruzi,O=S(=O)(c1ccccc1)N(Cc1ccccc1)Cc1ccncc1,CHEMBL4412312,Antimicrobial activity against Trypanosoma cruzi Y infected in human U2OS cells after 96 hrs by HCS assay
CHEMBL1862797,CC(C)CS(=O)(=O)N1CCC(NC(c2ccc(C(F)(F)F)cc2)c2cnccn2)CC1,CC(C)CS(=O)(=O)N1CCC(NC(c2ccc(C(F)(F)F)cc2)c2cnccn2)CC1,6.48,Active,IC50,Trypanosoma cruzi,T_cruzi,c1ccc(C(NC2CCNCC2)c2cnccn2)cc1,CHEMBL1863510,"DNDI: Inhibition of Chagas Disease parasite Trypanosoma cruzi (Tulahuen LacZ, Clone C4), in vitro."
CHEMBL1862936,CC(C)CS(=O)(=O)N1CCC(NC(c2cnccn2)c2ccc(F)cc2F)CC1,CC(C)CS(=O)(=O)N1CCC(NC(c2cnccn2)c2ccc(F)cc2F)CC1,6.25,Active,IC50,Trypanosoma cruzi,T_cruzi,c1ccc(C(NC2CCNCC2)c2cnccn2)cc1,CHEMBL1863510,"DNDI: Inhibition of Chagas Disease parasite Trypanosoma cruzi (Tulahuen LacZ, Clone C4), in vitro."
CHEMBL1863235,CC(C)CS(=O)(=O)N1CCN(C(c2ccc(Cl)cc2)c2cncnc2)CC1,CC(C)CS(=O)(=O)N1CCN(C(c2ccc(Cl)cc2)c2cncnc2)CC1,7.21,Active,IC50,Trypanosoma cruzi,T_cruzi,c1ccc(C(c2cncnc2)N2CCNCC2)cc1,CHEMBL1863510,"DNDI: Inhibition of Chagas Disease parasite Trypanosoma cruzi (Tulahuen LacZ, Clone C4), in vitro."
CHEMBL1863328,CC(C)CS(=O)(=O)NC1CCN(C(c2ccc(C(F)(F)F)cc2)c2cnccn2)CC1,CC(C)CS(=O)(=O)NC1CCN(C(c2ccc(C(F)(F)F)cc2)c2cnccn2)CC1,6.26,Active,IC50,Trypanosoma cruzi,T_cruzi,c1ccc(C(c2cnccn2)N2CCCCC2)cc1,CHEMBL1863510,"DNDI: Inhibition of Chagas Disease parasite Trypanosoma cruzi (Tulahuen LacZ, Clone C4), in vitro."
CHEMBL1863101,CC(C)CS(=O)(=O)NC1CCN(C(c2cnccn2)c2ccc(F)cc2F)CC1,CC(C)CS(=O)(=O)NC1CCN(C(c2cnccn2)c2ccc(F)cc2F)CC1,6.12,Active,IC50,Trypanosoma cruzi,T_cruzi,c1ccc(C(c2cnccn2)N2CCCCC2)cc1,CHEMBL1863510,"DNDI: Inhibition of Chagas Disease parasite Trypanosoma cruzi (Tulahuen LacZ, Clone C4), in vitro."
CHEMBL1863248,CC(C)Oc1ccc(C(NC2CCN(S(C)(=O)=O)CC2)c2cccnc2)cc1,CC(C)Oc1ccc(C(NC2CCN(S(C)(=O)=O)CC2)c2cccnc2)cc1,6.85,Active,IC50,Trypanosoma cruzi,T_cruzi,c1ccc(C(NC2CCNCC2)c2cccnc2)cc1,CHEMBL1863510,"DNDI: Inhibition of Chagas Disease parasite Trypanosoma cruzi (Tulahuen LacZ, Clone C4), in vitro."
CHEMBL1863207,CC(C)Oc1ccc(C(c2cccnc2)N2CCC(NS(C)(=O)=O)CC2)cc1,CC(C)Oc1ccc(C(c2cccnc2)N2CCC(NS(C)(=O)=O)CC2)cc1,6.96,Active,IC50,Trypanosoma cruzi,T_cruzi,c1ccc(C(c2cccnc2)N2CCCCC2)cc1,CHEMBL1863510,"DNDI: Inhibition of Chagas Disease parasite Trypanosoma cruzi (Tulahuen LacZ, Clone C4), in vitro."
CHEMBL1863498,CC(C)S(=O)(=O)N1CCC(NC(c2ccc(C(F)(F)F)cc2)c2cnccn2)CC1,CC(C)S(=O)(=O)N1CCC(NC(c2ccc(C(F)(F)F)cc2)c2cnccn2)CC1,6.66,Active,IC50,Trypanosoma cruzi,T_cruzi,c1ccc(C(NC2CCNCC2)c2cnccn2)cc1,CHEMBL1863510,"DNDI: Inhibition of Chagas Disease parasite Trypanosoma cruzi (Tulahuen LacZ, Clone C4), in vitro."
CHEMBL1863070,CC(C)S(=O)(=O)N1CCC(NC(c2cnccn2)c2ccc(F)cc2F)CC1,CC(C)S(=O)(=O)N1CCC(NC(c2cnccn2)c2ccc(F)cc2F)CC1,6.47,Active,IC50,Trypanosoma cruzi,T_cruzi,c1ccc(C(NC2CCNCC2)c2cnccn2)cc1,CHEMBL1863510,"DNDI: Inhibition of Chagas Disease parasite Trypanosoma cruzi (Tulahuen LacZ, Clone C4), in vitro."
CHEMBL1863056,CC(C)S(=O)(=O)N1CCN(C(c2ccc(Cl)cc2)c2cccnc2)CC1,CC(C)S(=O)(=O)N1CCN(C(c2ccc(Cl)cc2)c2cccnc2)CC1,7.55,Active,IC50,Trypanosoma cruzi,T_cruzi,c1ccc(C(c2cccnc2)N2CCNCC2)cc1,CHEMBL1863510,"DNDI: Inhibition of Chagas Disease parasite Trypanosoma cruzi (Tulahuen LacZ, Clone C4), in vitro."
CHEMBL1863322,CC(C)S(=O)(=O)N1CCN(C(c2ccc(Cl)cc2)c2cncnc2)CC1,CC(C)S(=O)(=O)N1CCN(C(c2ccc(Cl)cc2)c2cncnc2)CC1,6.64,Active,IC50,Trypanosoma cruzi,T_cruzi,c1ccc(C(c2cncnc2)N2CCNCC2)cc1,CHEMBL1863510,"DNDI: Inhibition of Chagas Disease parasite Trypanosoma cruzi (Tulahuen LacZ, Clone C4), in vitro."
CHEMBL1863503,CC(C)S(=O)(=O)N1CCN(C(c2cncnc2)c2ccc(Cl)cc2F)CC1,CC(C)S(=O)(=O)N1CCN(C(c2cncnc2)c2ccc(Cl)cc2F)CC1,6.92,Active,IC50,Trypanosoma cruzi,T_cruzi,c1ccc(C(c2cncnc2)N2CCNCC2)cc1,CHEMBL1863510,"DNDI: Inhibition of Chagas Disease parasite Trypanosoma cruzi (Tulahuen LacZ, Clone C4), in vitro."
CHEMBL1863186,CC(C)S(=O)(=O)NC1CCN(C(c2ccc(C(F)(F)F)cc2)c2cnccn2)CC1,CC(C)S(=O)(=O)NC1CCN(C(c2ccc(C(F)(F)F)cc2)c2cnccn2)CC1,6.25,Active,IC50,Trypanosoma cruzi,T_cruzi,c1ccc(C(c2cnccn2)N2CCCCC2)cc1,CHEMBL1863510,"DNDI: Inhibition of Chagas Disease parasite Trypanosoma cruzi (Tulahuen LacZ, Clone C4), in vitro."
CHEMBL1863478,CC(C)c1ccc(S(=O)(=O)N2CCC(NC(c3ccc(C(F)(F)F)cc3)c3cnccn3)CC2)cc1,CC(C)c1ccc(S(=O)(=O)N2CCC(NC(c3ccc(C(F)(F)F)cc3)c3cnccn3)CC2)cc1,7.0,Active,IC50,Trypanosoma cruzi,T_cruzi,O=S(=O)(c1ccccc1)N1CCC(NC(c2ccccc2)c2cnccn2)CC1,CHEMBL1863510,"DNDI: Inhibition of Chagas Disease parasite Trypanosoma cruzi (Tulahuen LacZ, Clone C4), in vitro."
CHEMBL1862953,CC(C)c1ccc(S(=O)(=O)N2CCC(NC(c3cnccn3)c3ccc(F)cc3F)CC2)cc1,CC(C)c1ccc(S(=O)(=O)N2CCC(NC(c3cnccn3)c3ccc(F)cc3F)CC2)cc1,6.68,Active,IC50,Trypanosoma cruzi,T_cruzi,O=S(=O)(c1ccccc1)N1CCC(NC(c2ccccc2)c2cnccn2)CC1,CHEMBL1863510,"DNDI: Inhibition of Chagas Disease parasite Trypanosoma cruzi (Tulahuen LacZ, Clone C4), in vitro."
CHEMBL1863506,CC(C)c1ccc(S(=O)(=O)N2CCN(C(c3ccc(Cl)cc3)c3cccnc3)CC2)cc1,CC(C)c1ccc(S(=O)(=O)N2CCN(C(c3ccc(Cl)cc3)c3cccnc3)CC2)cc1,7.92,Active,IC50,Trypanosoma cruzi,T_cruzi,O=S(=O)(c1ccccc1)N1CCN(C(c2ccccc2)c2cccnc2)CC1,CHEMBL1863510,"DNDI: Inhibition of Chagas Disease parasite Trypanosoma cruzi (Tulahuen LacZ, Clone C4), in vitro."
CHEMBL1863353,CC(C)c1ccc(S(=O)(=O)N2CCN(C(c3ccc(Cl)cc3)c3cncnc3)CC2)cc1,CC(C)c1ccc(S(=O)(=O)N2CCN(C(c3ccc(Cl)cc3)c3cncnc3)CC2)cc1,7.62,Active,IC50,Trypanosoma cruzi,T_cruzi,O=S(=O)(c1ccccc1)N1CCN(C(c2ccccc2)c2cncnc2)CC1,CHEMBL1863510,"DNDI: Inhibition of Chagas Disease parasite Trypanosoma cruzi (Tulahuen LacZ, Clone C4), in vitro."
CHEMBL1862912,CC(C)c1ccc(S(=O)(=O)N2CCN(C(c3cncnc3)c3ccc(Cl)cc3F)CC2)cc1,CC(C)c1ccc(S(=O)(=O)N2CCN(C(c3cncnc3)c3ccc(Cl)cc3F)CC2)cc1,7.75,Active,IC50,Trypanosoma cruzi,T_cruzi,O=S(=O)(c1ccccc1)N1CCN(C(c2ccccc2)c2cncnc2)CC1,CHEMBL1863510,"DNDI: Inhibition of Chagas Disease parasite Trypanosoma cruzi (Tulahuen LacZ, Clone C4), in vitro."
CHEMBL1863182,CC(C)c1ccc(S(=O)(=O)NC2CCN(C(c3ccc(C(F)(F)F)cc3)c3cnccn3)CC2)cc1,CC(C)c1ccc(S(=O)(=O)NC2CCN(C(c3ccc(C(F)(F)F)cc3)c3cnccn3)CC2)cc1,6.28,Active,IC50,Trypanosoma cruzi,T_cruzi,O=S(=O)(NC1CCN(C(c2ccccc2)c2cnccn2)CC1)c1ccccc1,CHEMBL1863510,"DNDI: Inhibition of Chagas Disease parasite Trypanosoma cruzi (Tulahuen LacZ, Clone C4), in vitro."
CHEMBL1863202,CC(C)c1ccc(S(=O)(=O)NC2CCN(C(c3cnccn3)c3ccc(F)cc3F)CC2)cc1,CC(C)c1ccc(S(=O)(=O)NC2CCN(C(c3cnccn3)c3ccc(F)cc3F)CC2)cc1,6.07,Active,IC50,Trypanosoma cruzi,T_cruzi,O=S(=O)(NC1CCN(C(c2ccccc2)c2cnccn2)CC1)c1ccccc1,CHEMBL1863510,"DNDI: Inhibition of Chagas Disease parasite Trypanosoma cruzi (Tulahuen LacZ, Clone C4), in vitro."
CHEMBL3431355,CC(CNS(=O)(=O)c1ccc(OC(F)F)cc1)c1ccc(NC(=O)c2ccncc2)cc1,CC(CNS(=O)(=O)c1ccc(OC(F)F)cc1)c1ccc(NC(=O)c2ccncc2)cc1,7.0,Active,IC50,Trypanosoma cruzi,T_cruzi,O=C(Nc1ccc(CCNS(=O)(=O)c2ccccc2)cc1)c1ccncc1,CHEMBL3431448,"GSK_TCAKS: pIC50 Trypanosoma cruzi Imaging: Amastigotes/Cell. H9c2 cells were seeded in T-225 flasks (225cm^2 culture surface; Corning Inc., NY, USA) in DMEM-10% FBS for 4h to allow attachment. Cells were then washed once with PBS before infection. T. cruzi trypomastigotes, collected at days 5 to 8 after infection from LLC-MK2 parasite infected cultures, were allowed to swim out for 4h at 37C from a centrifuged pellet (2,500 rpm/10 min/room temperature). Trypomastigotes were then collected and counted in a CASY Cell Counter. Trypomastigotes, in supplemented DMEM, were added to H9c2 cultures in a multiplicity of infection of 1 and incubated for 18 h. Cells were washed once with PBS before incubation of the infected H9c2 monolayer with trypsin (Life-Technologies) to detach cells from the flask. Cells were counted in a CASY Cell Counter using a 150 um capillary and their density set at 5 * 10^4 cells per mL in supplemented assay DMEM. Infected H9c2 were dispensed into 384-well poly-lysine coated assay plates at 50uL per well using a Multidrop Combi dispenser. After seeding them, the plates were incubated at 37C, 5% CO2 for 72h. Cultures were then fixed and stained by addition of 50 uL of a solution containing 8% formaldehyde and 4 uM DRAQ5 DNA dye (BioStatus, UK) per well. Plates were kept light-protected and imaged one hour later in a Perkin-Elmer Opera microscope using a 20x air objective (NA 0.4) and the following acquisition set: a 635 nm laser excitation line and a 690/50 emission detection filter for DRAQ5 detection. Five images were collected per well for reliable statistical analysis. Automated image analysis was performed with a script developed on Acapella High Content Imaging and Analysis Software (PerkinElmer). Output: number of amastigotes per cell as infection level measurement."
CHEMBL2377069,CC(O)c1cc(F)ccc1Oc1nc2ccc(NS(=O)(=O)c3cccc(C(F)(F)F)c3)cc2cc1Cc1ccccc1,CC(O)c1cc(F)ccc1Oc1nc2ccc(NS(=O)(=O)c3cccc(C(F)(F)F)c3)cc2cc1Cc1ccccc1,5.43,Active,IC50,Trypanosoma cruzi,T_cruzi,O=S(=O)(Nc1ccc2nc(Oc3ccccc3)c(Cc3ccccc3)cc2c1)c1ccccc1,CHEMBL2379738,Antiprotozoal activity against epimastigote form of Trypanosoma cruzi Tulahuen 2 assessed as parasite growth inhibition measured at day 5
CHEMBL591981,CC1CCc2ccccc2N1S(=O)(=O)c1ccc(Br)cc1,CC1CCc2ccccc2N1S(=O)(=O)c1ccc(Br)cc1,4.86,Inactive,IC50,Trypanosoma cruzi,T_cruzi,O=S(=O)(c1ccccc1)N1CCCc2ccccc21,CHEMBL1073484,Antitrypanosomal activity against Trypanosoma cruzi infected in rat L6 cells
CHEMBL4075894,CC1CCc2ccccc2N1S(=O)(=O)c1ccc(C(C)(C)C)cc1,CC1CCc2ccccc2N1S(=O)(=O)c1ccc(C(C)(C)C)cc1,5.22,Active,IC50,Trypanosoma cruzi,T_cruzi,O=S(=O)(c1ccccc1)N1CCCc2ccccc21,CHEMBL4045492,Antiparasitic activity against Trypanosoma cruzi Tulahuen C4 intracellular amastigotes infected in rat L6 cells after 96 hrs by CPRG/Nonidet reagent based photometric analysis
CHEMBL4077238,CC1CCc2ccccc2N1S(=O)(=O)c1ccc(C(F)(F)F)cc1,CC1CCc2ccccc2N1S(=O)(=O)c1ccc(C(F)(F)F)cc1,5.23,Active,IC50,Trypanosoma cruzi,T_cruzi,O=S(=O)(c1ccccc1)N1CCCc2ccccc21,CHEMBL4045492,Antiparasitic activity against Trypanosoma cruzi Tulahuen C4 intracellular amastigotes infected in rat L6 cells after 96 hrs by CPRG/Nonidet reagent based photometric analysis
CHEMBL591980,CC1CCc2ccccc2N1S(=O)(=O)c1ccc(Cl)cc1,CC1CCc2ccccc2N1S(=O)(=O)c1ccc(Cl)cc1,4.8,Inactive,IC50,Trypanosoma cruzi,T_cruzi,O=S(=O)(c1ccccc1)N1CCCc2ccccc21,CHEMBL1073484,Antitrypanosomal activity against Trypanosoma cruzi infected in rat L6 cells
CHEMBL591979,CC1CCc2ccccc2N1S(=O)(=O)c1ccc(F)cc1,CC1CCc2ccccc2N1S(=O)(=O)c1ccc(F)cc1,3.650256366255049,Inactive,IC50,Trypanosoma cruzi,T_cruzi,O=S(=O)(c1ccccc1)N1CCCc2ccccc21,CHEMBL1073484,Antitrypanosomal activity against Trypanosoma cruzi infected in rat L6 cells
CHEMBL600838,CC1CCc2ccccc2N1S(=O)(=O)c1ccc(N)cc1,CC1CCc2ccccc2N1S(=O)(=O)c1ccc(N)cc1,4.71,Inactive,IC50,Trypanosoma cruzi,T_cruzi,O=S(=O)(c1ccccc1)N1CCCc2ccccc21,CHEMBL1073484,Antitrypanosomal activity against Trypanosoma cruzi infected in rat L6 cells
CHEMBL602556,CC1CCc2ccccc2N1S(=O)(=O)c1ccc([N+](=O)[O-])cc1,CC1CCc2ccccc2N1S(=O)(=O)c1ccc([N+](=O)[O-])cc1,4.94,Inactive,IC50,Trypanosoma cruzi,T_cruzi,O=S(=O)(c1ccccc1)N1CCCc2ccccc21,CHEMBL1073484,Antitrypanosomal activity against Trypanosoma cruzi infected in rat L6 cells
CHEMBL4072095,CC1CCc2ccccc2N1S(=O)(=O)c1cccc(C(F)(F)F)c1,CC1CCc2ccccc2N1S(=O)(=O)c1cccc(C(F)(F)F)c1,5.18,Active,IC50,Trypanosoma cruzi,T_cruzi,O=S(=O)(c1ccccc1)N1CCCc2ccccc21,CHEMBL4045492,Antiparasitic activity against Trypanosoma cruzi Tulahuen C4 intracellular amastigotes infected in rat L6 cells after 96 hrs by CPRG/Nonidet reagent based photometric analysis
CHEMBL589568,CC1CCc2ccccc2N1S(=O)(=O)c1cccc([N+](=O)[O-])c1,CC1CCc2ccccc2N1S(=O)(=O)c1cccc([N+](=O)[O-])c1,4.5,Inactive,IC50,Trypanosoma cruzi,T_cruzi,O=S(=O)(c1ccccc1)N1CCCc2ccccc21,CHEMBL1073484,Antitrypanosomal activity against Trypanosoma cruzi infected in rat L6 cells
CHEMBL589836,CC1CCc2ccccc2N1S(=O)(=O)c1ccccc1,CC1CCc2ccccc2N1S(=O)(=O)c1ccccc1,4.67,Inactive,IC50,Trypanosoma cruzi,T_cruzi,O=S(=O)(c1ccccc1)N1CCCc2ccccc21,CHEMBL1073484,Antitrypanosomal activity against Trypanosoma cruzi infected in rat L6 cells
CHEMBL3431036,CC1CN(S(=O)(=O)c2ccc(NC(=O)c3cc(C4CC4)nc4c3cnn4C(C)C)cc2)CC(C)O1,CC1CN(S(=O)(=O)c2ccc(NC(=O)c3cc(C4CC4)nc4c3cnn4C(C)C)cc2)CC(C)O1,6.2,Active,IC50,Trypanosoma cruzi,T_cruzi,O=C(Nc1ccc(S(=O)(=O)N2CCOCC2)cc1)c1cc(C2CC2)nc2[nH]ncc12,CHEMBL3431448,"GSK_TCAKS: pIC50 Trypanosoma cruzi Imaging: Amastigotes/Cell. H9c2 cells were seeded in T-225 flasks (225cm^2 culture surface; Corning Inc., NY, USA) in DMEM-10% FBS for 4h to allow attachment. Cells were then washed once with PBS before infection. T. cruzi trypomastigotes, collected at days 5 to 8 after infection from LLC-MK2 parasite infected cultures, were allowed to swim out for 4h at 37C from a centrifuged pellet (2,500 rpm/10 min/room temperature). Trypomastigotes were then collected and counted in a CASY Cell Counter. Trypomastigotes, in supplemented DMEM, were added to H9c2 cultures in a multiplicity of infection of 1 and incubated for 18 h. Cells were washed once with PBS before incubation of the infected H9c2 monolayer with trypsin (Life-Technologies) to detach cells from the flask. Cells were counted in a CASY Cell Counter using a 150 um capillary and their density set at 5 * 10^4 cells per mL in supplemented assay DMEM. Infected H9c2 were dispensed into 384-well poly-lysine coated assay plates at 50uL per well using a Multidrop Combi dispenser. After seeding them, the plates were incubated at 37C, 5% CO2 for 72h. Cultures were then fixed and stained by addition of 50 uL of a solution containing 8% formaldehyde and 4 uM DRAQ5 DNA dye (BioStatus, UK) per well. Plates were kept light-protected and imaged one hour later in a Perkin-Elmer Opera microscope using a 20x air objective (NA 0.4) and the following acquisition set: a 635 nm laser excitation line and a 690/50 emission detection filter for DRAQ5 detection. Five images were collected per well for reliable statistical analysis. Automated image analysis was performed with a script developed on Acapella High Content Imaging and Analysis Software (PerkinElmer). Output: number of amastigotes per cell as infection level measurement."
CHEMBL4094889,CC1Cc2ccccc2N1S(=O)(=O)c1ccc(Br)cc1,CC1Cc2ccccc2N1S(=O)(=O)c1ccc(Br)cc1,5.24,Active,IC50,Trypanosoma cruzi,T_cruzi,O=S(=O)(c1ccccc1)N1CCc2ccccc21,CHEMBL4045492,Antiparasitic activity against Trypanosoma cruzi Tulahuen C4 intracellular amastigotes infected in rat L6 cells after 96 hrs by CPRG/Nonidet reagent based photometric analysis
CHEMBL4094002,CC1Cc2ccccc2N1S(=O)(=O)c1ccc(C(C)(C)C)cc1,CC1Cc2ccccc2N1S(=O)(=O)c1ccc(C(C)(C)C)cc1,5.16,Active,IC50,Trypanosoma cruzi,T_cruzi,O=S(=O)(c1ccccc1)N1CCc2ccccc21,CHEMBL4045492,Antiparasitic activity against Trypanosoma cruzi Tulahuen C4 intracellular amastigotes infected in rat L6 cells after 96 hrs by CPRG/Nonidet reagent based photometric analysis
CHEMBL4105065,CC1Cc2ccccc2N1S(=O)(=O)c1ccc(Cl)cc1,CC1Cc2ccccc2N1S(=O)(=O)c1ccc(Cl)cc1,5.32,Active,IC50,Trypanosoma cruzi,T_cruzi,O=S(=O)(c1ccccc1)N1CCc2ccccc21,CHEMBL4045492,Antiparasitic activity against Trypanosoma cruzi Tulahuen C4 intracellular amastigotes infected in rat L6 cells after 96 hrs by CPRG/Nonidet reagent based photometric analysis
CHEMBL4102778,CC1Cc2ccccc2N1S(=O)(=O)c1ccc([N+](=O)[O-])cc1,CC1Cc2ccccc2N1S(=O)(=O)c1ccc([N+](=O)[O-])cc1,5.55,Active,IC50,Trypanosoma cruzi,T_cruzi,O=S(=O)(c1ccccc1)N1CCc2ccccc21,CHEMBL4045492,Antiparasitic activity against Trypanosoma cruzi Tulahuen C4 intracellular amastigotes infected in rat L6 cells after 96 hrs by CPRG/Nonidet reagent based photometric analysis
CHEMBL3431162,CCC1Oc2cc(S(=O)(=O)N(C)CC(=O)N3CCc4ccccc4C3)c(C)cc2NC1=O,CCC1Oc2cc(S(=O)(=O)N(C)CC(=O)N3CCc4ccccc4C3)c(C)cc2NC1=O,6.6,Active,IC50,Trypanosoma cruzi,T_cruzi,O=C1COc2cc(S(=O)(=O)NCC(=O)N3CCc4ccccc4C3)ccc2N1,CHEMBL3431448,"GSK_TCAKS: pIC50 Trypanosoma cruzi Imaging: Amastigotes/Cell. H9c2 cells were seeded in T-225 flasks (225cm^2 culture surface; Corning Inc., NY, USA) in DMEM-10% FBS for 4h to allow attachment. Cells were then washed once with PBS before infection. T. cruzi trypomastigotes, collected at days 5 to 8 after infection from LLC-MK2 parasite infected cultures, were allowed to swim out for 4h at 37C from a centrifuged pellet (2,500 rpm/10 min/room temperature). Trypomastigotes were then collected and counted in a CASY Cell Counter. Trypomastigotes, in supplemented DMEM, were added to H9c2 cultures in a multiplicity of infection of 1 and incubated for 18 h. Cells were washed once with PBS before incubation of the infected H9c2 monolayer with trypsin (Life-Technologies) to detach cells from the flask. Cells were counted in a CASY Cell Counter using a 150 um capillary and their density set at 5 * 10^4 cells per mL in supplemented assay DMEM. Infected H9c2 were dispensed into 384-well poly-lysine coated assay plates at 50uL per well using a Multidrop Combi dispenser. After seeding them, the plates were incubated at 37C, 5% CO2 for 72h. Cultures were then fixed and stained by addition of 50 uL of a solution containing 8% formaldehyde and 4 uM DRAQ5 DNA dye (BioStatus, UK) per well. Plates were kept light-protected and imaged one hour later in a Perkin-Elmer Opera microscope using a 20x air objective (NA 0.4) and the following acquisition set: a 635 nm laser excitation line and a 690/50 emission detection filter for DRAQ5 detection. Five images were collected per well for reliable statistical analysis. Automated image analysis was performed with a script developed on Acapella High Content Imaging and Analysis Software (PerkinElmer). Output: number of amastigotes per cell as infection level measurement."
CHEMBL3430953,CCCCCNC(=O)c1c[nH]c2ccc(S(=O)(=O)N(C)c3ccc(OCC)cc3)cc2c1=O,CCCCCNC(=O)c1c[nH]c2ccc(S(=O)(=O)N(C)c3ccc(OCC)cc3)cc2c1=O,4.5,Inactive,IC50,Trypanosoma cruzi,T_cruzi,O=c1cc[nH]c2ccc(S(=O)(=O)Nc3ccccc3)cc12,CHEMBL3431446,"GSK_TCAKS: pIC50 Trypanosoma cruzi viability assay using beta-GAL activity. This assay was run at single shot at 5uM compound concentration per well. The biological reagents consisted of NIH-3T3 host cells and trypomastigotes parasitic cells; both cell types were set to a 3.3 * 10^5 cells/mL dilution in assay DMEM by means of a CASY cell counter device using a 60um capillary. 6 uL of the mixture were dispensed per well (about 1 * 10^3 host-cells and 1 * 10^3 parasites) with a Multidrop Combi dispenser. Previously, a solution of 1.67 * 10^5 trypomastigotes per mL in assay DMEM had been prepared and 6uL per well dispensed in the allotted control columns that defined 100% inhibition. The 0% inhibition of parasitic growth control was obtained by leaving the assay mixture untreated in its corresponding plate columns. In all wells, the percentage of DMSO never exceeded 0.5%. Plates incubated for four days at 37C, 5% CO2. The substrate used for the assay fluorescence intensity (FLINT) readout was resorufin-beta-D-galactopiranoside (Sigma-Aldrich) at 5uM per well. It was diluted in PBS supplemented with the soft detergent Igepal (Fluka). Upon addition to the plates, the substrate solution was incubated for 4h at room temperature and the signal read with the EnVision microtiter plate reader (Perkin-Elmer) using the corresponding set of filters (excitation/emission at 531/595nm)."
CHEMBL393580,CCCCN(CCCC)c1c(C#N)cc(S(=O)(=O)Nc2ccccc2)cc1C#N,CCCCN(CCCC)c1c(C#N)cc(S(=O)(=O)Nc2ccccc2)cc1C#N,6.09,Active,IC50,Trypanosoma cruzi,T_cruzi,O=S(=O)(Nc1ccccc1)c1ccccc1,CHEMBL3832785,AntiTrypanosoma cruzi activity IC50 (uM)
CHEMBL591890,CCCCc1ccc(NS(=O)(=O)c2cc3c4c(c2)CCN4C(=O)CC3)cc1,CCCCc1ccc(NS(=O)(=O)c2cc3c4c(c2)CCN4C(=O)CC3)cc1,4.87,Inactive,IC50,Trypanosoma cruzi,T_cruzi,O=C1CCc2cc(S(=O)(=O)Nc3ccccc3)cc3c2N1CC3,CHEMBL2028073,MMV: Inhibition of Trypanosoma cruzi (Tulahuen C4 LacZ) (Chagas in vitro).
CHEMBL3431369,CCCN1CCN(Cc2ccc(S(=O)(=O)Nc3cccc(C)c3)cc2)CC1,CCCN1CCN(Cc2ccc(S(=O)(=O)Nc3cccc(C)c3)cc2)CC1.O=C(O)C(F)(F)F.O=C(O)C(F)(F)F,6.1,Active,IC50,Trypanosoma cruzi,T_cruzi,O=S(=O)(Nc1ccccc1)c1ccc(CN2CCNCC2)cc1,CHEMBL3431448,"GSK_TCAKS: pIC50 Trypanosoma cruzi Imaging: Amastigotes/Cell. H9c2 cells were seeded in T-225 flasks (225cm^2 culture surface; Corning Inc., NY, USA) in DMEM-10% FBS for 4h to allow attachment. Cells were then washed once with PBS before infection. T. cruzi trypomastigotes, collected at days 5 to 8 after infection from LLC-MK2 parasite infected cultures, were allowed to swim out for 4h at 37C from a centrifuged pellet (2,500 rpm/10 min/room temperature). Trypomastigotes were then collected and counted in a CASY Cell Counter. Trypomastigotes, in supplemented DMEM, were added to H9c2 cultures in a multiplicity of infection of 1 and incubated for 18 h. Cells were washed once with PBS before incubation of the infected H9c2 monolayer with trypsin (Life-Technologies) to detach cells from the flask. Cells were counted in a CASY Cell Counter using a 150 um capillary and their density set at 5 * 10^4 cells per mL in supplemented assay DMEM. Infected H9c2 were dispensed into 384-well poly-lysine coated assay plates at 50uL per well using a Multidrop Combi dispenser. After seeding them, the plates were incubated at 37C, 5% CO2 for 72h. Cultures were then fixed and stained by addition of 50 uL of a solution containing 8% formaldehyde and 4 uM DRAQ5 DNA dye (BioStatus, UK) per well. Plates were kept light-protected and imaged one hour later in a Perkin-Elmer Opera microscope using a 20x air objective (NA 0.4) and the following acquisition set: a 635 nm laser excitation line and a 690/50 emission detection filter for DRAQ5 detection. Five images were collected per well for reliable statistical analysis. Automated image analysis was performed with a script developed on Acapella High Content Imaging and Analysis Software (PerkinElmer). Output: number of amastigotes per cell as infection level measurement."
CHEMBL4126418,CCCOc1cc(C)c(S(=O)(=O)Nc2cccnc2)cc1C,CCCOc1cc(C)c(S(=O)(=O)Nc2cccnc2)cc1C,4.88,Inactive,EC50,Trypanosoma cruzi,T_cruzi,O=S(=O)(Nc1cccnc1)c1ccccc1,CHEMBL4122779,Antitrypanosomal activity against Trypanosoma cruzi Tulahuen amastigotes infected in mouse L929 cells after 96 hrs by beta galactosidase reporter assay
CHEMBL183041,CCC[C@@]1(CCc2ccccc2)CC(=O)C([C@H](CC)c2cccc(NS(=O)(=O)c3ccc(C(F)(F)F)cn3)c2)C(=O)O1,CCC[C@@]1(CCc2ccccc2)CC(=O)C([C@H](CC)c2cccc(NS(=O)(=O)c3ccc(C(F)(F)F)cn3)c2)=C(O)O1,4.55,Inactive,IC50,Trypanosoma cruzi,T_cruzi,O=C1CC(CCc2ccccc2)OC(=O)C1Cc1cccc(NS(=O)(=O)c2ccccn2)c1,CHEMBL3392937,"DNDI: Chagas in Vitro, 96 hour"
CHEMBL3431077,CCN(C)Cc1ccc(N2CCC(NS(=O)(=O)c3ccc4c(c3)CCO4)CC2)nc1,CCN(C)Cc1ccc(N2CCC(NS(=O)(=O)c3ccc4c(c3)CCO4)CC2)nc1,6.0,Active,IC50,Trypanosoma cruzi,T_cruzi,O=S(=O)(NC1CCN(c2ccccn2)CC1)c1ccc2c(c1)CCO2,CHEMBL3431448,"GSK_TCAKS: pIC50 Trypanosoma cruzi Imaging: Amastigotes/Cell. H9c2 cells were seeded in T-225 flasks (225cm^2 culture surface; Corning Inc., NY, USA) in DMEM-10% FBS for 4h to allow attachment. Cells were then washed once with PBS before infection. T. cruzi trypomastigotes, collected at days 5 to 8 after infection from LLC-MK2 parasite infected cultures, were allowed to swim out for 4h at 37C from a centrifuged pellet (2,500 rpm/10 min/room temperature). Trypomastigotes were then collected and counted in a CASY Cell Counter. Trypomastigotes, in supplemented DMEM, were added to H9c2 cultures in a multiplicity of infection of 1 and incubated for 18 h. Cells were washed once with PBS before incubation of the infected H9c2 monolayer with trypsin (Life-Technologies) to detach cells from the flask. Cells were counted in a CASY Cell Counter using a 150 um capillary and their density set at 5 * 10^4 cells per mL in supplemented assay DMEM. Infected H9c2 were dispensed into 384-well poly-lysine coated assay plates at 50uL per well using a Multidrop Combi dispenser. After seeding them, the plates were incubated at 37C, 5% CO2 for 72h. Cultures were then fixed and stained by addition of 50 uL of a solution containing 8% formaldehyde and 4 uM DRAQ5 DNA dye (BioStatus, UK) per well. Plates were kept light-protected and imaged one hour later in a Perkin-Elmer Opera microscope using a 20x air objective (NA 0.4) and the following acquisition set: a 635 nm laser excitation line and a 690/50 emission detection filter for DRAQ5 detection. Five images were collected per well for reliable statistical analysis. Automated image analysis was performed with a script developed on Acapella High Content Imaging and Analysis Software (PerkinElmer). Output: number of amastigotes per cell as infection level measurement."
CHEMBL2448698,CCN(CC)S(=O)(=O)c1ccc(-n2ccnc2)c(NC(=O)c2cnc(-c3ccccc3)nc2)c1,CCN(CC)S(=O)(=O)c1ccc(-n2ccnc2)c(NC(=O)c2cnc(-c3ccccc3)nc2)c1,8.645,Active,IC50,Trypanosoma cruzi,T_cruzi,O=C(Nc1ccccc1-n1ccnc1)c1cnc(-c2ccccc2)nc1,CHEMBL2448754,DNDI: Chagas in Vitro
CHEMBL3431105,CCN(CC)S(=O)(=O)c1ccc(C(=O)Nc2cc(C)nn2-c2nc(=O)c(C)c(C)[nH]2)cc1,CCN(CC)S(=O)(=O)c1ccc(C(=O)Nc2cc(C)nn2-c2nc(C)c(C)c(=O)[nH]2)cc1,6.0,Active,IC50,Trypanosoma cruzi,T_cruzi,O=C(Nc1ccnn1-c1nc(=O)cc[nH]1)c1ccccc1,CHEMBL3431448,"GSK_TCAKS: pIC50 Trypanosoma cruzi Imaging: Amastigotes/Cell. H9c2 cells were seeded in T-225 flasks (225cm^2 culture surface; Corning Inc., NY, USA) in DMEM-10% FBS for 4h to allow attachment. Cells were then washed once with PBS before infection. T. cruzi trypomastigotes, collected at days 5 to 8 after infection from LLC-MK2 parasite infected cultures, were allowed to swim out for 4h at 37C from a centrifuged pellet (2,500 rpm/10 min/room temperature). Trypomastigotes were then collected and counted in a CASY Cell Counter. Trypomastigotes, in supplemented DMEM, were added to H9c2 cultures in a multiplicity of infection of 1 and incubated for 18 h. Cells were washed once with PBS before incubation of the infected H9c2 monolayer with trypsin (Life-Technologies) to detach cells from the flask. Cells were counted in a CASY Cell Counter using a 150 um capillary and their density set at 5 * 10^4 cells per mL in supplemented assay DMEM. Infected H9c2 were dispensed into 384-well poly-lysine coated assay plates at 50uL per well using a Multidrop Combi dispenser. After seeding them, the plates were incubated at 37C, 5% CO2 for 72h. Cultures were then fixed and stained by addition of 50 uL of a solution containing 8% formaldehyde and 4 uM DRAQ5 DNA dye (BioStatus, UK) per well. Plates were kept light-protected and imaged one hour later in a Perkin-Elmer Opera microscope using a 20x air objective (NA 0.4) and the following acquisition set: a 635 nm laser excitation line and a 690/50 emission detection filter for DRAQ5 detection. Five images were collected per well for reliable statistical analysis. Automated image analysis was performed with a script developed on Acapella High Content Imaging and Analysis Software (PerkinElmer). Output: number of amastigotes per cell as infection level measurement."
CHEMBL3431126,CCN(CC)S(=O)(=O)c1ccc(C)c(NC(=O)c2cc(Cl)c3c(c2)OCO3)c1,CCN(CC)S(=O)(=O)c1ccc(C)c(NC(=O)c2cc(Cl)c3c(c2)OCO3)c1,4.9,Inactive,IC50,Trypanosoma cruzi,T_cruzi,O=C(Nc1ccccc1)c1ccc2c(c1)OCO2,CHEMBL3431446,"GSK_TCAKS: pIC50 Trypanosoma cruzi viability assay using beta-GAL activity. This assay was run at single shot at 5uM compound concentration per well. The biological reagents consisted of NIH-3T3 host cells and trypomastigotes parasitic cells; both cell types were set to a 3.3 * 10^5 cells/mL dilution in assay DMEM by means of a CASY cell counter device using a 60um capillary. 6 uL of the mixture were dispensed per well (about 1 * 10^3 host-cells and 1 * 10^3 parasites) with a Multidrop Combi dispenser. Previously, a solution of 1.67 * 10^5 trypomastigotes per mL in assay DMEM had been prepared and 6uL per well dispensed in the allotted control columns that defined 100% inhibition. The 0% inhibition of parasitic growth control was obtained by leaving the assay mixture untreated in its corresponding plate columns. In all wells, the percentage of DMSO never exceeded 0.5%. Plates incubated for four days at 37C, 5% CO2. The substrate used for the assay fluorescence intensity (FLINT) readout was resorufin-beta-D-galactopiranoside (Sigma-Aldrich) at 5uM per well. It was diluted in PBS supplemented with the soft detergent Igepal (Fluka). Upon addition to the plates, the substrate solution was incubated for 4h at room temperature and the signal read with the EnVision microtiter plate reader (Perkin-Elmer) using the corresponding set of filters (excitation/emission at 531/595nm)."
CHEMBL3431387,CCN(CC)S(=O)(=O)c1ccc(OC)c(NC(=O)c2ccc([N+](=O)[O-])s2)c1,CCN(CC)S(=O)(=O)c1ccc(OC)c(NC(=O)c2ccc([N+](=O)[O-])s2)c1,6.8,Active,IC50,Trypanosoma cruzi,T_cruzi,O=C(Nc1ccccc1)c1cccs1,CHEMBL3431448,"GSK_TCAKS: pIC50 Trypanosoma cruzi Imaging: Amastigotes/Cell. H9c2 cells were seeded in T-225 flasks (225cm^2 culture surface; Corning Inc., NY, USA) in DMEM-10% FBS for 4h to allow attachment. Cells were then washed once with PBS before infection. T. cruzi trypomastigotes, collected at days 5 to 8 after infection from LLC-MK2 parasite infected cultures, were allowed to swim out for 4h at 37C from a centrifuged pellet (2,500 rpm/10 min/room temperature). Trypomastigotes were then collected and counted in a CASY Cell Counter. Trypomastigotes, in supplemented DMEM, were added to H9c2 cultures in a multiplicity of infection of 1 and incubated for 18 h. Cells were washed once with PBS before incubation of the infected H9c2 monolayer with trypsin (Life-Technologies) to detach cells from the flask. Cells were counted in a CASY Cell Counter using a 150 um capillary and their density set at 5 * 10^4 cells per mL in supplemented assay DMEM. Infected H9c2 were dispensed into 384-well poly-lysine coated assay plates at 50uL per well using a Multidrop Combi dispenser. After seeding them, the plates were incubated at 37C, 5% CO2 for 72h. Cultures were then fixed and stained by addition of 50 uL of a solution containing 8% formaldehyde and 4 uM DRAQ5 DNA dye (BioStatus, UK) per well. Plates were kept light-protected and imaged one hour later in a Perkin-Elmer Opera microscope using a 20x air objective (NA 0.4) and the following acquisition set: a 635 nm laser excitation line and a 690/50 emission detection filter for DRAQ5 detection. Five images were collected per well for reliable statistical analysis. Automated image analysis was performed with a script developed on Acapella High Content Imaging and Analysis Software (PerkinElmer). Output: number of amastigotes per cell as infection level measurement."
CHEMBL3431103,CCN(CC)c1ccc(S(=O)(=O)N(CC)CC)c2nonc12,CCN(CC)c1ccc(S(=O)(=O)N(CC)CC)c2nonc12,4.6,Inactive,IC50,Trypanosoma cruzi,T_cruzi,c1ccc2nonc2c1,CHEMBL3431448,"GSK_TCAKS: pIC50 Trypanosoma cruzi Imaging: Amastigotes/Cell. H9c2 cells were seeded in T-225 flasks (225cm^2 culture surface; Corning Inc., NY, USA) in DMEM-10% FBS for 4h to allow attachment. Cells were then washed once with PBS before infection. T. cruzi trypomastigotes, collected at days 5 to 8 after infection from LLC-MK2 parasite infected cultures, were allowed to swim out for 4h at 37C from a centrifuged pellet (2,500 rpm/10 min/room temperature). Trypomastigotes were then collected and counted in a CASY Cell Counter. Trypomastigotes, in supplemented DMEM, were added to H9c2 cultures in a multiplicity of infection of 1 and incubated for 18 h. Cells were washed once with PBS before incubation of the infected H9c2 monolayer with trypsin (Life-Technologies) to detach cells from the flask. Cells were counted in a CASY Cell Counter using a 150 um capillary and their density set at 5 * 10^4 cells per mL in supplemented assay DMEM. Infected H9c2 were dispensed into 384-well poly-lysine coated assay plates at 50uL per well using a Multidrop Combi dispenser. After seeding them, the plates were incubated at 37C, 5% CO2 for 72h. Cultures were then fixed and stained by addition of 50 uL of a solution containing 8% formaldehyde and 4 uM DRAQ5 DNA dye (BioStatus, UK) per well. Plates were kept light-protected and imaged one hour later in a Perkin-Elmer Opera microscope using a 20x air objective (NA 0.4) and the following acquisition set: a 635 nm laser excitation line and a 690/50 emission detection filter for DRAQ5 detection. Five images were collected per well for reliable statistical analysis. Automated image analysis was performed with a script developed on Acapella High Content Imaging and Analysis Software (PerkinElmer). Output: number of amastigotes per cell as infection level measurement."
CHEMBL1540973,CCN(c1ccccc1)S(=O)(=O)c1ccc(Cl)c(NC(=O)CN(C)C2CCN(C)CC2)c1,CCN(c1ccccc1)S(=O)(=O)c1ccc(Cl)c(NC(=O)CN(C)C2CCN(C)CC2)c1,6.23,Active,IC50,Trypanosoma cruzi,T_cruzi,O=C(CNC1CCNCC1)Nc1cccc(S(=O)(=O)Nc2ccccc2)c1,CHEMBL2448754,DNDI: Chagas in Vitro
CHEMBL1940934,CCNC(=O)c1noc(-c2cc(C(C)C)c(O)cc2O)c1NC(=O)C1CCC(CNS(=O)(=O)c2ccc(F)cc2)CC1,CCNC(=O)c1noc(-c2cc(C(C)C)c(O)cc2O)c1NC(=O)[C@H]1CC[C@H](CNS(=O)(=O)c2ccc(F)cc2)CC1,5.38,Active,IC50,Trypanosoma cruzi,T_cruzi,O=C(Nc1cnoc1-c1ccccc1)C1CCC(CNS(=O)(=O)c2ccccc2)CC1,CHEMBL3380895,Antitrypanosomal activity against Trypanosoma cruzi assessed as growth inhibition
CHEMBL4516458,CCOC(=O)N1CCN(c2ccc(S(=O)(=O)NCc3ccc(C(=O)Nc4cccnc4)cc3)cc2)CC1,CCOC(=O)N1CCN(c2ccc(S(=O)(=O)NCc3ccc(C(=O)Nc4cccnc4)cc3)cc2)CC1,4.34,Inactive,IC50,Trypanosoma cruzi,T_cruzi,O=C(Nc1cccnc1)c1ccc(CNS(=O)(=O)c2ccc(N3CCNCC3)cc2)cc1,CHEMBL4343685,Antitrypanosomal activity against Trypanosoma cruzi Tulahuen C4 trypomastigotes infected in rat L6 cells measured after 96 hrs by inverted microscopy analysis
CHEMBL3431041,CCOc1ccc(N(C)S(=O)(=O)c2ccc3[nH]cc(C(=O)NC4CCCC4)c(=O)c3c2)cc1,CCOc1ccc(N(C)S(=O)(=O)c2ccc3[nH]cc(C(=O)NC4CCCC4)c(=O)c3c2)cc1,5.15,Active,IC50,Trypanosoma cruzi,T_cruzi,O=C(NC1CCCC1)c1c[nH]c2ccc(S(=O)(=O)Nc3ccccc3)cc2c1=O,CHEMBL3431448,"GSK_TCAKS: pIC50 Trypanosoma cruzi Imaging: Amastigotes/Cell. H9c2 cells were seeded in T-225 flasks (225cm^2 culture surface; Corning Inc., NY, USA) in DMEM-10% FBS for 4h to allow attachment. Cells were then washed once with PBS before infection. T. cruzi trypomastigotes, collected at days 5 to 8 after infection from LLC-MK2 parasite infected cultures, were allowed to swim out for 4h at 37C from a centrifuged pellet (2,500 rpm/10 min/room temperature). Trypomastigotes were then collected and counted in a CASY Cell Counter. Trypomastigotes, in supplemented DMEM, were added to H9c2 cultures in a multiplicity of infection of 1 and incubated for 18 h. Cells were washed once with PBS before incubation of the infected H9c2 monolayer with trypsin (Life-Technologies) to detach cells from the flask. Cells were counted in a CASY Cell Counter using a 150 um capillary and their density set at 5 * 10^4 cells per mL in supplemented assay DMEM. Infected H9c2 were dispensed into 384-well poly-lysine coated assay plates at 50uL per well using a Multidrop Combi dispenser. After seeding them, the plates were incubated at 37C, 5% CO2 for 72h. Cultures were then fixed and stained by addition of 50 uL of a solution containing 8% formaldehyde and 4 uM DRAQ5 DNA dye (BioStatus, UK) per well. Plates were kept light-protected and imaged one hour later in a Perkin-Elmer Opera microscope using a 20x air objective (NA 0.4) and the following acquisition set: a 635 nm laser excitation line and a 690/50 emission detection filter for DRAQ5 detection. Five images were collected per well for reliable statistical analysis. Automated image analysis was performed with a script developed on Acapella High Content Imaging and Analysis Software (PerkinElmer). Output: number of amastigotes per cell as infection level measurement."
CHEMBL1731664,CCOc1ccc(Nc2ccc(S(=O)(=O)N3CCN(C)CC3)cc2[N+](=O)[O-])cc1OCC,CCOc1ccc(Nc2ccc(S(=O)(=O)N3CCN(C)CC3)cc2[N+](=O)[O-])cc1OCC,5.3,Active,IC50,Trypanosoma cruzi,T_cruzi,O=S(=O)(c1ccc(Nc2ccccc2)cc1)N1CCNCC1,CHEMBL3431448,"GSK_TCAKS: pIC50 Trypanosoma cruzi Imaging: Amastigotes/Cell. H9c2 cells were seeded in T-225 flasks (225cm^2 culture surface; Corning Inc., NY, USA) in DMEM-10% FBS for 4h to allow attachment. Cells were then washed once with PBS before infection. T. cruzi trypomastigotes, collected at days 5 to 8 after infection from LLC-MK2 parasite infected cultures, were allowed to swim out for 4h at 37C from a centrifuged pellet (2,500 rpm/10 min/room temperature). Trypomastigotes were then collected and counted in a CASY Cell Counter. Trypomastigotes, in supplemented DMEM, were added to H9c2 cultures in a multiplicity of infection of 1 and incubated for 18 h. Cells were washed once with PBS before incubation of the infected H9c2 monolayer with trypsin (Life-Technologies) to detach cells from the flask. Cells were counted in a CASY Cell Counter using a 150 um capillary and their density set at 5 * 10^4 cells per mL in supplemented assay DMEM. Infected H9c2 were dispensed into 384-well poly-lysine coated assay plates at 50uL per well using a Multidrop Combi dispenser. After seeding them, the plates were incubated at 37C, 5% CO2 for 72h. Cultures were then fixed and stained by addition of 50 uL of a solution containing 8% formaldehyde and 4 uM DRAQ5 DNA dye (BioStatus, UK) per well. Plates were kept light-protected and imaged one hour later in a Perkin-Elmer Opera microscope using a 20x air objective (NA 0.4) and the following acquisition set: a 635 nm laser excitation line and a 690/50 emission detection filter for DRAQ5 detection. Five images were collected per well for reliable statistical analysis. Automated image analysis was performed with a script developed on Acapella High Content Imaging and Analysis Software (PerkinElmer). Output: number of amastigotes per cell as infection level measurement."
CHEMBL4129591,CCOc1ccc(S(=O)(=O)NCc2ccncc2)c(C)c1C,CCOc1ccc(S(=O)(=O)NCc2ccncc2)c(C)c1C,5.06,Active,EC50,Trypanosoma cruzi,T_cruzi,O=S(=O)(NCc1ccncc1)c1ccccc1,CHEMBL4122779,Antitrypanosomal activity against Trypanosoma cruzi Tulahuen amastigotes infected in mouse L929 cells after 96 hrs by beta galactosidase reporter assay
CHEMBL4128229,CCOc1ccc(S(=O)(=O)Nc2cccnc2)c(C)c1C,CCOc1ccc(S(=O)(=O)Nc2cccnc2)c(C)c1C,4.83,Inactive,EC50,Trypanosoma cruzi,T_cruzi,O=S(=O)(Nc1cccnc1)c1ccccc1,CHEMBL4122779,Antitrypanosomal activity against Trypanosoma cruzi Tulahuen amastigotes infected in mouse L929 cells after 96 hrs by beta galactosidase reporter assay
CHEMBL4130110,CCOc1ccc(S(=O)(=O)Nc2cccnc2)c2ccccc12,CCOc1ccc(S(=O)(=O)Nc2cccnc2)c2ccccc12,5.26,Active,EC50,Trypanosoma cruzi,T_cruzi,O=S(=O)(Nc1cccnc1)c1cccc2ccccc12,CHEMBL4122785,Antitrypanosomal activity against Trypanosoma cruzi Silvio X10/7 intracellular forms
CHEMBL2448714,CCS(=O)(=O)N(Cc1cccnc1)c1cccc(-c2nc3ccccc3s2)c1,CCS(=O)(=O)N(Cc1cccnc1)c1cccc(-c2nc3ccccc3s2)c1,7.64,Active,IC50,Trypanosoma cruzi,T_cruzi,c1cncc(CNc2cccc(-c3nc4ccccc4s3)c2)c1,CHEMBL2448754,DNDI: Chagas in Vitro
CHEMBL2448723,CCS(=O)(=O)N(Cc1cccnc1)c1cncc(-c2nc3ccccc3s2)c1,CCS(=O)(=O)N(Cc1cccnc1)c1cncc(-c2nc3ccccc3s2)c1,7.87,Active,IC50,Trypanosoma cruzi,T_cruzi,c1cncc(CNc2cncc(-c3nc4ccccc4s3)c2)c1,CHEMBL2448754,DNDI: Chagas in Vitro
CHEMBL1863127,CCS(=O)(=O)N1CCC(NC(c2ccc(C(F)(F)F)cc2)c2cnccn2)CC1,CCS(=O)(=O)N1CCC(NC(c2ccc(C(F)(F)F)cc2)c2cnccn2)CC1,6.31,Active,IC50,Trypanosoma cruzi,T_cruzi,c1ccc(C(NC2CCNCC2)c2cnccn2)cc1,CHEMBL1863510,"DNDI: Inhibition of Chagas Disease parasite Trypanosoma cruzi (Tulahuen LacZ, Clone C4), in vitro."
CHEMBL1862979,CCS(=O)(=O)N1CCC(NC(c2cnccn2)c2ccc(F)cc2F)CC1,CCS(=O)(=O)N1CCC(NC(c2cnccn2)c2ccc(F)cc2F)CC1,6.21,Active,IC50,Trypanosoma cruzi,T_cruzi,c1ccc(C(NC2CCNCC2)c2cnccn2)cc1,CHEMBL1863510,"DNDI: Inhibition of Chagas Disease parasite Trypanosoma cruzi (Tulahuen LacZ, Clone C4), in vitro."
CHEMBL2095130,CCS(=O)(=O)N1CCCc2ccc(NS(=O)(=O)c3ccccc3F)cc21,CCS(=O)(=O)N1CCCc2ccc(NS(=O)(=O)c3ccccc3F)cc21,5.23,Active,IC50,Trypanosoma cruzi,T_cruzi,O=S(=O)(Nc1ccc2c(c1)NCCC2)c1ccccc1,CHEMBL2095141,"DNDI: Inhibition of Chagas Disease parasite Trypanosoma cruzi (Tulahuen LacZ, Clone C4), in vitro."
CHEMBL1863493,CCS(=O)(=O)N1CCN(C(c2ccc(Cl)cc2)c2cccnc2)CC1,CCS(=O)(=O)N1CCN(C(c2ccc(Cl)cc2)c2cccnc2)CC1,7.33,Active,IC50,Trypanosoma cruzi,T_cruzi,c1ccc(C(c2cccnc2)N2CCNCC2)cc1,CHEMBL1863510,"DNDI: Inhibition of Chagas Disease parasite Trypanosoma cruzi (Tulahuen LacZ, Clone C4), in vitro."
CHEMBL1863476,CCS(=O)(=O)N1CCN(C(c2ccc(Cl)cc2)c2cncnc2)CC1,CCS(=O)(=O)N1CCN(C(c2ccc(Cl)cc2)c2cncnc2)CC1,6.58,Active,IC50,Trypanosoma cruzi,T_cruzi,c1ccc(C(c2cncnc2)N2CCNCC2)cc1,CHEMBL1863510,"DNDI: Inhibition of Chagas Disease parasite Trypanosoma cruzi (Tulahuen LacZ, Clone C4), in vitro."
CHEMBL3291249,CCS(=O)(=O)N1CCN(c2ccc(NC(=O)OC(Cn3ccnc3)c3ccc(F)cc3)cc2)CC1,CCS(=O)(=O)N1CCN(c2ccc(NC(=O)OC(Cn3ccnc3)c3ccc(F)cc3)cc2)CC1,7.4,Active,IC50,Trypanosoma cruzi,T_cruzi,O=C(Nc1ccc(N2CCNCC2)cc1)OC(Cn1ccnc1)c1ccccc1,CHEMBL3783534,Antiparasitic activity against nifurtimox-sensitive amastigote stage of Trypanosoma cruzi tulahuen CL2 infected in human MRC5 cells
CHEMBL1863435,CCS(=O)(=O)NC1CCN(C(c2ccc(C(F)(F)F)cc2)c2cnccn2)CC1,CCS(=O)(=O)NC1CCN(C(c2ccc(C(F)(F)F)cc2)c2cnccn2)CC1,5.94,Active,IC50,Trypanosoma cruzi,T_cruzi,c1ccc(C(c2cnccn2)N2CCCCC2)cc1,CHEMBL1863510,"DNDI: Inhibition of Chagas Disease parasite Trypanosoma cruzi (Tulahuen LacZ, Clone C4), in vitro."
CHEMBL1862860,CCS(=O)(=O)NC1CCN(C(c2cnccn2)c2ccc(F)cc2F)CC1,CCS(=O)(=O)NC1CCN(C(c2cnccn2)c2ccc(F)cc2F)CC1,5.72,Active,IC50,Trypanosoma cruzi,T_cruzi,c1ccc(C(c2cnccn2)N2CCCCC2)cc1,CHEMBL1863510,"DNDI: Inhibition of Chagas Disease parasite Trypanosoma cruzi (Tulahuen LacZ, Clone C4), in vitro."
CHEMBL3430983,CCS(=O)(=O)Nc1ccc(C2=NN(C(=O)c3cccs3)C(c3ccccc3OC)C2)cc1,CCS(=O)(=O)Nc1ccc(C2=NN(C(=O)c3cccs3)C(c3ccccc3OC)C2)cc1,5.1,Active,IC50,Trypanosoma cruzi,T_cruzi,O=C(c1cccs1)N1N=C(c2ccccc2)CC1c1ccccc1,CHEMBL3431446,"GSK_TCAKS: pIC50 Trypanosoma cruzi viability assay using beta-GAL activity. This assay was run at single shot at 5uM compound concentration per well. The biological reagents consisted of NIH-3T3 host cells and trypomastigotes parasitic cells; both cell types were set to a 3.3 * 10^5 cells/mL dilution in assay DMEM by means of a CASY cell counter device using a 60um capillary. 6 uL of the mixture were dispensed per well (about 1 * 10^3 host-cells and 1 * 10^3 parasites) with a Multidrop Combi dispenser. Previously, a solution of 1.67 * 10^5 trypomastigotes per mL in assay DMEM had been prepared and 6uL per well dispensed in the allotted control columns that defined 100% inhibition. The 0% inhibition of parasitic growth control was obtained by leaving the assay mixture untreated in its corresponding plate columns. In all wells, the percentage of DMSO never exceeded 0.5%. Plates incubated for four days at 37C, 5% CO2. The substrate used for the assay fluorescence intensity (FLINT) readout was resorufin-beta-D-galactopiranoside (Sigma-Aldrich) at 5uM per well. It was diluted in PBS supplemented with the soft detergent Igepal (Fluka). Upon addition to the plates, the substrate solution was incubated for 4h at room temperature and the signal read with the EnVision microtiter plate reader (Perkin-Elmer) using the corresponding set of filters (excitation/emission at 531/595nm)."
CHEMBL4175568,CCc1nc2c([nH]1)C(=N)NS(=O)(=O)N2,CCc1nc2c([nH]1)C(N)=NS(=O)(=O)N2,4.54,Inactive,IC50,Trypanosoma cruzi,T_cruzi,N=C1NS(=O)(=O)Nc2nc[nH]c21,CHEMBL4139186,Antitrypanosomal activity against Trypanosoma cruzi Tulahuen 2 epimastigotes after 5 days
CHEMBL3430963,CN(C)CCN(C)Cc1ccc(Cl)cc1NS(=O)(=O)c1ccc(Cl)c(Cl)c1,CN(C)CCN(C)Cc1ccc(Cl)cc1NS(=O)(=O)c1ccc(Cl)c(Cl)c1,5.7,Active,IC50,Trypanosoma cruzi,T_cruzi,O=S(=O)(Nc1ccccc1)c1ccccc1,CHEMBL3431449,"GSK_TCAKS: pIC50 H2C9 Imaging: H9c2 Host Cardiomyocytes. H9c2 cells were seeded in T-225 flasks (225cm^2 culture surface; Corning Inc., NY, USA) in DMEM-10% FBS for 4h to allow attachment. Cells were then washed once with PBS before infection. T. cruzi trypomastigotes, collected at days 5 to 8 after infection from LLC-MK2 parasite infected cultures, were allowed to swim out for 4h at 37C from a centrifuged pellet (2,500 rpm/10 min/room temperature). Trypomastigotes were then collected and counted in a CASY Cell Counter. Trypomastigotes, in supplemented DMEM, were added to H9c2 cultures in a multiplicity of infection of 1 and incubated for 18 h. Cells were washed once with PBS before incubation of the infected H9c2 monolayer with trypsin (Life-Technologies) to detach cells from the flask. Cells were counted in a CASY Cell Counter using a 150 um capillary and their density set at 5 * 10^4 cells per mL in supplemented assay DMEM. Infected H9c2 were dispensed into 384-well poly-lysine coated assay plates at 50uL per well using a Multidrop Combi dispenser. After seeding them, the plates were incubated at 37C, 5% CO2 for 72h. Cultures were then fixed and stained by addition of 50 uL of a solution containing 8% formaldehyde and 4 uM DRAQ5 DNA dye (BioStatus, UK) per well. Plates were kept light-protected and imaged one hour later in a Perkin-Elmer Opera microscope using a 20x air objective (NA 0.4) and the following acquisition set: a 635 nm laser excitation line and a 690/50 emission detection filter for DRAQ5 detection. Five images were collected per well for reliable statistical analysis. Automated image analysis was performed with a script developed on Acapella High Content Imaging and Analysis Software (PerkinElmer). Output: Number of H9c2 Host Cardiomyocytes nuclei to determine drug-related cytotoxicity."
CHEMBL3430964,CN(C)CCN(C)Cc1ccc(F)cc1NS(=O)(=O)c1ccc(Cl)c(Cl)c1,CN(C)CCN(C)Cc1ccc(F)cc1NS(=O)(=O)c1ccc(Cl)c(Cl)c1,5.65,Active,IC50,Trypanosoma cruzi,T_cruzi,O=S(=O)(Nc1ccccc1)c1ccccc1,CHEMBL3431449,"GSK_TCAKS: pIC50 H2C9 Imaging: H9c2 Host Cardiomyocytes. H9c2 cells were seeded in T-225 flasks (225cm^2 culture surface; Corning Inc., NY, USA) in DMEM-10% FBS for 4h to allow attachment. Cells were then washed once with PBS before infection. T. cruzi trypomastigotes, collected at days 5 to 8 after infection from LLC-MK2 parasite infected cultures, were allowed to swim out for 4h at 37C from a centrifuged pellet (2,500 rpm/10 min/room temperature). Trypomastigotes were then collected and counted in a CASY Cell Counter. Trypomastigotes, in supplemented DMEM, were added to H9c2 cultures in a multiplicity of infection of 1 and incubated for 18 h. Cells were washed once with PBS before incubation of the infected H9c2 monolayer with trypsin (Life-Technologies) to detach cells from the flask. Cells were counted in a CASY Cell Counter using a 150 um capillary and their density set at 5 * 10^4 cells per mL in supplemented assay DMEM. Infected H9c2 were dispensed into 384-well poly-lysine coated assay plates at 50uL per well using a Multidrop Combi dispenser. After seeding them, the plates were incubated at 37C, 5% CO2 for 72h. Cultures were then fixed and stained by addition of 50 uL of a solution containing 8% formaldehyde and 4 uM DRAQ5 DNA dye (BioStatus, UK) per well. Plates were kept light-protected and imaged one hour later in a Perkin-Elmer Opera microscope using a 20x air objective (NA 0.4) and the following acquisition set: a 635 nm laser excitation line and a 690/50 emission detection filter for DRAQ5 detection. Five images were collected per well for reliable statistical analysis. Automated image analysis was performed with a script developed on Acapella High Content Imaging and Analysis Software (PerkinElmer). Output: Number of H9c2 Host Cardiomyocytes nuclei to determine drug-related cytotoxicity."
CHEMBL5564538,CN(C)CCNc1ccc(C(=O)N2CCN(S(=O)(=O)c3ccc(Cl)cc3)CC2)cn1,CN(C)CCNc1ccc(C(=O)N2CCN(S(=O)(=O)c3ccc(Cl)cc3)CC2)cn1,4.18,Inactive,IC50,Trypanosoma cruzi,T_cruzi,O=C(c1cccnc1)N1CCN(S(=O)(=O)c2ccccc2)CC1,CHEMBL5551394,Antitrypanosomal activity against Trypanosoma cruzi Tulahuen expressing Escherichia coli beta-galactosidase infected in L929 cells pretreated with parasite for 50 hrs followed by compound addition and measured after 96 hrs
CHEMBL5575477,CN(C)CCOc1ccc(C(=O)N2CCN(S(=O)(=O)c3ccc(Cl)cc3)CC2)cc1,CN(C)CCOc1ccc(C(=O)N2CCN(S(=O)(=O)c3ccc(Cl)cc3)CC2)cc1,4.86,Inactive,IC50,Trypanosoma cruzi,T_cruzi,O=C(c1ccccc1)N1CCN(S(=O)(=O)c2ccccc2)CC1,CHEMBL5551394,Antitrypanosomal activity against Trypanosoma cruzi Tulahuen expressing Escherichia coli beta-galactosidase infected in L929 cells pretreated with parasite for 50 hrs followed by compound addition and measured after 96 hrs
CHEMBL5575523,CN(C)CCOc1ccc(N2CCN(S(=O)(=O)c3ccc(Br)cc3)CC2)cc1,CN(C)CCOc1ccc(N2CCN(S(=O)(=O)c3ccc(Br)cc3)CC2)cc1,5.08,Active,IC50,Trypanosoma cruzi,T_cruzi,O=S(=O)(c1ccccc1)N1CCN(c2ccccc2)CC1,CHEMBL5551394,Antitrypanosomal activity against Trypanosoma cruzi Tulahuen expressing Escherichia coli beta-galactosidase infected in L929 cells pretreated with parasite for 50 hrs followed by compound addition and measured after 96 hrs
CHEMBL3431426,CN(C)CCOc1ccc(N2CCN(S(=O)(=O)c3ccc(Cl)cc3)CC2)cc1,CN(C)CCOc1ccc(N2CCN(S(=O)(=O)c3ccc(Cl)cc3)CC2)cc1,6.2,Active,IC50,Trypanosoma cruzi,T_cruzi,O=S(=O)(c1ccccc1)N1CCN(c2ccccc2)CC1,CHEMBL3431448,"GSK_TCAKS: pIC50 Trypanosoma cruzi Imaging: Amastigotes/Cell. H9c2 cells were seeded in T-225 flasks (225cm^2 culture surface; Corning Inc., NY, USA) in DMEM-10% FBS for 4h to allow attachment. Cells were then washed once with PBS before infection. T. cruzi trypomastigotes, collected at days 5 to 8 after infection from LLC-MK2 parasite infected cultures, were allowed to swim out for 4h at 37C from a centrifuged pellet (2,500 rpm/10 min/room temperature). Trypomastigotes were then collected and counted in a CASY Cell Counter. Trypomastigotes, in supplemented DMEM, were added to H9c2 cultures in a multiplicity of infection of 1 and incubated for 18 h. Cells were washed once with PBS before incubation of the infected H9c2 monolayer with trypsin (Life-Technologies) to detach cells from the flask. Cells were counted in a CASY Cell Counter using a 150 um capillary and their density set at 5 * 10^4 cells per mL in supplemented assay DMEM. Infected H9c2 were dispensed into 384-well poly-lysine coated assay plates at 50uL per well using a Multidrop Combi dispenser. After seeding them, the plates were incubated at 37C, 5% CO2 for 72h. Cultures were then fixed and stained by addition of 50 uL of a solution containing 8% formaldehyde and 4 uM DRAQ5 DNA dye (BioStatus, UK) per well. Plates were kept light-protected and imaged one hour later in a Perkin-Elmer Opera microscope using a 20x air objective (NA 0.4) and the following acquisition set: a 635 nm laser excitation line and a 690/50 emission detection filter for DRAQ5 detection. Five images were collected per well for reliable statistical analysis. Automated image analysis was performed with a script developed on Acapella High Content Imaging and Analysis Software (PerkinElmer). Output: number of amastigotes per cell as infection level measurement."
CHEMBL5575852,CN(C)CCOc1ccc(N2CCN(S(=O)(=O)c3ccc(F)cc3)CC2)cc1,CN(C)CCOc1ccc(N2CCN(S(=O)(=O)c3ccc(F)cc3)CC2)cc1,5.19,Active,IC50,Trypanosoma cruzi,T_cruzi,O=S(=O)(c1ccccc1)N1CCN(c2ccccc2)CC1,CHEMBL5551394,Antitrypanosomal activity against Trypanosoma cruzi Tulahuen expressing Escherichia coli beta-galactosidase infected in L929 cells pretreated with parasite for 50 hrs followed by compound addition and measured after 96 hrs
CHEMBL5575145,CN(C)CCOc1ccc(N2CCN(S(=O)(=O)c3ccc(N)cc3)CC2)cc1,CN(C)CCOc1ccc(N2CCN(S(=O)(=O)c3ccc(N)cc3)CC2)cc1,3.774949303861951,Inactive,IC50,Trypanosoma cruzi,T_cruzi,O=S(=O)(c1ccccc1)N1CCN(c2ccccc2)CC1,CHEMBL5551394,Antitrypanosomal activity against Trypanosoma cruzi Tulahuen expressing Escherichia coli beta-galactosidase infected in L929 cells pretreated with parasite for 50 hrs followed by compound addition and measured after 96 hrs
CHEMBL5571950,CN(C)CCOc1ccc(N2CCN(S(=O)(=O)c3ccc([N+](=O)[O-])cc3)CC2)cc1,CN(C)CCOc1ccc(N2CCN(S(=O)(=O)c3ccc([N+](=O)[O-])cc3)CC2)cc1,5.77,Active,IC50,Trypanosoma cruzi,T_cruzi,O=S(=O)(c1ccccc1)N1CCN(c2ccccc2)CC1,CHEMBL5551394,Antitrypanosomal activity against Trypanosoma cruzi Tulahuen expressing Escherichia coli beta-galactosidase infected in L929 cells pretreated with parasite for 50 hrs followed by compound addition and measured after 96 hrs
CHEMBL5563772,CN(C)CCOc1ccc(N2CCN(S(=O)(=O)c3ccccc3)CC2)cc1,CN(C)CCOc1ccc(N2CCN(S(=O)(=O)c3ccccc3)CC2)cc1,4.55,Inactive,IC50,Trypanosoma cruzi,T_cruzi,O=S(=O)(c1ccccc1)N1CCN(c2ccccc2)CC1,CHEMBL5551394,Antitrypanosomal activity against Trypanosoma cruzi Tulahuen expressing Escherichia coli beta-galactosidase infected in L929 cells pretreated with parasite for 50 hrs followed by compound addition and measured after 96 hrs
CHEMBL5569638,CN(C)CCOc1ccc(N2CCN(S(=O)(=O)c3ccccc3Br)CC2)cc1,CN(C)CCOc1ccc(N2CCN(S(=O)(=O)c3ccccc3Br)CC2)cc1,5.43,Active,IC50,Trypanosoma cruzi,T_cruzi,O=S(=O)(c1ccccc1)N1CCN(c2ccccc2)CC1,CHEMBL5551394,Antitrypanosomal activity against Trypanosoma cruzi Tulahuen expressing Escherichia coli beta-galactosidase infected in L929 cells pretreated with parasite for 50 hrs followed by compound addition and measured after 96 hrs
CHEMBL4212932,CN(C)CCOc1ccc(OC2CCN(S(=O)(=O)c3ccc(F)cc3)CC2)cc1,CN(C)CCOc1ccc(OC2CCN(S(=O)(=O)c3ccc(F)cc3)CC2)cc1.Cl,5.67,Active,IC50,Trypanosoma cruzi,T_cruzi,O=S(=O)(c1ccccc1)N1CCC(Oc2ccccc2)CC1,CHEMBL4190098,Antiparasitic activity against epimastigote stage of Trypanosoma cruzi Tulahuen assessed as inhibition of parasite proliferation after 48 hrs by Alamar Blue assay
CHEMBL5571511,CN(C)CCOc1cccc(C(=O)N2CCN(S(=O)(=O)c3ccc(Cl)cc3)CC2)c1,CN(C)CCOc1cccc(C(=O)N2CCN(S(=O)(=O)c3ccc(Cl)cc3)CC2)c1,3.8632794328435933,Inactive,IC50,Trypanosoma cruzi,T_cruzi,O=C(c1ccccc1)N1CCN(S(=O)(=O)c2ccccc2)CC1,CHEMBL5551394,Antitrypanosomal activity against Trypanosoma cruzi Tulahuen expressing Escherichia coli beta-galactosidase infected in L929 cells pretreated with parasite for 50 hrs followed by compound addition and measured after 96 hrs
CHEMBL5572823,CN(C)CCOc1cccc(N2CCN(S(=O)(=O)c3ccc(Cl)cc3)CC2)c1,CN(C)CCOc1cccc(N2CCN(S(=O)(=O)c3ccc(Cl)cc3)CC2)c1,3.8632794328435933,Inactive,IC50,Trypanosoma cruzi,T_cruzi,O=S(=O)(c1ccccc1)N1CCN(c2ccccc2)CC1,CHEMBL5551394,Antitrypanosomal activity against Trypanosoma cruzi Tulahuen expressing Escherichia coli beta-galactosidase infected in L929 cells pretreated with parasite for 50 hrs followed by compound addition and measured after 96 hrs
CHEMBL3430913,CN(C)Cc1ccc(-c2ccc(S(=O)(=O)NCC3CCCO3)c(F)c2)cc1,CN(C)Cc1ccc(-c2ccc(S(=O)(=O)NCC3CCCO3)c(F)c2)cc1.O=C(O)C(F)(F)F,5.7,Active,IC50,Trypanosoma cruzi,T_cruzi,O=S(=O)(NCC1CCCO1)c1ccc(-c2ccccc2)cc1,CHEMBL3431446,"GSK_TCAKS: pIC50 Trypanosoma cruzi viability assay using beta-GAL activity. This assay was run at single shot at 5uM compound concentration per well. The biological reagents consisted of NIH-3T3 host cells and trypomastigotes parasitic cells; both cell types were set to a 3.3 * 10^5 cells/mL dilution in assay DMEM by means of a CASY cell counter device using a 60um capillary. 6 uL of the mixture were dispensed per well (about 1 * 10^3 host-cells and 1 * 10^3 parasites) with a Multidrop Combi dispenser. Previously, a solution of 1.67 * 10^5 trypomastigotes per mL in assay DMEM had been prepared and 6uL per well dispensed in the allotted control columns that defined 100% inhibition. The 0% inhibition of parasitic growth control was obtained by leaving the assay mixture untreated in its corresponding plate columns. In all wells, the percentage of DMSO never exceeded 0.5%. Plates incubated for four days at 37C, 5% CO2. The substrate used for the assay fluorescence intensity (FLINT) readout was resorufin-beta-D-galactopiranoside (Sigma-Aldrich) at 5uM per well. It was diluted in PBS supplemented with the soft detergent Igepal (Fluka). Upon addition to the plates, the substrate solution was incubated for 4h at room temperature and the signal read with the EnVision microtiter plate reader (Perkin-Elmer) using the corresponding set of filters (excitation/emission at 531/595nm)."
CHEMBL3137470,CN(C)S(=O)(=O)c1cc(C(F)(F)F)ccc1N1CCC(N(c2ccc(C#N)cc2)c2cccnc2)CC1,CN(C)S(=O)(=O)c1cc(C(F)(F)F)ccc1N1CCC(N(c2ccc(C#N)cc2)c2cccnc2)CC1,8.22,Active,IC50,Trypanosoma cruzi,T_cruzi,c1ccc(N2CCC(N(c3ccccc3)c3cccnc3)CC2)cc1,CHEMBL3137484,DNDI: Chagas in Vitro
CHEMBL3431225,CN(C)S(=O)(=O)c1ccc(-c2cnc(N)c(-c3nc4cc(F)ccc4[nH]3)c2)cc1,CN(C)S(=O)(=O)c1ccc(-c2cnc(N)c(-c3nc4ccc(F)cc4[nH]3)c2)cc1,5.9,Active,IC50,Trypanosoma cruzi,T_cruzi,c1ccc(-c2cncc(-c3nc4ccccc4[nH]3)c2)cc1,CHEMBL3431446,"GSK_TCAKS: pIC50 Trypanosoma cruzi viability assay using beta-GAL activity. This assay was run at single shot at 5uM compound concentration per well. The biological reagents consisted of NIH-3T3 host cells and trypomastigotes parasitic cells; both cell types were set to a 3.3 * 10^5 cells/mL dilution in assay DMEM by means of a CASY cell counter device using a 60um capillary. 6 uL of the mixture were dispensed per well (about 1 * 10^3 host-cells and 1 * 10^3 parasites) with a Multidrop Combi dispenser. Previously, a solution of 1.67 * 10^5 trypomastigotes per mL in assay DMEM had been prepared and 6uL per well dispensed in the allotted control columns that defined 100% inhibition. The 0% inhibition of parasitic growth control was obtained by leaving the assay mixture untreated in its corresponding plate columns. In all wells, the percentage of DMSO never exceeded 0.5%. Plates incubated for four days at 37C, 5% CO2. The substrate used for the assay fluorescence intensity (FLINT) readout was resorufin-beta-D-galactopiranoside (Sigma-Aldrich) at 5uM per well. It was diluted in PBS supplemented with the soft detergent Igepal (Fluka). Upon addition to the plates, the substrate solution was incubated for 4h at room temperature and the signal read with the EnVision microtiter plate reader (Perkin-Elmer) using the corresponding set of filters (excitation/emission at 531/595nm)."
CHEMBL2448713,CN(C)S(=O)(=O)c1ccc(-n2ccnc2)c(NC(=O)c2cnc(-c3ccccc3)s2)c1,CN(C)S(=O)(=O)c1ccc(-n2ccnc2)c(NC(=O)c2cnc(-c3ccccc3)s2)c1,7.89,Active,IC50,Trypanosoma cruzi,T_cruzi,O=C(Nc1ccccc1-n1ccnc1)c1cnc(-c2ccccc2)s1,CHEMBL2448754,DNDI: Chagas in Vitro
CHEMBL3431097,CN(C)S(=O)(=O)c1ccc(Cl)c(C(=O)Nc2nc(-c3ccccn3)cs2)c1,CN(C)S(=O)(=O)c1ccc(Cl)c(C(=O)Nc2nc(-c3ccccn3)cs2)c1,5.75,Active,IC50,Trypanosoma cruzi,T_cruzi,O=C(Nc1nc(-c2ccccn2)cs1)c1ccccc1,CHEMBL3431448,"GSK_TCAKS: pIC50 Trypanosoma cruzi Imaging: Amastigotes/Cell. H9c2 cells were seeded in T-225 flasks (225cm^2 culture surface; Corning Inc., NY, USA) in DMEM-10% FBS for 4h to allow attachment. Cells were then washed once with PBS before infection. T. cruzi trypomastigotes, collected at days 5 to 8 after infection from LLC-MK2 parasite infected cultures, were allowed to swim out for 4h at 37C from a centrifuged pellet (2,500 rpm/10 min/room temperature). Trypomastigotes were then collected and counted in a CASY Cell Counter. Trypomastigotes, in supplemented DMEM, were added to H9c2 cultures in a multiplicity of infection of 1 and incubated for 18 h. Cells were washed once with PBS before incubation of the infected H9c2 monolayer with trypsin (Life-Technologies) to detach cells from the flask. Cells were counted in a CASY Cell Counter using a 150 um capillary and their density set at 5 * 10^4 cells per mL in supplemented assay DMEM. Infected H9c2 were dispensed into 384-well poly-lysine coated assay plates at 50uL per well using a Multidrop Combi dispenser. After seeding them, the plates were incubated at 37C, 5% CO2 for 72h. Cultures were then fixed and stained by addition of 50 uL of a solution containing 8% formaldehyde and 4 uM DRAQ5 DNA dye (BioStatus, UK) per well. Plates were kept light-protected and imaged one hour later in a Perkin-Elmer Opera microscope using a 20x air objective (NA 0.4) and the following acquisition set: a 635 nm laser excitation line and a 690/50 emission detection filter for DRAQ5 detection. Five images were collected per well for reliable statistical analysis. Automated image analysis was performed with a script developed on Acapella High Content Imaging and Analysis Software (PerkinElmer). Output: number of amastigotes per cell as infection level measurement."
CHEMBL3430969,CN(C)S(=O)(=O)c1cccc(C(=O)Nc2nc(-c3ccccn3)cs2)c1,CN(C)S(=O)(=O)c1cccc(C(=O)Nc2nc(-c3ccccn3)cs2)c1,5.85,Active,IC50,Trypanosoma cruzi,T_cruzi,O=C(Nc1nc(-c2ccccn2)cs1)c1ccccc1,CHEMBL3431449,"GSK_TCAKS: pIC50 H2C9 Imaging: H9c2 Host Cardiomyocytes. H9c2 cells were seeded in T-225 flasks (225cm^2 culture surface; Corning Inc., NY, USA) in DMEM-10% FBS for 4h to allow attachment. Cells were then washed once with PBS before infection. T. cruzi trypomastigotes, collected at days 5 to 8 after infection from LLC-MK2 parasite infected cultures, were allowed to swim out for 4h at 37C from a centrifuged pellet (2,500 rpm/10 min/room temperature). Trypomastigotes were then collected and counted in a CASY Cell Counter. Trypomastigotes, in supplemented DMEM, were added to H9c2 cultures in a multiplicity of infection of 1 and incubated for 18 h. Cells were washed once with PBS before incubation of the infected H9c2 monolayer with trypsin (Life-Technologies) to detach cells from the flask. Cells were counted in a CASY Cell Counter using a 150 um capillary and their density set at 5 * 10^4 cells per mL in supplemented assay DMEM. Infected H9c2 were dispensed into 384-well poly-lysine coated assay plates at 50uL per well using a Multidrop Combi dispenser. After seeding them, the plates were incubated at 37C, 5% CO2 for 72h. Cultures were then fixed and stained by addition of 50 uL of a solution containing 8% formaldehyde and 4 uM DRAQ5 DNA dye (BioStatus, UK) per well. Plates were kept light-protected and imaged one hour later in a Perkin-Elmer Opera microscope using a 20x air objective (NA 0.4) and the following acquisition set: a 635 nm laser excitation line and a 690/50 emission detection filter for DRAQ5 detection. Five images were collected per well for reliable statistical analysis. Automated image analysis was performed with a script developed on Acapella High Content Imaging and Analysis Software (PerkinElmer). Output: Number of H9c2 Host Cardiomyocytes nuclei to determine drug-related cytotoxicity."
CHEMBL3137463,CN(C)S(=O)(=O)c1cccc(N2CCC(N(c3ccc(C#N)cc3)c3cccnc3)CC2)c1,CN(C)S(=O)(=O)c1cccc(N2CCC(N(c3ccc(C#N)cc3)c3cccnc3)CC2)c1,8.22,Active,IC50,Trypanosoma cruzi,T_cruzi,c1ccc(N2CCC(N(c3ccccc3)c3cccnc3)CC2)cc1,CHEMBL3137484,DNDI: Chagas in Vitro
CHEMBL3137462,CN(C)S(=O)(=O)c1cccc(N2CCC(N(c3ccc(C(F)(F)F)cc3)c3cccnc3)CC2)c1,CN(C)S(=O)(=O)c1cccc(N2CCC(N(c3ccc(C(F)(F)F)cc3)c3cccnc3)CC2)c1,7.82,Active,IC50,Trypanosoma cruzi,T_cruzi,c1ccc(N2CCC(N(c3ccccc3)c3cccnc3)CC2)cc1,CHEMBL3137484,DNDI: Chagas in Vitro
CHEMBL3137461,CN(C)S(=O)(=O)c1ccccc1N1CCC(N(c2ccc(C#N)cc2)c2cccnc2)CC1,CN(C)S(=O)(=O)c1ccccc1N1CCC(N(c2ccc(C#N)cc2)c2cccnc2)CC1,8.0,Active,IC50,Trypanosoma cruzi,T_cruzi,c1ccc(N2CCC(N(c3ccccc3)c3cccnc3)CC2)cc1,CHEMBL3137484,DNDI: Chagas in Vitro
CHEMBL4167888,CN(C)c1ccc(-c2nc3c([nH]2)C(=N)NS(=O)(=O)N3)cc1,CN(C)c1ccc(-c2nc3c([nH]2)C(N)=NS(=O)(=O)N3)cc1,4.54,Inactive,IC50,Trypanosoma cruzi,T_cruzi,N=C1NS(=O)(=O)Nc2nc(-c3ccccc3)[nH]c21,CHEMBL4139186,Antitrypanosomal activity against Trypanosoma cruzi Tulahuen 2 epimastigotes after 5 days
CHEMBL4531585,CN(C)c1cccc2c(S(=O)(=O)NCCN(CCN)CCN)cccc12,CN(C)c1cccc2c(S(=O)(=O)NCCN(CCN)CCN)cccc12.Cl.Cl.Cl.Cl,4.06,Inactive,IC50,Trypanosoma cruzi,T_cruzi,c1ccc2ccccc2c1,CHEMBL4412885,Trypanocidal activity against Trypanosoma cruzi TINF/CH/1956/Tulahuen DTU 6 epimastigotes after 48 to 72 hrs by resazurin dye based assay
CHEMBL5418566,CN1C(=O)Nc2c([N+](=O)[O-])cc(Cl)cc2S1(=O)=O,CN1C(=O)Nc2c([N+](=O)[O-])cc(Cl)cc2S1(=O)=O,5.12,Active,EC50,Trypanosoma cruzi,T_cruzi,O=C1Nc2ccccc2S(=O)(=O)N1,CHEMBL5392348,Antiparasitic activity against Trypanosoma cruzi infected in human U2OS cells assessed as reduction in parasitemia incubated for 72 hrs by high content imaging analysis
CHEMBL4439174,CN1CCCN(S(=O)(=O)c2ccc(-c3ccc4c(Nc5ccc(Cl)cn5)ccnc4c3)cc2)CC1,CN1CCCN(S(=O)(=O)c2ccc(-c3ccc4c(Nc5ccc(Cl)cn5)ccnc4c3)cc2)CC1,6.8,Active,EC50,Trypanosoma cruzi,T_cruzi,O=S(=O)(c1ccc(-c2ccc3c(Nc4ccccn4)ccnc3c2)cc1)N1CCCNCC1,CHEMBL4344848,Antitrypanosomal activity against Trypanosoma cruzi CaI-72 trypomastigotes infected in mouse C2C12 cells measured after 72 hrs by DAPI staining based assay
CHEMBL4565510,CN1CCCN(S(=O)(=O)c2ccc(-c3ccc4c(Nc5ccc(OC(F)(F)F)cc5)ccnc4c3)cc2)CC1,CN1CCCN(S(=O)(=O)c2ccc(-c3ccc4c(Nc5ccc(OC(F)(F)F)cc5)ccnc4c3)cc2)CC1,4.89,Inactive,EC50,Trypanosoma cruzi,T_cruzi,O=S(=O)(c1ccc(-c2ccc3c(Nc4ccccc4)ccnc3c2)cc1)N1CCCNCC1,CHEMBL4344848,Antitrypanosomal activity against Trypanosoma cruzi CaI-72 trypomastigotes infected in mouse C2C12 cells measured after 72 hrs by DAPI staining based assay
CHEMBL3589436,CN1CCCN(S(=O)(=O)c2ccc(-c3ccc4c(Nc5ccc(OCc6cccc(F)c6)c(Cl)c5)ccnc4c3)cc2)CC1,CN1CCCN(S(=O)(=O)c2ccc(-c3ccc4c(Nc5ccc(OCc6cccc(F)c6)c(Cl)c5)ccnc4c3)cc2)CC1,6.14,Active,EC50,Trypanosoma cruzi,T_cruzi,O=S(=O)(c1ccc(-c2ccc3c(Nc4ccc(OCc5ccccc5)cc4)ccnc3c2)cc1)N1CCCNCC1,CHEMBL3591436,Antiparasite activity against Trypanosoma cruzi Tulahuen expressing beta-galactosidase assessed as growth inhibition incubated for 96 hrs by CPRG dye based assay
CHEMBL3589451,CN1CCCN(S(=O)(=O)c2ccc(-c3ccc4c(Nc5ccc(OCc6cccc(F)c6)c(Cl)c5)cnnc4c3)cc2)CC1,CN1CCCN(S(=O)(=O)c2ccc(-c3ccc4c(Nc5ccc(OCc6cccc(F)c6)c(Cl)c5)cnnc4c3)cc2)CC1,4.31,Inactive,EC50,Trypanosoma cruzi,T_cruzi,O=S(=O)(c1ccc(-c2ccc3c(Nc4ccc(OCc5ccccc5)cc4)cnnc3c2)cc1)N1CCCNCC1,CHEMBL3591436,Antiparasite activity against Trypanosoma cruzi Tulahuen expressing beta-galactosidase assessed as growth inhibition incubated for 96 hrs by CPRG dye based assay
CHEMBL3589444,CN1CCCN(S(=O)(=O)c2ccc(-c3ccc4c(Nc5ccc(OCc6cccc(F)c6)c(Cl)c5)nccc4c3)cc2)CC1,CN1CCCN(S(=O)(=O)c2ccc(-c3ccc4c(Nc5ccc(OCc6cccc(F)c6)c(Cl)c5)nccc4c3)cc2)CC1,4.48,Inactive,EC50,Trypanosoma cruzi,T_cruzi,O=S(=O)(c1ccc(-c2ccc3c(Nc4ccc(OCc5ccccc5)cc4)nccc3c2)cc1)N1CCCNCC1,CHEMBL3591436,Antiparasite activity against Trypanosoma cruzi Tulahuen expressing beta-galactosidase assessed as growth inhibition incubated for 96 hrs by CPRG dye based assay
CHEMBL3590276,CN1CCCN(S(=O)(=O)c2ccc(-c3ccc4c(Nc5ccc(OCc6cccc(F)c6)c(Cl)c5)nncc4c3)cc2)CC1,CN1CCCN(S(=O)(=O)c2ccc(-c3ccc4c(Nc5ccc(OCc6cccc(F)c6)c(Cl)c5)nncc4c3)cc2)CC1,5.89,Active,EC50,Trypanosoma cruzi,T_cruzi,O=S(=O)(c1ccc(-c2ccc3c(Nc4ccc(OCc5ccccc5)cc4)nncc3c2)cc1)N1CCCNCC1,CHEMBL3591436,Antiparasite activity against Trypanosoma cruzi Tulahuen expressing beta-galactosidase assessed as growth inhibition incubated for 96 hrs by CPRG dye based assay
CHEMBL3589443,CN1CCCN(S(=O)(=O)c2ccc(-c3ccc4ccnc(Nc5ccc(OCc6cccc(F)c6)c(Cl)c5)c4c3)cc2)CC1,CN1CCCN(S(=O)(=O)c2ccc(-c3ccc4ccnc(Nc5ccc(OCc6cccc(F)c6)c(Cl)c5)c4c3)cc2)CC1,5.33,Active,EC50,Trypanosoma cruzi,T_cruzi,O=S(=O)(c1ccc(-c2ccc3ccnc(Nc4ccc(OCc5ccccc5)cc4)c3c2)cc1)N1CCCNCC1,CHEMBL3591436,Antiparasite activity against Trypanosoma cruzi Tulahuen expressing beta-galactosidase assessed as growth inhibition incubated for 96 hrs by CPRG dye based assay
CHEMBL3590275,CN1CCCN(S(=O)(=O)c2ccc(-c3ccc4cnnc(Nc5ccc(OCc6cccc(F)c6)c(Cl)c5)c4c3)cc2)CC1,CN1CCCN(S(=O)(=O)c2ccc(-c3ccc4cnnc(Nc5ccc(OCc6cccc(F)c6)c(Cl)c5)c4c3)cc2)CC1,4.77,Inactive,EC50,Trypanosoma cruzi,T_cruzi,O=S(=O)(c1ccc(-c2ccc3cnnc(Nc4ccc(OCc5ccccc5)cc4)c3c2)cc1)N1CCCNCC1,CHEMBL3591436,Antiparasite activity against Trypanosoma cruzi Tulahuen expressing beta-galactosidase assessed as growth inhibition incubated for 96 hrs by CPRG dye based assay
CHEMBL3590283,CN1CCCN(S(=O)(=O)c2ccc(-c3ccc4ncc(C#N)c(Nc5ccc(OCc6cccc(F)c6)c(Cl)c5)c4c3)cc2)CC1,CN1CCCN(S(=O)(=O)c2ccc(-c3ccc4ncc(C#N)c(Nc5ccc(OCc6cccc(F)c6)c(Cl)c5)c4c3)cc2)CC1,7.05,Active,EC50,Trypanosoma cruzi,T_cruzi,O=S(=O)(c1ccc(-c2ccc3nccc(Nc4ccc(OCc5ccccc5)cc4)c3c2)cc1)N1CCCNCC1,CHEMBL3591436,Antiparasite activity against Trypanosoma cruzi Tulahuen expressing beta-galactosidase assessed as growth inhibition incubated for 96 hrs by CPRG dye based assay
CHEMBL3590284,CN1CCCN(S(=O)(=O)c2ccc(-c3ccc4ncc(C#N)c(Nc5ccc(OCc6ccccc6)c(Cl)c5)c4c3)cc2)CC1,CN1CCCN(S(=O)(=O)c2ccc(-c3ccc4ncc(C#N)c(Nc5ccc(OCc6ccccc6)c(Cl)c5)c4c3)cc2)CC1,6.02,Active,EC50,Trypanosoma cruzi,T_cruzi,O=S(=O)(c1ccc(-c2ccc3nccc(Nc4ccc(OCc5ccccc5)cc4)c3c2)cc1)N1CCCNCC1,CHEMBL3591436,Antiparasite activity against Trypanosoma cruzi Tulahuen expressing beta-galactosidase assessed as growth inhibition incubated for 96 hrs by CPRG dye based assay
CHEMBL3589435,CN1CCCN(S(=O)(=O)c2ccc(-c3ccc4nccc(Nc5ccc(OCc6cccc(F)c6)c(Cl)c5)c4c3)cc2)CC1,CN1CCCN(S(=O)(=O)c2ccc(-c3ccc4nccc(Nc5ccc(OCc6cccc(F)c6)c(Cl)c5)c4c3)cc2)CC1,6.03,Active,EC50,Trypanosoma cruzi,T_cruzi,O=S(=O)(c1ccc(-c2ccc3nccc(Nc4ccc(OCc5ccccc5)cc4)c3c2)cc1)N1CCCNCC1,CHEMBL3591436,Antiparasite activity against Trypanosoma cruzi Tulahuen expressing beta-galactosidase assessed as growth inhibition incubated for 96 hrs by CPRG dye based assay
CHEMBL2347539,CN1CCCN(S(=O)(=O)c2ccc(-c3ccc4ncnc(Nc5ccc(OCc6cccc(F)c6)c(Cl)c5)c4c3)cc2)CC1,CN1CCCN(S(=O)(=O)c2ccc(-c3ccc4ncnc(Nc5ccc(OCc6cccc(F)c6)c(Cl)c5)c4c3)cc2)CC1,6.29,Active,EC50,Trypanosoma cruzi,T_cruzi,O=S(=O)(c1ccc(-c2ccc3ncnc(Nc4ccc(OCc5ccccc5)cc4)c3c2)cc1)N1CCCNCC1,CHEMBL3591436,Antiparasite activity against Trypanosoma cruzi Tulahuen expressing beta-galactosidase assessed as growth inhibition incubated for 96 hrs by CPRG dye based assay
CHEMBL3588866,CN1CCCN(S(=O)(=O)c2ccc(-c3ccc4nncc(Nc5ccc(OCc6cccc(F)c6)c(Cl)c5)c4c3)cc2)CC1,CN1CCCN(S(=O)(=O)c2ccc(-c3ccc4nncc(Nc5ccc(OCc6cccc(F)c6)c(Cl)c5)c4c3)cc2)CC1,5.66,Active,EC50,Trypanosoma cruzi,T_cruzi,O=S(=O)(c1ccc(-c2ccc3nncc(Nc4ccc(OCc5ccccc5)cc4)c3c2)cc1)N1CCCNCC1,CHEMBL3591436,Antiparasite activity against Trypanosoma cruzi Tulahuen expressing beta-galactosidase assessed as growth inhibition incubated for 96 hrs by CPRG dye based assay
CHEMBL3589046,CN1CCCN(S(=O)(=O)c2ccc(C3=CC4C(=Nc5ccc(OCc6cccc(F)c6)c(Cl)c5)N=CNC4S3)cc2)CC1,CN1CCCN(S(=O)(=O)c2ccc(C3=CC4C(Nc5ccc(OCc6cccc(F)c6)c(Cl)c5)=NC=NC4S3)cc2)CC1,4.82,Inactive,EC50,Trypanosoma cruzi,T_cruzi,O=S(=O)(c1ccc(C2=CC3C(=Nc4ccc(OCc5ccccc5)cc4)N=CNC3S2)cc1)N1CCCNCC1,CHEMBL3591436,Antiparasite activity against Trypanosoma cruzi Tulahuen expressing beta-galactosidase assessed as growth inhibition incubated for 96 hrs by CPRG dye based assay
CHEMBL5198768,CN1CCN(S(=O)(=O)Nc2ccc(CN3CCN(C(=O)c4cccc(Cl)c4)CC3)cc2)CC1,CN1CCN(S(=O)(=O)Nc2ccc(CN3CCN(C(=O)c4cccc(Cl)c4)CC3)cc2)CC1,4.8,Inactive,EC50,Trypanosoma cruzi,T_cruzi,O=C(c1ccccc1)N1CCN(Cc2ccc(NS(=O)(=O)N3CCNCC3)cc2)CC1,CHEMBL5115680,Antitrypanosomal activity against intracellularTrypanosoma cruzi amastigote
CHEMBL3589434,CN1CCN(S(=O)(=O)c2ccc(-c3ccc4c(Nc5ccc(OCc6cccc(F)c6)c(Cl)c5)ccnc4c3)cc2)CC1,CN1CCN(S(=O)(=O)c2ccc(-c3ccc4c(Nc5ccc(OCc6cccc(F)c6)c(Cl)c5)ccnc4c3)cc2)CC1,6.14,Active,EC50,Trypanosoma cruzi,T_cruzi,O=S(=O)(c1ccc(-c2ccc3c(Nc4ccc(OCc5ccccc5)cc4)ccnc3c2)cc1)N1CCNCC1,CHEMBL3591436,Antiparasite activity against Trypanosoma cruzi Tulahuen expressing beta-galactosidase assessed as growth inhibition incubated for 96 hrs by CPRG dye based assay
CHEMBL3589450,CN1CCN(S(=O)(=O)c2ccc(-c3ccc4c(Nc5ccc(OCc6cccc(F)c6)c(Cl)c5)cnnc4c3)cc2)CC1,CN1CCN(S(=O)(=O)c2ccc(-c3ccc4c(Nc5ccc(OCc6cccc(F)c6)c(Cl)c5)cnnc4c3)cc2)CC1,5.51,Active,EC50,Trypanosoma cruzi,T_cruzi,O=S(=O)(c1ccc(-c2ccc3c(Nc4ccc(OCc5ccccc5)cc4)cnnc3c2)cc1)N1CCNCC1,CHEMBL3591436,Antiparasite activity against Trypanosoma cruzi Tulahuen expressing beta-galactosidase assessed as growth inhibition incubated for 96 hrs by CPRG dye based assay
CHEMBL3589457,CN1CCN(S(=O)(=O)c2ccc(-c3ccc4c(Nc5ccc(OCc6cccc(F)c6)c(Cl)c5)nncc4c3)cc2)CC1,CN1CCN(S(=O)(=O)c2ccc(-c3ccc4c(Nc5ccc(OCc6cccc(F)c6)c(Cl)c5)nncc4c3)cc2)CC1,4.75,Inactive,EC50,Trypanosoma cruzi,T_cruzi,O=S(=O)(c1ccc(-c2ccc3c(Nc4ccc(OCc5ccccc5)cc4)nncc3c2)cc1)N1CCNCC1,CHEMBL3591436,Antiparasite activity against Trypanosoma cruzi Tulahuen expressing beta-galactosidase assessed as growth inhibition incubated for 96 hrs by CPRG dye based assay
CHEMBL3637895,CN1CCN(S(=O)(=O)c2ccc(-c3ccc4c(Nc5ncc(Cl)cn5)ccnc4c3)cc2)CC1,CN1CCN(S(=O)(=O)c2ccc(-c3ccc4c(Nc5ncc(Cl)cn5)ccnc4c3)cc2)CC1,5.42,Active,IC50,Trypanosoma cruzi,T_cruzi,O=S(=O)(c1ccc(-c2ccc3c(Nc4ncccn4)ccnc3c2)cc1)N1CCNCC1,CHEMBL3832785,AntiTrypanosoma cruzi activity IC50 (uM)
CHEMBL3589433,CN1CCN(S(=O)(=O)c2ccc(-c3ccc4nccc(Nc5ccc(OCc6cccc(F)c6)c(Cl)c5)c4c3)cc2)CC1,CN1CCN(S(=O)(=O)c2ccc(-c3ccc4nccc(Nc5ccc(OCc6cccc(F)c6)c(Cl)c5)c4c3)cc2)CC1,5.28,Active,EC50,Trypanosoma cruzi,T_cruzi,O=S(=O)(c1ccc(-c2ccc3nccc(Nc4ccc(OCc5ccccc5)cc4)c3c2)cc1)N1CCNCC1,CHEMBL3591436,Antiparasite activity against Trypanosoma cruzi Tulahuen expressing beta-galactosidase assessed as growth inhibition incubated for 96 hrs by CPRG dye based assay
CHEMBL3589044,CN1CCN(S(=O)(=O)c2ccc(C3=CC4C(=Nc5ccc(OCc6cccc(F)c6)c(Cl)c5)N=CNC4S3)cc2)CC1,CN1CCN(S(=O)(=O)c2ccc(C3=CC4C(Nc5ccc(OCc6cccc(F)c6)c(Cl)c5)=NC=NC4S3)cc2)CC1,4.32,Inactive,EC50,Trypanosoma cruzi,T_cruzi,O=S(=O)(c1ccc(C2=CC3C(=Nc4ccc(OCc5ccccc5)cc4)N=CNC3S2)cc1)N1CCNCC1,CHEMBL3591436,Antiparasite activity against Trypanosoma cruzi Tulahuen expressing beta-galactosidase assessed as growth inhibition incubated for 96 hrs by CPRG dye based assay
CHEMBL3590289,CN1CCN(S(=O)(=O)c2ccc(C3=CC4N=CN=C(Nc5ccc(OCc6cccc(F)c6)c(Cl)c5)C4S3)cc2)CC1,CN1CCN(S(=O)(=O)c2ccc(C3=CC4N=CN=C(Nc5ccc(OCc6cccc(F)c6)c(Cl)c5)C4S3)cc2)CC1,5.26,Active,EC50,Trypanosoma cruzi,T_cruzi,O=S(=O)(c1ccc(C2=CC3N=CN=C(Nc4ccc(OCc5ccccc5)cc4)C3S2)cc1)N1CCNCC1,CHEMBL3591436,Antiparasite activity against Trypanosoma cruzi Tulahuen expressing beta-galactosidase assessed as growth inhibition incubated for 96 hrs by CPRG dye based assay
CHEMBL4446989,CN1CCN(c2ccc(S(=O)(=O)NCC3CCC(C(=O)Nc4cccnc4)CC3)cc2)CC1,CN1CCN(c2ccc(S(=O)(=O)NC[C@H]3CC[C@H](C(=O)Nc4cccnc4)CC3)cc2)CC1,3.9208187539523753,Inactive,IC50,Trypanosoma cruzi,T_cruzi,O=C(Nc1cccnc1)C1CCC(CNS(=O)(=O)c2ccc(N3CCNCC3)cc2)CC1,CHEMBL4343685,Antitrypanosomal activity against Trypanosoma cruzi Tulahuen C4 trypomastigotes infected in rat L6 cells measured after 96 hrs by inverted microscopy analysis
CHEMBL4589398,CN1CCN(c2ccc(S(=O)(=O)NCc3ccc(-c4nc(-c5cccnc5)no4)cc3)cc2)CC1,CN1CCN(c2ccc(S(=O)(=O)NCc3ccc(-c4nc(-c5cccnc5)no4)cc3)cc2)CC1,5.92,Active,IC50,Trypanosoma cruzi,T_cruzi,O=S(=O)(NCc1ccc(-c2nc(-c3cccnc3)no2)cc1)c1ccc(N2CCNCC2)cc1,CHEMBL4343685,Antitrypanosomal activity against Trypanosoma cruzi Tulahuen C4 trypomastigotes infected in rat L6 cells measured after 96 hrs by inverted microscopy analysis
CHEMBL4455659,CN1CCN(c2ccc(S(=O)(=O)NCc3ccc(C(=O)Nc4ccc(C#N)nc4)cc3)cc2)CC1,CN1CCN(c2ccc(S(=O)(=O)NCc3ccc(C(=O)Nc4ccc(C#N)nc4)cc3)cc2)CC1,4.0,Inactive,IC50,Trypanosoma cruzi,T_cruzi,O=C(Nc1cccnc1)c1ccc(CNS(=O)(=O)c2ccc(N3CCNCC3)cc2)cc1,CHEMBL4343685,Antitrypanosomal activity against Trypanosoma cruzi Tulahuen C4 trypomastigotes infected in rat L6 cells measured after 96 hrs by inverted microscopy analysis
CHEMBL3105168,CN1CCN(c2ccc(S(=O)(=O)NCc3ccc(C(=O)Nc4cccnc4)cc3)cc2)CC1,CN1CCN(c2ccc(S(=O)(=O)NCc3ccc(C(=O)Nc4cccnc4)cc3)cc2)CC1,8.15,Active,IC50,Trypanosoma cruzi,T_cruzi,O=C(Nc1cccnc1)c1ccc(CNS(=O)(=O)c2ccc(N3CCNCC3)cc2)cc1,CHEMBL4343685,Antitrypanosomal activity against Trypanosoma cruzi Tulahuen C4 trypomastigotes infected in rat L6 cells measured after 96 hrs by inverted microscopy analysis
CHEMBL4580352,CN1CCN(c2ccc(S(=O)(=O)NCc3ccc(C(=O)Nc4ccncc4)cc3)cc2)CC1,CN1CCN(c2ccc(S(=O)(=O)NCc3ccc(C(=O)Nc4ccncc4)cc3)cc2)CC1,4.55,Inactive,IC50,Trypanosoma cruzi,T_cruzi,O=C(Nc1ccncc1)c1ccc(CNS(=O)(=O)c2ccc(N3CCNCC3)cc2)cc1,CHEMBL4343685,Antitrypanosomal activity against Trypanosoma cruzi Tulahuen C4 trypomastigotes infected in rat L6 cells measured after 96 hrs by inverted microscopy analysis
CHEMBL4540451,CN1CCN(c2ccc(S(=O)(=O)NCc3ccc(C(=O)Nc4cnccn4)cc3)cc2)CC1,CN1CCN(c2ccc(S(=O)(=O)NCc3ccc(C(=O)Nc4cnccn4)cc3)cc2)CC1,4.77,Inactive,IC50,Trypanosoma cruzi,T_cruzi,O=C(Nc1cnccn1)c1ccc(CNS(=O)(=O)c2ccc(N3CCNCC3)cc2)cc1,CHEMBL4343685,Antitrypanosomal activity against Trypanosoma cruzi Tulahuen C4 trypomastigotes infected in rat L6 cells measured after 96 hrs by inverted microscopy analysis
CHEMBL4470169,CN1CCN(c2ccc(S(=O)(=O)NCc3ccc(C(=O)Nc4cncnc4)cc3)cc2)CC1,CN1CCN(c2ccc(S(=O)(=O)NCc3ccc(C(=O)Nc4cncnc4)cc3)cc2)CC1,4.02,Inactive,IC50,Trypanosoma cruzi,T_cruzi,O=C(Nc1cncnc1)c1ccc(CNS(=O)(=O)c2ccc(N3CCNCC3)cc2)cc1,CHEMBL4343685,Antitrypanosomal activity against Trypanosoma cruzi Tulahuen C4 trypomastigotes infected in rat L6 cells measured after 96 hrs by inverted microscopy analysis
CHEMBL4162928,CN1c2[nH]c(-c3ccccc3)nc2C(=N)NS1(=O)=O,CN1c2nc(-c3ccccc3)[nH]c2C(N)=NS1(=O)=O,4.78,Inactive,IC50,Trypanosoma cruzi,T_cruzi,N=C1NS(=O)(=O)Nc2[nH]c(-c3ccccc3)nc21,CHEMBL4139186,Antitrypanosomal activity against Trypanosoma cruzi Tulahuen 2 epimastigotes after 5 days
CHEMBL4165553,CN1c2[nH]c(-c3ccsc3)nc2C(=N)NS1(=O)=O,CN1c2nc(-c3ccsc3)[nH]c2C(N)=NS1(=O)=O,4.58,Inactive,IC50,Trypanosoma cruzi,T_cruzi,N=C1NS(=O)(=O)Nc2[nH]c(-c3ccsc3)nc21,CHEMBL4139186,Antitrypanosomal activity against Trypanosoma cruzi Tulahuen 2 epimastigotes after 5 days
CHEMBL4453741,CNS(=O)(=O)c1cc2sc(NC(=O)C3CC3)nc2cc1F,CNS(=O)(=O)c1cc2sc(NC(=O)C3CC3)nc2cc1F,4.58,Inactive,IC50,Trypanosoma cruzi,T_cruzi,O=C(Nc1nc2ccccc2s1)C1CC1,CHEMBL4323680,Antitrypanosomal activity against Trypanosoma cruzi Tulahuen trypomastigotes beta-galactosidase infected in rat H9c2 cells measured after 72 hrs by DRAQ5 DNA dye based confocal microscopic analysis
CHEMBL3431229,CNS(=O)(=O)c1ccccc1Nc1nc(Nc2cc(C)nn2C)ncc1Cl,CNS(=O)(=O)c1ccccc1Nc1nc(Nc2cc(C)nn2C)ncc1Cl,6.35,Active,IC50,Trypanosoma cruzi,T_cruzi,c1ccc(Nc2ccnc(Nc3ccn[nH]3)n2)cc1,CHEMBL3431448,"GSK_TCAKS: pIC50 Trypanosoma cruzi Imaging: Amastigotes/Cell. H9c2 cells were seeded in T-225 flasks (225cm^2 culture surface; Corning Inc., NY, USA) in DMEM-10% FBS for 4h to allow attachment. Cells were then washed once with PBS before infection. T. cruzi trypomastigotes, collected at days 5 to 8 after infection from LLC-MK2 parasite infected cultures, were allowed to swim out for 4h at 37C from a centrifuged pellet (2,500 rpm/10 min/room temperature). Trypomastigotes were then collected and counted in a CASY Cell Counter. Trypomastigotes, in supplemented DMEM, were added to H9c2 cultures in a multiplicity of infection of 1 and incubated for 18 h. Cells were washed once with PBS before incubation of the infected H9c2 monolayer with trypsin (Life-Technologies) to detach cells from the flask. Cells were counted in a CASY Cell Counter using a 150 um capillary and their density set at 5 * 10^4 cells per mL in supplemented assay DMEM. Infected H9c2 were dispensed into 384-well poly-lysine coated assay plates at 50uL per well using a Multidrop Combi dispenser. After seeding them, the plates were incubated at 37C, 5% CO2 for 72h. Cultures were then fixed and stained by addition of 50 uL of a solution containing 8% formaldehyde and 4 uM DRAQ5 DNA dye (BioStatus, UK) per well. Plates were kept light-protected and imaged one hour later in a Perkin-Elmer Opera microscope using a 20x air objective (NA 0.4) and the following acquisition set: a 635 nm laser excitation line and a 690/50 emission detection filter for DRAQ5 detection. Five images were collected per well for reliable statistical analysis. Automated image analysis was performed with a script developed on Acapella High Content Imaging and Analysis Software (PerkinElmer). Output: number of amastigotes per cell as infection level measurement."
CHEMBL3431230,CNS(=O)(=O)c1ccccc1Nc1nc(Nc2ccnn2C)ncc1Cl,CNS(=O)(=O)c1ccccc1Nc1nc(Nc2ccnn2C)ncc1Cl,6.300000000000001,Active,IC50,Trypanosoma cruzi,T_cruzi,c1ccc(Nc2ccnc(Nc3ccn[nH]3)n2)cc1,CHEMBL3431448,"GSK_TCAKS: pIC50 Trypanosoma cruzi Imaging: Amastigotes/Cell. H9c2 cells were seeded in T-225 flasks (225cm^2 culture surface; Corning Inc., NY, USA) in DMEM-10% FBS for 4h to allow attachment. Cells were then washed once with PBS before infection. T. cruzi trypomastigotes, collected at days 5 to 8 after infection from LLC-MK2 parasite infected cultures, were allowed to swim out for 4h at 37C from a centrifuged pellet (2,500 rpm/10 min/room temperature). Trypomastigotes were then collected and counted in a CASY Cell Counter. Trypomastigotes, in supplemented DMEM, were added to H9c2 cultures in a multiplicity of infection of 1 and incubated for 18 h. Cells were washed once with PBS before incubation of the infected H9c2 monolayer with trypsin (Life-Technologies) to detach cells from the flask. Cells were counted in a CASY Cell Counter using a 150 um capillary and their density set at 5 * 10^4 cells per mL in supplemented assay DMEM. Infected H9c2 were dispensed into 384-well poly-lysine coated assay plates at 50uL per well using a Multidrop Combi dispenser. After seeding them, the plates were incubated at 37C, 5% CO2 for 72h. Cultures were then fixed and stained by addition of 50 uL of a solution containing 8% formaldehyde and 4 uM DRAQ5 DNA dye (BioStatus, UK) per well. Plates were kept light-protected and imaged one hour later in a Perkin-Elmer Opera microscope using a 20x air objective (NA 0.4) and the following acquisition set: a 635 nm laser excitation line and a 690/50 emission detection filter for DRAQ5 detection. Five images were collected per well for reliable statistical analysis. Automated image analysis was performed with a script developed on Acapella High Content Imaging and Analysis Software (PerkinElmer). Output: number of amastigotes per cell as infection level measurement."
CHEMBL4217538,COc1cc(NS(=O)(=O)c2ccc(-n3cc(O[C@@H]4O[C@H](CO)[C@H](O)[C@H](O)[C@H]4O)nn3)cc2)nc(OC)n1,COc1cc(NS(=O)(=O)c2ccc(-n3cc(O[C@@H]4O[C@H](CO)[C@H](O)[C@H](O)[C@H]4O)nn3)cc2)nc(OC)n1,4.36,Inactive,IC50,Trypanosoma cruzi,T_cruzi,O=S(=O)(Nc1ccncn1)c1ccc(-n2cc(O[C@H]3CCCCO3)nn2)cc1,CHEMBL4180007,Trypanocidal activity against Trypanosoma cruzi Tulahuen trypomastigote assessed as effect on parasite viability
CHEMBL3431101,COc1cc(OC)cc(C(NS(=O)(=O)c2ccc(Cl)c(C(F)(F)F)c2)c2nccn2C)c1,COc1cc(OC)cc(C(NS(=O)(=O)c2ccc(Cl)c(C(F)(F)F)c2)c2nccn2C)c1,5.300000000000001,Active,IC50,Trypanosoma cruzi,T_cruzi,O=S(=O)(NC(c1ccccc1)c1ncc[nH]1)c1ccccc1,CHEMBL3431448,"GSK_TCAKS: pIC50 Trypanosoma cruzi Imaging: Amastigotes/Cell. H9c2 cells were seeded in T-225 flasks (225cm^2 culture surface; Corning Inc., NY, USA) in DMEM-10% FBS for 4h to allow attachment. Cells were then washed once with PBS before infection. T. cruzi trypomastigotes, collected at days 5 to 8 after infection from LLC-MK2 parasite infected cultures, were allowed to swim out for 4h at 37C from a centrifuged pellet (2,500 rpm/10 min/room temperature). Trypomastigotes were then collected and counted in a CASY Cell Counter. Trypomastigotes, in supplemented DMEM, were added to H9c2 cultures in a multiplicity of infection of 1 and incubated for 18 h. Cells were washed once with PBS before incubation of the infected H9c2 monolayer with trypsin (Life-Technologies) to detach cells from the flask. Cells were counted in a CASY Cell Counter using a 150 um capillary and their density set at 5 * 10^4 cells per mL in supplemented assay DMEM. Infected H9c2 were dispensed into 384-well poly-lysine coated assay plates at 50uL per well using a Multidrop Combi dispenser. After seeding them, the plates were incubated at 37C, 5% CO2 for 72h. Cultures were then fixed and stained by addition of 50 uL of a solution containing 8% formaldehyde and 4 uM DRAQ5 DNA dye (BioStatus, UK) per well. Plates were kept light-protected and imaged one hour later in a Perkin-Elmer Opera microscope using a 20x air objective (NA 0.4) and the following acquisition set: a 635 nm laser excitation line and a 690/50 emission detection filter for DRAQ5 detection. Five images were collected per well for reliable statistical analysis. Automated image analysis was performed with a script developed on Acapella High Content Imaging and Analysis Software (PerkinElmer). Output: number of amastigotes per cell as infection level measurement."
CHEMBL601806,COc1cc(OC)cc(N2C(=O)N(Cc3ccc(C(C)(C)C)cc3)c3ccccc3S2(=O)=O)c1,COc1cc(OC)cc(N2C(=O)N(Cc3ccc(C(C)(C)C)cc3)c3ccccc3S2(=O)=O)c1,5.06,Active,IC50,Trypanosoma cruzi,T_cruzi,O=C1N(Cc2ccccc2)c2ccccc2S(=O)(=O)N1c1ccccc1,CHEMBL2028073,MMV: Inhibition of Trypanosoma cruzi (Tulahuen C4 LacZ) (Chagas in vitro).
CHEMBL3431173,COc1ccc(-c2cc(C)no2)cc1S(=O)(=O)Nc1ccc(C)c(C)c1,COc1ccc(-c2cc(C)no2)cc1S(=O)(=O)Nc1ccc(C)c(C)c1,5.199999999999999,Active,IC50,Trypanosoma cruzi,T_cruzi,O=S(=O)(Nc1ccccc1)c1cccc(-c2ccno2)c1,CHEMBL3431448,"GSK_TCAKS: pIC50 Trypanosoma cruzi Imaging: Amastigotes/Cell. H9c2 cells were seeded in T-225 flasks (225cm^2 culture surface; Corning Inc., NY, USA) in DMEM-10% FBS for 4h to allow attachment. Cells were then washed once with PBS before infection. T. cruzi trypomastigotes, collected at days 5 to 8 after infection from LLC-MK2 parasite infected cultures, were allowed to swim out for 4h at 37C from a centrifuged pellet (2,500 rpm/10 min/room temperature). Trypomastigotes were then collected and counted in a CASY Cell Counter. Trypomastigotes, in supplemented DMEM, were added to H9c2 cultures in a multiplicity of infection of 1 and incubated for 18 h. Cells were washed once with PBS before incubation of the infected H9c2 monolayer with trypsin (Life-Technologies) to detach cells from the flask. Cells were counted in a CASY Cell Counter using a 150 um capillary and their density set at 5 * 10^4 cells per mL in supplemented assay DMEM. Infected H9c2 were dispensed into 384-well poly-lysine coated assay plates at 50uL per well using a Multidrop Combi dispenser. After seeding them, the plates were incubated at 37C, 5% CO2 for 72h. Cultures were then fixed and stained by addition of 50 uL of a solution containing 8% formaldehyde and 4 uM DRAQ5 DNA dye (BioStatus, UK) per well. Plates were kept light-protected and imaged one hour later in a Perkin-Elmer Opera microscope using a 20x air objective (NA 0.4) and the following acquisition set: a 635 nm laser excitation line and a 690/50 emission detection filter for DRAQ5 detection. Five images were collected per well for reliable statistical analysis. Automated image analysis was performed with a script developed on Acapella High Content Imaging and Analysis Software (PerkinElmer). Output: number of amastigotes per cell as infection level measurement."
CHEMBL3431174,COc1ccc(-c2cnc(C)o2)cc1S(=O)(=O)Nc1ccc(C)cc1C,COc1ccc(-c2cnc(C)o2)cc1S(=O)(=O)Nc1ccc(C)cc1C,5.5,Active,IC50,Trypanosoma cruzi,T_cruzi,O=S(=O)(Nc1ccccc1)c1cccc(-c2cnco2)c1,CHEMBL3431448,"GSK_TCAKS: pIC50 Trypanosoma cruzi Imaging: Amastigotes/Cell. H9c2 cells were seeded in T-225 flasks (225cm^2 culture surface; Corning Inc., NY, USA) in DMEM-10% FBS for 4h to allow attachment. Cells were then washed once with PBS before infection. T. cruzi trypomastigotes, collected at days 5 to 8 after infection from LLC-MK2 parasite infected cultures, were allowed to swim out for 4h at 37C from a centrifuged pellet (2,500 rpm/10 min/room temperature). Trypomastigotes were then collected and counted in a CASY Cell Counter. Trypomastigotes, in supplemented DMEM, were added to H9c2 cultures in a multiplicity of infection of 1 and incubated for 18 h. Cells were washed once with PBS before incubation of the infected H9c2 monolayer with trypsin (Life-Technologies) to detach cells from the flask. Cells were counted in a CASY Cell Counter using a 150 um capillary and their density set at 5 * 10^4 cells per mL in supplemented assay DMEM. Infected H9c2 were dispensed into 384-well poly-lysine coated assay plates at 50uL per well using a Multidrop Combi dispenser. After seeding them, the plates were incubated at 37C, 5% CO2 for 72h. Cultures were then fixed and stained by addition of 50 uL of a solution containing 8% formaldehyde and 4 uM DRAQ5 DNA dye (BioStatus, UK) per well. Plates were kept light-protected and imaged one hour later in a Perkin-Elmer Opera microscope using a 20x air objective (NA 0.4) and the following acquisition set: a 635 nm laser excitation line and a 690/50 emission detection filter for DRAQ5 detection. Five images were collected per well for reliable statistical analysis. Automated image analysis was performed with a script developed on Acapella High Content Imaging and Analysis Software (PerkinElmer). Output: number of amastigotes per cell as infection level measurement."
CHEMBL3430981,COc1ccc(C2CC(c3ccc(NS(C)(=O)=O)cc3)=NN2C(=O)c2cccs2)cc1OC,COc1ccc(C2CC(c3ccc(NS(C)(=O)=O)cc3)=NN2C(=O)c2cccs2)cc1OC,4.6,Inactive,IC50,Trypanosoma cruzi,T_cruzi,O=C(c1cccs1)N1N=C(c2ccccc2)CC1c1ccccc1,CHEMBL3431446,"GSK_TCAKS: pIC50 Trypanosoma cruzi viability assay using beta-GAL activity. This assay was run at single shot at 5uM compound concentration per well. The biological reagents consisted of NIH-3T3 host cells and trypomastigotes parasitic cells; both cell types were set to a 3.3 * 10^5 cells/mL dilution in assay DMEM by means of a CASY cell counter device using a 60um capillary. 6 uL of the mixture were dispensed per well (about 1 * 10^3 host-cells and 1 * 10^3 parasites) with a Multidrop Combi dispenser. Previously, a solution of 1.67 * 10^5 trypomastigotes per mL in assay DMEM had been prepared and 6uL per well dispensed in the allotted control columns that defined 100% inhibition. The 0% inhibition of parasitic growth control was obtained by leaving the assay mixture untreated in its corresponding plate columns. In all wells, the percentage of DMSO never exceeded 0.5%. Plates incubated for four days at 37C, 5% CO2. The substrate used for the assay fluorescence intensity (FLINT) readout was resorufin-beta-D-galactopiranoside (Sigma-Aldrich) at 5uM per well. It was diluted in PBS supplemented with the soft detergent Igepal (Fluka). Upon addition to the plates, the substrate solution was incubated for 4h at room temperature and the signal read with the EnVision microtiter plate reader (Perkin-Elmer) using the corresponding set of filters (excitation/emission at 531/595nm)."
CHEMBL2402764,COc1ccc(CC(=O)Nc2nnc(S(N)(=O)=O)s2)cc1,COc1ccc(CC(=O)Nc2nnc(S(N)(=O)=O)s2)cc1,5.33,Active,IC50,Trypanosoma cruzi,T_cruzi,O=C(Cc1ccccc1)Nc1nncs1,CHEMBL5355425,Antitrypanosomal activity against Trypanosoma cruzi epimastigote Dm28c strain assessed as parasite growth inhibition
CHEMBL472,COc1ccc(Cl)cc1C(=O)NCCc1ccc(S(=O)(=O)NC(=O)NC2CCCCC2)cc1,COc1ccc(Cl)cc1C(=O)NCCc1ccc(S(=O)(=O)NC(=O)NC2CCCCC2)cc1,4.03,Inactive,IC50,Trypanosoma cruzi,T_cruzi,O=C(NC1CCCCC1)NS(=O)(=O)c1ccc(CCNC(=O)c2ccccc2)cc1,CHEMBL3392937,"DNDI: Chagas in Vitro, 96 hour"
CHEMBL5590611,COc1ccc(Cl)cc1S(=O)(=O)N1CCN(c2ccc(OCCN(C)C)cc2)CC1,COc1ccc(Cl)cc1S(=O)(=O)N1CCN(c2ccc(OCCN(C)C)cc2)CC1,4.9,Inactive,IC50,Trypanosoma cruzi,T_cruzi,O=S(=O)(c1ccccc1)N1CCN(c2ccccc2)CC1,CHEMBL5551394,Antitrypanosomal activity against Trypanosoma cruzi Tulahuen expressing Escherichia coli beta-galactosidase infected in L929 cells pretreated with parasite for 50 hrs followed by compound addition and measured after 96 hrs
CHEMBL4537220,COc1ccc(N2CCN(C(=O)CN(Cc3ccccc3C)S(=O)(=O)c3ccc(Cl)cc3)CC2)cc1,COc1ccc(N2CCN(C(=O)CN(Cc3ccccc3C)S(=O)(=O)c3ccc(Cl)cc3)CC2)cc1,5.57,Active,EC50,Trypanosoma cruzi,T_cruzi,O=C(CN(Cc1ccccc1)S(=O)(=O)c1ccccc1)N1CCN(c2ccccc2)CC1,CHEMBL4412312,Antimicrobial activity against Trypanosoma cruzi Y infected in human U2OS cells after 96 hrs by HCS assay
CHEMBL3430948,COc1ccc(NC(=O)c2ccc(NC(=O)CN(c3ccccc3C)S(C)(=O)=O)cc2)cc1,COc1ccc(NC(=O)c2ccc(NC(=O)CN(c3ccccc3C)S(C)(=O)=O)cc2)cc1,4.6,Inactive,IC50,Trypanosoma cruzi,T_cruzi,O=C(CNc1ccccc1)Nc1ccc(C(=O)Nc2ccccc2)cc1,CHEMBL3431449,"GSK_TCAKS: pIC50 H2C9 Imaging: H9c2 Host Cardiomyocytes. H9c2 cells were seeded in T-225 flasks (225cm^2 culture surface; Corning Inc., NY, USA) in DMEM-10% FBS for 4h to allow attachment. Cells were then washed once with PBS before infection. T. cruzi trypomastigotes, collected at days 5 to 8 after infection from LLC-MK2 parasite infected cultures, were allowed to swim out for 4h at 37C from a centrifuged pellet (2,500 rpm/10 min/room temperature). Trypomastigotes were then collected and counted in a CASY Cell Counter. Trypomastigotes, in supplemented DMEM, were added to H9c2 cultures in a multiplicity of infection of 1 and incubated for 18 h. Cells were washed once with PBS before incubation of the infected H9c2 monolayer with trypsin (Life-Technologies) to detach cells from the flask. Cells were counted in a CASY Cell Counter using a 150 um capillary and their density set at 5 * 10^4 cells per mL in supplemented assay DMEM. Infected H9c2 were dispensed into 384-well poly-lysine coated assay plates at 50uL per well using a Multidrop Combi dispenser. After seeding them, the plates were incubated at 37C, 5% CO2 for 72h. Cultures were then fixed and stained by addition of 50 uL of a solution containing 8% formaldehyde and 4 uM DRAQ5 DNA dye (BioStatus, UK) per well. Plates were kept light-protected and imaged one hour later in a Perkin-Elmer Opera microscope using a 20x air objective (NA 0.4) and the following acquisition set: a 635 nm laser excitation line and a 690/50 emission detection filter for DRAQ5 detection. Five images were collected per well for reliable statistical analysis. Automated image analysis was performed with a script developed on Acapella High Content Imaging and Analysis Software (PerkinElmer). Output: Number of H9c2 Host Cardiomyocytes nuclei to determine drug-related cytotoxicity."
CHEMBL3431032,COc1ccc(NS(=O)(=O)c2cc(-c3cc(C)[nH]n3)ccc2C)cc1OC,COc1ccc(NS(=O)(=O)c2cc(-c3cc(C)n[nH]3)ccc2C)cc1OC,5.85,Active,IC50,Trypanosoma cruzi,T_cruzi,O=S(=O)(Nc1ccccc1)c1cccc(-c2cc[nH]n2)c1,CHEMBL3431448,"GSK_TCAKS: pIC50 Trypanosoma cruzi Imaging: Amastigotes/Cell. H9c2 cells were seeded in T-225 flasks (225cm^2 culture surface; Corning Inc., NY, USA) in DMEM-10% FBS for 4h to allow attachment. Cells were then washed once with PBS before infection. T. cruzi trypomastigotes, collected at days 5 to 8 after infection from LLC-MK2 parasite infected cultures, were allowed to swim out for 4h at 37C from a centrifuged pellet (2,500 rpm/10 min/room temperature). Trypomastigotes were then collected and counted in a CASY Cell Counter. Trypomastigotes, in supplemented DMEM, were added to H9c2 cultures in a multiplicity of infection of 1 and incubated for 18 h. Cells were washed once with PBS before incubation of the infected H9c2 monolayer with trypsin (Life-Technologies) to detach cells from the flask. Cells were counted in a CASY Cell Counter using a 150 um capillary and their density set at 5 * 10^4 cells per mL in supplemented assay DMEM. Infected H9c2 were dispensed into 384-well poly-lysine coated assay plates at 50uL per well using a Multidrop Combi dispenser. After seeding them, the plates were incubated at 37C, 5% CO2 for 72h. Cultures were then fixed and stained by addition of 50 uL of a solution containing 8% formaldehyde and 4 uM DRAQ5 DNA dye (BioStatus, UK) per well. Plates were kept light-protected and imaged one hour later in a Perkin-Elmer Opera microscope using a 20x air objective (NA 0.4) and the following acquisition set: a 635 nm laser excitation line and a 690/50 emission detection filter for DRAQ5 detection. Five images were collected per well for reliable statistical analysis. Automated image analysis was performed with a script developed on Acapella High Content Imaging and Analysis Software (PerkinElmer). Output: number of amastigotes per cell as infection level measurement."
CHEMBL3431144,COc1ccc(NS(=O)(=O)c2cc(NC(=O)Cc3ccc(C)cc3)ccc2N2CCOCC2)cc1,COc1ccc(NS(=O)(=O)c2cc(NC(=O)Cc3ccc(C)cc3)ccc2N2CCOCC2)cc1,5.6,Active,IC50,Trypanosoma cruzi,T_cruzi,O=C(Cc1ccccc1)Nc1ccc(N2CCOCC2)c(S(=O)(=O)Nc2ccccc2)c1,CHEMBL3431448,"GSK_TCAKS: pIC50 Trypanosoma cruzi Imaging: Amastigotes/Cell. H9c2 cells were seeded in T-225 flasks (225cm^2 culture surface; Corning Inc., NY, USA) in DMEM-10% FBS for 4h to allow attachment. Cells were then washed once with PBS before infection. T. cruzi trypomastigotes, collected at days 5 to 8 after infection from LLC-MK2 parasite infected cultures, were allowed to swim out for 4h at 37C from a centrifuged pellet (2,500 rpm/10 min/room temperature). Trypomastigotes were then collected and counted in a CASY Cell Counter. Trypomastigotes, in supplemented DMEM, were added to H9c2 cultures in a multiplicity of infection of 1 and incubated for 18 h. Cells were washed once with PBS before incubation of the infected H9c2 monolayer with trypsin (Life-Technologies) to detach cells from the flask. Cells were counted in a CASY Cell Counter using a 150 um capillary and their density set at 5 * 10^4 cells per mL in supplemented assay DMEM. Infected H9c2 were dispensed into 384-well poly-lysine coated assay plates at 50uL per well using a Multidrop Combi dispenser. After seeding them, the plates were incubated at 37C, 5% CO2 for 72h. Cultures were then fixed and stained by addition of 50 uL of a solution containing 8% formaldehyde and 4 uM DRAQ5 DNA dye (BioStatus, UK) per well. Plates were kept light-protected and imaged one hour later in a Perkin-Elmer Opera microscope using a 20x air objective (NA 0.4) and the following acquisition set: a 635 nm laser excitation line and a 690/50 emission detection filter for DRAQ5 detection. Five images were collected per well for reliable statistical analysis. Automated image analysis was performed with a script developed on Acapella High Content Imaging and Analysis Software (PerkinElmer). Output: number of amastigotes per cell as infection level measurement."
CHEMBL3431003,COc1ccc(NS(=O)(=O)c2cc(NC(=O)c3ccc([N+](=O)[O-])s3)ccc2OC)cc1,COc1ccc(NS(=O)(=O)c2cc(NC(=O)c3ccc([N+](=O)[O-])s3)ccc2OC)cc1,7.1,Active,IC50,Trypanosoma cruzi,T_cruzi,O=C(Nc1cccc(S(=O)(=O)Nc2ccccc2)c1)c1cccs1,CHEMBL3431446,"GSK_TCAKS: pIC50 Trypanosoma cruzi viability assay using beta-GAL activity. This assay was run at single shot at 5uM compound concentration per well. The biological reagents consisted of NIH-3T3 host cells and trypomastigotes parasitic cells; both cell types were set to a 3.3 * 10^5 cells/mL dilution in assay DMEM by means of a CASY cell counter device using a 60um capillary. 6 uL of the mixture were dispensed per well (about 1 * 10^3 host-cells and 1 * 10^3 parasites) with a Multidrop Combi dispenser. Previously, a solution of 1.67 * 10^5 trypomastigotes per mL in assay DMEM had been prepared and 6uL per well dispensed in the allotted control columns that defined 100% inhibition. The 0% inhibition of parasitic growth control was obtained by leaving the assay mixture untreated in its corresponding plate columns. In all wells, the percentage of DMSO never exceeded 0.5%. Plates incubated for four days at 37C, 5% CO2. The substrate used for the assay fluorescence intensity (FLINT) readout was resorufin-beta-D-galactopiranoside (Sigma-Aldrich) at 5uM per well. It was diluted in PBS supplemented with the soft detergent Igepal (Fluka). Upon addition to the plates, the substrate solution was incubated for 4h at room temperature and the signal read with the EnVision microtiter plate reader (Perkin-Elmer) using the corresponding set of filters (excitation/emission at 531/595nm)."
CHEMBL3430954,COc1ccc(NS(=O)(=O)c2cccc(NC(=O)c3cc(F)cc(F)c3)c2)cc1,COc1ccc(NS(=O)(=O)c2cccc(NC(=O)c3cc(F)cc(F)c3)c2)cc1,6.3,Active,IC50,Trypanosoma cruzi,T_cruzi,O=C(Nc1cccc(S(=O)(=O)Nc2ccccc2)c1)c1ccccc1,CHEMBL3431446,"GSK_TCAKS: pIC50 Trypanosoma cruzi viability assay using beta-GAL activity. This assay was run at single shot at 5uM compound concentration per well. The biological reagents consisted of NIH-3T3 host cells and trypomastigotes parasitic cells; both cell types were set to a 3.3 * 10^5 cells/mL dilution in assay DMEM by means of a CASY cell counter device using a 60um capillary. 6 uL of the mixture were dispensed per well (about 1 * 10^3 host-cells and 1 * 10^3 parasites) with a Multidrop Combi dispenser. Previously, a solution of 1.67 * 10^5 trypomastigotes per mL in assay DMEM had been prepared and 6uL per well dispensed in the allotted control columns that defined 100% inhibition. The 0% inhibition of parasitic growth control was obtained by leaving the assay mixture untreated in its corresponding plate columns. In all wells, the percentage of DMSO never exceeded 0.5%. Plates incubated for four days at 37C, 5% CO2. The substrate used for the assay fluorescence intensity (FLINT) readout was resorufin-beta-D-galactopiranoside (Sigma-Aldrich) at 5uM per well. It was diluted in PBS supplemented with the soft detergent Igepal (Fluka). Upon addition to the plates, the substrate solution was incubated for 4h at room temperature and the signal read with the EnVision microtiter plate reader (Perkin-Elmer) using the corresponding set of filters (excitation/emission at 531/595nm)."
CHEMBL3431199,COc1ccc(OC)c(S(=O)(=O)N(Cc2c(F)cccc2F)[C@@H]2CCN(C#N)C2)c1,COc1ccc(OC)c(S(=O)(=O)N(Cc2c(F)cccc2F)[C@@H]2CCN(C#N)C2)c1,5.050000000000001,Active,IC50,Trypanosoma cruzi,T_cruzi,O=S(=O)(c1ccccc1)N(Cc1ccccc1)[C@@H]1CCNC1,CHEMBL3431448,"GSK_TCAKS: pIC50 Trypanosoma cruzi Imaging: Amastigotes/Cell. H9c2 cells were seeded in T-225 flasks (225cm^2 culture surface; Corning Inc., NY, USA) in DMEM-10% FBS for 4h to allow attachment. Cells were then washed once with PBS before infection. T. cruzi trypomastigotes, collected at days 5 to 8 after infection from LLC-MK2 parasite infected cultures, were allowed to swim out for 4h at 37C from a centrifuged pellet (2,500 rpm/10 min/room temperature). Trypomastigotes were then collected and counted in a CASY Cell Counter. Trypomastigotes, in supplemented DMEM, were added to H9c2 cultures in a multiplicity of infection of 1 and incubated for 18 h. Cells were washed once with PBS before incubation of the infected H9c2 monolayer with trypsin (Life-Technologies) to detach cells from the flask. Cells were counted in a CASY Cell Counter using a 150 um capillary and their density set at 5 * 10^4 cells per mL in supplemented assay DMEM. Infected H9c2 were dispensed into 384-well poly-lysine coated assay plates at 50uL per well using a Multidrop Combi dispenser. After seeding them, the plates were incubated at 37C, 5% CO2 for 72h. Cultures were then fixed and stained by addition of 50 uL of a solution containing 8% formaldehyde and 4 uM DRAQ5 DNA dye (BioStatus, UK) per well. Plates were kept light-protected and imaged one hour later in a Perkin-Elmer Opera microscope using a 20x air objective (NA 0.4) and the following acquisition set: a 635 nm laser excitation line and a 690/50 emission detection filter for DRAQ5 detection. Five images were collected per well for reliable statistical analysis. Automated image analysis was performed with a script developed on Acapella High Content Imaging and Analysis Software (PerkinElmer). Output: number of amastigotes per cell as infection level measurement."
CHEMBL5568641,COc1ccc(OC)c(S(=O)(=O)N2CCN(c3ccc(OCCN(C)C)cc3)CC2)c1,COc1ccc(OC)c(S(=O)(=O)N2CCN(c3ccc(OCCN(C)C)cc3)CC2)c1,4.87,Inactive,IC50,Trypanosoma cruzi,T_cruzi,O=S(=O)(c1ccccc1)N1CCN(c2ccccc2)CC1,CHEMBL5551394,Antitrypanosomal activity against Trypanosoma cruzi Tulahuen expressing Escherichia coli beta-galactosidase infected in L929 cells pretreated with parasite for 50 hrs followed by compound addition and measured after 96 hrs
CHEMBL4447447,COc1ccc(S(=O)(=O)N(Cc2ccncc2)Cc2ccc(OCC(C)C)cc2)cc1OC,COc1ccc(S(=O)(=O)N(Cc2ccncc2)Cc2ccc(OCC(C)C)cc2)cc1OC,6.3100000000000005,Active,EC50,Trypanosoma cruzi,T_cruzi,O=S(=O)(c1ccccc1)N(Cc1ccccc1)Cc1ccncc1,CHEMBL4412312,Antimicrobial activity against Trypanosoma cruzi Y infected in human U2OS cells after 96 hrs by HCS assay
CHEMBL5571828,COc1ccc(S(=O)(=O)N2CCN(c3ccc(OCCN(C)C)cc3)CC2)cc1,COc1ccc(S(=O)(=O)N2CCN(c3ccc(OCCN(C)C)cc3)CC2)cc1,5.15,Active,IC50,Trypanosoma cruzi,T_cruzi,O=S(=O)(c1ccccc1)N1CCN(c2ccccc2)CC1,CHEMBL5551394,Antitrypanosomal activity against Trypanosoma cruzi Tulahuen expressing Escherichia coli beta-galactosidase infected in L929 cells pretreated with parasite for 50 hrs followed by compound addition and measured after 96 hrs
CHEMBL4067459,COc1ccc(S(=O)(=O)N2c3ccccc3CC2C)cc1,COc1ccc(S(=O)(=O)N2c3ccccc3CC2C)cc1,5.02,Active,IC50,Trypanosoma cruzi,T_cruzi,O=S(=O)(c1ccccc1)N1CCc2ccccc21,CHEMBL4045492,Antiparasitic activity against Trypanosoma cruzi Tulahuen C4 intracellular amastigotes infected in rat L6 cells after 96 hrs by CPRG/Nonidet reagent based photometric analysis
CHEMBL603822,COc1ccc(S(=O)(=O)N2c3ccccc3CCC2C)cc1,COc1ccc(S(=O)(=O)N2c3ccccc3CCC2C)cc1,4.8,Inactive,IC50,Trypanosoma cruzi,T_cruzi,O=S(=O)(c1ccccc1)N1CCCc2ccccc21,CHEMBL1073484,Antitrypanosomal activity against Trypanosoma cruzi infected in rat L6 cells
CHEMBL3431081,COc1ccc(S(=O)(=O)NC(C)C)cc1Nc1ncc(-c2cccc(F)c2)cn1,COc1ccc(S(=O)(=O)NC(C)C)cc1Nc1ncc(-c2cccc(F)c2)cn1,6.4,Active,IC50,Trypanosoma cruzi,T_cruzi,c1ccc(Nc2ncc(-c3ccccc3)cn2)cc1,CHEMBL3431448,"GSK_TCAKS: pIC50 Trypanosoma cruzi Imaging: Amastigotes/Cell. H9c2 cells were seeded in T-225 flasks (225cm^2 culture surface; Corning Inc., NY, USA) in DMEM-10% FBS for 4h to allow attachment. Cells were then washed once with PBS before infection. T. cruzi trypomastigotes, collected at days 5 to 8 after infection from LLC-MK2 parasite infected cultures, were allowed to swim out for 4h at 37C from a centrifuged pellet (2,500 rpm/10 min/room temperature). Trypomastigotes were then collected and counted in a CASY Cell Counter. Trypomastigotes, in supplemented DMEM, were added to H9c2 cultures in a multiplicity of infection of 1 and incubated for 18 h. Cells were washed once with PBS before incubation of the infected H9c2 monolayer with trypsin (Life-Technologies) to detach cells from the flask. Cells were counted in a CASY Cell Counter using a 150 um capillary and their density set at 5 * 10^4 cells per mL in supplemented assay DMEM. Infected H9c2 were dispensed into 384-well poly-lysine coated assay plates at 50uL per well using a Multidrop Combi dispenser. After seeding them, the plates were incubated at 37C, 5% CO2 for 72h. Cultures were then fixed and stained by addition of 50 uL of a solution containing 8% formaldehyde and 4 uM DRAQ5 DNA dye (BioStatus, UK) per well. Plates were kept light-protected and imaged one hour later in a Perkin-Elmer Opera microscope using a 20x air objective (NA 0.4) and the following acquisition set: a 635 nm laser excitation line and a 690/50 emission detection filter for DRAQ5 detection. Five images were collected per well for reliable statistical analysis. Automated image analysis was performed with a script developed on Acapella High Content Imaging and Analysis Software (PerkinElmer). Output: number of amastigotes per cell as infection level measurement."
CHEMBL5205296,COc1ccc(S(=O)(=O)Nc2ccc(CCN3CCN(C(=O)c4cccc(Cl)c4)CC3)cc2)cc1,COc1ccc(S(=O)(=O)Nc2ccc(CCN3CCN(C(=O)c4cccc(Cl)c4)CC3)cc2)cc1,5.3,Active,EC50,Trypanosoma cruzi,T_cruzi,O=C(c1ccccc1)N1CCN(CCc2ccc(NS(=O)(=O)c3ccccc3)cc2)CC1,CHEMBL5115680,Antitrypanosomal activity against intracellularTrypanosoma cruzi amastigote
CHEMBL5208894,COc1ccc(S(=O)(=O)Nc2ccc(CN3CCN(C(=O)c4cc(C(F)(F)F)[nH]n4)CC3)cc2)cc1,COc1ccc(S(=O)(=O)Nc2ccc(CN3CCN(C(=O)c4cc(C(F)(F)F)n[nH]4)CC3)cc2)cc1,5.2,Active,EC50,Trypanosoma cruzi,T_cruzi,O=C(c1cc[nH]n1)N1CCN(Cc2ccc(NS(=O)(=O)c3ccccc3)cc2)CC1,CHEMBL5115680,Antitrypanosomal activity against intracellularTrypanosoma cruzi amastigote
CHEMBL5200127,COc1ccc(S(=O)(=O)Nc2ccc(CN3CCN(C(=O)c4cc(Cl)ccc4OC)CC3)cc2)cc1,COc1ccc(S(=O)(=O)Nc2ccc(CN3CCN(C(=O)c4cc(Cl)ccc4OC)CC3)cc2)cc1,5.7,Active,EC50,Trypanosoma cruzi,T_cruzi,O=C(c1ccccc1)N1CCN(Cc2ccc(NS(=O)(=O)c3ccccc3)cc2)CC1,CHEMBL5115680,Antitrypanosomal activity against intracellularTrypanosoma cruzi amastigote
CHEMBL5179868,COc1ccc(S(=O)(=O)Nc2ccc(CN3CCN(C(=O)c4ccc(C)c(Cl)c4)CC3)cc2)cc1,COc1ccc(S(=O)(=O)Nc2ccc(CN3CCN(C(=O)c4ccc(C)c(Cl)c4)CC3)cc2)cc1,5.9,Active,EC50,Trypanosoma cruzi,T_cruzi,O=C(c1ccccc1)N1CCN(Cc2ccc(NS(=O)(=O)c3ccccc3)cc2)CC1,CHEMBL5115680,Antitrypanosomal activity against intracellularTrypanosoma cruzi amastigote
CHEMBL5185578,COc1ccc(S(=O)(=O)Nc2ccc(CN3CCN(C(=O)c4ccc(OC)c(Cl)c4)CC3)cc2)cc1,COc1ccc(S(=O)(=O)Nc2ccc(CN3CCN(C(=O)c4ccc(OC)c(Cl)c4)CC3)cc2)cc1,5.5,Active,EC50,Trypanosoma cruzi,T_cruzi,O=C(c1ccccc1)N1CCN(Cc2ccc(NS(=O)(=O)c3ccccc3)cc2)CC1,CHEMBL5115680,Antitrypanosomal activity against intracellularTrypanosoma cruzi amastigote
CHEMBL3431322,COc1ccc(S(=O)(=O)Nc2ccc(CN3CCN(C(=O)c4cccc(C#N)c4)CC3)cc2)cc1,COc1ccc(S(=O)(=O)Nc2ccc(CN3CCN(C(=O)c4cccc(C#N)c4)CC3)cc2)cc1.O=C(O)C(F)(F)F,6.0,Active,IC50,Trypanosoma cruzi,T_cruzi,O=C(c1ccccc1)N1CCN(Cc2ccc(NS(=O)(=O)c3ccccc3)cc2)CC1,CHEMBL3431448,"GSK_TCAKS: pIC50 Trypanosoma cruzi Imaging: Amastigotes/Cell. H9c2 cells were seeded in T-225 flasks (225cm^2 culture surface; Corning Inc., NY, USA) in DMEM-10% FBS for 4h to allow attachment. Cells were then washed once with PBS before infection. T. cruzi trypomastigotes, collected at days 5 to 8 after infection from LLC-MK2 parasite infected cultures, were allowed to swim out for 4h at 37C from a centrifuged pellet (2,500 rpm/10 min/room temperature). Trypomastigotes were then collected and counted in a CASY Cell Counter. Trypomastigotes, in supplemented DMEM, were added to H9c2 cultures in a multiplicity of infection of 1 and incubated for 18 h. Cells were washed once with PBS before incubation of the infected H9c2 monolayer with trypsin (Life-Technologies) to detach cells from the flask. Cells were counted in a CASY Cell Counter using a 150 um capillary and their density set at 5 * 10^4 cells per mL in supplemented assay DMEM. Infected H9c2 were dispensed into 384-well poly-lysine coated assay plates at 50uL per well using a Multidrop Combi dispenser. After seeding them, the plates were incubated at 37C, 5% CO2 for 72h. Cultures were then fixed and stained by addition of 50 uL of a solution containing 8% formaldehyde and 4 uM DRAQ5 DNA dye (BioStatus, UK) per well. Plates were kept light-protected and imaged one hour later in a Perkin-Elmer Opera microscope using a 20x air objective (NA 0.4) and the following acquisition set: a 635 nm laser excitation line and a 690/50 emission detection filter for DRAQ5 detection. Five images were collected per well for reliable statistical analysis. Automated image analysis was performed with a script developed on Acapella High Content Imaging and Analysis Software (PerkinElmer). Output: number of amastigotes per cell as infection level measurement."
CHEMBL5187359,COc1ccc(S(=O)(=O)Nc2ccc(CN3CCN(C(=O)c4cccc(C)c4)CC3)cc2)cc1,COc1ccc(S(=O)(=O)Nc2ccc(CN3CCN(C(=O)c4cccc(C)c4)CC3)cc2)cc1,6.0,Active,EC50,Trypanosoma cruzi,T_cruzi,O=C(c1ccccc1)N1CCN(Cc2ccc(NS(=O)(=O)c3ccccc3)cc2)CC1,CHEMBL5115680,Antitrypanosomal activity against intracellularTrypanosoma cruzi amastigote
CHEMBL5195708,COc1ccc(S(=O)(=O)Nc2ccc(CN3CCN(C(=O)c4cccc(Cl)c4)CC3)cc2)cc1,COc1ccc(S(=O)(=O)Nc2ccc(CN3CCN(C(=O)c4cccc(Cl)c4)CC3)cc2)cc1,6.3,Active,EC50,Trypanosoma cruzi,T_cruzi,O=C(c1ccccc1)N1CCN(Cc2ccc(NS(=O)(=O)c3ccccc3)cc2)CC1,CHEMBL5115680,Antitrypanosomal activity against intracellularTrypanosoma cruzi amastigote
CHEMBL5197401,COc1ccc(S(=O)(=O)Nc2ccc(CN3CCN(C(=O)c4cccc(Cl)c4)CC3)nc2)cc1,COc1ccc(S(=O)(=O)Nc2ccc(CN3CCN(C(=O)c4cccc(Cl)c4)CC3)nc2)cc1,5.1,Active,EC50,Trypanosoma cruzi,T_cruzi,O=C(c1ccccc1)N1CCN(Cc2ccc(NS(=O)(=O)c3ccccc3)cn2)CC1,CHEMBL5115680,Antitrypanosomal activity against intracellularTrypanosoma cruzi amastigote
CHEMBL5186876,COc1ccc(S(=O)(=O)Nc2ccc(CN3CCN(C(=O)c4cccc(F)c4)CC3)cc2)cc1,COc1ccc(S(=O)(=O)Nc2ccc(CN3CCN(C(=O)c4cccc(F)c4)CC3)cc2)cc1,6.2,Active,EC50,Trypanosoma cruzi,T_cruzi,O=C(c1ccccc1)N1CCN(Cc2ccc(NS(=O)(=O)c3ccccc3)cc2)CC1,CHEMBL5115680,Antitrypanosomal activity against intracellularTrypanosoma cruzi amastigote
CHEMBL5205066,COc1ccc(S(=O)(=O)Nc2ccc(CN3CCN(C(=O)c4ccccc4)CC3)cc2)cc1,COc1ccc(S(=O)(=O)Nc2ccc(CN3CCN(C(=O)c4ccccc4)CC3)cc2)cc1,5.5,Active,EC50,Trypanosoma cruzi,T_cruzi,O=C(c1ccccc1)N1CCN(Cc2ccc(NS(=O)(=O)c3ccccc3)cc2)CC1,CHEMBL5115680,Antitrypanosomal activity against intracellularTrypanosoma cruzi amastigote
CHEMBL5186388,COc1ccc(S(=O)(=O)Nc2ccc(CN3CCN(C(=O)c4cncc(Cl)c4)CC3)cc2)cc1,COc1ccc(S(=O)(=O)Nc2ccc(CN3CCN(C(=O)c4cncc(Cl)c4)CC3)cc2)cc1,6.0,Active,EC50,Trypanosoma cruzi,T_cruzi,O=C(c1cccnc1)N1CCN(Cc2ccc(NS(=O)(=O)c3ccccc3)cc2)CC1,CHEMBL5115680,Antitrypanosomal activity against intracellularTrypanosoma cruzi amastigote
CHEMBL5178331,COc1ccc(S(=O)(=O)Nc2ccc(CN3CC[C@H](NC(=O)c4cccc(Cl)c4)C3)cc2)cc1,COc1ccc(S(=O)(=O)Nc2ccc(CN3CC[C@H](NC(=O)c4cccc(Cl)c4)C3)cc2)cc1,4.3,Inactive,EC50,Trypanosoma cruzi,T_cruzi,O=C(N[C@H]1CCN(Cc2ccc(NS(=O)(=O)c3ccccc3)cc2)C1)c1ccccc1,CHEMBL5115680,Antitrypanosomal activity against intracellularTrypanosoma cruzi amastigote
CHEMBL5205290,COc1ccc(S(=O)(=O)Nc2ccc(CN3C[C@@H]4C[C@H]3CN4C(=O)c3cccc(Cl)c3)cc2)cc1,COc1ccc(S(=O)(=O)Nc2ccc(CN3C[C@@H]4C[C@H]3CN4C(=O)c3cccc(Cl)c3)cc2)cc1,4.8,Inactive,EC50,Trypanosoma cruzi,T_cruzi,O=C(c1ccccc1)N1C[C@@H]2C[C@H]1CN2Cc1ccc(NS(=O)(=O)c2ccccc2)cc1,CHEMBL5115680,Antitrypanosomal activity against intracellularTrypanosoma cruzi amastigote
CHEMBL5196386,COc1ccc(S(=O)(=O)Nc2ccc(Cn3cc4c(n3)CN(C(=O)c3cccc(Cl)c3)C4)cc2)cc1,COc1ccc(S(=O)(=O)Nc2ccc(Cn3cc4c(n3)CN(C(=O)c3cccc(Cl)c3)C4)cc2)cc1,4.9,Inactive,EC50,Trypanosoma cruzi,T_cruzi,O=C(c1ccccc1)N1Cc2cn(Cc3ccc(NS(=O)(=O)c4ccccc4)cc3)nc2C1,CHEMBL5115680,Antitrypanosomal activity against intracellularTrypanosoma cruzi amastigote
CHEMBL5174062,COc1ccc(S(=O)(=O)Nc2ccc(OC3CCN(C(=O)c4cccc(Cl)c4)CC3)cc2)cc1,COc1ccc(S(=O)(=O)Nc2ccc(OC3CCN(C(=O)c4cccc(Cl)c4)CC3)cc2)cc1,5.3,Active,EC50,Trypanosoma cruzi,T_cruzi,O=C(c1ccccc1)N1CCC(Oc2ccc(NS(=O)(=O)c3ccccc3)cc2)CC1,CHEMBL5115680,Antitrypanosomal activity against intracellularTrypanosoma cruzi amastigote
CHEMBL4446779,COc1ccc(S(=O)(=O)Nc2cccc(Br)c2)c(Cl)c1Cl,COc1ccc(S(=O)(=O)Nc2cccc(Br)c2)c(Cl)c1Cl,4.81,Inactive,EC50,Trypanosoma cruzi,T_cruzi,O=S(=O)(Nc1ccccc1)c1ccccc1,CHEMBL4389014,Antitrypanosomal activity against Trypanosoma cruzi Tulahuen promastigotes infected in mouse NIH/3T3 cells assessed as reduction in parasite viability by beta-galactosidase reporter gene assay
CHEMBL3431088,COc1ccc(S(=O)(=O)Nc2ccccc2OC)cc1NC(=O)CCCc1c[nH]c2ccccc12,COc1ccc(S(=O)(=O)Nc2ccccc2OC)cc1NC(=O)CCCc1c[nH]c2ccccc12,5.9,Active,IC50,Trypanosoma cruzi,T_cruzi,O=C(CCCc1c[nH]c2ccccc12)Nc1cccc(S(=O)(=O)Nc2ccccc2)c1,CHEMBL3431448,"GSK_TCAKS: pIC50 Trypanosoma cruzi Imaging: Amastigotes/Cell. H9c2 cells were seeded in T-225 flasks (225cm^2 culture surface; Corning Inc., NY, USA) in DMEM-10% FBS for 4h to allow attachment. Cells were then washed once with PBS before infection. T. cruzi trypomastigotes, collected at days 5 to 8 after infection from LLC-MK2 parasite infected cultures, were allowed to swim out for 4h at 37C from a centrifuged pellet (2,500 rpm/10 min/room temperature). Trypomastigotes were then collected and counted in a CASY Cell Counter. Trypomastigotes, in supplemented DMEM, were added to H9c2 cultures in a multiplicity of infection of 1 and incubated for 18 h. Cells were washed once with PBS before incubation of the infected H9c2 monolayer with trypsin (Life-Technologies) to detach cells from the flask. Cells were counted in a CASY Cell Counter using a 150 um capillary and their density set at 5 * 10^4 cells per mL in supplemented assay DMEM. Infected H9c2 were dispensed into 384-well poly-lysine coated assay plates at 50uL per well using a Multidrop Combi dispenser. After seeding them, the plates were incubated at 37C, 5% CO2 for 72h. Cultures were then fixed and stained by addition of 50 uL of a solution containing 8% formaldehyde and 4 uM DRAQ5 DNA dye (BioStatus, UK) per well. Plates were kept light-protected and imaged one hour later in a Perkin-Elmer Opera microscope using a 20x air objective (NA 0.4) and the following acquisition set: a 635 nm laser excitation line and a 690/50 emission detection filter for DRAQ5 detection. Five images were collected per well for reliable statistical analysis. Automated image analysis was performed with a script developed on Acapella High Content Imaging and Analysis Software (PerkinElmer). Output: number of amastigotes per cell as infection level measurement."
CHEMBL4127169,COc1ccc2cc(S(=O)(=O)Nc3cccnc3)ccc2c1,COc1ccc2cc(S(=O)(=O)Nc3cccnc3)ccc2c1,5.26,Active,EC50,Trypanosoma cruzi,T_cruzi,O=S(=O)(Nc1cccnc1)c1ccc2ccccc2c1,CHEMBL4122779,Antitrypanosomal activity against Trypanosoma cruzi Tulahuen amastigotes infected in mouse L929 cells after 96 hrs by beta galactosidase reporter assay
CHEMBL1527364,COc1cccc(NS(=O)(=O)c2ccc3[nH]cc(C(=O)NCCC(C)C)c(=O)c3c2)c1,COc1cccc(NS(=O)(=O)c2ccc3ncc(C(=O)NCCC(C)C)c(O)c3c2)c1,4.8,Inactive,IC50,Trypanosoma cruzi,T_cruzi,O=c1cc[nH]c2ccc(S(=O)(=O)Nc3ccccc3)cc12,CHEMBL3431448,"GSK_TCAKS: pIC50 Trypanosoma cruzi Imaging: Amastigotes/Cell. H9c2 cells were seeded in T-225 flasks (225cm^2 culture surface; Corning Inc., NY, USA) in DMEM-10% FBS for 4h to allow attachment. Cells were then washed once with PBS before infection. T. cruzi trypomastigotes, collected at days 5 to 8 after infection from LLC-MK2 parasite infected cultures, were allowed to swim out for 4h at 37C from a centrifuged pellet (2,500 rpm/10 min/room temperature). Trypomastigotes were then collected and counted in a CASY Cell Counter. Trypomastigotes, in supplemented DMEM, were added to H9c2 cultures in a multiplicity of infection of 1 and incubated for 18 h. Cells were washed once with PBS before incubation of the infected H9c2 monolayer with trypsin (Life-Technologies) to detach cells from the flask. Cells were counted in a CASY Cell Counter using a 150 um capillary and their density set at 5 * 10^4 cells per mL in supplemented assay DMEM. Infected H9c2 were dispensed into 384-well poly-lysine coated assay plates at 50uL per well using a Multidrop Combi dispenser. After seeding them, the plates were incubated at 37C, 5% CO2 for 72h. Cultures were then fixed and stained by addition of 50 uL of a solution containing 8% formaldehyde and 4 uM DRAQ5 DNA dye (BioStatus, UK) per well. Plates were kept light-protected and imaged one hour later in a Perkin-Elmer Opera microscope using a 20x air objective (NA 0.4) and the following acquisition set: a 635 nm laser excitation line and a 690/50 emission detection filter for DRAQ5 detection. Five images were collected per well for reliable statistical analysis. Automated image analysis was performed with a script developed on Acapella High Content Imaging and Analysis Software (PerkinElmer). Output: number of amastigotes per cell as infection level measurement."
CHEMBL3431391,COc1cccc(S(=O)(=O)Nc2ccc3c(c2)CC(N2CCC(NC(=O)C4CC4)CC2)C3)c1,COc1cccc(S(=O)(=O)Nc2ccc3c(c2)CC(N2CCC(NC(=O)C4CC4)CC2)C3)c1,4.45,Inactive,IC50,Trypanosoma cruzi,T_cruzi,O=C(NC1CCN(C2Cc3ccc(NS(=O)(=O)c4ccccc4)cc3C2)CC1)C1CC1,CHEMBL3431448,"GSK_TCAKS: pIC50 Trypanosoma cruzi Imaging: Amastigotes/Cell. H9c2 cells were seeded in T-225 flasks (225cm^2 culture surface; Corning Inc., NY, USA) in DMEM-10% FBS for 4h to allow attachment. Cells were then washed once with PBS before infection. T. cruzi trypomastigotes, collected at days 5 to 8 after infection from LLC-MK2 parasite infected cultures, were allowed to swim out for 4h at 37C from a centrifuged pellet (2,500 rpm/10 min/room temperature). Trypomastigotes were then collected and counted in a CASY Cell Counter. Trypomastigotes, in supplemented DMEM, were added to H9c2 cultures in a multiplicity of infection of 1 and incubated for 18 h. Cells were washed once with PBS before incubation of the infected H9c2 monolayer with trypsin (Life-Technologies) to detach cells from the flask. Cells were counted in a CASY Cell Counter using a 150 um capillary and their density set at 5 * 10^4 cells per mL in supplemented assay DMEM. Infected H9c2 were dispensed into 384-well poly-lysine coated assay plates at 50uL per well using a Multidrop Combi dispenser. After seeding them, the plates were incubated at 37C, 5% CO2 for 72h. Cultures were then fixed and stained by addition of 50 uL of a solution containing 8% formaldehyde and 4 uM DRAQ5 DNA dye (BioStatus, UK) per well. Plates were kept light-protected and imaged one hour later in a Perkin-Elmer Opera microscope using a 20x air objective (NA 0.4) and the following acquisition set: a 635 nm laser excitation line and a 690/50 emission detection filter for DRAQ5 detection. Five images were collected per well for reliable statistical analysis. Automated image analysis was performed with a script developed on Acapella High Content Imaging and Analysis Software (PerkinElmer). Output: number of amastigotes per cell as infection level measurement."
CHEMBL3430982,COc1ccccc1C1CC(c2ccc(NS(C)(=O)=O)cc2)=NN1C(=O)c1cccs1,COc1ccccc1C1CC(c2ccc(NS(C)(=O)=O)cc2)=NN1C(=O)c1cccs1,4.6,Inactive,IC50,Trypanosoma cruzi,T_cruzi,O=C(c1cccs1)N1N=C(c2ccccc2)CC1c1ccccc1,CHEMBL3431446,"GSK_TCAKS: pIC50 Trypanosoma cruzi viability assay using beta-GAL activity. This assay was run at single shot at 5uM compound concentration per well. The biological reagents consisted of NIH-3T3 host cells and trypomastigotes parasitic cells; both cell types were set to a 3.3 * 10^5 cells/mL dilution in assay DMEM by means of a CASY cell counter device using a 60um capillary. 6 uL of the mixture were dispensed per well (about 1 * 10^3 host-cells and 1 * 10^3 parasites) with a Multidrop Combi dispenser. Previously, a solution of 1.67 * 10^5 trypomastigotes per mL in assay DMEM had been prepared and 6uL per well dispensed in the allotted control columns that defined 100% inhibition. The 0% inhibition of parasitic growth control was obtained by leaving the assay mixture untreated in its corresponding plate columns. In all wells, the percentage of DMSO never exceeded 0.5%. Plates incubated for four days at 37C, 5% CO2. The substrate used for the assay fluorescence intensity (FLINT) readout was resorufin-beta-D-galactopiranoside (Sigma-Aldrich) at 5uM per well. It was diluted in PBS supplemented with the soft detergent Igepal (Fluka). Upon addition to the plates, the substrate solution was incubated for 4h at room temperature and the signal read with the EnVision microtiter plate reader (Perkin-Elmer) using the corresponding set of filters (excitation/emission at 531/595nm)."
CHEMBL600439,COc1ccccc1N1CCN(C(CNS(=O)(=O)c2ccc(Cl)cc2)c2cccnc2)CC1,COc1ccccc1N1CCN(C(CNS(=O)(=O)c2ccc(Cl)cc2)c2cccnc2)CC1,6.05,Active,IC50,Trypanosoma cruzi,T_cruzi,O=S(=O)(NCC(c1cccnc1)N1CCN(c2ccccc2)CC1)c1ccccc1,CHEMBL2028073,MMV: Inhibition of Trypanosoma cruzi (Tulahuen C4 LacZ) (Chagas in vitro).
CHEMBL5417095,COc1ccccc1OCC#CCNS(=O)(=O)c1ccc(Cl)c(Cl)c1,COc1ccccc1OCC#CCNS(=O)(=O)c1ccc(Cl)c(Cl)c1,4.49,Inactive,IC50,Trypanosoma cruzi,T_cruzi,O=S(=O)(NCC#CCOc1ccccc1)c1ccccc1,CHEMBL5326091,Antitrypanosomal activity against Trypanosoma cruzi Y trypomastigotes infected in monkey LLC-MK2 cells assessed as parasite growth inhibition incubated for 24 hrs by resazurin dye based microplate reader assay
CHEMBL1229721,COc1nc(C)nc(NC(=O)NS(=O)(=O)c2ccccc2Cl)n1,COc1nc(C)nc(NC(=O)NS(=O)(=O)c2ccccc2Cl)n1,4.35,Inactive,IC50,Trypanosoma cruzi,T_cruzi,O=C(Nc1ncncn1)NS(=O)(=O)c1ccccc1,CHEMBL1863510,"DNDI: Inhibition of Chagas Disease parasite Trypanosoma cruzi (Tulahuen LacZ, Clone C4), in vitro."
CHEMBL3431168,COc1ncc(-c2ccc3nccc(-c4ccncc4)c3c2)cc1NS(=O)(=O)C1CC1,COc1ncc(-c2ccc3nccc(-c4ccncc4)c3c2)cc1NS(=O)(=O)C1CC1,5.9,Active,IC50,Trypanosoma cruzi,T_cruzi,O=S(=O)(Nc1cncc(-c2ccc3nccc(-c4ccncc4)c3c2)c1)C1CC1,CHEMBL3431448,"GSK_TCAKS: pIC50 Trypanosoma cruzi Imaging: Amastigotes/Cell. H9c2 cells were seeded in T-225 flasks (225cm^2 culture surface; Corning Inc., NY, USA) in DMEM-10% FBS for 4h to allow attachment. Cells were then washed once with PBS before infection. T. cruzi trypomastigotes, collected at days 5 to 8 after infection from LLC-MK2 parasite infected cultures, were allowed to swim out for 4h at 37C from a centrifuged pellet (2,500 rpm/10 min/room temperature). Trypomastigotes were then collected and counted in a CASY Cell Counter. Trypomastigotes, in supplemented DMEM, were added to H9c2 cultures in a multiplicity of infection of 1 and incubated for 18 h. Cells were washed once with PBS before incubation of the infected H9c2 monolayer with trypsin (Life-Technologies) to detach cells from the flask. Cells were counted in a CASY Cell Counter using a 150 um capillary and their density set at 5 * 10^4 cells per mL in supplemented assay DMEM. Infected H9c2 were dispensed into 384-well poly-lysine coated assay plates at 50uL per well using a Multidrop Combi dispenser. After seeding them, the plates were incubated at 37C, 5% CO2 for 72h. Cultures were then fixed and stained by addition of 50 uL of a solution containing 8% formaldehyde and 4 uM DRAQ5 DNA dye (BioStatus, UK) per well. Plates were kept light-protected and imaged one hour later in a Perkin-Elmer Opera microscope using a 20x air objective (NA 0.4) and the following acquisition set: a 635 nm laser excitation line and a 690/50 emission detection filter for DRAQ5 detection. Five images were collected per well for reliable statistical analysis. Automated image analysis was performed with a script developed on Acapella High Content Imaging and Analysis Software (PerkinElmer). Output: number of amastigotes per cell as infection level measurement."
CHEMBL2448751,CS(=O)(=O)N(Cc1c[nH]cn1)c1cc(F)cc(-c2nc3ccccc3s2)c1,CS(=O)(=O)N(Cc1cnc[nH]1)c1cc(F)cc(-c2nc3ccccc3s2)c1,7.16,Active,IC50,Trypanosoma cruzi,T_cruzi,c1cc(NCc2c[nH]cn2)cc(-c2nc3ccccc3s2)c1,CHEMBL2448754,DNDI: Chagas in Vitro
CHEMBL2448745,CS(=O)(=O)N(Cc1c[nH]cn1)c1ccc(-c2ccc(F)cc2)cc1F,CS(=O)(=O)N(Cc1c[nH]cn1)c1ccc(-c2ccc(F)cc2)cc1F,8.625,Active,IC50,Trypanosoma cruzi,T_cruzi,c1ccc(-c2ccc(NCc3c[nH]cn3)cc2)cc1,CHEMBL2448754,DNDI: Chagas in Vitro
CHEMBL2448735,CS(=O)(=O)N(Cc1c[nH]cn1)c1ccc(-c2nc3ccccc3s2)cc1,CS(=O)(=O)N(Cc1cnc[nH]1)c1ccc(-c2nc3ccccc3s2)cc1,9.72,Active,IC50,Trypanosoma cruzi,T_cruzi,c1ccc2sc(-c3ccc(NCc4c[nH]cn4)cc3)nc2c1,CHEMBL2448754,DNDI: Chagas in Vitro
CHEMBL2448741,CS(=O)(=O)N(Cc1cccnc1)c1ccc(-c2ccc(F)cc2)cc1F,CS(=O)(=O)N(Cc1cccnc1)c1ccc(-c2ccc(F)cc2)cc1F,8.85,Active,IC50,Trypanosoma cruzi,T_cruzi,c1ccc(-c2ccc(NCc3cccnc3)cc2)cc1,CHEMBL2448754,DNDI: Chagas in Vitro
CHEMBL2448731,CS(=O)(=O)N(Cc1cccnc1)c1ccc(-c2nc3ccccc3s2)cc1,CS(=O)(=O)N(Cc1cccnc1)c1ccc(-c2nc3ccccc3s2)cc1,7.39,Active,IC50,Trypanosoma cruzi,T_cruzi,c1cncc(CNc2ccc(-c3nc4ccccc4s3)cc2)c1,CHEMBL2448754,DNDI: Chagas in Vitro
CHEMBL1862824,CS(=O)(=O)N1CCC(C(=O)NC(c2ccc(Cl)cc2)c2cccnc2)CC1,CS(=O)(=O)N1CCC(C(=O)NC(c2ccc(Cl)cc2)c2cccnc2)CC1,5.21,Active,IC50,Trypanosoma cruzi,T_cruzi,O=C(NC(c1ccccc1)c1cccnc1)C1CCNCC1,CHEMBL1863510,"DNDI: Inhibition of Chagas Disease parasite Trypanosoma cruzi (Tulahuen LacZ, Clone C4), in vitro."
CHEMBL1863269,CS(=O)(=O)N1CCC(C(O)(c2ccc(Cl)cc2)c2cccnc2)CC1,CS(=O)(=O)N1CCC(C(O)(c2ccc(Cl)cc2)c2cccnc2)CC1,6.7,Active,IC50,Trypanosoma cruzi,T_cruzi,c1ccc(C(c2cccnc2)C2CCNCC2)cc1,CHEMBL1863510,"DNDI: Inhibition of Chagas Disease parasite Trypanosoma cruzi (Tulahuen LacZ, Clone C4), in vitro."
CHEMBL1862847,CS(=O)(=O)N1CCC(CNC(c2ccc(C(F)(F)F)cc2)c2cnccn2)CC1,CS(=O)(=O)N1CCC(CNC(c2ccc(C(F)(F)F)cc2)c2cnccn2)CC1.Cl,6.395,Active,IC50,Trypanosoma cruzi,T_cruzi,c1ccc(C(NCC2CCNCC2)c2cnccn2)cc1,CHEMBL1863510,"DNDI: Inhibition of Chagas Disease parasite Trypanosoma cruzi (Tulahuen LacZ, Clone C4), in vitro."
CHEMBL3137466,CS(=O)(=O)N1CCC(N(c2ccc(Cl)cc2)c2cccnc2)CC1,CS(=O)(=O)N1CCC(N(c2ccc(Cl)cc2)c2cccnc2)CC1,7.03,Active,IC50,Trypanosoma cruzi,T_cruzi,c1ccc(N(c2cccnc2)C2CCNCC2)cc1,CHEMBL3137484,DNDI: Chagas in Vitro
CHEMBL1862984,CS(=O)(=O)N1CCC(NC(c2ccc(C(F)(F)F)cc2)c2cccnc2)CC1,CS(=O)(=O)N1CCC(NC(c2ccc(C(F)(F)F)cc2)c2cccnc2)CC1,6.72,Active,IC50,Trypanosoma cruzi,T_cruzi,c1ccc(C(NC2CCNCC2)c2cccnc2)cc1,CHEMBL1863510,"DNDI: Inhibition of Chagas Disease parasite Trypanosoma cruzi (Tulahuen LacZ, Clone C4), in vitro."
CHEMBL1863019,CS(=O)(=O)N1CCC(NC(c2ccc(C(F)(F)F)cc2)c2cnccn2)CC1,CS(=O)(=O)N1CCC(NC(c2ccc(C(F)(F)F)cc2)c2cnccn2)CC1,6.01,Active,IC50,Trypanosoma cruzi,T_cruzi,c1ccc(C(NC2CCNCC2)c2cnccn2)cc1,CHEMBL1863510,"DNDI: Inhibition of Chagas Disease parasite Trypanosoma cruzi (Tulahuen LacZ, Clone C4), in vitro."
CHEMBL1863133,CS(=O)(=O)N1CCC(NC(c2cccnc2)c2ccc(Cl)cc2F)CC1,CS(=O)(=O)N1CCC(NC(c2cccnc2)c2ccc(Cl)cc2F)CC1,6.87,Active,IC50,Trypanosoma cruzi,T_cruzi,c1ccc(C(NC2CCNCC2)c2cccnc2)cc1,CHEMBL1863510,"DNDI: Inhibition of Chagas Disease parasite Trypanosoma cruzi (Tulahuen LacZ, Clone C4), in vitro."
CHEMBL1862861,CS(=O)(=O)N1CCC(NC(c2cnccn2)c2ccc(F)cc2F)CC1,CS(=O)(=O)N1CCC(NC(c2cnccn2)c2ccc(F)cc2F)CC1,6.17,Active,IC50,Trypanosoma cruzi,T_cruzi,c1ccc(C(NC2CCNCC2)c2cnccn2)cc1,CHEMBL1863510,"DNDI: Inhibition of Chagas Disease parasite Trypanosoma cruzi (Tulahuen LacZ, Clone C4), in vitro."
CHEMBL3431194,CS(=O)(=O)N1CCC(Nc2ncc(Br)c(Nc3cccc(F)c3C(N)=O)n2)CC1,CS(=O)(=O)N1CCC(Nc2ncc(Br)c(Nc3cccc(F)c3C(N)=O)n2)CC1,6.45,Active,IC50,Trypanosoma cruzi,T_cruzi,c1ccc(Nc2ccnc(NC3CCNCC3)n2)cc1,CHEMBL3431448,"GSK_TCAKS: pIC50 Trypanosoma cruzi Imaging: Amastigotes/Cell. H9c2 cells were seeded in T-225 flasks (225cm^2 culture surface; Corning Inc., NY, USA) in DMEM-10% FBS for 4h to allow attachment. Cells were then washed once with PBS before infection. T. cruzi trypomastigotes, collected at days 5 to 8 after infection from LLC-MK2 parasite infected cultures, were allowed to swim out for 4h at 37C from a centrifuged pellet (2,500 rpm/10 min/room temperature). Trypomastigotes were then collected and counted in a CASY Cell Counter. Trypomastigotes, in supplemented DMEM, were added to H9c2 cultures in a multiplicity of infection of 1 and incubated for 18 h. Cells were washed once with PBS before incubation of the infected H9c2 monolayer with trypsin (Life-Technologies) to detach cells from the flask. Cells were counted in a CASY Cell Counter using a 150 um capillary and their density set at 5 * 10^4 cells per mL in supplemented assay DMEM. Infected H9c2 were dispensed into 384-well poly-lysine coated assay plates at 50uL per well using a Multidrop Combi dispenser. After seeding them, the plates were incubated at 37C, 5% CO2 for 72h. Cultures were then fixed and stained by addition of 50 uL of a solution containing 8% formaldehyde and 4 uM DRAQ5 DNA dye (BioStatus, UK) per well. Plates were kept light-protected and imaged one hour later in a Perkin-Elmer Opera microscope using a 20x air objective (NA 0.4) and the following acquisition set: a 635 nm laser excitation line and a 690/50 emission detection filter for DRAQ5 detection. Five images were collected per well for reliable statistical analysis. Automated image analysis was performed with a script developed on Acapella High Content Imaging and Analysis Software (PerkinElmer). Output: number of amastigotes per cell as infection level measurement."
CHEMBL1863063,CS(=O)(=O)N1CCN(C(c2ccc(C#N)cc2)c2cccnc2)CC1,CS(=O)(=O)N1CCN(C(c2ccc(C#N)cc2)c2cccnc2)CC1,6.44,Active,IC50,Trypanosoma cruzi,T_cruzi,c1ccc(C(c2cccnc2)N2CCNCC2)cc1,CHEMBL1863510,"DNDI: Inhibition of Chagas Disease parasite Trypanosoma cruzi (Tulahuen LacZ, Clone C4), in vitro."
CHEMBL1863404,CS(=O)(=O)N1CCN(C(c2ccc(C(F)(F)F)cc2)c2cccnc2)CC1,CS(=O)(=O)N1CCN(C(c2ccc(C(F)(F)F)cc2)c2cccnc2)CC1,7.115,Active,IC50,Trypanosoma cruzi,T_cruzi,c1ccc(C(c2cccnc2)N2CCNCC2)cc1,CHEMBL1863510,"DNDI: Inhibition of Chagas Disease parasite Trypanosoma cruzi (Tulahuen LacZ, Clone C4), in vitro."
CHEMBL1863311,CS(=O)(=O)N1CCN(C(c2ccc(C(F)(F)F)cc2)c2cncnc2)CC1,CS(=O)(=O)N1CCN(C(c2ccc(C(F)(F)F)cc2)c2cncnc2)CC1,6.11,Active,IC50,Trypanosoma cruzi,T_cruzi,c1ccc(C(c2cncnc2)N2CCNCC2)cc1,CHEMBL1863510,"DNDI: Inhibition of Chagas Disease parasite Trypanosoma cruzi (Tulahuen LacZ, Clone C4), in vitro."
CHEMBL1863273,CS(=O)(=O)N1CCN(C(c2ccc(Cl)cc2)c2cccnc2)CC1,CS(=O)(=O)N1CCN(C(c2ccc(Cl)cc2)c2cccnc2)CC1,6.96,Active,IC50,Trypanosoma cruzi,T_cruzi,c1ccc(C(c2cccnc2)N2CCNCC2)cc1,CHEMBL1863510,"DNDI: Inhibition of Chagas Disease parasite Trypanosoma cruzi (Tulahuen LacZ, Clone C4), in vitro."
CHEMBL1863058,CS(=O)(=O)N1CCN(C(c2ccc(Cl)cc2)c2cncnc2)CC1,CS(=O)(=O)N1CCN(C(c2ccc(Cl)cc2)c2cncnc2)CC1,6.06,Active,IC50,Trypanosoma cruzi,T_cruzi,c1ccc(C(c2cncnc2)N2CCNCC2)cc1,CHEMBL1863510,"DNDI: Inhibition of Chagas Disease parasite Trypanosoma cruzi (Tulahuen LacZ, Clone C4), in vitro."
CHEMBL1863288,CS(=O)(=O)N1CCN(C(c2cccnc2)c2ccc(C(F)(F)F)cc2F)CC1,CS(=O)(=O)N1CCN(C(c2cccnc2)c2ccc(C(F)(F)F)cc2F)CC1,7.555,Active,IC50,Trypanosoma cruzi,T_cruzi,c1ccc(C(c2cccnc2)N2CCNCC2)cc1,CHEMBL1863510,"DNDI: Inhibition of Chagas Disease parasite Trypanosoma cruzi (Tulahuen LacZ, Clone C4), in vitro."
CHEMBL1863145,CS(=O)(=O)N1CCN(C(c2cccnc2)c2ccc(Cl)cc2F)CC1,CS(=O)(=O)N1CCN(C(c2cccnc2)c2ccc(Cl)cc2F)CC1,7.4,Active,IC50,Trypanosoma cruzi,T_cruzi,c1ccc(C(c2cccnc2)N2CCNCC2)cc1,CHEMBL1863510,"DNDI: Inhibition of Chagas Disease parasite Trypanosoma cruzi (Tulahuen LacZ, Clone C4), in vitro."
CHEMBL1863131,CS(=O)(=O)N1CCN(C(c2cncnc2)c2ccc(C(F)(F)F)cc2F)CC1,CS(=O)(=O)N1CCN(C(c2cncnc2)c2ccc(C(F)(F)F)cc2F)CC1,7.605,Active,IC50,Trypanosoma cruzi,T_cruzi,c1ccc(C(c2cncnc2)N2CCNCC2)cc1,CHEMBL1863510,"DNDI: Inhibition of Chagas Disease parasite Trypanosoma cruzi (Tulahuen LacZ, Clone C4), in vitro."
CHEMBL1863479,CS(=O)(=O)N1CCN(C(c2cncnc2)c2ccc(Cl)cc2F)CC1,CS(=O)(=O)N1CCN(C(c2cncnc2)c2ccc(Cl)cc2F)CC1,6.38,Active,IC50,Trypanosoma cruzi,T_cruzi,c1ccc(C(c2cncnc2)N2CCNCC2)cc1,CHEMBL1863510,"DNDI: Inhibition of Chagas Disease parasite Trypanosoma cruzi (Tulahuen LacZ, Clone C4), in vitro."
CHEMBL4586853,CS(=O)(=O)N1CCN(c2ncc(-c3ccc4c(Nc5cnccn5)ccnc4c3)cn2)CC1,CS(=O)(=O)N1CCN(c2ncc(-c3ccc4c(Nc5cnccn5)ccnc4c3)cn2)CC1,4.35,Inactive,EC50,Trypanosoma cruzi,T_cruzi,c1cnc(Nc2ccnc3cc(-c4cnc(N5CCNCC5)nc4)ccc23)cn1,CHEMBL4344846,Antitrypanosomal activity against Trypanosoma cruzi Tulahuen trypomastigotes infected in mouse NIH/3T3 cells measured after 96 hrs by beta-galactosidase reporter gene assay
CHEMBL1863415,CS(=O)(=O)NC1CCN(C(c2ccc(C#N)cc2)c2cccnc2)CC1,CS(=O)(=O)NC1CCN(C(c2ccc(C#N)cc2)c2cccnc2)CC1,6.22,Active,IC50,Trypanosoma cruzi,T_cruzi,c1ccc(C(c2cccnc2)N2CCCCC2)cc1,CHEMBL1863510,"DNDI: Inhibition of Chagas Disease parasite Trypanosoma cruzi (Tulahuen LacZ, Clone C4), in vitro."
CHEMBL1863059,CS(=O)(=O)NC1CCN(C(c2ccc(C(F)(F)F)cc2)c2cccnc2)CC1,CS(=O)(=O)NC1CCN(C(c2ccc(C(F)(F)F)cc2)c2cccnc2)CC1,7.3,Active,IC50,Trypanosoma cruzi,T_cruzi,c1ccc(C(c2cccnc2)N2CCCCC2)cc1,CHEMBL1863510,"DNDI: Inhibition of Chagas Disease parasite Trypanosoma cruzi (Tulahuen LacZ, Clone C4), in vitro."
CHEMBL1862972,CS(=O)(=O)NC1CCN(C(c2ccc(C(F)(F)F)cc2)c2cnccn2)CC1,CS(=O)(=O)NC1CCN(C(c2ccc(C(F)(F)F)cc2)c2cnccn2)CC1,5.91,Active,IC50,Trypanosoma cruzi,T_cruzi,c1ccc(C(c2cnccn2)N2CCCCC2)cc1,CHEMBL1863510,"DNDI: Inhibition of Chagas Disease parasite Trypanosoma cruzi (Tulahuen LacZ, Clone C4), in vitro."
CHEMBL1862935,CS(=O)(=O)NC1CCN(C(c2ccc(Cl)cc2)c2cccnc2)CC1,CS(=O)(=O)NC1CCN(C(c2ccc(Cl)cc2)c2cccnc2)CC1,7.0,Active,IC50,Trypanosoma cruzi,T_cruzi,c1ccc(C(c2cccnc2)N2CCCCC2)cc1,CHEMBL1863510,"DNDI: Inhibition of Chagas Disease parasite Trypanosoma cruzi (Tulahuen LacZ, Clone C4), in vitro."
CHEMBL1862874,CS(=O)(=O)NC1CCN(C(c2ccc(Cl)cc2)c2cncnc2)CC1,CS(=O)(=O)NC1CCN(C(c2ccc(Cl)cc2)c2cncnc2)CC1,6.2,Active,IC50,Trypanosoma cruzi,T_cruzi,c1ccc(C(c2cncnc2)N2CCCCC2)cc1,CHEMBL1863510,"DNDI: Inhibition of Chagas Disease parasite Trypanosoma cruzi (Tulahuen LacZ, Clone C4), in vitro."
CHEMBL1862835,CS(=O)(=O)NC1CCN(C(c2cccnc2)c2ccc(Cl)cc2F)CC1,CS(=O)(=O)NC1CCN(C(c2cccnc2)c2ccc(Cl)cc2F)CC1,7.08,Active,IC50,Trypanosoma cruzi,T_cruzi,c1ccc(C(c2cccnc2)N2CCCCC2)cc1,CHEMBL1863510,"DNDI: Inhibition of Chagas Disease parasite Trypanosoma cruzi (Tulahuen LacZ, Clone C4), in vitro."
CHEMBL1863264,CS(=O)(=O)NC1CCN(C(c2cnccn2)c2ccc(F)cc2F)CC1,CS(=O)(=O)NC1CCN(C(c2cnccn2)c2ccc(F)cc2F)CC1,5.86,Active,IC50,Trypanosoma cruzi,T_cruzi,c1ccc(C(c2cnccn2)N2CCCCC2)cc1,CHEMBL1863510,"DNDI: Inhibition of Chagas Disease parasite Trypanosoma cruzi (Tulahuen LacZ, Clone C4), in vitro."
CHEMBL3431133,CS(=O)(=O)N[C@H]1CC[C@@H](Oc2cc3cnccc3cc2-c2ccsc2)CC1,CS(=O)(=O)N[C@H]1CC[C@@H](Oc2cc3cnccc3cc2-c2ccsc2)CC1.O=C(O)C(F)(F)F,6.9,Active,IC50,Trypanosoma cruzi,T_cruzi,c1cc2cc(-c3ccsc3)c(OC3CCCCC3)cc2cn1,CHEMBL3431448,"GSK_TCAKS: pIC50 Trypanosoma cruzi Imaging: Amastigotes/Cell. H9c2 cells were seeded in T-225 flasks (225cm^2 culture surface; Corning Inc., NY, USA) in DMEM-10% FBS for 4h to allow attachment. Cells were then washed once with PBS before infection. T. cruzi trypomastigotes, collected at days 5 to 8 after infection from LLC-MK2 parasite infected cultures, were allowed to swim out for 4h at 37C from a centrifuged pellet (2,500 rpm/10 min/room temperature). Trypomastigotes were then collected and counted in a CASY Cell Counter. Trypomastigotes, in supplemented DMEM, were added to H9c2 cultures in a multiplicity of infection of 1 and incubated for 18 h. Cells were washed once with PBS before incubation of the infected H9c2 monolayer with trypsin (Life-Technologies) to detach cells from the flask. Cells were counted in a CASY Cell Counter using a 150 um capillary and their density set at 5 * 10^4 cells per mL in supplemented assay DMEM. Infected H9c2 were dispensed into 384-well poly-lysine coated assay plates at 50uL per well using a Multidrop Combi dispenser. After seeding them, the plates were incubated at 37C, 5% CO2 for 72h. Cultures were then fixed and stained by addition of 50 uL of a solution containing 8% formaldehyde and 4 uM DRAQ5 DNA dye (BioStatus, UK) per well. Plates were kept light-protected and imaged one hour later in a Perkin-Elmer Opera microscope using a 20x air objective (NA 0.4) and the following acquisition set: a 635 nm laser excitation line and a 690/50 emission detection filter for DRAQ5 detection. Five images were collected per well for reliable statistical analysis. Automated image analysis was performed with a script developed on Acapella High Content Imaging and Analysis Software (PerkinElmer). Output: number of amastigotes per cell as infection level measurement."
CHEMBL1862902,CS(=O)(=O)Nc1ccc(C(O)(c2ccc(Cl)cc2)c2cccnc2)cc1,CS(=O)(=O)Nc1ccc(C(O)(c2ccc(Cl)cc2)c2cccnc2)cc1,7.52,Active,IC50,Trypanosoma cruzi,T_cruzi,c1ccc(C(c2ccccc2)c2cccnc2)cc1,CHEMBL1863510,"DNDI: Inhibition of Chagas Disease parasite Trypanosoma cruzi (Tulahuen LacZ, Clone C4), in vitro."
CHEMBL4537131,C[C@@H]1CN(c2ccc(S(=O)(=O)NCc3ccc(C(=O)Nc4cccnc4)cc3)cc2)C[C@H](C)N1,C[C@@H]1CN(c2ccc(S(=O)(=O)NCc3ccc(C(=O)Nc4cccnc4)cc3)cc2)C[C@H](C)N1,3.886056647693163,Inactive,IC50,Trypanosoma cruzi,T_cruzi,O=C(Nc1cccnc1)c1ccc(CNS(=O)(=O)c2ccc(N3CCNCC3)cc2)cc1,CHEMBL4343685,Antitrypanosomal activity against Trypanosoma cruzi Tulahuen C4 trypomastigotes infected in rat L6 cells measured after 96 hrs by inverted microscopy analysis
CHEMBL4643180,C[C@]12CC[C@H](OCCS(=O)(=O)N3CCOCC3)C[C@@H]1CC[C@@H]1[C@@H]2CC[C@]2(C)C(=O)C(Br)C[C@@H]12,C[C@]12CC[C@H](OCCS(=O)(=O)N3CCOCC3)C[C@@H]1CC[C@@H]1[C@@H]2CC[C@]2(C)C(=O)[C@H](Br)C[C@@H]12,5.62,Active,EC50,Trypanosoma cruzi,T_cruzi,O=C1CC[C@@H]2C1CC[C@@H]1C3CC[C@H](OCCS(=O)(=O)N4CCOCC4)C[C@@H]3CC[C@@H]21,CHEMBL4630202,Antitrypanosomal activity against Trypanosoma cruzi Y amastigotes infected in rat H9C2 cells after 72 hrs by Hoechst 33342 staining based fluorescence microscopy
CHEMBL3357685,Cc1c(NS(=O)(=O)c2c(Cl)cc(-c3ccnc(N4CCNCC4)c3)cc2Cl)c(CC(C)C)nn1C,Cc1c(NS(=O)(=O)c2c(Cl)cc(-c3ccnc(N4CCNCC4)c3)cc2Cl)c(CC(C)C)nn1C,5.74,Active,EC50,Trypanosoma cruzi,T_cruzi,O=S(=O)(Nc1cn[nH]c1)c1ccc(-c2ccnc(N3CCNCC3)c2)cc1,CHEMBL5634233,Antiprotozoal activity against Trypanosoma cruzi amastigotes measured after 24 hrs
CHEMBL3431079,Cc1cc(N2CCc3ccccc3C2)nc(Nc2ccc(S(=O)(=O)N3CCOCC3)cc2)n1,Cc1cc(N2CCc3ccccc3C2)nc(Nc2ccc(S(=O)(=O)N3CCOCC3)cc2)n1.Cl,4.6,Inactive,IC50,Trypanosoma cruzi,T_cruzi,O=S(=O)(c1ccc(Nc2nccc(N3CCc4ccccc4C3)n2)cc1)N1CCOCC1,CHEMBL3431448,"GSK_TCAKS: pIC50 Trypanosoma cruzi Imaging: Amastigotes/Cell. H9c2 cells were seeded in T-225 flasks (225cm^2 culture surface; Corning Inc., NY, USA) in DMEM-10% FBS for 4h to allow attachment. Cells were then washed once with PBS before infection. T. cruzi trypomastigotes, collected at days 5 to 8 after infection from LLC-MK2 parasite infected cultures, were allowed to swim out for 4h at 37C from a centrifuged pellet (2,500 rpm/10 min/room temperature). Trypomastigotes were then collected and counted in a CASY Cell Counter. Trypomastigotes, in supplemented DMEM, were added to H9c2 cultures in a multiplicity of infection of 1 and incubated for 18 h. Cells were washed once with PBS before incubation of the infected H9c2 monolayer with trypsin (Life-Technologies) to detach cells from the flask. Cells were counted in a CASY Cell Counter using a 150 um capillary and their density set at 5 * 10^4 cells per mL in supplemented assay DMEM. Infected H9c2 were dispensed into 384-well poly-lysine coated assay plates at 50uL per well using a Multidrop Combi dispenser. After seeding them, the plates were incubated at 37C, 5% CO2 for 72h. Cultures were then fixed and stained by addition of 50 uL of a solution containing 8% formaldehyde and 4 uM DRAQ5 DNA dye (BioStatus, UK) per well. Plates were kept light-protected and imaged one hour later in a Perkin-Elmer Opera microscope using a 20x air objective (NA 0.4) and the following acquisition set: a 635 nm laser excitation line and a 690/50 emission detection filter for DRAQ5 detection. Five images were collected per well for reliable statistical analysis. Automated image analysis was performed with a script developed on Acapella High Content Imaging and Analysis Software (PerkinElmer). Output: number of amastigotes per cell as infection level measurement."
CHEMBL1863429,Cc1ccc(-c2c(Cl)nc(C#N)n2S(=O)(=O)N(C)C)cc1,Cc1ccc(-c2c(Cl)nc(C#N)n2S(=O)(=O)N(C)C)cc1,4.33,Inactive,IC50,Trypanosoma cruzi,T_cruzi,c1ccc(-c2cnc[nH]2)cc1,CHEMBL1863510,"DNDI: Inhibition of Chagas Disease parasite Trypanosoma cruzi (Tulahuen LacZ, Clone C4), in vitro."
CHEMBL3431010,Cc1ccc(-c2csc(NC(=O)C=Cc3ccc(S(=O)(=O)N4CCOCC4)cc3)n2)o1,Cc1ccc(-c2csc(NC(=O)C=Cc3ccc(S(=O)(=O)N4CCOCC4)cc3)n2)o1,5.0,Active,IC50,Trypanosoma cruzi,T_cruzi,O=C(C=Cc1ccc(S(=O)(=O)N2CCOCC2)cc1)Nc1nc(-c2ccco2)cs1,CHEMBL3431449,"GSK_TCAKS: pIC50 H2C9 Imaging: H9c2 Host Cardiomyocytes. H9c2 cells were seeded in T-225 flasks (225cm^2 culture surface; Corning Inc., NY, USA) in DMEM-10% FBS for 4h to allow attachment. Cells were then washed once with PBS before infection. T. cruzi trypomastigotes, collected at days 5 to 8 after infection from LLC-MK2 parasite infected cultures, were allowed to swim out for 4h at 37C from a centrifuged pellet (2,500 rpm/10 min/room temperature). Trypomastigotes were then collected and counted in a CASY Cell Counter. Trypomastigotes, in supplemented DMEM, were added to H9c2 cultures in a multiplicity of infection of 1 and incubated for 18 h. Cells were washed once with PBS before incubation of the infected H9c2 monolayer with trypsin (Life-Technologies) to detach cells from the flask. Cells were counted in a CASY Cell Counter using a 150 um capillary and their density set at 5 * 10^4 cells per mL in supplemented assay DMEM. Infected H9c2 were dispensed into 384-well poly-lysine coated assay plates at 50uL per well using a Multidrop Combi dispenser. After seeding them, the plates were incubated at 37C, 5% CO2 for 72h. Cultures were then fixed and stained by addition of 50 uL of a solution containing 8% formaldehyde and 4 uM DRAQ5 DNA dye (BioStatus, UK) per well. Plates were kept light-protected and imaged one hour later in a Perkin-Elmer Opera microscope using a 20x air objective (NA 0.4) and the following acquisition set: a 635 nm laser excitation line and a 690/50 emission detection filter for DRAQ5 detection. Five images were collected per well for reliable statistical analysis. Automated image analysis was performed with a script developed on Acapella High Content Imaging and Analysis Software (PerkinElmer). Output: Number of H9c2 Host Cardiomyocytes nuclei to determine drug-related cytotoxicity."
CHEMBL4475807,Cc1ccc(NC(=O)c2ccc(CNS(=O)(=O)c3ccc(N4CCN(C)CC4)cc3)cc2)c(C)n1,Cc1ccc(NC(=O)c2ccc(CNS(=O)(=O)c3ccc(N4CCN(C)CC4)cc3)cc2)c(C)n1,3.958607314841775,Inactive,IC50,Trypanosoma cruzi,T_cruzi,O=C(Nc1cccnc1)c1ccc(CNS(=O)(=O)c2ccc(N3CCNCC3)cc2)cc1,CHEMBL4343685,Antitrypanosomal activity against Trypanosoma cruzi Tulahuen C4 trypomastigotes infected in rat L6 cells measured after 96 hrs by inverted microscopy analysis
CHEMBL4575479,Cc1ccc(NC(=O)c2ccc(CNS(=O)(=O)c3ccc(N4CCN(C)CC4)cc3)cc2)cn1,Cc1ccc(NC(=O)c2ccc(CNS(=O)(=O)c3ccc(N4CCN(C)CC4)cc3)cc2)cn1,4.06,Inactive,IC50,Trypanosoma cruzi,T_cruzi,O=C(Nc1cccnc1)c1ccc(CNS(=O)(=O)c2ccc(N3CCNCC3)cc2)cc1,CHEMBL4343685,Antitrypanosomal activity against Trypanosoma cruzi Tulahuen C4 trypomastigotes infected in rat L6 cells measured after 96 hrs by inverted microscopy analysis
CHEMBL526199,Cc1ccc(NC(C)C(=O)Nc2ccc(C#N)cc2)cc1S(=O)(=O)N1CCCCC1,Cc1ccc(NC(C)C(=O)Nc2ccc(C#N)cc2)cc1S(=O)(=O)N1CCCCC1,5.1,Active,IC50,Trypanosoma cruzi,T_cruzi,O=C(CNc1cccc(S(=O)(=O)N2CCCCC2)c1)Nc1ccccc1,CHEMBL3431446,"GSK_TCAKS: pIC50 Trypanosoma cruzi viability assay using beta-GAL activity. This assay was run at single shot at 5uM compound concentration per well. The biological reagents consisted of NIH-3T3 host cells and trypomastigotes parasitic cells; both cell types were set to a 3.3 * 10^5 cells/mL dilution in assay DMEM by means of a CASY cell counter device using a 60um capillary. 6 uL of the mixture were dispensed per well (about 1 * 10^3 host-cells and 1 * 10^3 parasites) with a Multidrop Combi dispenser. Previously, a solution of 1.67 * 10^5 trypomastigotes per mL in assay DMEM had been prepared and 6uL per well dispensed in the allotted control columns that defined 100% inhibition. The 0% inhibition of parasitic growth control was obtained by leaving the assay mixture untreated in its corresponding plate columns. In all wells, the percentage of DMSO never exceeded 0.5%. Plates incubated for four days at 37C, 5% CO2. The substrate used for the assay fluorescence intensity (FLINT) readout was resorufin-beta-D-galactopiranoside (Sigma-Aldrich) at 5uM per well. It was diluted in PBS supplemented with the soft detergent Igepal (Fluka). Upon addition to the plates, the substrate solution was incubated for 4h at room temperature and the signal read with the EnVision microtiter plate reader (Perkin-Elmer) using the corresponding set of filters (excitation/emission at 531/595nm)."
CHEMBL5572194,Cc1ccc(S(=O)(=O)N2CCN(c3ccc(OCCN(C)C)cc3)CC2)cc1,Cc1ccc(S(=O)(=O)N2CCN(c3ccc(OCCN(C)C)cc3)CC2)cc1,5.66,Active,IC50,Trypanosoma cruzi,T_cruzi,O=S(=O)(c1ccccc1)N1CCN(c2ccccc2)CC1,CHEMBL5551394,Antitrypanosomal activity against Trypanosoma cruzi Tulahuen expressing Escherichia coli beta-galactosidase infected in L929 cells pretreated with parasite for 50 hrs followed by compound addition and measured after 96 hrs
CHEMBL591748,Cc1ccc(S(=O)(=O)N2c3ccccc3CCC2C)cc1,Cc1ccc(S(=O)(=O)N2c3ccccc3CCC2C)cc1,4.78,Inactive,IC50,Trypanosoma cruzi,T_cruzi,O=S(=O)(c1ccccc1)N1CCCc2ccccc21,CHEMBL1073484,Antitrypanosomal activity against Trypanosoma cruzi infected in rat L6 cells
CHEMBL3410638,Cc1ccc(S(=O)(=O)NC(Cc2ccccc2)Cn2cnc([N+](=O)[O-])n2)cc1,Cc1ccc(S(=O)(=O)NC(Cc2ccccc2)Cn2cnc([N+](=O)[O-])n2)cc1,6.47,Active,IC50,Trypanosoma cruzi,T_cruzi,O=S(=O)(NC(Cc1ccccc1)Cn1cncn1)c1ccccc1,CHEMBL3413261,Antitrypanosomal activity against amastigote stage of Trypanosoma cruzi Tulahuen C4 infected in rat L6 cells assessed as parasite growth inhibition after 96 hrs by colorimetric analysis
CHEMBL2070689,Cc1ccc(S(=O)(=O)NCCCn2cnc([N+](=O)[O-])n2)cc1,Cc1ccc(S(=O)(=O)NCCCn2cnc([N+](=O)[O-])n2)cc1,6.38,Active,IC50,Trypanosoma cruzi,T_cruzi,O=S(=O)(NCCCn1cncn1)c1ccccc1,CHEMBL2072679,Antitrypanosomal activity against Trypanosoma cruzi Tulahuen C4 amastigotes
CHEMBL5173853,Cc1ccc(S(=O)(=O)Nc2ccc(CN(C)[C@@H]3CCN(C(=O)c4cccc(Cl)c4)C3)cc2)cc1,Cc1ccc(S(=O)(=O)Nc2ccc(CN(C)[C@@H]3CCN(C(=O)c4cccc(Cl)c4)C3)cc2)cc1,5.0,Active,EC50,Trypanosoma cruzi,T_cruzi,O=C(c1ccccc1)N1CC[C@@H](NCc2ccc(NS(=O)(=O)c3ccccc3)cc2)C1,CHEMBL5115680,Antitrypanosomal activity against intracellularTrypanosoma cruzi amastigote
CHEMBL5198955,Cc1ccc(S(=O)(=O)Nc2ccc(CN(C)[C@H]3CCN(C(=O)c4cccc(Cl)c4)C3)cc2)cc1,Cc1ccc(S(=O)(=O)Nc2ccc(CN(C)[C@H]3CCN(C(=O)c4cccc(Cl)c4)C3)cc2)cc1,5.2,Active,EC50,Trypanosoma cruzi,T_cruzi,O=C(c1ccccc1)N1CC[C@H](NCc2ccc(NS(=O)(=O)c3ccccc3)cc2)C1,CHEMBL5115680,Antitrypanosomal activity against intracellularTrypanosoma cruzi amastigote
CHEMBL5206675,Cc1ccc(S(=O)(=O)Nc2ccc(CN3CCC(NC(=O)c4cccc(Cl)c4)CC3)cc2)cc1,Cc1ccc(S(=O)(=O)Nc2ccc(CN3CCC(NC(=O)c4cccc(Cl)c4)CC3)cc2)cc1,5.5,Active,EC50,Trypanosoma cruzi,T_cruzi,O=C(NC1CCN(Cc2ccc(NS(=O)(=O)c3ccccc3)cc2)CC1)c1ccccc1,CHEMBL5115680,Antitrypanosomal activity against intracellularTrypanosoma cruzi amastigote
CHEMBL5185400,Cc1ccc(S(=O)(=O)Nc2ccc(CN3CCN(C(=O)C4CCc5ccccc54)CC3)cc2)cc1,Cc1ccc(S(=O)(=O)Nc2ccc(CN3CCN(C(=O)C4CCc5ccccc54)CC3)cc2)cc1,5.4,Active,EC50,Trypanosoma cruzi,T_cruzi,O=C(C1CCc2ccccc21)N1CCN(Cc2ccc(NS(=O)(=O)c3ccccc3)cc2)CC1,CHEMBL5115680,Antitrypanosomal activity against intracellularTrypanosoma cruzi amastigote
CHEMBL5195923,Cc1ccc(S(=O)(=O)Nc2ccc(CN3CCN(C(=O)Cc4coc5ccccc45)CC3)cc2)cc1,Cc1ccc(S(=O)(=O)Nc2ccc(CN3CCN(C(=O)Cc4coc5ccccc45)CC3)cc2)cc1,5.2,Active,EC50,Trypanosoma cruzi,T_cruzi,O=C(Cc1coc2ccccc12)N1CCN(Cc2ccc(NS(=O)(=O)c3ccccc3)cc2)CC1,CHEMBL5115680,Antitrypanosomal activity against intracellularTrypanosoma cruzi amastigote
CHEMBL5195813,Cc1ccc(S(=O)(=O)Nc2ccc(CN3CCN(C(=O)c4cc(=O)c5ccccc5n4C)CC3)cc2)cc1,Cc1ccc(S(=O)(=O)Nc2ccc(CN3CCN(C(=O)c4cc(=O)c5ccccc5n4C)CC3)cc2)cc1,5.4,Active,EC50,Trypanosoma cruzi,T_cruzi,O=C(c1cc(=O)c2ccccc2[nH]1)N1CCN(Cc2ccc(NS(=O)(=O)c3ccccc3)cc2)CC1,CHEMBL5115680,Antitrypanosomal activity against intracellularTrypanosoma cruzi amastigote
CHEMBL5181614,Cc1ccc(S(=O)(=O)Nc2ccc(CN3CCN(C(=O)c4cc5ccccc5[nH]4)CC3)cc2)cc1,Cc1ccc(S(=O)(=O)Nc2ccc(CN3CCN(C(=O)c4cc5ccccc5[nH]4)CC3)cc2)cc1,6.7,Active,EC50,Trypanosoma cruzi,T_cruzi,O=C(c1cc2ccccc2[nH]1)N1CCN(Cc2ccc(NS(=O)(=O)c3ccccc3)cc2)CC1,CHEMBL5115680,Antitrypanosomal activity against intracellularTrypanosoma cruzi amastigote
CHEMBL3431323,Cc1ccc(S(=O)(=O)Nc2ccc(CN3CCN(C(=O)c4cccc(C#N)c4)CC3)cc2)cc1,Cc1ccc(S(=O)(=O)Nc2ccc(CN3CCN(C(=O)c4cccc(C#N)c4)CC3)cc2)cc1.O=C(O)C(F)(F)F,6.3,Active,EC50/IC50,Trypanosoma cruzi,T_cruzi,O=C(c1ccccc1)N1CCN(Cc2ccc(NS(=O)(=O)c3ccccc3)cc2)CC1,CHEMBL3431448,"GSK_TCAKS: pIC50 Trypanosoma cruzi Imaging: Amastigotes/Cell. H9c2 cells were seeded in T-225 flasks (225cm^2 culture surface; Corning Inc., NY, USA) in DMEM-10% FBS for 4h to allow attachment. Cells were then washed once with PBS before infection. T. cruzi trypomastigotes, collected at days 5 to 8 after infection from LLC-MK2 parasite infected cultures, were allowed to swim out for 4h at 37C from a centrifuged pellet (2,500 rpm/10 min/room temperature). Trypomastigotes were then collected and counted in a CASY Cell Counter. Trypomastigotes, in supplemented DMEM, were added to H9c2 cultures in a multiplicity of infection of 1 and incubated for 18 h. Cells were washed once with PBS before incubation of the infected H9c2 monolayer with trypsin (Life-Technologies) to detach cells from the flask. Cells were counted in a CASY Cell Counter using a 150 um capillary and their density set at 5 * 10^4 cells per mL in supplemented assay DMEM. Infected H9c2 were dispensed into 384-well poly-lysine coated assay plates at 50uL per well using a Multidrop Combi dispenser. After seeding them, the plates were incubated at 37C, 5% CO2 for 72h. Cultures were then fixed and stained by addition of 50 uL of a solution containing 8% formaldehyde and 4 uM DRAQ5 DNA dye (BioStatus, UK) per well. Plates were kept light-protected and imaged one hour later in a Perkin-Elmer Opera microscope using a 20x air objective (NA 0.4) and the following acquisition set: a 635 nm laser excitation line and a 690/50 emission detection filter for DRAQ5 detection. Five images were collected per well for reliable statistical analysis. Automated image analysis was performed with a script developed on Acapella High Content Imaging and Analysis Software (PerkinElmer). Output: number of amastigotes per cell as infection level measurement."
CHEMBL3431325,Cc1ccc(S(=O)(=O)Nc2ccc(CN3CCN(C(=O)c4cccc(C)c4)CC3)cc2)cc1,Cc1ccc(S(=O)(=O)Nc2ccc(CN3CCN(C(=O)c4cccc(C)c4)CC3)cc2)cc1.O=C(O)C(F)(F)F,6.5,Active,IC50,Trypanosoma cruzi,T_cruzi,O=C(c1ccccc1)N1CCN(Cc2ccc(NS(=O)(=O)c3ccccc3)cc2)CC1,CHEMBL3431448,"GSK_TCAKS: pIC50 Trypanosoma cruzi Imaging: Amastigotes/Cell. H9c2 cells were seeded in T-225 flasks (225cm^2 culture surface; Corning Inc., NY, USA) in DMEM-10% FBS for 4h to allow attachment. Cells were then washed once with PBS before infection. T. cruzi trypomastigotes, collected at days 5 to 8 after infection from LLC-MK2 parasite infected cultures, were allowed to swim out for 4h at 37C from a centrifuged pellet (2,500 rpm/10 min/room temperature). Trypomastigotes were then collected and counted in a CASY Cell Counter. Trypomastigotes, in supplemented DMEM, were added to H9c2 cultures in a multiplicity of infection of 1 and incubated for 18 h. Cells were washed once with PBS before incubation of the infected H9c2 monolayer with trypsin (Life-Technologies) to detach cells from the flask. Cells were counted in a CASY Cell Counter using a 150 um capillary and their density set at 5 * 10^4 cells per mL in supplemented assay DMEM. Infected H9c2 were dispensed into 384-well poly-lysine coated assay plates at 50uL per well using a Multidrop Combi dispenser. After seeding them, the plates were incubated at 37C, 5% CO2 for 72h. Cultures were then fixed and stained by addition of 50 uL of a solution containing 8% formaldehyde and 4 uM DRAQ5 DNA dye (BioStatus, UK) per well. Plates were kept light-protected and imaged one hour later in a Perkin-Elmer Opera microscope using a 20x air objective (NA 0.4) and the following acquisition set: a 635 nm laser excitation line and a 690/50 emission detection filter for DRAQ5 detection. Five images were collected per well for reliable statistical analysis. Automated image analysis was performed with a script developed on Acapella High Content Imaging and Analysis Software (PerkinElmer). Output: number of amastigotes per cell as infection level measurement."
CHEMBL5187467,Cc1ccc(S(=O)(=O)Nc2ccc(CN3CCN(C(=O)c4cccc(Cl)c4)CC3)cc2)cc1,Cc1ccc(S(=O)(=O)Nc2ccc(CN3CCN(C(=O)c4cccc(Cl)c4)CC3)cc2)cc1,6.8,Active,EC50,Trypanosoma cruzi,T_cruzi,O=C(c1ccccc1)N1CCN(Cc2ccc(NS(=O)(=O)c3ccccc3)cc2)CC1,CHEMBL5115680,Antitrypanosomal activity against intracellularTrypanosoma cruzi amastigote
CHEMBL5198680,Cc1ccc(S(=O)(=O)Nc2ccc(CN3C[C@@H]4CN(C(=O)c5cccc(Cl)c5)C[C@@H]4C3)cc2)cc1,Cc1ccc(S(=O)(=O)Nc2ccc(CN3C[C@@H]4CN(C(=O)c5cccc(Cl)c5)C[C@@H]4C3)cc2)cc1,5.2,Active,EC50,Trypanosoma cruzi,T_cruzi,O=C(c1ccccc1)N1C[C@H]2CN(Cc3ccc(NS(=O)(=O)c4ccccc4)cc3)C[C@H]2C1,CHEMBL5115680,Antitrypanosomal activity against intracellularTrypanosoma cruzi amastigote
CHEMBL5173156,Cc1ccc(S(=O)(=O)Nc2ccc(CNC3CN(C(=O)c4cccc(Cl)c4)C3)cc2)cc1,Cc1ccc(S(=O)(=O)Nc2ccc(CNC3CN(C(=O)c4cccc(Cl)c4)C3)cc2)cc1,4.9,Inactive,EC50,Trypanosoma cruzi,T_cruzi,O=C(c1ccccc1)N1CC(NCc2ccc(NS(=O)(=O)c3ccccc3)cc2)C1,CHEMBL5115680,Antitrypanosomal activity against intracellularTrypanosoma cruzi amastigote
CHEMBL5171508,Cc1ccc(S(=O)(=O)Nc2ccc(CN[C@@H]3CCN(C(=O)c4cccc(Cl)c4)C3)cc2)cc1,Cc1ccc(S(=O)(=O)Nc2ccc(CN[C@@H]3CCN(C(=O)c4cccc(Cl)c4)C3)cc2)cc1,4.8,Inactive,EC50,Trypanosoma cruzi,T_cruzi,O=C(c1ccccc1)N1CC[C@@H](NCc2ccc(NS(=O)(=O)c3ccccc3)cc2)C1,CHEMBL5115680,Antitrypanosomal activity against intracellularTrypanosoma cruzi amastigote
CHEMBL5191547,Cc1ccc(S(=O)(=O)Nc2ccc(CN[C@H]3CCN(C(=O)c4cccc(Cl)c4)C3)cc2)cc1,Cc1ccc(S(=O)(=O)Nc2ccc(CN[C@H]3CCN(C(=O)c4cccc(Cl)c4)C3)cc2)cc1,5.0,Active,EC50,Trypanosoma cruzi,T_cruzi,O=C(c1ccccc1)N1CC[C@H](NCc2ccc(NS(=O)(=O)c3ccccc3)cc2)C1,CHEMBL5115680,Antitrypanosomal activity against intracellularTrypanosoma cruzi amastigote
CHEMBL5194318,Cc1ccc(S(=O)(=O)Nc2ccc(NC3CCN(C(=O)c4cccc(Cl)c4)CC3)cc2)cc1,Cc1ccc(S(=O)(=O)Nc2ccc(NC3CCN(C(=O)c4cccc(Cl)c4)CC3)cc2)cc1,4.7,Inactive,EC50,Trypanosoma cruzi,T_cruzi,O=C(c1ccccc1)N1CCC(Nc2ccc(NS(=O)(=O)c3ccccc3)cc2)CC1,CHEMBL5115680,Antitrypanosomal activity against intracellularTrypanosoma cruzi amastigote
CHEMBL3113800,Cc1ccc(S(=O)(=O)Nc2ccc([Se][Se]c3ccc(NS(=O)(=O)c4ccc(C)cc4)cc3)cc2)cc1,Cc1ccc(S(=O)(=O)Nc2ccc([Se][Se]c3ccc(NS(=O)(=O)c4ccc(C)cc4)cc3)cc2)cc1,5.38,Active,IC50,Trypanosoma cruzi,T_cruzi,O=S(=O)(Nc1ccc([Se][Se]c2ccc(NS(=O)(=O)c3ccccc3)cc2)cc1)c1ccccc1,CHEMBL5355460,Antitrypanosomal activity against Trypanosoma cruzi arequipa strain trypomastigotes assessed as parasite growth inhibition incubated for 48 hrs by resazurin staining based analysis
CHEMBL5413444,Cc1cccc(NC(=O)C(Cc2ccccc2)NS(=O)(=O)c2cccc3nsnc23)c1,Cc1cccc(NC(=O)[C@@H](Cc2ccccc2)NS(=O)(=O)c2cccc3nsnc23)c1,4.64,Inactive,IC50,Trypanosoma cruzi,T_cruzi,O=C(Nc1ccccc1)C(Cc1ccccc1)NS(=O)(=O)c1cccc2nsnc12,CHEMBL5326091,Antitrypanosomal activity against Trypanosoma cruzi Y trypomastigotes infected in monkey LLC-MK2 cells assessed as parasite growth inhibition incubated for 24 hrs by resazurin dye based microplate reader assay
CHEMBL3431201,Cc1cccc(NS(=O)(=O)c2cnc3sc(C)cn3c2=O)c1,Cc1cccc(NS(=O)(=O)c2cnc3sc(C)cn3c2=O)c1,5.800000000000001,Active,IC50,Trypanosoma cruzi,T_cruzi,O=c1c(S(=O)(=O)Nc2ccccc2)cnc2sccn12,CHEMBL3431448,"GSK_TCAKS: pIC50 Trypanosoma cruzi Imaging: Amastigotes/Cell. H9c2 cells were seeded in T-225 flasks (225cm^2 culture surface; Corning Inc., NY, USA) in DMEM-10% FBS for 4h to allow attachment. Cells were then washed once with PBS before infection. T. cruzi trypomastigotes, collected at days 5 to 8 after infection from LLC-MK2 parasite infected cultures, were allowed to swim out for 4h at 37C from a centrifuged pellet (2,500 rpm/10 min/room temperature). Trypomastigotes were then collected and counted in a CASY Cell Counter. Trypomastigotes, in supplemented DMEM, were added to H9c2 cultures in a multiplicity of infection of 1 and incubated for 18 h. Cells were washed once with PBS before incubation of the infected H9c2 monolayer with trypsin (Life-Technologies) to detach cells from the flask. Cells were counted in a CASY Cell Counter using a 150 um capillary and their density set at 5 * 10^4 cells per mL in supplemented assay DMEM. Infected H9c2 were dispensed into 384-well poly-lysine coated assay plates at 50uL per well using a Multidrop Combi dispenser. After seeding them, the plates were incubated at 37C, 5% CO2 for 72h. Cultures were then fixed and stained by addition of 50 uL of a solution containing 8% formaldehyde and 4 uM DRAQ5 DNA dye (BioStatus, UK) per well. Plates were kept light-protected and imaged one hour later in a Perkin-Elmer Opera microscope using a 20x air objective (NA 0.4) and the following acquisition set: a 635 nm laser excitation line and a 690/50 emission detection filter for DRAQ5 detection. Five images were collected per well for reliable statistical analysis. Automated image analysis was performed with a script developed on Acapella High Content Imaging and Analysis Software (PerkinElmer). Output: number of amastigotes per cell as infection level measurement."
CHEMBL3431160,Cc1ccccc1NS(=O)(=O)c1ccc2[nH]cc(C(=O)NC3CCCC(C)C3C)c(=O)c2c1,Cc1ccccc1NS(=O)(=O)c1ccc2[nH]cc(C(=O)NC3CCCC(C)C3C)c(=O)c2c1,5.25,Active,IC50,Trypanosoma cruzi,T_cruzi,O=C(NC1CCCCC1)c1c[nH]c2ccc(S(=O)(=O)Nc3ccccc3)cc2c1=O,CHEMBL3431448,"GSK_TCAKS: pIC50 Trypanosoma cruzi Imaging: Amastigotes/Cell. H9c2 cells were seeded in T-225 flasks (225cm^2 culture surface; Corning Inc., NY, USA) in DMEM-10% FBS for 4h to allow attachment. Cells were then washed once with PBS before infection. T. cruzi trypomastigotes, collected at days 5 to 8 after infection from LLC-MK2 parasite infected cultures, were allowed to swim out for 4h at 37C from a centrifuged pellet (2,500 rpm/10 min/room temperature). Trypomastigotes were then collected and counted in a CASY Cell Counter. Trypomastigotes, in supplemented DMEM, were added to H9c2 cultures in a multiplicity of infection of 1 and incubated for 18 h. Cells were washed once with PBS before incubation of the infected H9c2 monolayer with trypsin (Life-Technologies) to detach cells from the flask. Cells were counted in a CASY Cell Counter using a 150 um capillary and their density set at 5 * 10^4 cells per mL in supplemented assay DMEM. Infected H9c2 were dispensed into 384-well poly-lysine coated assay plates at 50uL per well using a Multidrop Combi dispenser. After seeding them, the plates were incubated at 37C, 5% CO2 for 72h. Cultures were then fixed and stained by addition of 50 uL of a solution containing 8% formaldehyde and 4 uM DRAQ5 DNA dye (BioStatus, UK) per well. Plates were kept light-protected and imaged one hour later in a Perkin-Elmer Opera microscope using a 20x air objective (NA 0.4) and the following acquisition set: a 635 nm laser excitation line and a 690/50 emission detection filter for DRAQ5 detection. Five images were collected per well for reliable statistical analysis. Automated image analysis was performed with a script developed on Acapella High Content Imaging and Analysis Software (PerkinElmer). Output: number of amastigotes per cell as infection level measurement."
CHEMBL3431389,Cc1ccccc1NS(=O)(=O)c1ccc2[nH]cc(C(=O)NC3CCCC3)c(=O)c2c1,Cc1ccccc1NS(=O)(=O)c1ccc2[nH]cc(C(=O)NC3CCCC3)c(=O)c2c1,4.6,Inactive,IC50,Trypanosoma cruzi,T_cruzi,O=C(NC1CCCC1)c1c[nH]c2ccc(S(=O)(=O)Nc3ccccc3)cc2c1=O,CHEMBL3431448,"GSK_TCAKS: pIC50 Trypanosoma cruzi Imaging: Amastigotes/Cell. H9c2 cells were seeded in T-225 flasks (225cm^2 culture surface; Corning Inc., NY, USA) in DMEM-10% FBS for 4h to allow attachment. Cells were then washed once with PBS before infection. T. cruzi trypomastigotes, collected at days 5 to 8 after infection from LLC-MK2 parasite infected cultures, were allowed to swim out for 4h at 37C from a centrifuged pellet (2,500 rpm/10 min/room temperature). Trypomastigotes were then collected and counted in a CASY Cell Counter. Trypomastigotes, in supplemented DMEM, were added to H9c2 cultures in a multiplicity of infection of 1 and incubated for 18 h. Cells were washed once with PBS before incubation of the infected H9c2 monolayer with trypsin (Life-Technologies) to detach cells from the flask. Cells were counted in a CASY Cell Counter using a 150 um capillary and their density set at 5 * 10^4 cells per mL in supplemented assay DMEM. Infected H9c2 were dispensed into 384-well poly-lysine coated assay plates at 50uL per well using a Multidrop Combi dispenser. After seeding them, the plates were incubated at 37C, 5% CO2 for 72h. Cultures were then fixed and stained by addition of 50 uL of a solution containing 8% formaldehyde and 4 uM DRAQ5 DNA dye (BioStatus, UK) per well. Plates were kept light-protected and imaged one hour later in a Perkin-Elmer Opera microscope using a 20x air objective (NA 0.4) and the following acquisition set: a 635 nm laser excitation line and a 690/50 emission detection filter for DRAQ5 detection. Five images were collected per well for reliable statistical analysis. Automated image analysis was performed with a script developed on Acapella High Content Imaging and Analysis Software (PerkinElmer). Output: number of amastigotes per cell as infection level measurement."
CHEMBL1566898,Cc1ccccc1NS(=O)(=O)c1ccc2[nH]cc(C(=O)NC3CCCCC3)c(=O)c2c1,Cc1ccccc1NS(=O)(=O)c1ccc2[nH]cc(C(=O)NC3CCCCC3)c(=O)c2c1,4.9,Inactive,IC50,Trypanosoma cruzi,T_cruzi,O=C(NC1CCCCC1)c1c[nH]c2ccc(S(=O)(=O)Nc3ccccc3)cc2c1=O,CHEMBL3431448,"GSK_TCAKS: pIC50 Trypanosoma cruzi Imaging: Amastigotes/Cell. H9c2 cells were seeded in T-225 flasks (225cm^2 culture surface; Corning Inc., NY, USA) in DMEM-10% FBS for 4h to allow attachment. Cells were then washed once with PBS before infection. T. cruzi trypomastigotes, collected at days 5 to 8 after infection from LLC-MK2 parasite infected cultures, were allowed to swim out for 4h at 37C from a centrifuged pellet (2,500 rpm/10 min/room temperature). Trypomastigotes were then collected and counted in a CASY Cell Counter. Trypomastigotes, in supplemented DMEM, were added to H9c2 cultures in a multiplicity of infection of 1 and incubated for 18 h. Cells were washed once with PBS before incubation of the infected H9c2 monolayer with trypsin (Life-Technologies) to detach cells from the flask. Cells were counted in a CASY Cell Counter using a 150 um capillary and their density set at 5 * 10^4 cells per mL in supplemented assay DMEM. Infected H9c2 were dispensed into 384-well poly-lysine coated assay plates at 50uL per well using a Multidrop Combi dispenser. After seeding them, the plates were incubated at 37C, 5% CO2 for 72h. Cultures were then fixed and stained by addition of 50 uL of a solution containing 8% formaldehyde and 4 uM DRAQ5 DNA dye (BioStatus, UK) per well. Plates were kept light-protected and imaged one hour later in a Perkin-Elmer Opera microscope using a 20x air objective (NA 0.4) and the following acquisition set: a 635 nm laser excitation line and a 690/50 emission detection filter for DRAQ5 detection. Five images were collected per well for reliable statistical analysis. Automated image analysis was performed with a script developed on Acapella High Content Imaging and Analysis Software (PerkinElmer). Output: number of amastigotes per cell as infection level measurement."
CHEMBL1354075,Cc1ccnc(NS(=O)(=O)c2ccc(NC(=O)c3ccc([N+](=O)[O-])s3)cc2)n1,Cc1ccnc(NS(=O)(=O)c2ccc(NC(=O)c3ccc([N+](=O)[O-])s3)cc2)n1,5.25,Active,IC50,Trypanosoma cruzi,T_cruzi,O=C(Nc1ccc(S(=O)(=O)Nc2ncccn2)cc1)c1cccs1,CHEMBL3431448,"GSK_TCAKS: pIC50 Trypanosoma cruzi Imaging: Amastigotes/Cell. H9c2 cells were seeded in T-225 flasks (225cm^2 culture surface; Corning Inc., NY, USA) in DMEM-10% FBS for 4h to allow attachment. Cells were then washed once with PBS before infection. T. cruzi trypomastigotes, collected at days 5 to 8 after infection from LLC-MK2 parasite infected cultures, were allowed to swim out for 4h at 37C from a centrifuged pellet (2,500 rpm/10 min/room temperature). Trypomastigotes were then collected and counted in a CASY Cell Counter. Trypomastigotes, in supplemented DMEM, were added to H9c2 cultures in a multiplicity of infection of 1 and incubated for 18 h. Cells were washed once with PBS before incubation of the infected H9c2 monolayer with trypsin (Life-Technologies) to detach cells from the flask. Cells were counted in a CASY Cell Counter using a 150 um capillary and their density set at 5 * 10^4 cells per mL in supplemented assay DMEM. Infected H9c2 were dispensed into 384-well poly-lysine coated assay plates at 50uL per well using a Multidrop Combi dispenser. After seeding them, the plates were incubated at 37C, 5% CO2 for 72h. Cultures were then fixed and stained by addition of 50 uL of a solution containing 8% formaldehyde and 4 uM DRAQ5 DNA dye (BioStatus, UK) per well. Plates were kept light-protected and imaged one hour later in a Perkin-Elmer Opera microscope using a 20x air objective (NA 0.4) and the following acquisition set: a 635 nm laser excitation line and a 690/50 emission detection filter for DRAQ5 detection. Five images were collected per well for reliable statistical analysis. Automated image analysis was performed with a script developed on Acapella High Content Imaging and Analysis Software (PerkinElmer). Output: number of amastigotes per cell as infection level measurement."
CHEMBL3358489,Cc1nc([N+](=O)[O-])cn1CCCNS(=O)(=O)c1ccc(Cl)s1,Cc1nc([N+](=O)[O-])cn1CCCNS(=O)(=O)c1ccc(Cl)s1,3.99012436628784,Inactive,IC50,Trypanosoma cruzi,T_cruzi,O=S(=O)(NCCCn1ccnc1)c1cccs1,CHEMBL3383476,Antiparasitic activity against trypomastigote forms of Trypanosoma cruzi Tulahuen C2C4 infected in rat L6 cells assessed as inhibition of growth after 96 hrs by inverted microscopy
CHEMBL4448813,Cc1ncccc1NC(=O)c1ccc(CNS(=O)(=O)c2ccc(N3CCN(C)CC3)cc2)cc1,Cc1ncccc1NC(=O)c1ccc(CNS(=O)(=O)c2ccc(N3CCN(C)CC3)cc2)cc1,4.19,Inactive,IC50,Trypanosoma cruzi,T_cruzi,O=C(Nc1cccnc1)c1ccc(CNS(=O)(=O)c2ccc(N3CCNCC3)cc2)cc1,CHEMBL4343685,Antitrypanosomal activity against Trypanosoma cruzi Tulahuen C4 trypomastigotes infected in rat L6 cells measured after 96 hrs by inverted microscopy analysis
CHEMBL5646727,Cc1nn(C)c(C)c1N(C(F)F)S(=O)(=O)c1c(Cl)cc(-c2ccc(CCCC3CCN(C)CC3)cc2)cc1Cl,Cc1nn(C)c(C)c1N(C(F)F)S(=O)(=O)c1c(Cl)cc(-c2ccc(CCCC3CCN(C)CC3)cc2)cc1Cl,7.22,Active,EC50,Trypanosoma cruzi,T_cruzi,O=S(=O)(Nc1cn[nH]c1)c1ccc(-c2ccc(CCCC3CCNCC3)cc2)cc1,CHEMBL5634233,Antiprotozoal activity against Trypanosoma cruzi amastigotes measured after 24 hrs
CHEMBL5641858,Cc1nn(C)c(C)c1N(C(F)F)S(=O)(=O)c1c(Cl)cc(-c2ccc(CCCCC3CCN(C)CC3)cc2)cc1Cl,Cc1nn(C)c(C)c1N(C(F)F)S(=O)(=O)c1c(Cl)cc(-c2ccc(CCCCC3CCN(C)CC3)cc2)cc1Cl,7.7,Active,EC50,Trypanosoma cruzi,T_cruzi,O=S(=O)(Nc1cn[nH]c1)c1ccc(-c2ccc(CCCCC3CCNCC3)cc2)cc1,CHEMBL5634233,Antiprotozoal activity against Trypanosoma cruzi amastigotes measured after 24 hrs
CHEMBL1230468,Cc1nn(C)c(C)c1NS(=O)(=O)c1c(Cl)cc(-c2ccnc(N3CCNCC3)c2)cc1Cl,Cc1nn(C)c(C)c1NS(=O)(=O)c1c(Cl)cc(-c2ccnc(N3CCNCC3)c2)cc1Cl,6.07,Active,IC50,Trypanosoma cruzi,T_cruzi,O=S(=O)(Nc1cn[nH]c1)c1ccc(-c2ccnc(N3CCNCC3)c2)cc1,CHEMBL3832785,AntiTrypanosoma cruzi activity IC50 (uM)
CHEMBL2105542,Cn1c([N+](=O)[O-])cnc1N1CCN(S(C)(=O)=O)C1=O,Cn1c([N+](=O)[O-])cnc1N1CCN(S(C)(=O)=O)C1=O,4.72,Inactive,IC50,Trypanosoma cruzi,T_cruzi,O=C1NCCN1c1ncc[nH]1,CHEMBL3392937,"DNDI: Chagas in Vitro, 96 hour"
CHEMBL2322505,Cn1c2ccccc2c(=NCCCNS(=O)(=O)c2ccccc2)c2c3ccccc3[nH]c21,Cn1c2nc3ccccc3c-2c(NCCCNS(=O)(=O)c2ccccc2)c2ccccc21,5.8,Active,IC50,Trypanosoma cruzi,T_cruzi,O=S(=O)(NCCCN=c1c2ccccc2[nH]c2[nH]c3ccccc3c12)c1ccccc1,CHEMBL2327108,Antiparasitic activity against Trypanosoma cruzi Tulahuen C2C4 expressing beta-galactosidase infected in rat L6 cells after 96 hrs
CHEMBL2070693,Cn1ccnc1S(=O)(=O)NCCCn1cnc([N+](=O)[O-])n1,Cn1ccnc1S(=O)(=O)NCCCn1cnc([N+](=O)[O-])n1,4.69,Inactive,IC50,Trypanosoma cruzi,T_cruzi,O=S(=O)(NCCCn1cncn1)c1ncc[nH]1,CHEMBL2072679,Antitrypanosomal activity against Trypanosoma cruzi Tulahuen C4 amastigotes
CHEMBL2070692,Cn1ccnc1S(=O)(=O)NCCn1cnc([N+](=O)[O-])n1,Cn1ccnc1S(=O)(=O)NCCn1cnc([N+](=O)[O-])n1,4.08,Inactive,IC50,Trypanosoma cruzi,T_cruzi,O=S(=O)(NCCn1cncn1)c1ncc[nH]1,CHEMBL2072679,Antitrypanosomal activity against Trypanosoma cruzi Tulahuen C4 amastigotes
CHEMBL5572293,N#CCOc1ccc(C(=O)N2CCN(S(=O)(=O)c3ccc(Cl)cc3)CC2)cc1,N#CCOc1ccc(C(=O)N2CCN(S(=O)(=O)c3ccc(Cl)cc3)CC2)cc1,3.96657624451305,Inactive,IC50,Trypanosoma cruzi,T_cruzi,O=C(c1ccccc1)N1CCN(S(=O)(=O)c2ccccc2)CC1,CHEMBL5551394,Antitrypanosomal activity against Trypanosoma cruzi Tulahuen expressing Escherichia coli beta-galactosidase infected in L929 cells pretreated with parasite for 50 hrs followed by compound addition and measured after 96 hrs
CHEMBL5573392,N#CCOc1ccc(N2CCN(S(=O)(=O)c3ccc(Cl)cc3)CC2)cc1,N#CCOc1ccc(N2CCN(S(=O)(=O)c3ccc(Cl)cc3)CC2)cc1,5.14,Active,IC50,Trypanosoma cruzi,T_cruzi,O=S(=O)(c1ccccc1)N1CCN(c2ccccc2)CC1,CHEMBL5551394,Antitrypanosomal activity against Trypanosoma cruzi Tulahuen expressing Escherichia coli beta-galactosidase infected in L929 cells pretreated with parasite for 50 hrs followed by compound addition and measured after 96 hrs
CHEMBL3431200,N#Cc1ccc(S(=O)(=O)N2CCC3(CCN(c4ccccc4)C3=O)CC2)cc1,N#Cc1ccc(S(=O)(=O)N2CCC3(CCN(c4ccccc4)C3=O)CC2)cc1,6.0,Active,IC50,Trypanosoma cruzi,T_cruzi,O=C1N(c2ccccc2)CCC12CCN(S(=O)(=O)c1ccccc1)CC2,CHEMBL3431448,"GSK_TCAKS: pIC50 Trypanosoma cruzi Imaging: Amastigotes/Cell. H9c2 cells were seeded in T-225 flasks (225cm^2 culture surface; Corning Inc., NY, USA) in DMEM-10% FBS for 4h to allow attachment. Cells were then washed once with PBS before infection. T. cruzi trypomastigotes, collected at days 5 to 8 after infection from LLC-MK2 parasite infected cultures, were allowed to swim out for 4h at 37C from a centrifuged pellet (2,500 rpm/10 min/room temperature). Trypomastigotes were then collected and counted in a CASY Cell Counter. Trypomastigotes, in supplemented DMEM, were added to H9c2 cultures in a multiplicity of infection of 1 and incubated for 18 h. Cells were washed once with PBS before incubation of the infected H9c2 monolayer with trypsin (Life-Technologies) to detach cells from the flask. Cells were counted in a CASY Cell Counter using a 150 um capillary and their density set at 5 * 10^4 cells per mL in supplemented assay DMEM. Infected H9c2 were dispensed into 384-well poly-lysine coated assay plates at 50uL per well using a Multidrop Combi dispenser. After seeding them, the plates were incubated at 37C, 5% CO2 for 72h. Cultures were then fixed and stained by addition of 50 uL of a solution containing 8% formaldehyde and 4 uM DRAQ5 DNA dye (BioStatus, UK) per well. Plates were kept light-protected and imaged one hour later in a Perkin-Elmer Opera microscope using a 20x air objective (NA 0.4) and the following acquisition set: a 635 nm laser excitation line and a 690/50 emission detection filter for DRAQ5 detection. Five images were collected per well for reliable statistical analysis. Automated image analysis was performed with a script developed on Acapella High Content Imaging and Analysis Software (PerkinElmer). Output: number of amastigotes per cell as infection level measurement."
CHEMBL5205362,N#Cc1ccc(S(=O)(=O)Nc2ccc(CN3CCN(C(=O)c4cccc(Cl)c4)CC3)cc2)cc1,N#Cc1ccc(S(=O)(=O)Nc2ccc(CN3CCN(C(=O)c4cccc(Cl)c4)CC3)cc2)cc1,5.1,Active,EC50,Trypanosoma cruzi,T_cruzi,O=C(c1ccccc1)N1CCN(Cc2ccc(NS(=O)(=O)c3ccccc3)cc2)CC1,CHEMBL5115680,Antitrypanosomal activity against intracellularTrypanosoma cruzi amastigote
CHEMBL4176677,N=C1NS(=O)(=O)N(Cc2ccc(Cl)cc2)c2[nH]c(-c3ccccc3F)nc21,NC1=NS(=O)(=O)N(Cc2ccc(Cl)cc2)c2nc(-c3ccccc3F)[nH]c21,5.16,Active,IC50,Trypanosoma cruzi,T_cruzi,N=C1NS(=O)(=O)N(Cc2ccccc2)c2[nH]c(-c3ccccc3)nc21,CHEMBL4139186,Antitrypanosomal activity against Trypanosoma cruzi Tulahuen 2 epimastigotes after 5 days
CHEMBL4170866,N=C1NS(=O)(=O)N(Cc2ccccc2)c2[nH]c(-c3ccccc3)nc21,NC1=NS(=O)(=O)N(Cc2ccccc2)c2nc(-c3ccccc3)[nH]c21,4.53,Inactive,IC50,Trypanosoma cruzi,T_cruzi,N=C1NS(=O)(=O)N(Cc2ccccc2)c2[nH]c(-c3ccccc3)nc21,CHEMBL4139186,Antitrypanosomal activity against Trypanosoma cruzi Tulahuen 2 epimastigotes after 5 days
CHEMBL4161560,N=C1NS(=O)(=O)N(Cc2ccccc2)c2nc(-c3ccccc3)n(Cc3ccccc3)c21,NC1=NS(=O)(=O)N(Cc2ccccc2)c2nc(-c3ccccc3)n(Cc3ccccc3)c21,5.395,Active,IC50,Trypanosoma cruzi,T_cruzi,N=C1NS(=O)(=O)N(Cc2ccccc2)c2nc(-c3ccccc3)n(Cc3ccccc3)c21,CHEMBL4139186,Antitrypanosomal activity against Trypanosoma cruzi Tulahuen 2 epimastigotes after 5 days
CHEMBL4172168,N=C1NS(=O)(=O)N(Cc2ccccc2)c2nc(C3CCCCC3)n(Cc3ccccc3)c21,NC1=NS(=O)(=O)N(Cc2ccccc2)c2nc(C3CCCCC3)n(Cc3ccccc3)c21,4.54,Inactive,IC50,Trypanosoma cruzi,T_cruzi,N=C1NS(=O)(=O)N(Cc2ccccc2)c2nc(C3CCCCC3)n(Cc3ccccc3)c21,CHEMBL4139186,Antitrypanosomal activity against Trypanosoma cruzi Tulahuen 2 epimastigotes after 5 days
CHEMBL4168779,N=C1NS(=O)(=O)Nc2[nH]c(-c3ccccc3F)nc21,NC1=NS(=O)(=O)Nc2nc(-c3ccccc3F)[nH]c21,4.7,Inactive,IC50,Trypanosoma cruzi,T_cruzi,N=C1NS(=O)(=O)Nc2[nH]c(-c3ccccc3)nc21,CHEMBL4139186,Antitrypanosomal activity against Trypanosoma cruzi Tulahuen 2 epimastigotes after 5 days
CHEMBL4175750,N=C1NS(=O)(=O)Nc2[nH]c(-c3ccsc3)nc21,NC1=NS(=O)(=O)Nc2nc(-c3ccsc3)[nH]c21,4.65,Inactive,IC50,Trypanosoma cruzi,T_cruzi,N=C1NS(=O)(=O)Nc2[nH]c(-c3ccsc3)nc21,CHEMBL4139186,Antitrypanosomal activity against Trypanosoma cruzi Tulahuen 2 epimastigotes after 5 days
CHEMBL4161530,N=C1NS(=O)(=O)Nc2[nH]c(C3CCCC3)nc21,NC1=NS(=O)(=O)Nc2nc(C3CCCC3)[nH]c21,4.54,Inactive,IC50,Trypanosoma cruzi,T_cruzi,N=C1NS(=O)(=O)Nc2[nH]c(C3CCCC3)nc21,CHEMBL4139186,Antitrypanosomal activity against Trypanosoma cruzi Tulahuen 2 epimastigotes after 5 days
CHEMBL4172128,N=C1NS(=O)(=O)Nc2[nH]c(C3CCCCC3)nc21,NC1=NS(=O)(=O)Nc2nc(C3CCCCC3)[nH]c21,4.9,Inactive,IC50,Trypanosoma cruzi,T_cruzi,N=C1NS(=O)(=O)Nc2[nH]c(C3CCCCC3)nc21,CHEMBL4139186,Antitrypanosomal activity against Trypanosoma cruzi Tulahuen 2 epimastigotes after 5 days
CHEMBL4161052,N=C1NS(=O)(=O)Nc2[nH]c(C3CCOC3)nc21,NC1=NS(=O)(=O)Nc2nc(C3CCOC3)[nH]c21,4.69,Inactive,IC50,Trypanosoma cruzi,T_cruzi,N=C1NS(=O)(=O)Nc2[nH]c(C3CCOC3)nc21,CHEMBL4139186,Antitrypanosomal activity against Trypanosoma cruzi Tulahuen 2 epimastigotes after 5 days
CHEMBL4176166,N=C1NS(=O)(=O)Nc2[nH]c(CCc3ccccc3)nc21,NC1=NS(=O)(=O)Nc2nc(CCc3ccccc3)[nH]c21,4.85,Inactive,IC50,Trypanosoma cruzi,T_cruzi,N=C1NS(=O)(=O)Nc2[nH]c(CCc3ccccc3)nc21,CHEMBL4139186,Antitrypanosomal activity against Trypanosoma cruzi Tulahuen 2 epimastigotes after 5 days
CHEMBL4168973,N=C1NS(=O)(=O)Nc2[nH]c(Cc3ccccc3)nc21,NC1=NS(=O)(=O)Nc2nc(Cc3ccccc3)[nH]c21,4.9,Inactive,IC50,Trypanosoma cruzi,T_cruzi,N=C1NS(=O)(=O)Nc2[nH]c(Cc3ccccc3)nc21,CHEMBL4139186,Antitrypanosomal activity against Trypanosoma cruzi Tulahuen 2 epimastigotes after 5 days
CHEMBL4278785,NS(=O)(=O)c1cc([N+](=O)[O-])c(O)c([N+](=O)[O-])c1,NS(=O)(=O)c1cc([N+](=O)[O-])c(O)c([N+](=O)[O-])c1,3.999088937868777,Inactive,IC50,Trypanosoma cruzi,T_cruzi,c1ccccc1,CHEMBL5355429,Antitrypanosomal activity against Trypanosoma cruzi Y strain epimastigotes assessed as parasite growth inhibition incubated for 48 hrs by spectrophotometric analysis
CHEMBL5416409,NS(=O)(=O)c1ccc(CCNC(=O)Cc2ccc(Br)cc2)cc1,NS(=O)(=O)c1ccc(CCNC(=O)Cc2ccc(Br)cc2)cc1,5.295,Active,IC50,Trypanosoma cruzi,T_cruzi,O=C(Cc1ccccc1)NCCc1ccccc1,CHEMBL5355425,Antitrypanosomal activity against Trypanosoma cruzi epimastigote Dm28c strain assessed as parasite growth inhibition
CHEMBL2402770,NS(=O)(=O)c1ccc(NC(=O)Cc2ccc(Cl)cc2)c(F)c1,NS(=O)(=O)c1ccc(NC(=O)Cc2ccc(Cl)cc2)c(F)c1,5.5,Active,IC50,Trypanosoma cruzi,T_cruzi,O=C(Cc1ccccc1)Nc1ccccc1,CHEMBL5355425,Antitrypanosomal activity against Trypanosoma cruzi epimastigote Dm28c strain assessed as parasite growth inhibition
CHEMBL2402771,NS(=O)(=O)c1ccc(NC(=O)Cc2ccccc2Br)c(F)c1,NS(=O)(=O)c1ccc(NC(=O)Cc2ccccc2Br)c(F)c1,5.445,Active,IC50,Trypanosoma cruzi,T_cruzi,O=C(Cc1ccccc1)Nc1ccccc1,CHEMBL5355425,Antitrypanosomal activity against Trypanosoma cruzi epimastigote Dm28c strain assessed as parasite growth inhibition
CHEMBL4281156,NS(=O)(=O)c1ccc(O)c([N+](=O)[O-])c1,NS(=O)(=O)c1ccc(O)c([N+](=O)[O-])c1,4.01,Inactive,IC50,Trypanosoma cruzi,T_cruzi,c1ccccc1,CHEMBL5355429,Antitrypanosomal activity against Trypanosoma cruzi Y strain epimastigotes assessed as parasite growth inhibition incubated for 48 hrs by spectrophotometric analysis
CHEMBL2402762,NS(=O)(=O)c1nnc(NC(=O)Cc2ccc(Cl)cc2)s1,NS(=O)(=O)c1nnc(NC(=O)Cc2ccc(Cl)cc2)s1,5.335,Active,IC50,Trypanosoma cruzi,T_cruzi,O=C(Cc1ccccc1)Nc1nncs1,CHEMBL5355425,Antitrypanosomal activity against Trypanosoma cruzi epimastigote Dm28c strain assessed as parasite growth inhibition
CHEMBL2402763,NS(=O)(=O)c1nnc(NC(=O)Cc2ccccc2Br)s1,NS(=O)(=O)c1nnc(NC(=O)Cc2ccccc2Br)s1,5.535,Active,IC50,Trypanosoma cruzi,T_cruzi,O=C(Cc1ccccc1)Nc1nncs1,CHEMBL5355425,Antitrypanosomal activity against Trypanosoma cruzi epimastigote Dm28c strain assessed as parasite growth inhibition
CHEMBL439,Nc1ccc(S(=O)(=O)Nc2ncccn2)cc1,Nc1ccc(S(=O)(=O)Nc2ncccn2)cc1,4.6,Inactive,IC50,Trypanosoma cruzi,T_cruzi,O=S(=O)(Nc1ncccn1)c1ccccc1,CHEMBL3392937,"DNDI: Chagas in Vitro, 96 hour"
CHEMBL4562842,Nc1ccc(S(=O)(=O)[N-][N+](=O)[O-])cc1,Nc1ccc(S(=O)(=O)[N-][N+](=O)[O-])cc1.[Ag+],5.245,Active,IC50,Trypanosoma cruzi,T_cruzi,c1ccccc1,CHEMBL4433590,Antitrypanosomal activity against Trypanosoma cruzi Dm28c epimastigotes assessed as reduction in epimastigotes number after 48 hrs by resazurin dye based spectrophotometric method
CHEMBL3431367,O=C(CN(c1cccc(C(F)(F)F)c1)S(=O)(=O)c1ccc(Cl)cc1)NCc1ccc(F)c(F)c1,O=C(CN(c1cccc(C(F)(F)F)c1)S(=O)(=O)c1ccc(Cl)cc1)NCc1ccc(F)c(F)c1,6.1,Active,IC50,Trypanosoma cruzi,T_cruzi,O=C(CN(c1ccccc1)S(=O)(=O)c1ccccc1)NCc1ccccc1,CHEMBL3431448,"GSK_TCAKS: pIC50 Trypanosoma cruzi Imaging: Amastigotes/Cell. H9c2 cells were seeded in T-225 flasks (225cm^2 culture surface; Corning Inc., NY, USA) in DMEM-10% FBS for 4h to allow attachment. Cells were then washed once with PBS before infection. T. cruzi trypomastigotes, collected at days 5 to 8 after infection from LLC-MK2 parasite infected cultures, were allowed to swim out for 4h at 37C from a centrifuged pellet (2,500 rpm/10 min/room temperature). Trypomastigotes were then collected and counted in a CASY Cell Counter. Trypomastigotes, in supplemented DMEM, were added to H9c2 cultures in a multiplicity of infection of 1 and incubated for 18 h. Cells were washed once with PBS before incubation of the infected H9c2 monolayer with trypsin (Life-Technologies) to detach cells from the flask. Cells were counted in a CASY Cell Counter using a 150 um capillary and their density set at 5 * 10^4 cells per mL in supplemented assay DMEM. Infected H9c2 were dispensed into 384-well poly-lysine coated assay plates at 50uL per well using a Multidrop Combi dispenser. After seeding them, the plates were incubated at 37C, 5% CO2 for 72h. Cultures were then fixed and stained by addition of 50 uL of a solution containing 8% formaldehyde and 4 uM DRAQ5 DNA dye (BioStatus, UK) per well. Plates were kept light-protected and imaged one hour later in a Perkin-Elmer Opera microscope using a 20x air objective (NA 0.4) and the following acquisition set: a 635 nm laser excitation line and a 690/50 emission detection filter for DRAQ5 detection. Five images were collected per well for reliable statistical analysis. Automated image analysis was performed with a script developed on Acapella High Content Imaging and Analysis Software (PerkinElmer). Output: number of amastigotes per cell as infection level measurement."
CHEMBL3431356,O=C(CN1CCN(S(=O)(=O)c2cccc([N+](=O)[O-])c2)CC1)Nc1ccc(Oc2ccccc2)cc1,O=C(CN1CCN(S(=O)(=O)c2cccc([N+](=O)[O-])c2)CC1)Nc1ccc(Oc2ccccc2)cc1,5.6,Active,IC50,Trypanosoma cruzi,T_cruzi,O=C(CN1CCN(S(=O)(=O)c2ccccc2)CC1)Nc1ccc(Oc2ccccc2)cc1,CHEMBL3431448,"GSK_TCAKS: pIC50 Trypanosoma cruzi Imaging: Amastigotes/Cell. H9c2 cells were seeded in T-225 flasks (225cm^2 culture surface; Corning Inc., NY, USA) in DMEM-10% FBS for 4h to allow attachment. Cells were then washed once with PBS before infection. T. cruzi trypomastigotes, collected at days 5 to 8 after infection from LLC-MK2 parasite infected cultures, were allowed to swim out for 4h at 37C from a centrifuged pellet (2,500 rpm/10 min/room temperature). Trypomastigotes were then collected and counted in a CASY Cell Counter. Trypomastigotes, in supplemented DMEM, were added to H9c2 cultures in a multiplicity of infection of 1 and incubated for 18 h. Cells were washed once with PBS before incubation of the infected H9c2 monolayer with trypsin (Life-Technologies) to detach cells from the flask. Cells were counted in a CASY Cell Counter using a 150 um capillary and their density set at 5 * 10^4 cells per mL in supplemented assay DMEM. Infected H9c2 were dispensed into 384-well poly-lysine coated assay plates at 50uL per well using a Multidrop Combi dispenser. After seeding them, the plates were incubated at 37C, 5% CO2 for 72h. Cultures were then fixed and stained by addition of 50 uL of a solution containing 8% formaldehyde and 4 uM DRAQ5 DNA dye (BioStatus, UK) per well. Plates were kept light-protected and imaged one hour later in a Perkin-Elmer Opera microscope using a 20x air objective (NA 0.4) and the following acquisition set: a 635 nm laser excitation line and a 690/50 emission detection filter for DRAQ5 detection. Five images were collected per well for reliable statistical analysis. Automated image analysis was performed with a script developed on Acapella High Content Imaging and Analysis Software (PerkinElmer). Output: number of amastigotes per cell as infection level measurement."
CHEMBL3431091,O=C(CN1CCN(c2ccccn2)CC1)Nc1cc(S(=O)(=O)N2CCCCCC2)ccc1Cl,O=C(CN1CCN(c2ccccn2)CC1)Nc1cc(S(=O)(=O)N2CCCCCC2)ccc1Cl,5.1,Active,IC50,Trypanosoma cruzi,T_cruzi,O=C(CN1CCN(c2ccccn2)CC1)Nc1cccc(S(=O)(=O)N2CCCCCC2)c1,CHEMBL3431448,"GSK_TCAKS: pIC50 Trypanosoma cruzi Imaging: Amastigotes/Cell. H9c2 cells were seeded in T-225 flasks (225cm^2 culture surface; Corning Inc., NY, USA) in DMEM-10% FBS for 4h to allow attachment. Cells were then washed once with PBS before infection. T. cruzi trypomastigotes, collected at days 5 to 8 after infection from LLC-MK2 parasite infected cultures, were allowed to swim out for 4h at 37C from a centrifuged pellet (2,500 rpm/10 min/room temperature). Trypomastigotes were then collected and counted in a CASY Cell Counter. Trypomastigotes, in supplemented DMEM, were added to H9c2 cultures in a multiplicity of infection of 1 and incubated for 18 h. Cells were washed once with PBS before incubation of the infected H9c2 monolayer with trypsin (Life-Technologies) to detach cells from the flask. Cells were counted in a CASY Cell Counter using a 150 um capillary and their density set at 5 * 10^4 cells per mL in supplemented assay DMEM. Infected H9c2 were dispensed into 384-well poly-lysine coated assay plates at 50uL per well using a Multidrop Combi dispenser. After seeding them, the plates were incubated at 37C, 5% CO2 for 72h. Cultures were then fixed and stained by addition of 50 uL of a solution containing 8% formaldehyde and 4 uM DRAQ5 DNA dye (BioStatus, UK) per well. Plates were kept light-protected and imaged one hour later in a Perkin-Elmer Opera microscope using a 20x air objective (NA 0.4) and the following acquisition set: a 635 nm laser excitation line and a 690/50 emission detection filter for DRAQ5 detection. Five images were collected per well for reliable statistical analysis. Automated image analysis was performed with a script developed on Acapella High Content Imaging and Analysis Software (PerkinElmer). Output: number of amastigotes per cell as infection level measurement."
CHEMBL4575309,O=C(COc1ccc(-c2ccccc2)cc1)N1CCN(S(=O)(=O)c2ccc(F)cc2)CC1,O=C(COc1ccc(-c2ccccc2)cc1)N1CCN(S(=O)(=O)c2ccc(F)cc2)CC1,3.700000003258169,Inactive,EC50,Trypanosoma cruzi,T_cruzi,O=C(COc1ccc(-c2ccccc2)cc1)N1CCN(S(=O)(=O)c2ccccc2)CC1,CHEMBL4412312,Antimicrobial activity against Trypanosoma cruzi Y infected in human U2OS cells after 96 hrs by HCS assay
CHEMBL2431541,O=C(NC(Cc1c[nH]c2ccccc12)C(=O)Nc1ccncc1)c1ccc(N2CCN(S(=O)(=O)c3ccccc3)CC2)cc1F,O=C(N[C@@H](Cc1c[nH]c2ccccc12)C(=O)Nc1ccncc1)c1ccc(N2CCN(S(=O)(=O)c3ccccc3)CC2)cc1F,7.75,Active,EC50,Trypanosoma cruzi,T_cruzi,O=C(NC(Cc1c[nH]c2ccccc12)C(=O)Nc1ccncc1)c1ccc(N2CCN(S(=O)(=O)c3ccccc3)CC2)cc1,CHEMBL2432692,Antichagasic activity against amastigote stage of Trypanosoma cruzi infected in human myoblasts assessed as intracellular parasite growth inhibition after 72 hrs by DAPI staining assay
CHEMBL5436281,O=C(Nc1ccc(F)cc1F)C(NS(=O)(=O)c1cccc2nsnc12)c1ccccc1,O=C(Nc1ccc(F)cc1F)[C@H](NS(=O)(=O)c1cccc2nsnc12)c1ccccc1,4.26,Inactive,IC50,Trypanosoma cruzi,T_cruzi,O=C(Nc1ccccc1)C(NS(=O)(=O)c1cccc2nsnc12)c1ccccc1,CHEMBL5326091,Antitrypanosomal activity against Trypanosoma cruzi Y trypomastigotes infected in monkey LLC-MK2 cells assessed as parasite growth inhibition incubated for 24 hrs by resazurin dye based microplate reader assay
CHEMBL3431009,O=C(Nc1ccc(S(=O)(=O)N2CCCC2)cc1)c1ccc([N+](=O)[O-])s1,O=C(Nc1ccc(S(=O)(=O)N2CCCC2)cc1)c1ccc([N+](=O)[O-])s1,6.7,Active,IC50,Trypanosoma cruzi,T_cruzi,O=C(Nc1ccc(S(=O)(=O)N2CCCC2)cc1)c1cccs1,CHEMBL3431449,"GSK_TCAKS: pIC50 H2C9 Imaging: H9c2 Host Cardiomyocytes. H9c2 cells were seeded in T-225 flasks (225cm^2 culture surface; Corning Inc., NY, USA) in DMEM-10% FBS for 4h to allow attachment. Cells were then washed once with PBS before infection. T. cruzi trypomastigotes, collected at days 5 to 8 after infection from LLC-MK2 parasite infected cultures, were allowed to swim out for 4h at 37C from a centrifuged pellet (2,500 rpm/10 min/room temperature). Trypomastigotes were then collected and counted in a CASY Cell Counter. Trypomastigotes, in supplemented DMEM, were added to H9c2 cultures in a multiplicity of infection of 1 and incubated for 18 h. Cells were washed once with PBS before incubation of the infected H9c2 monolayer with trypsin (Life-Technologies) to detach cells from the flask. Cells were counted in a CASY Cell Counter using a 150 um capillary and their density set at 5 * 10^4 cells per mL in supplemented assay DMEM. Infected H9c2 were dispensed into 384-well poly-lysine coated assay plates at 50uL per well using a Multidrop Combi dispenser. After seeding them, the plates were incubated at 37C, 5% CO2 for 72h. Cultures were then fixed and stained by addition of 50 uL of a solution containing 8% formaldehyde and 4 uM DRAQ5 DNA dye (BioStatus, UK) per well. Plates were kept light-protected and imaged one hour later in a Perkin-Elmer Opera microscope using a 20x air objective (NA 0.4) and the following acquisition set: a 635 nm laser excitation line and a 690/50 emission detection filter for DRAQ5 detection. Five images were collected per well for reliable statistical analysis. Automated image analysis was performed with a script developed on Acapella High Content Imaging and Analysis Software (PerkinElmer). Output: Number of H9c2 Host Cardiomyocytes nuclei to determine drug-related cytotoxicity."
CHEMBL4519951,O=C(Nc1cccnc1)c1ccc(CNS(=O)(=O)c2ccc(N3CCC(O)CC3)cc2)cc1,O=C(Nc1cccnc1)c1ccc(CNS(=O)(=O)c2ccc(N3CCC(O)CC3)cc2)cc1,3.9208187539523753,Inactive,IC50,Trypanosoma cruzi,T_cruzi,O=C(Nc1cccnc1)c1ccc(CNS(=O)(=O)c2ccc(N3CCCCC3)cc2)cc1,CHEMBL4343685,Antitrypanosomal activity against Trypanosoma cruzi Tulahuen C4 trypomastigotes infected in rat L6 cells measured after 96 hrs by inverted microscopy analysis
CHEMBL4455431,O=C(Nc1cccnc1)c1ccc(CNS(=O)(=O)c2ccc(N3CCC3)cc2)cc1,O=C(Nc1cccnc1)c1ccc(CNS(=O)(=O)c2ccc(N3CCC3)cc2)cc1,5.08,Active,IC50,Trypanosoma cruzi,T_cruzi,O=C(Nc1cccnc1)c1ccc(CNS(=O)(=O)c2ccc(N3CCC3)cc2)cc1,CHEMBL4343685,Antitrypanosomal activity against Trypanosoma cruzi Tulahuen C4 trypomastigotes infected in rat L6 cells measured after 96 hrs by inverted microscopy analysis
CHEMBL4533638,O=C(Nc1cccnc1)c1ccc(CNS(=O)(=O)c2ccc(N3CCCCC3)cc2)cc1,O=C(Nc1cccnc1)c1ccc(CNS(=O)(=O)c2ccc(N3CCCCC3)cc2)cc1,3.958607314841775,Inactive,IC50,Trypanosoma cruzi,T_cruzi,O=C(Nc1cccnc1)c1ccc(CNS(=O)(=O)c2ccc(N3CCCCC3)cc2)cc1,CHEMBL4343685,Antitrypanosomal activity against Trypanosoma cruzi Tulahuen C4 trypomastigotes infected in rat L6 cells measured after 96 hrs by inverted microscopy analysis
CHEMBL4548849,O=C(Nc1cccnc1)c1ccc(CNS(=O)(=O)c2ccc(N3CCNCC3)cc2)cc1,O=C(Nc1cccnc1)c1ccc(CNS(=O)(=O)c2ccc(N3CCNCC3)cc2)cc1,4.16,Inactive,IC50,Trypanosoma cruzi,T_cruzi,O=C(Nc1cccnc1)c1ccc(CNS(=O)(=O)c2ccc(N3CCNCC3)cc2)cc1,CHEMBL4343685,Antitrypanosomal activity against Trypanosoma cruzi Tulahuen C4 trypomastigotes infected in rat L6 cells measured after 96 hrs by inverted microscopy analysis
CHEMBL4564866,O=C(Nc1cccnc1)c1ccc(CNS(=O)(=O)c2ccc(N3CCOCC3)cc2)cc1,O=C(Nc1cccnc1)c1ccc(CNS(=O)(=O)c2ccc(N3CCOCC3)cc2)cc1,5.68,Active,IC50,Trypanosoma cruzi,T_cruzi,O=C(Nc1cccnc1)c1ccc(CNS(=O)(=O)c2ccc(N3CCOCC3)cc2)cc1,CHEMBL4343685,Antitrypanosomal activity against Trypanosoma cruzi Tulahuen C4 trypomastigotes infected in rat L6 cells measured after 96 hrs by inverted microscopy analysis
CHEMBL3431114,O=C(Nc1nc(-c2ccc(S(=O)(=O)N3CCOCC3)cc2)cs1)c1ccc([N+](=O)[O-])cc1,O=C(Nc1nc(-c2ccc(S(=O)(=O)N3CCOCC3)cc2)cs1)c1ccc([N+](=O)[O-])cc1,6.0,Active,IC50,Trypanosoma cruzi,T_cruzi,O=C(Nc1nc(-c2ccc(S(=O)(=O)N3CCOCC3)cc2)cs1)c1ccccc1,CHEMBL3431448,"GSK_TCAKS: pIC50 Trypanosoma cruzi Imaging: Amastigotes/Cell. H9c2 cells were seeded in T-225 flasks (225cm^2 culture surface; Corning Inc., NY, USA) in DMEM-10% FBS for 4h to allow attachment. Cells were then washed once with PBS before infection. T. cruzi trypomastigotes, collected at days 5 to 8 after infection from LLC-MK2 parasite infected cultures, were allowed to swim out for 4h at 37C from a centrifuged pellet (2,500 rpm/10 min/room temperature). Trypomastigotes were then collected and counted in a CASY Cell Counter. Trypomastigotes, in supplemented DMEM, were added to H9c2 cultures in a multiplicity of infection of 1 and incubated for 18 h. Cells were washed once with PBS before incubation of the infected H9c2 monolayer with trypsin (Life-Technologies) to detach cells from the flask. Cells were counted in a CASY Cell Counter using a 150 um capillary and their density set at 5 * 10^4 cells per mL in supplemented assay DMEM. Infected H9c2 were dispensed into 384-well poly-lysine coated assay plates at 50uL per well using a Multidrop Combi dispenser. After seeding them, the plates were incubated at 37C, 5% CO2 for 72h. Cultures were then fixed and stained by addition of 50 uL of a solution containing 8% formaldehyde and 4 uM DRAQ5 DNA dye (BioStatus, UK) per well. Plates were kept light-protected and imaged one hour later in a Perkin-Elmer Opera microscope using a 20x air objective (NA 0.4) and the following acquisition set: a 635 nm laser excitation line and a 690/50 emission detection filter for DRAQ5 detection. Five images were collected per well for reliable statistical analysis. Automated image analysis was performed with a script developed on Acapella High Content Imaging and Analysis Software (PerkinElmer). Output: number of amastigotes per cell as infection level measurement."
CHEMBL1489081,O=C(Nc1nc(-c2ccccn2)cs1)c1ccc(S(=O)(=O)N2CCCCC2)cc1,O=C(Nc1nc(-c2ccccn2)cs1)c1ccc(S(=O)(=O)N2CCCCC2)cc1,6.2,Active,IC50,Trypanosoma cruzi,T_cruzi,O=C(Nc1nc(-c2ccccn2)cs1)c1ccc(S(=O)(=O)N2CCCCC2)cc1,CHEMBL3431448,"GSK_TCAKS: pIC50 Trypanosoma cruzi Imaging: Amastigotes/Cell. H9c2 cells were seeded in T-225 flasks (225cm^2 culture surface; Corning Inc., NY, USA) in DMEM-10% FBS for 4h to allow attachment. Cells were then washed once with PBS before infection. T. cruzi trypomastigotes, collected at days 5 to 8 after infection from LLC-MK2 parasite infected cultures, were allowed to swim out for 4h at 37C from a centrifuged pellet (2,500 rpm/10 min/room temperature). Trypomastigotes were then collected and counted in a CASY Cell Counter. Trypomastigotes, in supplemented DMEM, were added to H9c2 cultures in a multiplicity of infection of 1 and incubated for 18 h. Cells were washed once with PBS before incubation of the infected H9c2 monolayer with trypsin (Life-Technologies) to detach cells from the flask. Cells were counted in a CASY Cell Counter using a 150 um capillary and their density set at 5 * 10^4 cells per mL in supplemented assay DMEM. Infected H9c2 were dispensed into 384-well poly-lysine coated assay plates at 50uL per well using a Multidrop Combi dispenser. After seeding them, the plates were incubated at 37C, 5% CO2 for 72h. Cultures were then fixed and stained by addition of 50 uL of a solution containing 8% formaldehyde and 4 uM DRAQ5 DNA dye (BioStatus, UK) per well. Plates were kept light-protected and imaged one hour later in a Perkin-Elmer Opera microscope using a 20x air objective (NA 0.4) and the following acquisition set: a 635 nm laser excitation line and a 690/50 emission detection filter for DRAQ5 detection. Five images were collected per well for reliable statistical analysis. Automated image analysis was performed with a script developed on Acapella High Content Imaging and Analysis Software (PerkinElmer). Output: number of amastigotes per cell as infection level measurement."
CHEMBL5570500,O=C(c1ccc(-n2cnnn2)cc1)N1CCN(S(=O)(=O)c2ccc(Cl)cc2)CC1,O=C(c1ccc(-n2cnnn2)cc1)N1CCN(S(=O)(=O)c2ccc(Cl)cc2)CC1,3.838631997765025,Inactive,IC50,Trypanosoma cruzi,T_cruzi,O=C(c1ccc(-n2cnnn2)cc1)N1CCN(S(=O)(=O)c2ccccc2)CC1,CHEMBL5551394,Antitrypanosomal activity against Trypanosoma cruzi Tulahuen expressing Escherichia coli beta-galactosidase infected in L929 cells pretreated with parasite for 50 hrs followed by compound addition and measured after 96 hrs
CHEMBL5573019,O=C(c1ccc(N2CCNCC2)nc1)N1CCN(S(=O)(=O)c2ccc(Cl)cc2)CC1,O=C(c1ccc(N2CCNCC2)nc1)N1CCN(S(=O)(=O)c2ccc(Cl)cc2)CC1,5.01,Active,IC50,Trypanosoma cruzi,T_cruzi,O=C(c1ccc(N2CCNCC2)nc1)N1CCN(S(=O)(=O)c2ccccc2)CC1,CHEMBL5551394,Antitrypanosomal activity against Trypanosoma cruzi Tulahuen expressing Escherichia coli beta-galactosidase infected in L929 cells pretreated with parasite for 50 hrs followed by compound addition and measured after 96 hrs
CHEMBL5195384,O=C(c1cccc(Cl)c1)N1CCN(Cc2ccc(N3CCCCS3(=O)=O)cc2)CC1,O=C(c1cccc(Cl)c1)N1CCN(Cc2ccc(N3CCCCS3(=O)=O)cc2)CC1,4.6,Inactive,EC50,Trypanosoma cruzi,T_cruzi,O=C(c1ccccc1)N1CCN(Cc2ccc(N3CCCCS3(=O)=O)cc2)CC1,CHEMBL5115680,Antitrypanosomal activity against intracellularTrypanosoma cruzi amastigote
CHEMBL5177328,O=C(c1cccc(Cl)c1)N1CCN(Cc2ccc(NS(=O)(=O)CC3CCCO3)cc2)CC1,O=C(c1cccc(Cl)c1)N1CCN(Cc2ccc(NS(=O)(=O)CC3CCCO3)cc2)CC1,4.8,Inactive,EC50,Trypanosoma cruzi,T_cruzi,O=C(c1ccccc1)N1CCN(Cc2ccc(NS(=O)(=O)CC3CCCO3)cc2)CC1,CHEMBL5115680,Antitrypanosomal activity against intracellularTrypanosoma cruzi amastigote
CHEMBL5171327,O=C(c1cccc(Cl)c1)N1CCN(Cc2ccc(NS(=O)(=O)c3ccc4c(c3)OCO4)cc2)CC1,O=C(c1cccc(Cl)c1)N1CCN(Cc2ccc(NS(=O)(=O)c3ccc4c(c3)OCO4)cc2)CC1,6.8,Active,EC50,Trypanosoma cruzi,T_cruzi,O=C(c1ccccc1)N1CCN(Cc2ccc(NS(=O)(=O)c3ccc4c(c3)OCO4)cc2)CC1,CHEMBL5115680,Antitrypanosomal activity against intracellularTrypanosoma cruzi amastigote
CHEMBL5204107,O=C(c1cccc(Cl)c1)N1CCN(Cc2ccc(NS(=O)(=O)c3ccccc3)cc2)CC1,O=C(c1cccc(Cl)c1)N1CCN(Cc2ccc(NS(=O)(=O)c3ccccc3)cc2)CC1,5.8,Active,EC50,Trypanosoma cruzi,T_cruzi,O=C(c1ccccc1)N1CCN(Cc2ccc(NS(=O)(=O)c3ccccc3)cc2)CC1,CHEMBL5115680,Antitrypanosomal activity against intracellularTrypanosoma cruzi amastigote
CHEMBL1331520,O=C1c2ccccc2S(=O)(=O)N1Cc1nc2ccccc2s1,O=C1c2ccccc2S(=O)(=O)N1Cc1nc2ccccc2s1,5.48,Active,IC50,Trypanosoma cruzi,T_cruzi,O=C1c2ccccc2S(=O)(=O)N1Cc1nc2ccccc2s1,CHEMBL1677384,"Antimicrobial activity against Trypanosoma cruzi Y infected in rat L6E9 myoblasts assessed as inhibition of [5,6-3H]uracil incorporation after 3 days postinfection by scintillation counter"
CHEMBL1863141,O=S(=O)(C1CCCCC1)N1CCC(NC(c2ccc(C(F)(F)F)cc2)c2cnccn2)CC1,O=S(=O)(C1CCCCC1)N1CCC(NC(c2ccc(C(F)(F)F)cc2)c2cnccn2)CC1,6.24,Active,IC50,Trypanosoma cruzi,T_cruzi,O=S(=O)(C1CCCCC1)N1CCC(NC(c2ccccc2)c2cnccn2)CC1,CHEMBL1863510,"DNDI: Inhibition of Chagas Disease parasite Trypanosoma cruzi (Tulahuen LacZ, Clone C4), in vitro."
CHEMBL1862810,O=S(=O)(C1CCCCC1)N1CCC(NC(c2cnccn2)c2ccc(F)cc2F)CC1,O=S(=O)(C1CCCCC1)N1CCC(NC(c2cnccn2)c2ccc(F)cc2F)CC1,6.38,Active,IC50,Trypanosoma cruzi,T_cruzi,O=S(=O)(C1CCCCC1)N1CCC(NC(c2ccccc2)c2cnccn2)CC1,CHEMBL1863510,"DNDI: Inhibition of Chagas Disease parasite Trypanosoma cruzi (Tulahuen LacZ, Clone C4), in vitro."
CHEMBL1863474,O=S(=O)(C1CCCCC1)N1CCN(C(c2ccc(Cl)cc2)c2cccnc2)CC1,O=S(=O)(C1CCCCC1)N1CCN(C(c2ccc(Cl)cc2)c2cccnc2)CC1,8.0,Active,IC50,Trypanosoma cruzi,T_cruzi,O=S(=O)(C1CCCCC1)N1CCN(C(c2ccccc2)c2cccnc2)CC1,CHEMBL1863510,"DNDI: Inhibition of Chagas Disease parasite Trypanosoma cruzi (Tulahuen LacZ, Clone C4), in vitro."
CHEMBL1863037,O=S(=O)(C1CCCCC1)N1CCN(C(c2ccc(Cl)cc2)c2cncnc2)CC1,O=S(=O)(C1CCCCC1)N1CCN(C(c2ccc(Cl)cc2)c2cncnc2)CC1,7.19,Active,IC50,Trypanosoma cruzi,T_cruzi,O=S(=O)(C1CCCCC1)N1CCN(C(c2ccccc2)c2cncnc2)CC1,CHEMBL1863510,"DNDI: Inhibition of Chagas Disease parasite Trypanosoma cruzi (Tulahuen LacZ, Clone C4), in vitro."
CHEMBL1862858,O=S(=O)(C1CCCCC1)N1CCN(C(c2cncnc2)c2ccc(Cl)cc2F)CC1,O=S(=O)(C1CCCCC1)N1CCN(C(c2cncnc2)c2ccc(Cl)cc2F)CC1,7.75,Active,IC50,Trypanosoma cruzi,T_cruzi,O=S(=O)(C1CCCCC1)N1CCN(C(c2ccccc2)c2cncnc2)CC1,CHEMBL1863510,"DNDI: Inhibition of Chagas Disease parasite Trypanosoma cruzi (Tulahuen LacZ, Clone C4), in vitro."
CHEMBL1862921,O=S(=O)(Cc1ccccc1)N1CCC(NC(c2ccc(C(F)(F)F)cc2)c2cnccn2)CC1,O=S(=O)(Cc1ccccc1)N1CCC(NC(c2ccc(C(F)(F)F)cc2)c2cnccn2)CC1,6.68,Active,IC50,Trypanosoma cruzi,T_cruzi,O=S(=O)(Cc1ccccc1)N1CCC(NC(c2ccccc2)c2cnccn2)CC1,CHEMBL1863510,"DNDI: Inhibition of Chagas Disease parasite Trypanosoma cruzi (Tulahuen LacZ, Clone C4), in vitro."
CHEMBL1863410,O=S(=O)(Cc1ccccc1)N1CCC(NC(c2cnccn2)c2ccc(F)cc2F)CC1,O=S(=O)(Cc1ccccc1)N1CCC(NC(c2cnccn2)c2ccc(F)cc2F)CC1,6.72,Active,IC50,Trypanosoma cruzi,T_cruzi,O=S(=O)(Cc1ccccc1)N1CCC(NC(c2ccccc2)c2cnccn2)CC1,CHEMBL1863510,"DNDI: Inhibition of Chagas Disease parasite Trypanosoma cruzi (Tulahuen LacZ, Clone C4), in vitro."
CHEMBL1863137,O=S(=O)(Cc1ccccc1)N1CCN(C(c2ccc(Cl)cc2)c2cccnc2)CC1,O=S(=O)(Cc1ccccc1)N1CCN(C(c2ccc(Cl)cc2)c2cccnc2)CC1,7.5,Active,IC50,Trypanosoma cruzi,T_cruzi,O=S(=O)(Cc1ccccc1)N1CCN(C(c2ccccc2)c2cccnc2)CC1,CHEMBL1863510,"DNDI: Inhibition of Chagas Disease parasite Trypanosoma cruzi (Tulahuen LacZ, Clone C4), in vitro."
CHEMBL1862961,O=S(=O)(Cc1ccccc1)N1CCN(C(c2ccc(Cl)cc2)c2cncnc2)CC1,O=S(=O)(Cc1ccccc1)N1CCN(C(c2ccc(Cl)cc2)c2cncnc2)CC1,6.66,Active,IC50,Trypanosoma cruzi,T_cruzi,O=S(=O)(Cc1ccccc1)N1CCN(C(c2ccccc2)c2cncnc2)CC1,CHEMBL1863510,"DNDI: Inhibition of Chagas Disease parasite Trypanosoma cruzi (Tulahuen LacZ, Clone C4), in vitro."
CHEMBL1862885,O=S(=O)(Cc1ccccc1)N1CCN(C(c2cncnc2)c2ccc(Cl)cc2F)CC1,O=S(=O)(Cc1ccccc1)N1CCN(C(c2cncnc2)c2ccc(Cl)cc2F)CC1,7.14,Active,IC50,Trypanosoma cruzi,T_cruzi,O=S(=O)(Cc1ccccc1)N1CCN(C(c2ccccc2)c2cncnc2)CC1,CHEMBL1863510,"DNDI: Inhibition of Chagas Disease parasite Trypanosoma cruzi (Tulahuen LacZ, Clone C4), in vitro."
CHEMBL1863352,O=S(=O)(Cc1ccccc1)NC1CCN(C(c2ccc(C(F)(F)F)cc2)c2cnccn2)CC1,O=S(=O)(Cc1ccccc1)NC1CCN(C(c2ccc(C(F)(F)F)cc2)c2cnccn2)CC1,6.51,Active,IC50,Trypanosoma cruzi,T_cruzi,O=S(=O)(Cc1ccccc1)NC1CCN(C(c2ccccc2)c2cnccn2)CC1,CHEMBL1863510,"DNDI: Inhibition of Chagas Disease parasite Trypanosoma cruzi (Tulahuen LacZ, Clone C4), in vitro."
CHEMBL1863121,O=S(=O)(Cc1ccccc1)NC1CCN(C(c2cnccn2)c2ccc(F)cc2F)CC1,O=S(=O)(Cc1ccccc1)NC1CCN(C(c2cnccn2)c2ccc(F)cc2F)CC1,6.14,Active,IC50,Trypanosoma cruzi,T_cruzi,O=S(=O)(Cc1ccccc1)NC1CCN(C(c2ccccc2)c2cnccn2)CC1,CHEMBL1863510,"DNDI: Inhibition of Chagas Disease parasite Trypanosoma cruzi (Tulahuen LacZ, Clone C4), in vitro."
CHEMBL3137387,O=S(=O)(Cc1ccccc1)Nc1cnccc1N1CCN(c2ccc(C(F)(F)F)cc2)CC1,O=S(=O)(Cc1ccccc1)Nc1cnccc1N1CCN(c2ccc(C(F)(F)F)cc2)CC1,7.75,Active,IC50,Trypanosoma cruzi,T_cruzi,O=S(=O)(Cc1ccccc1)Nc1cnccc1N1CCN(c2ccccc2)CC1,CHEMBL3137395,DNDI: Chagas in vitro
CHEMBL1862829,O=S(=O)(NC(c1ccc(C(F)(F)F)cc1)c1cnccn1)c1ccccc1,O=S(=O)(NC(c1ccc(C(F)(F)F)cc1)c1cnccn1)c1ccccc1,5.44,Active,IC50,Trypanosoma cruzi,T_cruzi,O=S(=O)(NC(c1ccccc1)c1cnccn1)c1ccccc1,CHEMBL1863510,"DNDI: Inhibition of Chagas Disease parasite Trypanosoma cruzi (Tulahuen LacZ, Clone C4), in vitro."
CHEMBL1863405,O=S(=O)(NC1CCN(C(c2ccc(C(F)(F)F)cc2)c2cnccn2)CC1)C1CCCCC1,O=S(=O)(NC1CCN(C(c2ccc(C(F)(F)F)cc2)c2cnccn2)CC1)C1CCCCC1,6.55,Active,IC50,Trypanosoma cruzi,T_cruzi,O=S(=O)(NC1CCN(C(c2ccccc2)c2cnccn2)CC1)C1CCCCC1,CHEMBL1863510,"DNDI: Inhibition of Chagas Disease parasite Trypanosoma cruzi (Tulahuen LacZ, Clone C4), in vitro."
CHEMBL1863064,O=S(=O)(NC1CCN(C(c2ccc(C(F)(F)F)cc2)c2cnccn2)CC1)c1ccc(C(F)(F)F)cc1,O=S(=O)(NC1CCN(C(c2ccc(C(F)(F)F)cc2)c2cnccn2)CC1)c1ccc(C(F)(F)F)cc1,6.23,Active,IC50,Trypanosoma cruzi,T_cruzi,O=S(=O)(NC1CCN(C(c2ccccc2)c2cnccn2)CC1)c1ccccc1,CHEMBL1863510,"DNDI: Inhibition of Chagas Disease parasite Trypanosoma cruzi (Tulahuen LacZ, Clone C4), in vitro."
CHEMBL1863250,O=S(=O)(NC1CCN(C(c2ccc(C(F)(F)F)cc2)c2cnccn2)CC1)c1ccc(Cl)cc1,O=S(=O)(NC1CCN(C(c2ccc(C(F)(F)F)cc2)c2cnccn2)CC1)c1ccc(Cl)cc1,6.16,Active,IC50,Trypanosoma cruzi,T_cruzi,O=S(=O)(NC1CCN(C(c2ccccc2)c2cnccn2)CC1)c1ccccc1,CHEMBL1863510,"DNDI: Inhibition of Chagas Disease parasite Trypanosoma cruzi (Tulahuen LacZ, Clone C4), in vitro."
CHEMBL1862820,O=S(=O)(NC1CCN(C(c2ccc(C(F)(F)F)cc2)c2cnccn2)CC1)c1ccccc1,O=S(=O)(NC1CCN(C(c2ccc(C(F)(F)F)cc2)c2cnccn2)CC1)c1ccccc1,6.58,Active,IC50,Trypanosoma cruzi,T_cruzi,O=S(=O)(NC1CCN(C(c2ccccc2)c2cnccn2)CC1)c1ccccc1,CHEMBL1863510,"DNDI: Inhibition of Chagas Disease parasite Trypanosoma cruzi (Tulahuen LacZ, Clone C4), in vitro."
CHEMBL1862819,O=S(=O)(NC1CCN(C(c2cnccn2)c2ccc(F)cc2F)CC1)c1ccccc1,O=S(=O)(NC1CCN(C(c2cnccn2)c2ccc(F)cc2F)CC1)c1ccccc1,6.33,Active,IC50,Trypanosoma cruzi,T_cruzi,O=S(=O)(NC1CCN(C(c2ccccc2)c2cnccn2)CC1)c1ccccc1,CHEMBL1863510,"DNDI: Inhibition of Chagas Disease parasite Trypanosoma cruzi (Tulahuen LacZ, Clone C4), in vitro."
CHEMBL1535535,O=S(=O)(NCC(c1cccnc1)N1CCN(c2ccc(F)cc2)CC1)c1cccs1,O=S(=O)(NCC(c1cccnc1)N1CCN(c2ccc(F)cc2)CC1)c1cccs1,6.9,Active,IC50,Trypanosoma cruzi,T_cruzi,O=S(=O)(NCC(c1cccnc1)N1CCN(c2ccccc2)CC1)c1cccs1,CHEMBL3431448,"GSK_TCAKS: pIC50 Trypanosoma cruzi Imaging: Amastigotes/Cell. H9c2 cells were seeded in T-225 flasks (225cm^2 culture surface; Corning Inc., NY, USA) in DMEM-10% FBS for 4h to allow attachment. Cells were then washed once with PBS before infection. T. cruzi trypomastigotes, collected at days 5 to 8 after infection from LLC-MK2 parasite infected cultures, were allowed to swim out for 4h at 37C from a centrifuged pellet (2,500 rpm/10 min/room temperature). Trypomastigotes were then collected and counted in a CASY Cell Counter. Trypomastigotes, in supplemented DMEM, were added to H9c2 cultures in a multiplicity of infection of 1 and incubated for 18 h. Cells were washed once with PBS before incubation of the infected H9c2 monolayer with trypsin (Life-Technologies) to detach cells from the flask. Cells were counted in a CASY Cell Counter using a 150 um capillary and their density set at 5 * 10^4 cells per mL in supplemented assay DMEM. Infected H9c2 were dispensed into 384-well poly-lysine coated assay plates at 50uL per well using a Multidrop Combi dispenser. After seeding them, the plates were incubated at 37C, 5% CO2 for 72h. Cultures were then fixed and stained by addition of 50 uL of a solution containing 8% formaldehyde and 4 uM DRAQ5 DNA dye (BioStatus, UK) per well. Plates were kept light-protected and imaged one hour later in a Perkin-Elmer Opera microscope using a 20x air objective (NA 0.4) and the following acquisition set: a 635 nm laser excitation line and a 690/50 emission detection filter for DRAQ5 detection. Five images were collected per well for reliable statistical analysis. Automated image analysis was performed with a script developed on Acapella High Content Imaging and Analysis Software (PerkinElmer). Output: number of amastigotes per cell as infection level measurement."
CHEMBL592827,O=S(=O)(NCC(c1cccnc1)N1CCN(c2ccccc2F)CC1)c1ccc(F)cc1,O=S(=O)(NCC(c1cccnc1)N1CCN(c2ccccc2F)CC1)c1ccc(F)cc1,6.7,Active,IC50,Trypanosoma cruzi,T_cruzi,O=S(=O)(NCC(c1cccnc1)N1CCN(c2ccccc2)CC1)c1ccccc1,CHEMBL3431446,"GSK_TCAKS: pIC50 Trypanosoma cruzi viability assay using beta-GAL activity. This assay was run at single shot at 5uM compound concentration per well. The biological reagents consisted of NIH-3T3 host cells and trypomastigotes parasitic cells; both cell types were set to a 3.3 * 10^5 cells/mL dilution in assay DMEM by means of a CASY cell counter device using a 60um capillary. 6 uL of the mixture were dispensed per well (about 1 * 10^3 host-cells and 1 * 10^3 parasites) with a Multidrop Combi dispenser. Previously, a solution of 1.67 * 10^5 trypomastigotes per mL in assay DMEM had been prepared and 6uL per well dispensed in the allotted control columns that defined 100% inhibition. The 0% inhibition of parasitic growth control was obtained by leaving the assay mixture untreated in its corresponding plate columns. In all wells, the percentage of DMSO never exceeded 0.5%. Plates incubated for four days at 37C, 5% CO2. The substrate used for the assay fluorescence intensity (FLINT) readout was resorufin-beta-D-galactopiranoside (Sigma-Aldrich) at 5uM per well. It was diluted in PBS supplemented with the soft detergent Igepal (Fluka). Upon addition to the plates, the substrate solution was incubated for 4h at room temperature and the signal read with the EnVision microtiter plate reader (Perkin-Elmer) using the corresponding set of filters (excitation/emission at 531/595nm)."
CHEMBL4783095,O=S(=O)(NCCc1csc(-c2ccccc2)n1)N1CCCC1,O=S(=O)(NCCc1csc(-c2ccccc2)n1)N1CCCC1,4.5,Inactive,IC50,Trypanosoma cruzi,T_cruzi,O=S(=O)(NCCc1csc(-c2ccccc2)n1)N1CCCC1,CHEMBL4718760,Antitrypanosomal activity against Trypanosoma cruzi Tulahuen strain trypomastigotes infected in rat H9c2 cells incubated for 72 hrs by DRAQ5 DNA dye based imaging analysis
CHEMBL3799855,O=S(=O)(NCCc1csc(-c2ccccc2)n1)c1ccccc1,O=S(=O)(NCCc1csc(-c2ccccc2)n1)c1ccccc1,4.7,Inactive,IC50,Trypanosoma cruzi,T_cruzi,O=S(=O)(NCCc1csc(-c2ccccc2)n1)c1ccccc1,CHEMBL4718760,Antitrypanosomal activity against Trypanosoma cruzi Tulahuen strain trypomastigotes infected in rat H9c2 cells incubated for 72 hrs by DRAQ5 DNA dye based imaging analysis
CHEMBL4473508,O=S(=O)(NCCn1ccc(-c2ccccc2)n1)c1ccccc1,O=S(=O)(NCCn1ccc(-c2ccccc2)n1)c1ccccc1,4.3,Inactive,IC50,Trypanosoma cruzi,T_cruzi,O=S(=O)(NCCn1ccc(-c2ccccc2)n1)c1ccccc1,CHEMBL4344915,Antitrypanosomal activity against Trypanosoma cruzi infected in rat H9C2 cells by DRAQ5 DNA dye based imaging analysis
CHEMBL3113804,O=S(=O)(Nc1ccc([Se][Se]c2ccc(NS(=O)(=O)c3ccc(C(F)(F)F)cc3)cc2)cc1)c1ccc(C(F)(F)F)cc1,O=S(=O)(Nc1ccc([Se][Se]c2ccc(NS(=O)(=O)c3ccc(C(F)(F)F)cc3)cc2)cc1)c1ccc(C(F)(F)F)cc1,5.64,Active,IC50,Trypanosoma cruzi,T_cruzi,O=S(=O)(Nc1ccc([Se][Se]c2ccc(NS(=O)(=O)c3ccccc3)cc2)cc1)c1ccccc1,CHEMBL5355460,Antitrypanosomal activity against Trypanosoma cruzi arequipa strain trypomastigotes assessed as parasite growth inhibition incubated for 48 hrs by resazurin staining based analysis
CHEMBL424146,O=S(=O)(Nc1ccc2c[nH]nc2c1)c1ccc(Cl)cc1,O=S(=O)(Nc1ccc2c[nH]nc2c1)c1ccc(Cl)cc1,4.75,Inactive,IC50,Trypanosoma cruzi,T_cruzi,O=S(=O)(Nc1ccc2c[nH]nc2c1)c1ccccc1,CHEMBL3090715,Trypanocidal activity against intracellular amastigote stage of Trypanosoma cruzi CL-B5 infected in mouse NCTC-929 cells assessed as reduction of parasite load after 7 days by resazurin dye-based fluorometric analysis
CHEMBL240549,O=S(=O)(Nc1cccc2cccnc12)c1cnc(Cl)c(Br)c1,O=S(=O)(Nc1cccc2cccnc12)c1cnc(Cl)c(Br)c1,4.5,Inactive,IC50,Trypanosoma cruzi,T_cruzi,O=S(=O)(Nc1cccc2cccnc12)c1cccnc1,CHEMBL900366,Antiprotozoal activity against Trypanosoma cruzi Y in vero cells
CHEMBL4647491,O=S(=O)(Nc1cccc2cnccc12)c1ccc2ccccc2c1,O=S(=O)(Nc1cccc2cnccc12)c1ccc2ccccc2c1,3.65033401590337,Inactive,IC50,Trypanosoma cruzi,T_cruzi,O=S(=O)(Nc1cccc2cnccc12)c1ccc2ccccc2c1,CHEMBL4602743,Antitrypanosomal activity against Trypanosoma cruzi
CHEMBL3085886,O=S(=O)(Nc1cccc2cnccc12)c1cccc2ccccc12,O=S(=O)(Nc1cccc2cnccc12)c1cccc2ccccc12,3.9301595587585307,Inactive,IC50,Trypanosoma cruzi,T_cruzi,O=S(=O)(Nc1cccc2cnccc12)c1cccc2ccccc12,CHEMBL3090715,Trypanocidal activity against intracellular amastigote stage of Trypanosoma cruzi CL-B5 infected in mouse NCTC-929 cells assessed as reduction of parasite load after 7 days by resazurin dye-based fluorometric analysis
CHEMBL3589432,O=S(=O)(c1ccc(-c2ccc3c(Nc4ccc(OCc5ccccc5)c(Cl)c4)ccnc3c2)cc1)N1CCOCC1,O=S(=O)(c1ccc(-c2ccc3c(Nc4ccc(OCc5ccccc5)c(Cl)c4)ccnc3c2)cc1)N1CCOCC1,5.46,Active,EC50,Trypanosoma cruzi,T_cruzi,O=S(=O)(c1ccc(-c2ccc3c(Nc4ccc(OCc5ccccc5)cc4)ccnc3c2)cc1)N1CCOCC1,CHEMBL3591436,Antiparasite activity against Trypanosoma cruzi Tulahuen expressing beta-galactosidase assessed as growth inhibition incubated for 96 hrs by CPRG dye based assay
CHEMBL3589448,O=S(=O)(c1ccc(-c2ccc3c(Nc4ccc(OCc5ccccc5)c(Cl)c4)cnnc3c2)cc1)N1CCOCC1,O=S(=O)(c1ccc(-c2ccc3c(Nc4ccc(OCc5ccccc5)c(Cl)c4)cnnc3c2)cc1)N1CCOCC1,4.82,Inactive,EC50,Trypanosoma cruzi,T_cruzi,O=S(=O)(c1ccc(-c2ccc3c(Nc4ccc(OCc5ccccc5)cc4)cnnc3c2)cc1)N1CCOCC1,CHEMBL3591436,Antiparasite activity against Trypanosoma cruzi Tulahuen expressing beta-galactosidase assessed as growth inhibition incubated for 96 hrs by CPRG dye based assay
CHEMBL4450781,O=S(=O)(c1ccc(-c2ccc3nccc(NCCC4CCOCC4)c3c2)cc1)N1CCOCC1,O=S(=O)(c1ccc(-c2ccc3nccc(NCCC4CCOCC4)c3c2)cc1)N1CCOCC1,5.33,Active,EC50,Trypanosoma cruzi,T_cruzi,O=S(=O)(c1ccc(-c2ccc3nccc(NCCC4CCOCC4)c3c2)cc1)N1CCOCC1,CHEMBL4344848,Antitrypanosomal activity against Trypanosoma cruzi CaI-72 trypomastigotes infected in mouse C2C12 cells measured after 72 hrs by DAPI staining based assay
CHEMBL4518641,O=S(=O)(c1ccc(-c2ccc3nccc(NCCN4CCCC4)c3c2)cc1)N1CCOCC1,O=S(=O)(c1ccc(-c2ccc3nccc(NCCN4CCCC4)c3c2)cc1)N1CCOCC1,5.72,Active,EC50,Trypanosoma cruzi,T_cruzi,O=S(=O)(c1ccc(-c2ccc3nccc(NCCN4CCCC4)c3c2)cc1)N1CCOCC1,CHEMBL4344848,Antitrypanosomal activity against Trypanosoma cruzi CaI-72 trypomastigotes infected in mouse C2C12 cells measured after 72 hrs by DAPI staining based assay
CHEMBL4463732,O=S(=O)(c1ccc(-c2ccc3nccc(N[C@@H]4CCCC[C@H]4O)c3c2)cc1)N1CCOCC1,O=S(=O)(c1ccc(-c2ccc3nccc(N[C@@H]4CCCC[C@H]4O)c3c2)cc1)N1CCOCC1,6.48,Active,EC50,Trypanosoma cruzi,T_cruzi,O=S(=O)(c1ccc(-c2ccc3nccc(NC4CCCCC4)c3c2)cc1)N1CCOCC1,CHEMBL4344848,Antitrypanosomal activity against Trypanosoma cruzi CaI-72 trypomastigotes infected in mouse C2C12 cells measured after 72 hrs by DAPI staining based assay
CHEMBL3589431,O=S(=O)(c1ccc(-c2ccc3nccc(Nc4ccc(OCc5ccccc5)c(Cl)c4)c3c2)cc1)N1CCOCC1,O=S(=O)(c1ccc(-c2ccc3nccc(Nc4ccc(OCc5ccccc5)c(Cl)c4)c3c2)cc1)N1CCOCC1,4.31,Inactive,EC50,Trypanosoma cruzi,T_cruzi,O=S(=O)(c1ccc(-c2ccc3nccc(Nc4ccc(OCc5ccccc5)cc4)c3c2)cc1)N1CCOCC1,CHEMBL3591436,Antiparasite activity against Trypanosoma cruzi Tulahuen expressing beta-galactosidase assessed as growth inhibition incubated for 96 hrs by CPRG dye based assay
CHEMBL379005,O=S(=O)(c1ccc(Br)cc1)N1CCCc2ccccc21,O=S(=O)(c1ccc(Br)cc1)N1CCCc2ccccc21,4.86,Inactive,IC50,Trypanosoma cruzi,T_cruzi,O=S(=O)(c1ccccc1)N1CCCc2ccccc21,CHEMBL4045499,Antiparasitic activity against Trypanosoma cruzi Tulahuen C4 intracellular amastigotes infected in rat L6 cells
CHEMBL1862929,O=S(=O)(c1ccc(C(F)(F)F)cc1)N1CCC(NC(c2ccc(C(F)(F)F)cc2)c2cnccn2)CC1,O=S(=O)(c1ccc(C(F)(F)F)cc1)N1CCC(NC(c2ccc(C(F)(F)F)cc2)c2cnccn2)CC1,6.89,Active,IC50,Trypanosoma cruzi,T_cruzi,O=S(=O)(c1ccccc1)N1CCC(NC(c2ccccc2)c2cnccn2)CC1,CHEMBL1863510,"DNDI: Inhibition of Chagas Disease parasite Trypanosoma cruzi (Tulahuen LacZ, Clone C4), in vitro."
CHEMBL1863123,O=S(=O)(c1ccc(C(F)(F)F)cc1)N1CCC(NC(c2cccnc2)c2ccc(Cl)cc2F)CC1,O=S(=O)(c1ccc(C(F)(F)F)cc1)N1CCC(NC(c2cccnc2)c2ccc(Cl)cc2F)CC1,7.44,Active,IC50,Trypanosoma cruzi,T_cruzi,O=S(=O)(c1ccccc1)N1CCC(NC(c2ccccc2)c2cccnc2)CC1,CHEMBL1863510,"DNDI: Inhibition of Chagas Disease parasite Trypanosoma cruzi (Tulahuen LacZ, Clone C4), in vitro."
CHEMBL1862862,O=S(=O)(c1ccc(C(F)(F)F)cc1)N1CCC(NC(c2cnccn2)c2ccc(F)cc2F)CC1,O=S(=O)(c1ccc(C(F)(F)F)cc1)N1CCC(NC(c2cnccn2)c2ccc(F)cc2F)CC1,6.44,Active,IC50,Trypanosoma cruzi,T_cruzi,O=S(=O)(c1ccccc1)N1CCC(NC(c2ccccc2)c2cnccn2)CC1,CHEMBL1863510,"DNDI: Inhibition of Chagas Disease parasite Trypanosoma cruzi (Tulahuen LacZ, Clone C4), in vitro."
CHEMBL1862849,O=S(=O)(c1ccc(C(F)(F)F)cc1)N1CCN(C(c2ccc(Cl)cc2)c2cccnc2)CC1,O=S(=O)(c1ccc(C(F)(F)F)cc1)N1CCN(C(c2ccc(Cl)cc2)c2cccnc2)CC1,7.26,Active,IC50,Trypanosoma cruzi,T_cruzi,O=S(=O)(c1ccccc1)N1CCN(C(c2ccccc2)c2cccnc2)CC1,CHEMBL1863510,"DNDI: Inhibition of Chagas Disease parasite Trypanosoma cruzi (Tulahuen LacZ, Clone C4), in vitro."
CHEMBL1863368,O=S(=O)(c1ccc(C(F)(F)F)cc1)N1CCN(C(c2ccc(Cl)cc2)c2cncnc2)CC1,O=S(=O)(c1ccc(C(F)(F)F)cc1)N1CCN(C(c2ccc(Cl)cc2)c2cncnc2)CC1,6.54,Active,IC50,Trypanosoma cruzi,T_cruzi,O=S(=O)(c1ccccc1)N1CCN(C(c2ccccc2)c2cncnc2)CC1,CHEMBL1863510,"DNDI: Inhibition of Chagas Disease parasite Trypanosoma cruzi (Tulahuen LacZ, Clone C4), in vitro."
CHEMBL1863394,O=S(=O)(c1ccc(C(F)(F)F)cc1)N1CCN(C(c2cncnc2)c2ccc(Cl)cc2F)CC1,O=S(=O)(c1ccc(C(F)(F)F)cc1)N1CCN(C(c2cncnc2)c2ccc(Cl)cc2F)CC1,7.12,Active,IC50,Trypanosoma cruzi,T_cruzi,O=S(=O)(c1ccccc1)N1CCN(C(c2ccccc2)c2cncnc2)CC1,CHEMBL1863510,"DNDI: Inhibition of Chagas Disease parasite Trypanosoma cruzi (Tulahuen LacZ, Clone C4), in vitro."
CHEMBL1863313,O=S(=O)(c1ccc(Cl)cc1)N1CCC(NC(c2ccc(C(F)(F)F)cc2)c2cnccn2)CC1,O=S(=O)(c1ccc(Cl)cc1)N1CCC(NC(c2ccc(C(F)(F)F)cc2)c2cnccn2)CC1,6.48,Active,IC50,Trypanosoma cruzi,T_cruzi,O=S(=O)(c1ccccc1)N1CCC(NC(c2ccccc2)c2cnccn2)CC1,CHEMBL1863510,"DNDI: Inhibition of Chagas Disease parasite Trypanosoma cruzi (Tulahuen LacZ, Clone C4), in vitro."
CHEMBL1863013,O=S(=O)(c1ccc(Cl)cc1)N1CCC(NC(c2cnccn2)c2ccc(F)cc2F)CC1,O=S(=O)(c1ccc(Cl)cc1)N1CCC(NC(c2cnccn2)c2ccc(F)cc2F)CC1,6.28,Active,IC50,Trypanosoma cruzi,T_cruzi,O=S(=O)(c1ccccc1)N1CCC(NC(c2ccccc2)c2cnccn2)CC1,CHEMBL1863510,"DNDI: Inhibition of Chagas Disease parasite Trypanosoma cruzi (Tulahuen LacZ, Clone C4), in vitro."
CHEMBL1452638,O=S(=O)(c1ccc(Cl)cc1)N1CCCc2ccccc21,O=S(=O)(c1ccc(Cl)cc1)N1CCCc2ccccc21,4.8,Inactive,IC50,Trypanosoma cruzi,T_cruzi,O=S(=O)(c1ccccc1)N1CCCc2ccccc21,CHEMBL4045499,Antiparasitic activity against Trypanosoma cruzi Tulahuen C4 intracellular amastigotes infected in rat L6 cells
CHEMBL1862866,O=S(=O)(c1ccc(Cl)cc1)N1CCN(C(c2ccc(Cl)cc2)c2cccnc2)CC1,O=S(=O)(c1ccc(Cl)cc1)N1CCN(C(c2ccc(Cl)cc2)c2cccnc2)CC1,7.62,Active,IC50,Trypanosoma cruzi,T_cruzi,O=S(=O)(c1ccccc1)N1CCN(C(c2ccccc2)c2cccnc2)CC1,CHEMBL1863510,"DNDI: Inhibition of Chagas Disease parasite Trypanosoma cruzi (Tulahuen LacZ, Clone C4), in vitro."
CHEMBL1862875,O=S(=O)(c1ccc(Cl)cc1)N1CCN(C(c2ccc(Cl)cc2)c2cncnc2)CC1,O=S(=O)(c1ccc(Cl)cc1)N1CCN(C(c2ccc(Cl)cc2)c2cncnc2)CC1,6.89,Active,IC50,Trypanosoma cruzi,T_cruzi,O=S(=O)(c1ccccc1)N1CCN(C(c2ccccc2)c2cncnc2)CC1,CHEMBL1863510,"DNDI: Inhibition of Chagas Disease parasite Trypanosoma cruzi (Tulahuen LacZ, Clone C4), in vitro."
CHEMBL1862801,O=S(=O)(c1ccc(Cl)cc1)N1CCN(C(c2cncnc2)c2ccc(Cl)cc2F)CC1,O=S(=O)(c1ccc(Cl)cc1)N1CCN(C(c2cncnc2)c2ccc(Cl)cc2F)CC1,7.22,Active,IC50,Trypanosoma cruzi,T_cruzi,O=S(=O)(c1ccccc1)N1CCN(C(c2ccccc2)c2cncnc2)CC1,CHEMBL1863510,"DNDI: Inhibition of Chagas Disease parasite Trypanosoma cruzi (Tulahuen LacZ, Clone C4), in vitro."
CHEMBL1607439,O=S(=O)(c1ccc(Cl)cc1)N1CCNCC1,O=S(=O)(c1ccc(Cl)cc1)N1CCNCC1,5.43,Active,IC50,Trypanosoma cruzi,T_cruzi,O=S(=O)(c1ccccc1)N1CCNCC1,CHEMBL5551400,Antitrypanosomal activity against Trypanosoma cruzi
CHEMBL3085904,O=S(=O)(c1cccc2ccccc12)N1CCc2ccccc2C1,O=S(=O)(c1cccc2ccccc12)N1CCc2ccccc2C1,3.9442395353122652,Inactive,IC50,Trypanosoma cruzi,T_cruzi,O=S(=O)(c1cccc2ccccc12)N1CCc2ccccc2C1,CHEMBL3090725,Trypanocidal activity against extracellular epimastigote stage of Trypanosoma cruzi CL-B5 assessed as reduction of parasite load after 72 hrs by resazurin dye-based fluorometric analysis
CHEMBL4446198,O=S(=O)(c1ccccc1)N1CC=C(c2cc3ncccc3[nH]2)CC1,O=S(=O)(c1ccccc1)N1CC=C(c2cc3ncccc3[nH]2)CC1,4.19,Inactive,IC50,Trypanosoma cruzi,T_cruzi,O=S(=O)(c1ccccc1)N1CC=C(c2cc3ncccc3[nH]2)CC1,CHEMBL4343662,Antitrypanosomal activity against Trypanosoma cruzi Tulahuen CL2 amastigotes infected in human MRC5 SV2 cells incubated for 7 days by chlorophenol red beta-D-galactopyranoside substrate based spectrophotometric assay
CHEMBL1863308,O=S(=O)(c1ccccc1)N1CCC(NC(c2ccc(C(F)(F)F)cc2)c2cnccn2)CC1,O=S(=O)(c1ccccc1)N1CCC(NC(c2ccc(C(F)(F)F)cc2)c2cnccn2)CC1,6.77,Active,IC50,Trypanosoma cruzi,T_cruzi,O=S(=O)(c1ccccc1)N1CCC(NC(c2ccccc2)c2cnccn2)CC1,CHEMBL1863510,"DNDI: Inhibition of Chagas Disease parasite Trypanosoma cruzi (Tulahuen LacZ, Clone C4), in vitro."
CHEMBL1863299,O=S(=O)(c1ccccc1)N1CCC(NC(c2cnccn2)c2ccc(F)cc2F)CC1,O=S(=O)(c1ccccc1)N1CCC(NC(c2cnccn2)c2ccc(F)cc2F)CC1,6.4,Active,IC50,Trypanosoma cruzi,T_cruzi,O=S(=O)(c1ccccc1)N1CCC(NC(c2ccccc2)c2cnccn2)CC1,CHEMBL1863510,"DNDI: Inhibition of Chagas Disease parasite Trypanosoma cruzi (Tulahuen LacZ, Clone C4), in vitro."
CHEMBL1862798,O=S(=O)(c1ccccc1)N1CCN(C(c2ccc(Cl)cc2)c2cccnc2)CC1,O=S(=O)(c1ccccc1)N1CCN(C(c2ccc(Cl)cc2)c2cccnc2)CC1,8.06,Active,IC50,Trypanosoma cruzi,T_cruzi,O=S(=O)(c1ccccc1)N1CCN(C(c2ccccc2)c2cccnc2)CC1,CHEMBL1863510,"DNDI: Inhibition of Chagas Disease parasite Trypanosoma cruzi (Tulahuen LacZ, Clone C4), in vitro."
CHEMBL1862943,O=S(=O)(c1ccccc1)N1CCN(C(c2ccc(Cl)cc2)c2cncnc2)CC1,O=S(=O)(c1ccccc1)N1CCN(C(c2ccc(Cl)cc2)c2cncnc2)CC1,7.18,Active,IC50,Trypanosoma cruzi,T_cruzi,O=S(=O)(c1ccccc1)N1CCN(C(c2ccccc2)c2cncnc2)CC1,CHEMBL1863510,"DNDI: Inhibition of Chagas Disease parasite Trypanosoma cruzi (Tulahuen LacZ, Clone C4), in vitro."
CHEMBL2334336,O=S(=O)(c1ccccc1)N1CCN(C(c2cccnc2)c2ccc(Cl)cc2F)CC1,O=S(=O)(c1ccccc1)N1CCN(C(c2cccnc2)c2ccc(Cl)cc2F)CC1,8.1,Active,IC50,Trypanosoma cruzi,T_cruzi,O=S(=O)(c1ccccc1)N1CCN(C(c2ccccc2)c2cccnc2)CC1,CHEMBL2343824,Antitrypanosomal activity against Trypanosoma cruzi Tulahuen TcVI extracellular trypomastigotes forms transfected with beta-galactosidase gene infected in rat L6 cells assessed as inhibition of parasite growth after 4 days
CHEMBL3431001,O=S(=O)(c1ccccc1C(F)(F)F)N1CCN(Cc2ccc(-n3ccnc3)cc2)CC1,O=S(=O)(c1ccccc1C(F)(F)F)N1CCN(Cc2ccc(-n3ccnc3)cc2)CC1,6.6,Active,IC50,Trypanosoma cruzi,T_cruzi,O=S(=O)(c1ccccc1)N1CCN(Cc2ccc(-n3ccnc3)cc2)CC1,CHEMBL3431446,"GSK_TCAKS: pIC50 Trypanosoma cruzi viability assay using beta-GAL activity. This assay was run at single shot at 5uM compound concentration per well. The biological reagents consisted of NIH-3T3 host cells and trypomastigotes parasitic cells; both cell types were set to a 3.3 * 10^5 cells/mL dilution in assay DMEM by means of a CASY cell counter device using a 60um capillary. 6 uL of the mixture were dispensed per well (about 1 * 10^3 host-cells and 1 * 10^3 parasites) with a Multidrop Combi dispenser. Previously, a solution of 1.67 * 10^5 trypomastigotes per mL in assay DMEM had been prepared and 6uL per well dispensed in the allotted control columns that defined 100% inhibition. The 0% inhibition of parasitic growth control was obtained by leaving the assay mixture untreated in its corresponding plate columns. In all wells, the percentage of DMSO never exceeded 0.5%. Plates incubated for four days at 37C, 5% CO2. The substrate used for the assay fluorescence intensity (FLINT) readout was resorufin-beta-D-galactopiranoside (Sigma-Aldrich) at 5uM per well. It was diluted in PBS supplemented with the soft detergent Igepal (Fluka). Upon addition to the plates, the substrate solution was incubated for 4h at room temperature and the signal read with the EnVision microtiter plate reader (Perkin-Elmer) using the corresponding set of filters (excitation/emission at 531/595nm)."
CHEMBL5412015,O=S(=O)(c1cccs1)N1CCc2nc(-c3ccccn3)nc(N3CCCCCC3)c2C1,O=S(=O)(c1cccs1)N1CCc2nc(-c3ccccn3)nc(N3CCCCCC3)c2C1,6.07,Active,IC50,Trypanosoma cruzi,T_cruzi,O=S(=O)(c1cccs1)N1CCc2nc(-c3ccccn3)nc(N3CCCCCC3)c2C1,CHEMBL5318226,Antitrypanosomal activity against intracellular Trypanosoma cruzi infected in human U2OS cells assessed as parasite growth inhibition incubated for 72 hrs by confocal microscopy
CHEMBL1862901,O=S1(=O)CCCN1C1CCN(C(c2ccc(Cl)cc2)c2cccnc2)CC1,O=S1(=O)CCCN1C1CCN(C(c2ccc(Cl)cc2)c2cccnc2)CC1,7.77,Active,IC50,Trypanosoma cruzi,T_cruzi,O=S1(=O)CCCN1C1CCN(C(c2ccccc2)c2cccnc2)CC1,CHEMBL1863510,"DNDI: Inhibition of Chagas Disease parasite Trypanosoma cruzi (Tulahuen LacZ, Clone C4), in vitro."
CHEMBL5428560,O=S1(=O)NC(CCl)Nc2c(Cl)cc(Cl)cc21,O=S1(=O)NC(CCl)Nc2c(Cl)cc(Cl)cc21,6.35,Active,EC50,Trypanosoma cruzi,T_cruzi,O=S1(=O)NCNc2ccccc21,CHEMBL5392348,Antiparasitic activity against Trypanosoma cruzi infected in human U2OS cells assessed as reduction in parasitemia incubated for 72 hrs by high content imaging analysis
CHEMBL4073478,O=[N+]([O-])c1ccc(S(=O)(=O)N2CCCc3ccccc32)cc1,O=[N+]([O-])c1ccc(S(=O)(=O)N2CCCc3ccccc32)cc1,4.94,Inactive,IC50,Trypanosoma cruzi,T_cruzi,O=S(=O)(c1ccccc1)N1CCCc2ccccc21,CHEMBL4045499,Antiparasitic activity against Trypanosoma cruzi Tulahuen C4 intracellular amastigotes infected in rat L6 cells
CHEMBL4072453,O=[N+]([O-])c1ccc(S(=O)(=O)N2CCc3ccccc32)cc1,O=[N+]([O-])c1ccc(S(=O)(=O)N2CCc3ccccc32)cc1,5.94,Active,IC50,Trypanosoma cruzi,T_cruzi,O=S(=O)(c1ccccc1)N1CCc2ccccc21,CHEMBL4045492,Antiparasitic activity against Trypanosoma cruzi Tulahuen C4 intracellular amastigotes infected in rat L6 cells after 96 hrs by CPRG/Nonidet reagent based photometric analysis
CHEMBL594928,O=[N+]([O-])c1ccc(S(=O)(=O)Nc2cnccn2)cc1,O=[N+]([O-])c1ccc(S(=O)(=O)Nc2cnccn2)cc1,3.885167007951685,Inactive,IC50,Trypanosoma cruzi,T_cruzi,O=S(=O)(Nc1cnccn1)c1ccccc1,CHEMBL3090715,Trypanocidal activity against intracellular amastigote stage of Trypanosoma cruzi CL-B5 infected in mouse NCTC-929 cells assessed as reduction of parasite load after 7 days by resazurin dye-based fluorometric analysis
CHEMBL3085905,O=[N+]([O-])c1ccc(S(=O)(=O)Nc2nccc3ccccc23)cc1,O=[N+]([O-])c1ccc(S(=O)(=O)Nc2nccc3ccccc23)cc1,3.8655041441653264,Inactive,IC50,Trypanosoma cruzi,T_cruzi,O=S(=O)(Nc1nccc2ccccc12)c1ccccc1,CHEMBL3090725,Trypanocidal activity against extracellular epimastigote stage of Trypanosoma cruzi CL-B5 assessed as reduction of parasite load after 72 hrs by resazurin dye-based fluorometric analysis
CHEMBL593264,O=[N+]([O-])c1ccc(S(=O)(=O)Nc2ncccn2)cc1,O=[N+]([O-])c1ccc(S(=O)(=O)Nc2ncccn2)cc1,3.8065970969375824,Inactive,IC50,Trypanosoma cruzi,T_cruzi,O=S(=O)(Nc1ncccn1)c1ccccc1,CHEMBL3090725,Trypanocidal activity against extracellular epimastigote stage of Trypanosoma cruzi CL-B5 assessed as reduction of parasite load after 72 hrs by resazurin dye-based fluorometric analysis
CHEMBL4086745,O=[N+]([O-])c1cccc(S(=O)(=O)N2CCc3ccccc32)c1,O=[N+]([O-])c1cccc(S(=O)(=O)N2CCc3ccccc32)c1,5.97,Active,IC50,Trypanosoma cruzi,T_cruzi,O=S(=O)(c1ccccc1)N1CCc2ccccc21,CHEMBL4045492,Antiparasitic activity against Trypanosoma cruzi Tulahuen C4 intracellular amastigotes infected in rat L6 cells after 96 hrs by CPRG/Nonidet reagent based photometric analysis
CHEMBL3358477,O=[N+]([O-])c1nccn1CCCNS(=O)(=O)c1cc(Cl)c(Cl)s1,O=[N+]([O-])c1nccn1CCCNS(=O)(=O)c1cc(Cl)c(Cl)s1,5.32,Active,IC50,Trypanosoma cruzi,T_cruzi,O=S(=O)(NCCCn1ccnc1)c1cccs1,CHEMBL3383476,Antiparasitic activity against trypomastigote forms of Trypanosoma cruzi Tulahuen C2C4 infected in rat L6 cells assessed as inhibition of growth after 96 hrs by inverted microscopy
CHEMBL3358476,O=[N+]([O-])c1nccn1CCCNS(=O)(=O)c1cc(Cl)sc1Cl,O=[N+]([O-])c1nccn1CCCNS(=O)(=O)c1cc(Cl)sc1Cl,5.16,Active,IC50,Trypanosoma cruzi,T_cruzi,O=S(=O)(NCCCn1ccnc1)c1ccsc1,CHEMBL3383476,Antiparasitic activity against trypomastigote forms of Trypanosoma cruzi Tulahuen C2C4 infected in rat L6 cells assessed as inhibition of growth after 96 hrs by inverted microscopy
CHEMBL2070682,O=[N+]([O-])c1nccn1CCCNS(=O)(=O)c1ccc(C(F)(F)F)cc1,O=[N+]([O-])c1nccn1CCCNS(=O)(=O)c1ccc(C(F)(F)F)cc1,5.78,Active,IC50,Trypanosoma cruzi,T_cruzi,O=S(=O)(NCCCn1ccnc1)c1ccccc1,CHEMBL2072679,Antitrypanosomal activity against Trypanosoma cruzi Tulahuen C4 amastigotes
CHEMBL3358475,O=[N+]([O-])c1ncn(CCCCNS(=O)(=O)c2cc(Cl)c(Cl)s2)n1,O=[N+]([O-])c1ncn(CCCCNS(=O)(=O)c2cc(Cl)c(Cl)s2)n1,6.43,Active,IC50,Trypanosoma cruzi,T_cruzi,O=S(=O)(NCCCCn1cncn1)c1cccs1,CHEMBL3383476,Antiparasitic activity against trypomastigote forms of Trypanosoma cruzi Tulahuen C2C4 infected in rat L6 cells assessed as inhibition of growth after 96 hrs by inverted microscopy
CHEMBL2070685,O=[N+]([O-])c1ncn(CCCCNS(=O)(=O)c2ccc(C(F)(F)F)cc2)n1,O=[N+]([O-])c1ncn(CCCCNS(=O)(=O)c2ccc(C(F)(F)F)cc2)n1,6.15,Active,IC50,Trypanosoma cruzi,T_cruzi,O=S(=O)(NCCCCn1cncn1)c1ccccc1,CHEMBL2072679,Antitrypanosomal activity against Trypanosoma cruzi Tulahuen C4 amastigotes
CHEMBL3358472,O=[N+]([O-])c1ncn(CCCCNS(=O)(=O)c2ccc(Cl)s2)n1,O=[N+]([O-])c1ncn(CCCCNS(=O)(=O)c2ccc(Cl)s2)n1,6.33,Active,IC50,Trypanosoma cruzi,T_cruzi,O=S(=O)(NCCCCn1cncn1)c1cccs1,CHEMBL3383476,Antiparasitic activity against trypomastigote forms of Trypanosoma cruzi Tulahuen C2C4 infected in rat L6 cells assessed as inhibition of growth after 96 hrs by inverted microscopy
CHEMBL2070690,O=[N+]([O-])c1ncn(CCCCNS(=O)(=O)c2ccc(OC(F)(F)F)cc2)n1,O=[N+]([O-])c1ncn(CCCCNS(=O)(=O)c2ccc(OC(F)(F)F)cc2)n1,6.69,Active,IC50,Trypanosoma cruzi,T_cruzi,O=S(=O)(NCCCCn1cncn1)c1ccccc1,CHEMBL2072679,Antitrypanosomal activity against Trypanosoma cruzi Tulahuen C4 amastigotes
CHEMBL2070531,O=[N+]([O-])c1ncn(CCCNS(=O)(=O)Cc2ccccc2)n1,O=[N+]([O-])c1ncn(CCCNS(=O)(=O)Cc2ccccc2)n1,5.65,Active,IC50,Trypanosoma cruzi,T_cruzi,O=S(=O)(Cc1ccccc1)NCCCn1cncn1,CHEMBL2072679,Antitrypanosomal activity against Trypanosoma cruzi Tulahuen C4 amastigotes
CHEMBL2070688,O=[N+]([O-])c1ncn(CCCNS(=O)(=O)c2cc(C(F)(F)F)cc(C(F)(F)F)c2)n1,O=[N+]([O-])c1ncn(CCCNS(=O)(=O)c2cc(C(F)(F)F)cc(C(F)(F)F)c2)n1,6.49,Active,IC50,Trypanosoma cruzi,T_cruzi,O=S(=O)(NCCCn1cncn1)c1ccccc1,CHEMBL2072679,Antitrypanosomal activity against Trypanosoma cruzi Tulahuen C4 amastigotes
CHEMBL2070686,O=[N+]([O-])c1ncn(CCCNS(=O)(=O)c2cc(C(F)(F)F)ccc2C(F)(F)F)n1,O=[N+]([O-])c1ncn(CCCNS(=O)(=O)c2cc(C(F)(F)F)ccc2C(F)(F)F)n1,6.19,Active,IC50,Trypanosoma cruzi,T_cruzi,O=S(=O)(NCCCn1cncn1)c1ccccc1,CHEMBL2072679,Antitrypanosomal activity against Trypanosoma cruzi Tulahuen C4 amastigotes
CHEMBL3358474,O=[N+]([O-])c1ncn(CCCNS(=O)(=O)c2cc(Cl)c(Cl)s2)n1,O=[N+]([O-])c1ncn(CCCNS(=O)(=O)c2cc(Cl)c(Cl)s2)n1,6.8,Active,IC50,Trypanosoma cruzi,T_cruzi,O=S(=O)(NCCCn1cncn1)c1cccs1,CHEMBL3383476,Antiparasitic activity against trypomastigote forms of Trypanosoma cruzi Tulahuen C2C4 infected in rat L6 cells assessed as inhibition of growth after 96 hrs by inverted microscopy
CHEMBL3358473,O=[N+]([O-])c1ncn(CCCNS(=O)(=O)c2cc(Cl)sc2Cl)n1,O=[N+]([O-])c1ncn(CCCNS(=O)(=O)c2cc(Cl)sc2Cl)n1,6.26,Active,IC50,Trypanosoma cruzi,T_cruzi,O=S(=O)(NCCCn1cncn1)c1ccsc1,CHEMBL3383476,Antiparasitic activity against trypomastigote forms of Trypanosoma cruzi Tulahuen C2C4 infected in rat L6 cells assessed as inhibition of growth after 96 hrs by inverted microscopy
CHEMBL2070695,O=[N+]([O-])c1ncn(CCCNS(=O)(=O)c2ccc(-c3ccccc3)cc2)n1,O=[N+]([O-])c1ncn(CCCNS(=O)(=O)c2ccc(-c3ccccc3)cc2)n1,7.55,Active,IC50,Trypanosoma cruzi,T_cruzi,O=S(=O)(NCCCn1cncn1)c1ccc(-c2ccccc2)cc1,CHEMBL2072679,Antitrypanosomal activity against Trypanosoma cruzi Tulahuen C4 amastigotes
CHEMBL2070684,O=[N+]([O-])c1ncn(CCCNS(=O)(=O)c2ccc(C(F)(F)F)cc2)n1,O=[N+]([O-])c1ncn(CCCNS(=O)(=O)c2ccc(C(F)(F)F)cc2)n1,6.45,Active,IC50,Trypanosoma cruzi,T_cruzi,O=S(=O)(NCCCn1cncn1)c1ccccc1,CHEMBL2072679,Antitrypanosomal activity against Trypanosoma cruzi Tulahuen C4 amastigotes
CHEMBL2070694,O=[N+]([O-])c1ncn(CCCNS(=O)(=O)c2ccc(Cl)s2)n1,O=[N+]([O-])c1ncn(CCCNS(=O)(=O)c2ccc(Cl)s2)n1,6.36,Active,IC50,Trypanosoma cruzi,T_cruzi,O=S(=O)(NCCCn1cncn1)c1cccs1,CHEMBL2072679,Antitrypanosomal activity against Trypanosoma cruzi Tulahuen C4 amastigotes
CHEMBL2070696,O=[N+]([O-])c1ncn(CCCNS(=O)(=O)c2cccc3cccnc23)n1,O=[N+]([O-])c1ncn(CCCNS(=O)(=O)c2cccc3cccnc23)n1,6.4,Active,IC50,Trypanosoma cruzi,T_cruzi,O=S(=O)(NCCCn1cncn1)c1cccc2cccnc12,CHEMBL2072679,Antitrypanosomal activity against Trypanosoma cruzi Tulahuen C4 amastigotes
CHEMBL2070691,O=[N+]([O-])c1ncn(CCNS(=O)(=O)Cc2ccccc2)n1,O=[N+]([O-])c1ncn(CCNS(=O)(=O)Cc2ccccc2)n1,5.19,Active,IC50,Trypanosoma cruzi,T_cruzi,O=S(=O)(Cc1ccccc1)NCCn1cncn1,CHEMBL2072679,Antitrypanosomal activity against Trypanosoma cruzi Tulahuen C4 amastigotes
CHEMBL2070687,O=[N+]([O-])c1ncn(CCNS(=O)(=O)c2cc(C(F)(F)F)cc(C(F)(F)F)c2)n1,O=[N+]([O-])c1ncn(CCNS(=O)(=O)c2cc(C(F)(F)F)cc(C(F)(F)F)c2)n1,5.78,Active,IC50,Trypanosoma cruzi,T_cruzi,O=S(=O)(NCCn1cncn1)c1ccccc1,CHEMBL2072679,Antitrypanosomal activity against Trypanosoma cruzi Tulahuen C4 amastigotes
CHEMBL2070683,O=[N+]([O-])c1ncn(CCNS(=O)(=O)c2ccc(C(F)(F)F)cc2)n1,O=[N+]([O-])c1ncn(CCNS(=O)(=O)c2ccc(C(F)(F)F)cc2)n1,6.09,Active,IC50,Trypanosoma cruzi,T_cruzi,O=S(=O)(NCCn1cncn1)c1ccccc1,CHEMBL2072679,Antitrypanosomal activity against Trypanosoma cruzi Tulahuen C4 amastigotes
